{
  "epoch": [
    1,
    2
  ],
  "train_loss": [
    1.931548587880765,
    1.88866051348894
  ],
  "train_contrastive_loss": [
    1.931548587880765,
    1.88866051348894
  ],
  "train_reconstruction_loss": [
    0.010758276815479362,
    0.010513549422571223
  ],
  "val_loss": [
    1.8880040332591734,
    1.8704208450832402
  ],
  "val_contrastive_loss": [
    1.8880040332591734,
    1.8704208450832402
  ],
  "val_reconstruction_loss": [
    0.010519311314160819,
    0.010512973253009927
  ],
  "learning_rate": [
    0.0001,
    0.0001
  ],
  "train_separation_ratio": [
    1.6159888289191506,
    2.1588210409337822
  ],
  "val_separation_ratio": [
    2.1933162616395863,
    2.501556904400305
  ]
}