{
  "epoch": [
    1,
    2,
    3,
    4
  ],
  "train_loss": [
    1.931548587880765,
    1.88866051348894,
    1.8765709031671562,
    1.2344187910996336
  ],
  "train_contrastive_loss": [
    1.931548587880765,
    1.88866051348894,
    1.8765709031671562,
    1.2344187910996336
  ],
  "train_reconstruction_loss": [
    0.010758276815479362,
    0.010513549422571223,
    0.010513103072786464,
    0.010513158737086938
  ],
  "val_loss": [
    1.8880040332591734,
    1.8704208450832402,
    1.8595881863901291,
    1.189571780865419
  ],
  "val_contrastive_loss": [
    1.8880040332591734,
    1.8704208450832402,
    1.8595881863901291,
    1.189571780865419
  ],
  "val_reconstruction_loss": [
    0.010519311314160819,
    0.010512973253009927,
    0.010513038201052939,
    0.010513151645507781
  ],
  "learning_rate": [
    0.0001,
    0.0001,
    0.0001,
    0.0001
  ],
  "train_separation_ratio": [
    1.6159888289191506,
    2.1588210409337822,
    2.3746021444147285,
    2.492026773366061
  ],
  "val_separation_ratio": [
    2.1933162616395863,
    2.501556904400305,
    2.7006483664059773,
    2.9114451221913598
  ]
}