{
  "epoch": [
    1,
    2,
    3,
    4,
    5,
    6,
    7,
    8,
    9
  ],
  "train_loss": [
    1.931548587880765,
    1.88866051348894,
    1.8765709031671562,
    1.2344187910996336,
    1.2137397432238475,
    1.1984077803027475,
    1.0941524967356988,
    1.0855183510362991,
    1.076142841877218
  ],
  "train_contrastive_loss": [
    1.931548587880765,
    1.88866051348894,
    1.8765709031671562,
    1.2344187910996336,
    1.2137397432238475,
    1.1984077803027475,
    1.0941524967356988,
    1.0855183510362991,
    1.076142841877218
  ],
  "train_reconstruction_loss": [
    0.010758276815479362,
    0.010513549422571223,
    0.010513103072786464,
    0.010513158737086938,
    0.010513164746458858,
    0.010513074078650892,
    0.010513129661438962,
    0.010513139056177113,
    0.01051303158120514
  ],
  "val_loss": [
    1.8880040332591734,
    1.8704208450832402,
    1.8595881863901291,
    1.189571780865419,
    1.1741285512789223,
    1.1614507783058636,
    1.053993398916788,
    1.0436940768133551,
    1.034724043956238
  ],
  "val_contrastive_loss": [
    1.8880040332591734,
    1.8704208450832402,
    1.8595881863901291,
    1.189571780865419,
    1.1741285512789223,
    1.1614507783058636,
    1.053993398916788,
    1.0436940768133551,
    1.034724043956238
  ],
  "val_reconstruction_loss": [
    0.010519311314160819,
    0.010512973253009927,
    0.010513038201052939,
    0.010513151645507781,
    0.010513169552222089,
    0.010513224906081704,
    0.010513084831351008,
    0.010513206296973276,
    0.010513108221942374
  ],
  "learning_rate": [
    0.0001,
    0.0001,
    0.0001,
    0.0001,
    0.0001,
    0.0001,
    0.0001,
    0.0001,
    0.0001
  ],
  "train_separation_ratio": [
    1.6159888289191506,
    2.1588210409337822,
    2.3746021444147285,
    2.492026773366061,
    2.7123349471525713,
    2.8309876918792725,
    2.913056416945024,
    2.9929961507970635,
    3.0872843699021773
  ],
  "val_separation_ratio": [
    2.1933162616395863,
    2.501556904400305,
    2.7006483664059773,
    2.9114451221913598,
    3.0887201143154663,
    3.2475764951226433,
    3.399178333122637,
    3.542171876523748,
    3.6797575160333786
  ]
}