{
  "epoch": [
    1,
    2,
    3,
    4,
    5,
    6,
    7,
    8,
    9,
    10,
    11,
    12,
    13,
    14,
    15,
    16,
    17,
    18,
    19,
    20
  ],
  "train_loss": [
    1.931548587880765,
    1.88866051348894,
    1.8765709031671562,
    1.2344187910996336,
    1.2137397432238475,
    1.1984077803027475,
    1.0941524967356988,
    1.0855183510362991,
    1.076142841877218,
    1.0398951845462097,
    1.033269061722569,
    1.026208689314915,
    0.9630444712479022,
    0.9571067111452198,
    0.9498868340442522,
    0.9111859041441308,
    0.9054188424204537,
    0.9015392790959534,
    0.8584461192178993,
    0.8533707553003975
  ],
  "train_contrastive_loss": [
    1.931548587880765,
    1.88866051348894,
    1.8765709031671562,
    1.2344187910996336,
    1.2137397432238475,
    1.1984077803027475,
    1.0941524967356988,
    1.0855183510362991,
    1.076142841877218,
    1.0398951845462097,
    1.033269061722569,
    1.026208689314915,
    0.9630444712479022,
    0.9571067111452198,
    0.9498868340442522,
    0.9111859041441308,
    0.9054188424204537,
    0.9015392790959534,
    0.8584461192178993,
    0.8533707553003975
  ],
  "train_reconstruction_loss": [
    0.010758276815479362,
    0.010513549422571223,
    0.010513103072786464,
    0.010513158737086938,
    0.010513164746458858,
    0.010513074078650892,
    0.010513129661438962,
    0.010513139056177113,
    0.01051303158120514,
    0.010513089983975533,
    0.010513114207034005,
    0.010513152557752986,
    0.010513136687114474,
    0.010513039638793003,
    0.010513081693990603,
    0.01051316570899895,
    0.01051318429209278,
    0.010513182595941053,
    0.010513183981651922,
    0.01051315139576765
  ],
  "val_loss": [
    1.8880040332591734,
    1.8704208450832402,
    1.8595881863901291,
    1.189571780865419,
    1.1741285512789223,
    1.1614507783058636,
    1.053993398916788,
    1.0436940768133551,
    1.034724043956238,
    0.9959989519758597,
    0.9866127285211446,
    0.9805125761742477,
    0.9075898565837569,
    0.9017191771244426,
    0.8968210255855511,
    0.852896888939806,
    0.8470754035136331,
    0.8390598480261904,
    0.7919565173944726,
    0.7874084983014084
  ],
  "val_contrastive_loss": [
    1.8880040332591734,
    1.8704208450832402,
    1.8595881863901291,
    1.189571780865419,
    1.1741285512789223,
    1.1614507783058636,
    1.053993398916788,
    1.0436940768133551,
    1.034724043956238,
    0.9959989519758597,
    0.9866127285211446,
    0.9805125761742477,
    0.9075898565837569,
    0.9017191771244426,
    0.8968210255855511,
    0.852896888939806,
    0.8470754035136331,
    0.8390598480261904,
    0.7919565173944726,
    0.7874084983014084
  ],
  "val_reconstruction_loss": [
    0.010519311314160819,
    0.010512973253009927,
    0.010513038201052939,
    0.010513151645507781,
    0.010513169552222089,
    0.010513224906081704,
    0.010513084831351008,
    0.010513206296973276,
    0.010513108221942374,
    0.01051309963018812,
    0.010513125077666961,
    0.010513130176527984,
    0.010513031274232896,
    0.010513097377324015,
    0.010513077732834625,
    0.01051319660566872,
    0.010513139694401893,
    0.010513126971529627,
    0.01051307599159093,
    0.010513169892146157
  ],
  "learning_rate": [
    0.0001,
    0.0001,
    0.0001,
    0.0001,
    0.0001,
    0.0001,
    0.0001,
    0.0001,
    0.0001,
    0.0001,
    0.0001,
    0.0001,
    0.0001,
    0.0001,
    0.0001,
    0.0001,
    0.0001,
    0.0001,
    0.0001,
    0.0001
  ],
  "train_separation_ratio": [
    1.6159888289191506,
    2.1588210409337822,
    2.3746021444147285,
    2.492026773366061,
    2.7123349471525713,
    2.8309876918792725,
    2.913056416945024,
    2.9929961507970635,
    3.0872843699021773,
    3.22885706207969,
    3.271686651489951,
    3.3268451473929663,
    3.339492440223694,
    3.482666990973733,
    3.4709119471636685,
    3.4885781678286465,
    3.6259304718537764,
    3.6863512342626397,
    3.696028319272128,
    3.7472016377882524
  ],
  "val_separation_ratio": [
    2.1933162616395863,
    2.501556904400305,
    2.7006483664059773,
    2.9114451221913598,
    3.0887201143154663,
    3.2475764951226433,
    3.399178333122637,
    3.542171876523748,
    3.6797575160333786,
    3.7887321015754005,
    3.9305768647895403,
    4.048772560595578,
    4.187295532315359,
    4.281267738431081,
    4.395468281634027,
    4.476729198097073,
    4.591351862060291,
    4.745196355787735,
    4.776570951472448,
    4.884418277545127
  ]
}