Starting XNLI PH-Dim Analysis for all languages and seeds...
Job ID: 216261
Node: gpuvm36
Time: Sat 17 Jan 16:52:09 GMT 2026
Python: /vol/bitbucket/ahb24/tda_entailment_new/bin/python
Sat Jan 17 16:52:17 2026       
+-----------------------------------------------------------------------------------------+
| NVIDIA-SMI 580.65.06              Driver Version: 580.65.06      CUDA Version: 13.0     |
+-----------------------------------------+------------------------+----------------------+
| GPU  Name                 Persistence-M | Bus-Id          Disp.A | Volatile Uncorr. ECC |
| Fan  Temp   Perf          Pwr:Usage/Cap |           Memory-Usage | GPU-Util  Compute M. |
|                                         |                        |               MIG M. |
|=========================================+========================+======================|
|   0  NVIDIA A16                     Off |   00000000:00:11.0 Off |                    0 |
|  0%   21C    P8             14W /   62W |       0MiB /  15356MiB |      0%      Default |
|                                         |                        |                  N/A |
+-----------------------------------------+------------------------+----------------------+

+-----------------------------------------------------------------------------------------+
| Processes:                                                                              |
|  GPU   GI   CI              PID   Type   Process name                        GPU Memory |
|        ID   ID                                                               Usage      |
|=========================================================================================|
|  No running processes found                                                             |
+-----------------------------------------------------------------------------------------+
Processing all 15 languages

================================================================================
PROCESSING LANGUAGE 1/15: EN
================================================================================

------------------------------------------------------------
SEED 1/5: 42
------------------------------------------------------------
XNLI PH-Dimension Analyzer initialized for: en (seed: 42)
Device: cuda
XNLI data: /vol/bitbucket/ahb24/tda_entailment_new/xnli_data/processed/xnli_en_combined_SBERT.pt
Distance metrics: ['braycurtis', 'cosine']
Embedding spaces: ['sbert_concat', 'lattice_containment']
Loading XNLI data for en...
XNLI data loaded:
  Premise embeddings: torch.Size([7500, 768])
  Hypothesis embeddings: torch.Size([7500, 768])
  Labels: 7500
  Language: en
  Label distribution: {'neutral': 2500, 'contradiction': 2500, 'entailment': 2500}
================================================================================
PH-DIMENSION ANALYSIS - XNLI EN (seed: 42)
Device: cuda
================================================================================
Extracting embedding spaces...
  entailment: 2500 samples
  neutral: 2500 samples
  contradiction: 2500 samples
Extracting sbert_concat...
  sbert_concat entailment: torch.Size([2500, 1536])
  sbert_concat neutral: torch.Size([2500, 1536])
  sbert_concat contradiction: torch.Size([2500, 1536])
Extracting lattice_containment...
  lattice_containment entailment: torch.Size([2500, 768])
  lattice_containment neutral: torch.Size([2500, 768])
  lattice_containment contradiction: torch.Size([2500, 768])

============================================================
TESTING SPACE: sbert_concat
============================================================

--- Testing braycurtis metric ---
  Computing PH-Dim for entailment in sbert_concat using braycurtis
    entailment PH-Dim: 19.6407
  Computing PH-Dim for neutral in sbert_concat using braycurtis
    neutral PH-Dim: 22.4583
  Computing PH-Dim for contradiction in sbert_concat using braycurtis
    contradiction PH-Dim: 20.7824
  Computing cross-class analysis for sbert_concat using braycurtis
  PH-Dim scores: {'entailment': 19.64070286616201, 'neutral': 22.458277741673584, 'contradiction': 20.78235179630049}

--- Testing cosine metric ---
  Computing PH-Dim for entailment in sbert_concat using cosine
    entailment PH-Dim: 13.9355
  Computing PH-Dim for neutral in sbert_concat using cosine
    neutral PH-Dim: 16.2893
  Computing PH-Dim for contradiction in sbert_concat using cosine
    contradiction PH-Dim: 15.1628
  Computing cross-class analysis for sbert_concat using cosine
  PH-Dim scores: {'entailment': 13.93553627303847, 'neutral': 16.28932603794916, 'contradiction': 15.162760856592472}

============================================================
TESTING SPACE: lattice_containment
============================================================

--- Testing braycurtis metric ---
  Computing PH-Dim for entailment in lattice_containment using braycurtis
    entailment PH-Dim: 61.3528
  Computing PH-Dim for neutral in lattice_containment using braycurtis
    neutral PH-Dim: 101.4856
  Computing PH-Dim for contradiction in lattice_containment using braycurtis
    contradiction PH-Dim: 37.7432
  Computing cross-class analysis for lattice_containment using braycurtis
  PH-Dim scores: {'entailment': 61.35277917385669, 'neutral': 101.48556400503507, 'contradiction': 37.74322197732754}

--- Testing cosine metric ---
  Computing PH-Dim for entailment in lattice_containment using cosine
    entailment PH-Dim: 28.1784
  Computing PH-Dim for neutral in lattice_containment using cosine
    neutral PH-Dim: 42.5904
  Computing PH-Dim for contradiction in lattice_containment using cosine
    contradiction PH-Dim: 26.0236
  Computing cross-class analysis for lattice_containment using cosine
  PH-Dim scores: {'entailment': 28.178442535637146, 'neutral': 42.59044094231194, 'contradiction': 26.023633047486193}

Saved results to /vol/bitbucket/ahb24/tda_entailment_new/xnli_results/phdim_values/en/phdim_analysis/phdim_en_seed42_20260117_165444.json

✓ EN - seed 42 complete!

------------------------------------------------------------
SEED 2/5: 101
------------------------------------------------------------
XNLI PH-Dimension Analyzer initialized for: en (seed: 101)
Device: cuda
XNLI data: /vol/bitbucket/ahb24/tda_entailment_new/xnli_data/processed/xnli_en_combined_SBERT.pt
Distance metrics: ['braycurtis', 'cosine']
Embedding spaces: ['sbert_concat', 'lattice_containment']
Loading XNLI data for en...
XNLI data loaded:
  Premise embeddings: torch.Size([7500, 768])
  Hypothesis embeddings: torch.Size([7500, 768])
  Labels: 7500
  Language: en
  Label distribution: {'neutral': 2500, 'contradiction': 2500, 'entailment': 2500}
================================================================================
PH-DIMENSION ANALYSIS - XNLI EN (seed: 101)
Device: cuda
================================================================================
Extracting embedding spaces...
  entailment: 2500 samples
  neutral: 2500 samples
  contradiction: 2500 samples
Extracting sbert_concat...
  sbert_concat entailment: torch.Size([2500, 1536])
  sbert_concat neutral: torch.Size([2500, 1536])
  sbert_concat contradiction: torch.Size([2500, 1536])
Extracting lattice_containment...
  lattice_containment entailment: torch.Size([2500, 768])
  lattice_containment neutral: torch.Size([2500, 768])
  lattice_containment contradiction: torch.Size([2500, 768])

============================================================
TESTING SPACE: sbert_concat
============================================================

--- Testing braycurtis metric ---
  Computing PH-Dim for entailment in sbert_concat using braycurtis
    entailment PH-Dim: 16.0672
  Computing PH-Dim for neutral in sbert_concat using braycurtis
    neutral PH-Dim: 18.9901
  Computing PH-Dim for contradiction in sbert_concat using braycurtis
    contradiction PH-Dim: 18.0007
  Computing cross-class analysis for sbert_concat using braycurtis
  PH-Dim scores: {'entailment': 16.067236706371105, 'neutral': 18.990126045309772, 'contradiction': 18.000743831090713}

--- Testing cosine metric ---
  Computing PH-Dim for entailment in sbert_concat using cosine
    entailment PH-Dim: 11.2680
  Computing PH-Dim for neutral in sbert_concat using cosine
    neutral PH-Dim: 13.9594
  Computing PH-Dim for contradiction in sbert_concat using cosine
    contradiction PH-Dim: 12.9898
  Computing cross-class analysis for sbert_concat using cosine
  PH-Dim scores: {'entailment': 11.267954848952694, 'neutral': 13.959395725400045, 'contradiction': 12.989772284185447}

============================================================
TESTING SPACE: lattice_containment
============================================================

--- Testing braycurtis metric ---
  Computing PH-Dim for entailment in lattice_containment using braycurtis
    entailment PH-Dim: 40.8203
  Computing PH-Dim for neutral in lattice_containment using braycurtis
    neutral PH-Dim: 58.3302
  Computing PH-Dim for contradiction in lattice_containment using braycurtis
    contradiction PH-Dim: 48.4310
  Computing cross-class analysis for lattice_containment using braycurtis
  PH-Dim scores: {'entailment': 40.8203379100853, 'neutral': 58.33021203702839, 'contradiction': 48.43102776973273}

--- Testing cosine metric ---
  Computing PH-Dim for entailment in lattice_containment using cosine
    entailment PH-Dim: 20.8221
  Computing PH-Dim for neutral in lattice_containment using cosine
    neutral PH-Dim: 31.0791
  Computing PH-Dim for contradiction in lattice_containment using cosine
    contradiction PH-Dim: 28.7746
  Computing cross-class analysis for lattice_containment using cosine
  PH-Dim scores: {'entailment': 20.822141514651467, 'neutral': 31.079090067572675, 'contradiction': 28.774590067381958}

Saved results to /vol/bitbucket/ahb24/tda_entailment_new/xnli_results/phdim_values/en/phdim_analysis/phdim_en_seed101_20260117_165444.json

✓ EN - seed 101 complete!

------------------------------------------------------------
SEED 3/5: 333
------------------------------------------------------------
XNLI PH-Dimension Analyzer initialized for: en (seed: 333)
Device: cuda
XNLI data: /vol/bitbucket/ahb24/tda_entailment_new/xnli_data/processed/xnli_en_combined_SBERT.pt
Distance metrics: ['braycurtis', 'cosine']
Embedding spaces: ['sbert_concat', 'lattice_containment']
Loading XNLI data for en...
XNLI data loaded:
  Premise embeddings: torch.Size([7500, 768])
  Hypothesis embeddings: torch.Size([7500, 768])
  Labels: 7500
  Language: en
  Label distribution: {'neutral': 2500, 'contradiction': 2500, 'entailment': 2500}
================================================================================
PH-DIMENSION ANALYSIS - XNLI EN (seed: 333)
Device: cuda
================================================================================
Extracting embedding spaces...
  entailment: 2500 samples
  neutral: 2500 samples
  contradiction: 2500 samples
Extracting sbert_concat...
  sbert_concat entailment: torch.Size([2500, 1536])
  sbert_concat neutral: torch.Size([2500, 1536])
  sbert_concat contradiction: torch.Size([2500, 1536])
Extracting lattice_containment...
  lattice_containment entailment: torch.Size([2500, 768])
  lattice_containment neutral: torch.Size([2500, 768])
  lattice_containment contradiction: torch.Size([2500, 768])

============================================================
TESTING SPACE: sbert_concat
============================================================

--- Testing braycurtis metric ---
  Computing PH-Dim for entailment in sbert_concat using braycurtis
    entailment PH-Dim: 19.0868
  Computing PH-Dim for neutral in sbert_concat using braycurtis
    neutral PH-Dim: 20.6141
  Computing PH-Dim for contradiction in sbert_concat using braycurtis
    contradiction PH-Dim: 20.9874
  Computing cross-class analysis for sbert_concat using braycurtis
  PH-Dim scores: {'entailment': 19.086815212970993, 'neutral': 20.61410826963002, 'contradiction': 20.9874235630358}

--- Testing cosine metric ---
  Computing PH-Dim for entailment in sbert_concat using cosine
    entailment PH-Dim: 13.3381
  Computing PH-Dim for neutral in sbert_concat using cosine
    neutral PH-Dim: 14.9854
  Computing PH-Dim for contradiction in sbert_concat using cosine
    contradiction PH-Dim: 15.0409
  Computing cross-class analysis for sbert_concat using cosine
  PH-Dim scores: {'entailment': 13.338134058402131, 'neutral': 14.985364018687998, 'contradiction': 15.040903034878466}

============================================================
TESTING SPACE: lattice_containment
============================================================

--- Testing braycurtis metric ---
  Computing PH-Dim for entailment in lattice_containment using braycurtis
    entailment PH-Dim: 63.5054
  Computing PH-Dim for neutral in lattice_containment using braycurtis
    neutral PH-Dim: 50.7771
  Computing PH-Dim for contradiction in lattice_containment using braycurtis
    contradiction PH-Dim: 56.5069
  Computing cross-class analysis for lattice_containment using braycurtis
  PH-Dim scores: {'entailment': 63.50544892185413, 'neutral': 50.777118054455016, 'contradiction': 56.50690392865775}

--- Testing cosine metric ---
  Computing PH-Dim for entailment in lattice_containment using cosine
    entailment PH-Dim: 29.0886
  Computing PH-Dim for neutral in lattice_containment using cosine
    neutral PH-Dim: 30.2873
  Computing PH-Dim for contradiction in lattice_containment using cosine
    contradiction PH-Dim: 36.5569
  Computing cross-class analysis for lattice_containment using cosine
  PH-Dim scores: {'entailment': 29.08861363343898, 'neutral': 30.28730567759454, 'contradiction': 36.55693458923962}

Saved results to /vol/bitbucket/ahb24/tda_entailment_new/xnli_results/phdim_values/en/phdim_analysis/phdim_en_seed333_20260117_165444.json

✓ EN - seed 333 complete!

------------------------------------------------------------
SEED 4/5: 444
------------------------------------------------------------
XNLI PH-Dimension Analyzer initialized for: en (seed: 444)
Device: cuda
XNLI data: /vol/bitbucket/ahb24/tda_entailment_new/xnli_data/processed/xnli_en_combined_SBERT.pt
Distance metrics: ['braycurtis', 'cosine']
Embedding spaces: ['sbert_concat', 'lattice_containment']
Loading XNLI data for en...
XNLI data loaded:
  Premise embeddings: torch.Size([7500, 768])
  Hypothesis embeddings: torch.Size([7500, 768])
  Labels: 7500
  Language: en
  Label distribution: {'neutral': 2500, 'contradiction': 2500, 'entailment': 2500}
================================================================================
PH-DIMENSION ANALYSIS - XNLI EN (seed: 444)
Device: cuda
================================================================================
Extracting embedding spaces...
  entailment: 2500 samples
  neutral: 2500 samples
  contradiction: 2500 samples
Extracting sbert_concat...
  sbert_concat entailment: torch.Size([2500, 1536])
  sbert_concat neutral: torch.Size([2500, 1536])
  sbert_concat contradiction: torch.Size([2500, 1536])
Extracting lattice_containment...
  lattice_containment entailment: torch.Size([2500, 768])
  lattice_containment neutral: torch.Size([2500, 768])
  lattice_containment contradiction: torch.Size([2500, 768])

============================================================
TESTING SPACE: sbert_concat
============================================================

--- Testing braycurtis metric ---
  Computing PH-Dim for entailment in sbert_concat using braycurtis
    entailment PH-Dim: 17.1687
  Computing PH-Dim for neutral in sbert_concat using braycurtis
    neutral PH-Dim: 19.5374
  Computing PH-Dim for contradiction in sbert_concat using braycurtis
    contradiction PH-Dim: 18.3440
  Computing cross-class analysis for sbert_concat using braycurtis
  PH-Dim scores: {'entailment': 17.16867263847598, 'neutral': 19.5374212024778, 'contradiction': 18.343989420517403}

--- Testing cosine metric ---
  Computing PH-Dim for entailment in sbert_concat using cosine
    entailment PH-Dim: 12.1774
  Computing PH-Dim for neutral in sbert_concat using cosine
    neutral PH-Dim: 14.2585
  Computing PH-Dim for contradiction in sbert_concat using cosine
    contradiction PH-Dim: 13.0314
  Computing cross-class analysis for sbert_concat using cosine
  PH-Dim scores: {'entailment': 12.177398787038767, 'neutral': 14.258476247909378, 'contradiction': 13.031412717621182}

============================================================
TESTING SPACE: lattice_containment
============================================================

--- Testing braycurtis metric ---
  Computing PH-Dim for entailment in lattice_containment using braycurtis
    entailment PH-Dim: 46.2203
  Computing PH-Dim for neutral in lattice_containment using braycurtis
    neutral PH-Dim: 58.2344
  Computing PH-Dim for contradiction in lattice_containment using braycurtis
    contradiction PH-Dim: 42.1891
  Computing cross-class analysis for lattice_containment using braycurtis
  PH-Dim scores: {'entailment': 46.220326623792765, 'neutral': 58.23437702408719, 'contradiction': 42.18907454107306}

--- Testing cosine metric ---
  Computing PH-Dim for entailment in lattice_containment using cosine
    entailment PH-Dim: 22.2291
  Computing PH-Dim for neutral in lattice_containment using cosine
    neutral PH-Dim: 31.1718
  Computing PH-Dim for contradiction in lattice_containment using cosine
    contradiction PH-Dim: 26.1263
  Computing cross-class analysis for lattice_containment using cosine
  PH-Dim scores: {'entailment': 22.22912103237363, 'neutral': 31.171767109730535, 'contradiction': 26.126347894037334}

Saved results to /vol/bitbucket/ahb24/tda_entailment_new/xnli_results/phdim_values/en/phdim_analysis/phdim_en_seed444_20260117_165444.json

✓ EN - seed 444 complete!

------------------------------------------------------------
SEED 5/5: 500
------------------------------------------------------------
XNLI PH-Dimension Analyzer initialized for: en (seed: 500)
Device: cuda
XNLI data: /vol/bitbucket/ahb24/tda_entailment_new/xnli_data/processed/xnli_en_combined_SBERT.pt
Distance metrics: ['braycurtis', 'cosine']
Embedding spaces: ['sbert_concat', 'lattice_containment']
Loading XNLI data for en...
XNLI data loaded:
  Premise embeddings: torch.Size([7500, 768])
  Hypothesis embeddings: torch.Size([7500, 768])
  Labels: 7500
  Language: en
  Label distribution: {'neutral': 2500, 'contradiction': 2500, 'entailment': 2500}
================================================================================
PH-DIMENSION ANALYSIS - XNLI EN (seed: 500)
Device: cuda
================================================================================
Extracting embedding spaces...
  entailment: 2500 samples
  neutral: 2500 samples
  contradiction: 2500 samples
Extracting sbert_concat...
  sbert_concat entailment: torch.Size([2500, 1536])
  sbert_concat neutral: torch.Size([2500, 1536])
  sbert_concat contradiction: torch.Size([2500, 1536])
Extracting lattice_containment...
  lattice_containment entailment: torch.Size([2500, 768])
  lattice_containment neutral: torch.Size([2500, 768])
  lattice_containment contradiction: torch.Size([2500, 768])

============================================================
TESTING SPACE: sbert_concat
============================================================

--- Testing braycurtis metric ---
  Computing PH-Dim for entailment in sbert_concat using braycurtis
    entailment PH-Dim: 17.0708
  Computing PH-Dim for neutral in sbert_concat using braycurtis
    neutral PH-Dim: 18.3834
  Computing PH-Dim for contradiction in sbert_concat using braycurtis
    contradiction PH-Dim: 19.8545
  Computing cross-class analysis for sbert_concat using braycurtis
  PH-Dim scores: {'entailment': 17.070809573053143, 'neutral': 18.383443264543708, 'contradiction': 19.85453431869743}

--- Testing cosine metric ---
  Computing PH-Dim for entailment in sbert_concat using cosine
    entailment PH-Dim: 11.9284
  Computing PH-Dim for neutral in sbert_concat using cosine
    neutral PH-Dim: 13.1898
  Computing PH-Dim for contradiction in sbert_concat using cosine
    contradiction PH-Dim: 14.4829
  Computing cross-class analysis for sbert_concat using cosine
  PH-Dim scores: {'entailment': 11.928376300975243, 'neutral': 13.189793089619057, 'contradiction': 14.48287902269289}

============================================================
TESTING SPACE: lattice_containment
============================================================

--- Testing braycurtis metric ---
  Computing PH-Dim for entailment in lattice_containment using braycurtis
    entailment PH-Dim: 51.4479
  Computing PH-Dim for neutral in lattice_containment using braycurtis
    neutral PH-Dim: 41.6870
  Computing PH-Dim for contradiction in lattice_containment using braycurtis
    contradiction PH-Dim: 41.5548
  Computing cross-class analysis for lattice_containment using braycurtis
  PH-Dim scores: {'entailment': 51.44790558342046, 'neutral': 41.68695271029135, 'contradiction': 41.55482868572767}

--- Testing cosine metric ---
  Computing PH-Dim for entailment in lattice_containment using cosine
    entailment PH-Dim: 24.6866
  Computing PH-Dim for neutral in lattice_containment using cosine
    neutral PH-Dim: 24.5214
  Computing PH-Dim for contradiction in lattice_containment using cosine
    contradiction PH-Dim: 27.5761
  Computing cross-class analysis for lattice_containment using cosine
  PH-Dim scores: {'entailment': 24.68660435371946, 'neutral': 24.521430826585085, 'contradiction': 27.576116958992248}

Saved results to /vol/bitbucket/ahb24/tda_entailment_new/xnli_results/phdim_values/en/phdim_analysis/phdim_en_seed500_20260117_165444.json

✓ EN - seed 500 complete!

EN Summary:
  Successful seeds: 5/5
  Failed seeds: 0/5

================================================================================
PROCESSING LANGUAGE 2/15: AR
================================================================================

------------------------------------------------------------
SEED 1/5: 42
------------------------------------------------------------
XNLI PH-Dimension Analyzer initialized for: ar (seed: 42)
Device: cuda
XNLI data: /vol/bitbucket/ahb24/tda_entailment_new/xnli_data/processed/xnli_ar_combined_SBERT.pt
Distance metrics: ['braycurtis', 'cosine']
Embedding spaces: ['sbert_concat', 'lattice_containment']
Loading XNLI data for ar...
XNLI data loaded:
  Premise embeddings: torch.Size([7500, 768])
  Hypothesis embeddings: torch.Size([7500, 768])
  Labels: 7500
  Language: ar
  Label distribution: {'neutral': 2500, 'contradiction': 2500, 'entailment': 2500}
================================================================================
PH-DIMENSION ANALYSIS - XNLI AR (seed: 42)
Device: cuda
================================================================================
Extracting embedding spaces...
  entailment: 2500 samples
  neutral: 2500 samples
  contradiction: 2500 samples
Extracting sbert_concat...
  sbert_concat entailment: torch.Size([2500, 1536])
  sbert_concat neutral: torch.Size([2500, 1536])
  sbert_concat contradiction: torch.Size([2500, 1536])
Extracting lattice_containment...
  lattice_containment entailment: torch.Size([2500, 768])
  lattice_containment neutral: torch.Size([2500, 768])
  lattice_containment contradiction: torch.Size([2500, 768])

============================================================
TESTING SPACE: sbert_concat
============================================================

--- Testing braycurtis metric ---
  Computing PH-Dim for entailment in sbert_concat using braycurtis
    entailment PH-Dim: 17.9254
  Computing PH-Dim for neutral in sbert_concat using braycurtis
    neutral PH-Dim: 20.5141
  Computing PH-Dim for contradiction in sbert_concat using braycurtis
    contradiction PH-Dim: 19.5103
  Computing cross-class analysis for sbert_concat using braycurtis
  PH-Dim scores: {'entailment': 17.92542348475456, 'neutral': 20.514127402929052, 'contradiction': 19.510279872020497}

--- Testing cosine metric ---
  Computing PH-Dim for entailment in sbert_concat using cosine
    entailment PH-Dim: 12.3439
  Computing PH-Dim for neutral in sbert_concat using cosine
    neutral PH-Dim: 14.2716
  Computing PH-Dim for contradiction in sbert_concat using cosine
    contradiction PH-Dim: 13.5653
  Computing cross-class analysis for sbert_concat using cosine
  PH-Dim scores: {'entailment': 12.34391794739701, 'neutral': 14.271577297571515, 'contradiction': 13.565296428674836}

============================================================
TESTING SPACE: lattice_containment
============================================================

--- Testing braycurtis metric ---
  Computing PH-Dim for entailment in lattice_containment using braycurtis
    entailment PH-Dim: 33.3300
  Computing PH-Dim for neutral in lattice_containment using braycurtis
    neutral PH-Dim: 46.5412
  Computing PH-Dim for contradiction in lattice_containment using braycurtis
    contradiction PH-Dim: 30.3680
  Computing cross-class analysis for lattice_containment using braycurtis
  PH-Dim scores: {'entailment': 33.33000073021294, 'neutral': 46.541166519588124, 'contradiction': 30.367971549406647}

--- Testing cosine metric ---
  Computing PH-Dim for entailment in lattice_containment using cosine
    entailment PH-Dim: 18.5702
  Computing PH-Dim for neutral in lattice_containment using cosine
    neutral PH-Dim: 25.5149
  Computing PH-Dim for contradiction in lattice_containment using cosine
    contradiction PH-Dim: 20.2289
  Computing cross-class analysis for lattice_containment using cosine
  PH-Dim scores: {'entailment': 18.57023077194308, 'neutral': 25.51493348929774, 'contradiction': 20.228886114667425}

Saved results to /vol/bitbucket/ahb24/tda_entailment_new/xnli_results/phdim_values/ar/phdim_analysis/phdim_ar_seed42_20260117_165444.json

✓ AR - seed 42 complete!

------------------------------------------------------------
SEED 2/5: 101
------------------------------------------------------------
XNLI PH-Dimension Analyzer initialized for: ar (seed: 101)
Device: cuda
XNLI data: /vol/bitbucket/ahb24/tda_entailment_new/xnli_data/processed/xnli_ar_combined_SBERT.pt
Distance metrics: ['braycurtis', 'cosine']
Embedding spaces: ['sbert_concat', 'lattice_containment']
Loading XNLI data for ar...
XNLI data loaded:
  Premise embeddings: torch.Size([7500, 768])
  Hypothesis embeddings: torch.Size([7500, 768])
  Labels: 7500
  Language: ar
  Label distribution: {'neutral': 2500, 'contradiction': 2500, 'entailment': 2500}
================================================================================
PH-DIMENSION ANALYSIS - XNLI AR (seed: 101)
Device: cuda
================================================================================
Extracting embedding spaces...
  entailment: 2500 samples
  neutral: 2500 samples
  contradiction: 2500 samples
Extracting sbert_concat...
  sbert_concat entailment: torch.Size([2500, 1536])
  sbert_concat neutral: torch.Size([2500, 1536])
  sbert_concat contradiction: torch.Size([2500, 1536])
Extracting lattice_containment...
  lattice_containment entailment: torch.Size([2500, 768])
  lattice_containment neutral: torch.Size([2500, 768])
  lattice_containment contradiction: torch.Size([2500, 768])

============================================================
TESTING SPACE: sbert_concat
============================================================

--- Testing braycurtis metric ---
  Computing PH-Dim for entailment in sbert_concat using braycurtis
    entailment PH-Dim: 16.9629
  Computing PH-Dim for neutral in sbert_concat using braycurtis
    neutral PH-Dim: 20.3334
  Computing PH-Dim for contradiction in sbert_concat using braycurtis
    contradiction PH-Dim: 18.6879
  Computing cross-class analysis for sbert_concat using braycurtis
  PH-Dim scores: {'entailment': 16.96287187805754, 'neutral': 20.333415628047938, 'contradiction': 18.687915537011513}

--- Testing cosine metric ---
  Computing PH-Dim for entailment in sbert_concat using cosine
    entailment PH-Dim: 11.5101
  Computing PH-Dim for neutral in sbert_concat using cosine
    neutral PH-Dim: 14.2700
  Computing PH-Dim for contradiction in sbert_concat using cosine
    contradiction PH-Dim: 12.7476
  Computing cross-class analysis for sbert_concat using cosine
  PH-Dim scores: {'entailment': 11.510086866388056, 'neutral': 14.269966570764941, 'contradiction': 12.747557471815051}

============================================================
TESTING SPACE: lattice_containment
============================================================

--- Testing braycurtis metric ---
  Computing PH-Dim for entailment in lattice_containment using braycurtis
    entailment PH-Dim: 32.2811
  Computing PH-Dim for neutral in lattice_containment using braycurtis
    neutral PH-Dim: 48.4150
  Computing PH-Dim for contradiction in lattice_containment using braycurtis
    contradiction PH-Dim: 37.4599
  Computing cross-class analysis for lattice_containment using braycurtis
  PH-Dim scores: {'entailment': 32.28108922892268, 'neutral': 48.41497415786757, 'contradiction': 37.4599088669826}

--- Testing cosine metric ---
  Computing PH-Dim for entailment in lattice_containment using cosine
    entailment PH-Dim: 17.3543
  Computing PH-Dim for neutral in lattice_containment using cosine
    neutral PH-Dim: 27.9356
  Computing PH-Dim for contradiction in lattice_containment using cosine
    contradiction PH-Dim: 22.2362
  Computing cross-class analysis for lattice_containment using cosine
  PH-Dim scores: {'entailment': 17.354274876739787, 'neutral': 27.935612148281926, 'contradiction': 22.23618525403303}

Saved results to /vol/bitbucket/ahb24/tda_entailment_new/xnli_results/phdim_values/ar/phdim_analysis/phdim_ar_seed101_20260117_165444.json

✓ AR - seed 101 complete!

------------------------------------------------------------
SEED 3/5: 333
------------------------------------------------------------
XNLI PH-Dimension Analyzer initialized for: ar (seed: 333)
Device: cuda
XNLI data: /vol/bitbucket/ahb24/tda_entailment_new/xnli_data/processed/xnli_ar_combined_SBERT.pt
Distance metrics: ['braycurtis', 'cosine']
Embedding spaces: ['sbert_concat', 'lattice_containment']
Loading XNLI data for ar...
XNLI data loaded:
  Premise embeddings: torch.Size([7500, 768])
  Hypothesis embeddings: torch.Size([7500, 768])
  Labels: 7500
  Language: ar
  Label distribution: {'neutral': 2500, 'contradiction': 2500, 'entailment': 2500}
================================================================================
PH-DIMENSION ANALYSIS - XNLI AR (seed: 333)
Device: cuda
================================================================================
Extracting embedding spaces...
  entailment: 2500 samples
  neutral: 2500 samples
  contradiction: 2500 samples
Extracting sbert_concat...
  sbert_concat entailment: torch.Size([2500, 1536])
  sbert_concat neutral: torch.Size([2500, 1536])
  sbert_concat contradiction: torch.Size([2500, 1536])
Extracting lattice_containment...
  lattice_containment entailment: torch.Size([2500, 768])
  lattice_containment neutral: torch.Size([2500, 768])
  lattice_containment contradiction: torch.Size([2500, 768])

============================================================
TESTING SPACE: sbert_concat
============================================================

--- Testing braycurtis metric ---
  Computing PH-Dim for entailment in sbert_concat using braycurtis
    entailment PH-Dim: 19.3625
  Computing PH-Dim for neutral in sbert_concat using braycurtis
    neutral PH-Dim: 20.9993
  Computing PH-Dim for contradiction in sbert_concat using braycurtis
    contradiction PH-Dim: 20.1563
  Computing cross-class analysis for sbert_concat using braycurtis
  PH-Dim scores: {'entailment': 19.362487407696747, 'neutral': 20.99929740035607, 'contradiction': 20.156284393420655}

--- Testing cosine metric ---
  Computing PH-Dim for entailment in sbert_concat using cosine
    entailment PH-Dim: 12.9016
  Computing PH-Dim for neutral in sbert_concat using cosine
    neutral PH-Dim: 14.2835
  Computing PH-Dim for contradiction in sbert_concat using cosine
    contradiction PH-Dim: 14.3499
  Computing cross-class analysis for sbert_concat using cosine
  PH-Dim scores: {'entailment': 12.901561509636025, 'neutral': 14.283452060903874, 'contradiction': 14.349937083555071}

============================================================
TESTING SPACE: lattice_containment
============================================================

--- Testing braycurtis metric ---
  Computing PH-Dim for entailment in lattice_containment using braycurtis
    entailment PH-Dim: 60.1197
  Computing PH-Dim for neutral in lattice_containment using braycurtis
    neutral PH-Dim: 40.6472
  Computing PH-Dim for contradiction in lattice_containment using braycurtis
    contradiction PH-Dim: 51.7503
  Computing cross-class analysis for lattice_containment using braycurtis
  PH-Dim scores: {'entailment': 60.11971367908355, 'neutral': 40.647231874906396, 'contradiction': 51.750290705716154}

--- Testing cosine metric ---
  Computing PH-Dim for entailment in lattice_containment using cosine
    entailment PH-Dim: 25.0190
  Computing PH-Dim for neutral in lattice_containment using cosine
    neutral PH-Dim: 24.5079
  Computing PH-Dim for contradiction in lattice_containment using cosine
    contradiction PH-Dim: 31.4296
  Computing cross-class analysis for lattice_containment using cosine
  PH-Dim scores: {'entailment': 25.018998206285854, 'neutral': 24.5078881157402, 'contradiction': 31.429585632690664}

Saved results to /vol/bitbucket/ahb24/tda_entailment_new/xnli_results/phdim_values/ar/phdim_analysis/phdim_ar_seed333_20260117_165444.json

✓ AR - seed 333 complete!

------------------------------------------------------------
SEED 4/5: 444
------------------------------------------------------------
XNLI PH-Dimension Analyzer initialized for: ar (seed: 444)
Device: cuda
XNLI data: /vol/bitbucket/ahb24/tda_entailment_new/xnli_data/processed/xnli_ar_combined_SBERT.pt
Distance metrics: ['braycurtis', 'cosine']
Embedding spaces: ['sbert_concat', 'lattice_containment']
Loading XNLI data for ar...
XNLI data loaded:
  Premise embeddings: torch.Size([7500, 768])
  Hypothesis embeddings: torch.Size([7500, 768])
  Labels: 7500
  Language: ar
  Label distribution: {'neutral': 2500, 'contradiction': 2500, 'entailment': 2500}
================================================================================
PH-DIMENSION ANALYSIS - XNLI AR (seed: 444)
Device: cuda
================================================================================
Extracting embedding spaces...
  entailment: 2500 samples
  neutral: 2500 samples
  contradiction: 2500 samples
Extracting sbert_concat...
  sbert_concat entailment: torch.Size([2500, 1536])
  sbert_concat neutral: torch.Size([2500, 1536])
  sbert_concat contradiction: torch.Size([2500, 1536])
Extracting lattice_containment...
  lattice_containment entailment: torch.Size([2500, 768])
  lattice_containment neutral: torch.Size([2500, 768])
  lattice_containment contradiction: torch.Size([2500, 768])

============================================================
TESTING SPACE: sbert_concat
============================================================

--- Testing braycurtis metric ---
  Computing PH-Dim for entailment in sbert_concat using braycurtis
    entailment PH-Dim: 17.0949
  Computing PH-Dim for neutral in sbert_concat using braycurtis
    neutral PH-Dim: 18.8132
  Computing PH-Dim for contradiction in sbert_concat using braycurtis
    contradiction PH-Dim: 18.0547
  Computing cross-class analysis for sbert_concat using braycurtis
  PH-Dim scores: {'entailment': 17.094909382059356, 'neutral': 18.813157166146073, 'contradiction': 18.0546583475521}

--- Testing cosine metric ---
  Computing PH-Dim for entailment in sbert_concat using cosine
    entailment PH-Dim: 11.7872
  Computing PH-Dim for neutral in sbert_concat using cosine
    neutral PH-Dim: 13.1491
  Computing PH-Dim for contradiction in sbert_concat using cosine
    contradiction PH-Dim: 12.5272
  Computing cross-class analysis for sbert_concat using cosine
  PH-Dim scores: {'entailment': 11.787224403825247, 'neutral': 13.149128977183114, 'contradiction': 12.527167385535366}

============================================================
TESTING SPACE: lattice_containment
============================================================

--- Testing braycurtis metric ---
  Computing PH-Dim for entailment in lattice_containment using braycurtis
    entailment PH-Dim: 52.6965
  Computing PH-Dim for neutral in lattice_containment using braycurtis
    neutral PH-Dim: 45.5220
  Computing PH-Dim for contradiction in lattice_containment using braycurtis
    contradiction PH-Dim: 38.3532
  Computing cross-class analysis for lattice_containment using braycurtis
  PH-Dim scores: {'entailment': 52.69649765004618, 'neutral': 45.521973447450236, 'contradiction': 38.35320189255769}

--- Testing cosine metric ---
  Computing PH-Dim for entailment in lattice_containment using cosine
    entailment PH-Dim: 24.0226
  Computing PH-Dim for neutral in lattice_containment using cosine
    neutral PH-Dim: 26.5885
  Computing PH-Dim for contradiction in lattice_containment using cosine
    contradiction PH-Dim: 24.2275
  Computing cross-class analysis for lattice_containment using cosine
  PH-Dim scores: {'entailment': 24.022550382976725, 'neutral': 26.58850590851163, 'contradiction': 24.22752938308563}

Saved results to /vol/bitbucket/ahb24/tda_entailment_new/xnli_results/phdim_values/ar/phdim_analysis/phdim_ar_seed444_20260117_165444.json

✓ AR - seed 444 complete!

------------------------------------------------------------
SEED 5/5: 500
------------------------------------------------------------
XNLI PH-Dimension Analyzer initialized for: ar (seed: 500)
Device: cuda
XNLI data: /vol/bitbucket/ahb24/tda_entailment_new/xnli_data/processed/xnli_ar_combined_SBERT.pt
Distance metrics: ['braycurtis', 'cosine']
Embedding spaces: ['sbert_concat', 'lattice_containment']
Loading XNLI data for ar...
XNLI data loaded:
  Premise embeddings: torch.Size([7500, 768])
  Hypothesis embeddings: torch.Size([7500, 768])
  Labels: 7500
  Language: ar
  Label distribution: {'neutral': 2500, 'contradiction': 2500, 'entailment': 2500}
================================================================================
PH-DIMENSION ANALYSIS - XNLI AR (seed: 500)
Device: cuda
================================================================================
Extracting embedding spaces...
  entailment: 2500 samples
  neutral: 2500 samples
  contradiction: 2500 samples
Extracting sbert_concat...
  sbert_concat entailment: torch.Size([2500, 1536])
  sbert_concat neutral: torch.Size([2500, 1536])
  sbert_concat contradiction: torch.Size([2500, 1536])
Extracting lattice_containment...
  lattice_containment entailment: torch.Size([2500, 768])
  lattice_containment neutral: torch.Size([2500, 768])
  lattice_containment contradiction: torch.Size([2500, 768])

============================================================
TESTING SPACE: sbert_concat
============================================================

--- Testing braycurtis metric ---
  Computing PH-Dim for entailment in sbert_concat using braycurtis
    entailment PH-Dim: 18.6180
  Computing PH-Dim for neutral in sbert_concat using braycurtis
    neutral PH-Dim: 18.7045
  Computing PH-Dim for contradiction in sbert_concat using braycurtis
    contradiction PH-Dim: 20.6691
  Computing cross-class analysis for sbert_concat using braycurtis
  PH-Dim scores: {'entailment': 18.617970376078336, 'neutral': 18.70446258542712, 'contradiction': 20.66913318782283}

--- Testing cosine metric ---
  Computing PH-Dim for entailment in sbert_concat using cosine
    entailment PH-Dim: 12.5837
  Computing PH-Dim for neutral in sbert_concat using cosine
    neutral PH-Dim: 13.1744
  Computing PH-Dim for contradiction in sbert_concat using cosine
    contradiction PH-Dim: 14.1360
  Computing cross-class analysis for sbert_concat using cosine
  PH-Dim scores: {'entailment': 12.583675702830146, 'neutral': 13.174389256374479, 'contradiction': 14.136007545192687}

============================================================
TESTING SPACE: lattice_containment
============================================================

--- Testing braycurtis metric ---
  Computing PH-Dim for entailment in lattice_containment using braycurtis
    entailment PH-Dim: 42.7752
  Computing PH-Dim for neutral in lattice_containment using braycurtis
    neutral PH-Dim: 34.1079
  Computing PH-Dim for contradiction in lattice_containment using braycurtis
    contradiction PH-Dim: 37.3544
  Computing cross-class analysis for lattice_containment using braycurtis
  PH-Dim scores: {'entailment': 42.775234373285485, 'neutral': 34.10794686503051, 'contradiction': 37.3544025887924}

--- Testing cosine metric ---
  Computing PH-Dim for entailment in lattice_containment using cosine
    entailment PH-Dim: 21.4535
  Computing PH-Dim for neutral in lattice_containment using cosine
    neutral PH-Dim: 19.7112
  Computing PH-Dim for contradiction in lattice_containment using cosine
    contradiction PH-Dim: 23.4324
  Computing cross-class analysis for lattice_containment using cosine
  PH-Dim scores: {'entailment': 21.45348561652425, 'neutral': 19.711207232055525, 'contradiction': 23.43238587720246}

Saved results to /vol/bitbucket/ahb24/tda_entailment_new/xnli_results/phdim_values/ar/phdim_analysis/phdim_ar_seed500_20260117_165444.json

✓ AR - seed 500 complete!

AR Summary:
  Successful seeds: 5/5
  Failed seeds: 0/5

================================================================================
PROCESSING LANGUAGE 3/15: BG
================================================================================

------------------------------------------------------------
SEED 1/5: 42
------------------------------------------------------------
XNLI PH-Dimension Analyzer initialized for: bg (seed: 42)
Device: cuda
XNLI data: /vol/bitbucket/ahb24/tda_entailment_new/xnli_data/processed/xnli_bg_combined_SBERT.pt
Distance metrics: ['braycurtis', 'cosine']
Embedding spaces: ['sbert_concat', 'lattice_containment']
Loading XNLI data for bg...
XNLI data loaded:
  Premise embeddings: torch.Size([7500, 768])
  Hypothesis embeddings: torch.Size([7500, 768])
  Labels: 7500
  Language: bg
  Label distribution: {'neutral': 2500, 'contradiction': 2500, 'entailment': 2500}
================================================================================
PH-DIMENSION ANALYSIS - XNLI BG (seed: 42)
Device: cuda
================================================================================
Extracting embedding spaces...
  entailment: 2500 samples
  neutral: 2500 samples
  contradiction: 2500 samples
Extracting sbert_concat...
  sbert_concat entailment: torch.Size([2500, 1536])
  sbert_concat neutral: torch.Size([2500, 1536])
  sbert_concat contradiction: torch.Size([2500, 1536])
Extracting lattice_containment...
  lattice_containment entailment: torch.Size([2500, 768])
  lattice_containment neutral: torch.Size([2500, 768])
  lattice_containment contradiction: torch.Size([2500, 768])

============================================================
TESTING SPACE: sbert_concat
============================================================

--- Testing braycurtis metric ---
  Computing PH-Dim for entailment in sbert_concat using braycurtis
    entailment PH-Dim: 18.4211
  Computing PH-Dim for neutral in sbert_concat using braycurtis
    neutral PH-Dim: 21.1536
  Computing PH-Dim for contradiction in sbert_concat using braycurtis
    contradiction PH-Dim: 19.1118
  Computing cross-class analysis for sbert_concat using braycurtis
  PH-Dim scores: {'entailment': 18.42114980183466, 'neutral': 21.153602799691157, 'contradiction': 19.111788122062002}

--- Testing cosine metric ---
  Computing PH-Dim for entailment in sbert_concat using cosine
    entailment PH-Dim: 12.7374
  Computing PH-Dim for neutral in sbert_concat using cosine
    neutral PH-Dim: 14.8423
  Computing PH-Dim for contradiction in sbert_concat using cosine
    contradiction PH-Dim: 13.5865
  Computing cross-class analysis for sbert_concat using cosine
  PH-Dim scores: {'entailment': 12.737350971060755, 'neutral': 14.842266304364653, 'contradiction': 13.586534281392872}

============================================================
TESTING SPACE: lattice_containment
============================================================

--- Testing braycurtis metric ---
  Computing PH-Dim for entailment in lattice_containment using braycurtis
    entailment PH-Dim: 41.3794
  Computing PH-Dim for neutral in lattice_containment using braycurtis
    neutral PH-Dim: 49.3906
  Computing PH-Dim for contradiction in lattice_containment using braycurtis
    contradiction PH-Dim: 37.0698
  Computing cross-class analysis for lattice_containment using braycurtis
  PH-Dim scores: {'entailment': 41.37941865342645, 'neutral': 49.39062656780618, 'contradiction': 37.06975627088795}

--- Testing cosine metric ---
  Computing PH-Dim for entailment in lattice_containment using cosine
    entailment PH-Dim: 21.5256
  Computing PH-Dim for neutral in lattice_containment using cosine
    neutral PH-Dim: 28.1896
  Computing PH-Dim for contradiction in lattice_containment using cosine
    contradiction PH-Dim: 23.5199
  Computing cross-class analysis for lattice_containment using cosine
  PH-Dim scores: {'entailment': 21.52557178600927, 'neutral': 28.189578370692885, 'contradiction': 23.51987030842893}

Saved results to /vol/bitbucket/ahb24/tda_entailment_new/xnli_results/phdim_values/bg/phdim_analysis/phdim_bg_seed42_20260117_165444.json

✓ BG - seed 42 complete!

------------------------------------------------------------
SEED 2/5: 101
------------------------------------------------------------
XNLI PH-Dimension Analyzer initialized for: bg (seed: 101)
Device: cuda
XNLI data: /vol/bitbucket/ahb24/tda_entailment_new/xnli_data/processed/xnli_bg_combined_SBERT.pt
Distance metrics: ['braycurtis', 'cosine']
Embedding spaces: ['sbert_concat', 'lattice_containment']
Loading XNLI data for bg...
XNLI data loaded:
  Premise embeddings: torch.Size([7500, 768])
  Hypothesis embeddings: torch.Size([7500, 768])
  Labels: 7500
  Language: bg
  Label distribution: {'neutral': 2500, 'contradiction': 2500, 'entailment': 2500}
================================================================================
PH-DIMENSION ANALYSIS - XNLI BG (seed: 101)
Device: cuda
================================================================================
Extracting embedding spaces...
  entailment: 2500 samples
  neutral: 2500 samples
  contradiction: 2500 samples
Extracting sbert_concat...
  sbert_concat entailment: torch.Size([2500, 1536])
  sbert_concat neutral: torch.Size([2500, 1536])
  sbert_concat contradiction: torch.Size([2500, 1536])
Extracting lattice_containment...
  lattice_containment entailment: torch.Size([2500, 768])
  lattice_containment neutral: torch.Size([2500, 768])
  lattice_containment contradiction: torch.Size([2500, 768])

============================================================
TESTING SPACE: sbert_concat
============================================================

--- Testing braycurtis metric ---
  Computing PH-Dim for entailment in sbert_concat using braycurtis
    entailment PH-Dim: 16.3919
  Computing PH-Dim for neutral in sbert_concat using braycurtis
    neutral PH-Dim: 18.8702
  Computing PH-Dim for contradiction in sbert_concat using braycurtis
    contradiction PH-Dim: 18.1902
  Computing cross-class analysis for sbert_concat using braycurtis
  PH-Dim scores: {'entailment': 16.391900967380316, 'neutral': 18.870217804478354, 'contradiction': 18.19018590658377}

--- Testing cosine metric ---
  Computing PH-Dim for entailment in sbert_concat using cosine
    entailment PH-Dim: 11.2176
  Computing PH-Dim for neutral in sbert_concat using cosine
    neutral PH-Dim: 13.5338
  Computing PH-Dim for contradiction in sbert_concat using cosine
    contradiction PH-Dim: 12.6574
  Computing cross-class analysis for sbert_concat using cosine
  PH-Dim scores: {'entailment': 11.217607454775148, 'neutral': 13.533827015531244, 'contradiction': 12.657389710834533}

============================================================
TESTING SPACE: lattice_containment
============================================================

--- Testing braycurtis metric ---
  Computing PH-Dim for entailment in lattice_containment using braycurtis
    entailment PH-Dim: 34.7231
  Computing PH-Dim for neutral in lattice_containment using braycurtis
    neutral PH-Dim: 54.5862
  Computing PH-Dim for contradiction in lattice_containment using braycurtis
    contradiction PH-Dim: 42.7887
  Computing cross-class analysis for lattice_containment using braycurtis
  PH-Dim scores: {'entailment': 34.723106716905995, 'neutral': 54.5862108395076, 'contradiction': 42.788736805387195}

--- Testing cosine metric ---
  Computing PH-Dim for entailment in lattice_containment using cosine
    entailment PH-Dim: 17.5842
  Computing PH-Dim for neutral in lattice_containment using cosine
    neutral PH-Dim: 29.1547
  Computing PH-Dim for contradiction in lattice_containment using cosine
    contradiction PH-Dim: 24.9913
  Computing cross-class analysis for lattice_containment using cosine
  PH-Dim scores: {'entailment': 17.584188857640584, 'neutral': 29.154746386056015, 'contradiction': 24.991346551783277}

Saved results to /vol/bitbucket/ahb24/tda_entailment_new/xnli_results/phdim_values/bg/phdim_analysis/phdim_bg_seed101_20260117_165444.json

✓ BG - seed 101 complete!

------------------------------------------------------------
SEED 3/5: 333
------------------------------------------------------------
XNLI PH-Dimension Analyzer initialized for: bg (seed: 333)
Device: cuda
XNLI data: /vol/bitbucket/ahb24/tda_entailment_new/xnli_data/processed/xnli_bg_combined_SBERT.pt
Distance metrics: ['braycurtis', 'cosine']
Embedding spaces: ['sbert_concat', 'lattice_containment']
Loading XNLI data for bg...
XNLI data loaded:
  Premise embeddings: torch.Size([7500, 768])
  Hypothesis embeddings: torch.Size([7500, 768])
  Labels: 7500
  Language: bg
  Label distribution: {'neutral': 2500, 'contradiction': 2500, 'entailment': 2500}
================================================================================
PH-DIMENSION ANALYSIS - XNLI BG (seed: 333)
Device: cuda
================================================================================
Extracting embedding spaces...
  entailment: 2500 samples
  neutral: 2500 samples
  contradiction: 2500 samples
Extracting sbert_concat...
  sbert_concat entailment: torch.Size([2500, 1536])
  sbert_concat neutral: torch.Size([2500, 1536])
  sbert_concat contradiction: torch.Size([2500, 1536])
Extracting lattice_containment...
  lattice_containment entailment: torch.Size([2500, 768])
  lattice_containment neutral: torch.Size([2500, 768])
  lattice_containment contradiction: torch.Size([2500, 768])

============================================================
TESTING SPACE: sbert_concat
============================================================

--- Testing braycurtis metric ---
  Computing PH-Dim for entailment in sbert_concat using braycurtis
    entailment PH-Dim: 18.7054
  Computing PH-Dim for neutral in sbert_concat using braycurtis
    neutral PH-Dim: 19.8390
  Computing PH-Dim for contradiction in sbert_concat using braycurtis
    contradiction PH-Dim: 20.6450
  Computing cross-class analysis for sbert_concat using braycurtis
  PH-Dim scores: {'entailment': 18.70542269039948, 'neutral': 19.839046578394544, 'contradiction': 20.645042609162488}

--- Testing cosine metric ---
  Computing PH-Dim for entailment in sbert_concat using cosine
    entailment PH-Dim: 12.8165
  Computing PH-Dim for neutral in sbert_concat using cosine
    neutral PH-Dim: 13.8545
  Computing PH-Dim for contradiction in sbert_concat using cosine
    contradiction PH-Dim: 14.3958
  Computing cross-class analysis for sbert_concat using cosine
  PH-Dim scores: {'entailment': 12.816489330935099, 'neutral': 13.854454302678082, 'contradiction': 14.395769997966296}

============================================================
TESTING SPACE: lattice_containment
============================================================

--- Testing braycurtis metric ---
  Computing PH-Dim for entailment in lattice_containment using braycurtis
    entailment PH-Dim: 63.6455
  Computing PH-Dim for neutral in lattice_containment using braycurtis
    neutral PH-Dim: 41.3982
  Computing PH-Dim for contradiction in lattice_containment using braycurtis
    contradiction PH-Dim: 46.0452
  Computing cross-class analysis for lattice_containment using braycurtis
  PH-Dim scores: {'entailment': 63.64547903029468, 'neutral': 41.39815211527132, 'contradiction': 46.04520630788338}

--- Testing cosine metric ---
  Computing PH-Dim for entailment in lattice_containment using cosine
    entailment PH-Dim: 28.2713
  Computing PH-Dim for neutral in lattice_containment using cosine
    neutral PH-Dim: 24.4503
  Computing PH-Dim for contradiction in lattice_containment using cosine
    contradiction PH-Dim: 30.3709
  Computing cross-class analysis for lattice_containment using cosine
  PH-Dim scores: {'entailment': 28.271264588788487, 'neutral': 24.450297021336322, 'contradiction': 30.37090738089441}

Saved results to /vol/bitbucket/ahb24/tda_entailment_new/xnli_results/phdim_values/bg/phdim_analysis/phdim_bg_seed333_20260117_165444.json

✓ BG - seed 333 complete!

------------------------------------------------------------
SEED 4/5: 444
------------------------------------------------------------
XNLI PH-Dimension Analyzer initialized for: bg (seed: 444)
Device: cuda
XNLI data: /vol/bitbucket/ahb24/tda_entailment_new/xnli_data/processed/xnli_bg_combined_SBERT.pt
Distance metrics: ['braycurtis', 'cosine']
Embedding spaces: ['sbert_concat', 'lattice_containment']
Loading XNLI data for bg...
XNLI data loaded:
  Premise embeddings: torch.Size([7500, 768])
  Hypothesis embeddings: torch.Size([7500, 768])
  Labels: 7500
  Language: bg
  Label distribution: {'neutral': 2500, 'contradiction': 2500, 'entailment': 2500}
================================================================================
PH-DIMENSION ANALYSIS - XNLI BG (seed: 444)
Device: cuda
================================================================================
Extracting embedding spaces...
  entailment: 2500 samples
  neutral: 2500 samples
  contradiction: 2500 samples
Extracting sbert_concat...
  sbert_concat entailment: torch.Size([2500, 1536])
  sbert_concat neutral: torch.Size([2500, 1536])
  sbert_concat contradiction: torch.Size([2500, 1536])
Extracting lattice_containment...
  lattice_containment entailment: torch.Size([2500, 768])
  lattice_containment neutral: torch.Size([2500, 768])
  lattice_containment contradiction: torch.Size([2500, 768])

============================================================
TESTING SPACE: sbert_concat
============================================================

--- Testing braycurtis metric ---
  Computing PH-Dim for entailment in sbert_concat using braycurtis
    entailment PH-Dim: 16.5121
  Computing PH-Dim for neutral in sbert_concat using braycurtis
    neutral PH-Dim: 19.6355
  Computing PH-Dim for contradiction in sbert_concat using braycurtis
    contradiction PH-Dim: 17.6503
  Computing cross-class analysis for sbert_concat using braycurtis
  PH-Dim scores: {'entailment': 16.51208546386326, 'neutral': 19.63546084672498, 'contradiction': 17.65028606576568}

--- Testing cosine metric ---
  Computing PH-Dim for entailment in sbert_concat using cosine
    entailment PH-Dim: 11.4578
  Computing PH-Dim for neutral in sbert_concat using cosine
    neutral PH-Dim: 14.0440
  Computing PH-Dim for contradiction in sbert_concat using cosine
    contradiction PH-Dim: 12.4218
  Computing cross-class analysis for sbert_concat using cosine
  PH-Dim scores: {'entailment': 11.457822308242203, 'neutral': 14.044036430693454, 'contradiction': 12.421849164323929}

============================================================
TESTING SPACE: lattice_containment
============================================================

--- Testing braycurtis metric ---
  Computing PH-Dim for entailment in lattice_containment using braycurtis
    entailment PH-Dim: 52.7316
  Computing PH-Dim for neutral in lattice_containment using braycurtis
    neutral PH-Dim: 59.5479
  Computing PH-Dim for contradiction in lattice_containment using braycurtis
    contradiction PH-Dim: 42.5705
  Computing cross-class analysis for lattice_containment using braycurtis
  PH-Dim scores: {'entailment': 52.73155013518523, 'neutral': 59.5479249079644, 'contradiction': 42.57046689987352}

--- Testing cosine metric ---
  Computing PH-Dim for entailment in lattice_containment using cosine
    entailment PH-Dim: 23.1597
  Computing PH-Dim for neutral in lattice_containment using cosine
    neutral PH-Dim: 29.0808
  Computing PH-Dim for contradiction in lattice_containment using cosine
    contradiction PH-Dim: 25.7951
  Computing cross-class analysis for lattice_containment using cosine
  PH-Dim scores: {'entailment': 23.15966031536984, 'neutral': 29.080807237894916, 'contradiction': 25.795087887949105}

Saved results to /vol/bitbucket/ahb24/tda_entailment_new/xnli_results/phdim_values/bg/phdim_analysis/phdim_bg_seed444_20260117_165444.json

✓ BG - seed 444 complete!

------------------------------------------------------------
SEED 5/5: 500
------------------------------------------------------------
XNLI PH-Dimension Analyzer initialized for: bg (seed: 500)
Device: cuda
XNLI data: /vol/bitbucket/ahb24/tda_entailment_new/xnli_data/processed/xnli_bg_combined_SBERT.pt
Distance metrics: ['braycurtis', 'cosine']
Embedding spaces: ['sbert_concat', 'lattice_containment']
Loading XNLI data for bg...
XNLI data loaded:
  Premise embeddings: torch.Size([7500, 768])
  Hypothesis embeddings: torch.Size([7500, 768])
  Labels: 7500
  Language: bg
  Label distribution: {'neutral': 2500, 'contradiction': 2500, 'entailment': 2500}
================================================================================
PH-DIMENSION ANALYSIS - XNLI BG (seed: 500)
Device: cuda
================================================================================
Extracting embedding spaces...
  entailment: 2500 samples
  neutral: 2500 samples
  contradiction: 2500 samples
Extracting sbert_concat...
  sbert_concat entailment: torch.Size([2500, 1536])
  sbert_concat neutral: torch.Size([2500, 1536])
  sbert_concat contradiction: torch.Size([2500, 1536])
Extracting lattice_containment...
  lattice_containment entailment: torch.Size([2500, 768])
  lattice_containment neutral: torch.Size([2500, 768])
  lattice_containment contradiction: torch.Size([2500, 768])

============================================================
TESTING SPACE: sbert_concat
============================================================

--- Testing braycurtis metric ---
  Computing PH-Dim for entailment in sbert_concat using braycurtis
    entailment PH-Dim: 17.6657
  Computing PH-Dim for neutral in sbert_concat using braycurtis
    neutral PH-Dim: 17.9921
  Computing PH-Dim for contradiction in sbert_concat using braycurtis
    contradiction PH-Dim: 19.2556
  Computing cross-class analysis for sbert_concat using braycurtis
  PH-Dim scores: {'entailment': 17.665679669030546, 'neutral': 17.992077193236902, 'contradiction': 19.255563923258187}

--- Testing cosine metric ---
  Computing PH-Dim for entailment in sbert_concat using cosine
    entailment PH-Dim: 12.1183
  Computing PH-Dim for neutral in sbert_concat using cosine
    neutral PH-Dim: 12.6520
  Computing PH-Dim for contradiction in sbert_concat using cosine
    contradiction PH-Dim: 13.4205
  Computing cross-class analysis for sbert_concat using cosine
  PH-Dim scores: {'entailment': 12.118264303575105, 'neutral': 12.651956516858927, 'contradiction': 13.420458767934822}

============================================================
TESTING SPACE: lattice_containment
============================================================

--- Testing braycurtis metric ---
  Computing PH-Dim for entailment in lattice_containment using braycurtis
    entailment PH-Dim: 43.3694
  Computing PH-Dim for neutral in lattice_containment using braycurtis
    neutral PH-Dim: 32.9454
  Computing PH-Dim for contradiction in lattice_containment using braycurtis
    contradiction PH-Dim: 33.9989
  Computing cross-class analysis for lattice_containment using braycurtis
  PH-Dim scores: {'entailment': 43.369427425747645, 'neutral': 32.945354169319806, 'contradiction': 33.9988789974099}

--- Testing cosine metric ---
  Computing PH-Dim for entailment in lattice_containment using cosine
    entailment PH-Dim: 21.9336
  Computing PH-Dim for neutral in lattice_containment using cosine
    neutral PH-Dim: 19.4008
  Computing PH-Dim for contradiction in lattice_containment using cosine
    contradiction PH-Dim: 21.4929
  Computing cross-class analysis for lattice_containment using cosine
  PH-Dim scores: {'entailment': 21.93358964789, 'neutral': 19.400773478945943, 'contradiction': 21.492872696241225}

Saved results to /vol/bitbucket/ahb24/tda_entailment_new/xnli_results/phdim_values/bg/phdim_analysis/phdim_bg_seed500_20260117_165444.json

✓ BG - seed 500 complete!

BG Summary:
  Successful seeds: 5/5
  Failed seeds: 0/5

================================================================================
PROCESSING LANGUAGE 4/15: DE
================================================================================

------------------------------------------------------------
SEED 1/5: 42
------------------------------------------------------------
XNLI PH-Dimension Analyzer initialized for: de (seed: 42)
Device: cuda
XNLI data: /vol/bitbucket/ahb24/tda_entailment_new/xnli_data/processed/xnli_de_combined_SBERT.pt
Distance metrics: ['braycurtis', 'cosine']
Embedding spaces: ['sbert_concat', 'lattice_containment']
Loading XNLI data for de...
XNLI data loaded:
  Premise embeddings: torch.Size([7500, 768])
  Hypothesis embeddings: torch.Size([7500, 768])
  Labels: 7500
  Language: de
  Label distribution: {'neutral': 2500, 'contradiction': 2500, 'entailment': 2500}
================================================================================
PH-DIMENSION ANALYSIS - XNLI DE (seed: 42)
Device: cuda
================================================================================
Extracting embedding spaces...
  entailment: 2500 samples
  neutral: 2500 samples
  contradiction: 2500 samples
Extracting sbert_concat...
  sbert_concat entailment: torch.Size([2500, 1536])
  sbert_concat neutral: torch.Size([2500, 1536])
  sbert_concat contradiction: torch.Size([2500, 1536])
Extracting lattice_containment...
  lattice_containment entailment: torch.Size([2500, 768])
  lattice_containment neutral: torch.Size([2500, 768])
  lattice_containment contradiction: torch.Size([2500, 768])

============================================================
TESTING SPACE: sbert_concat
============================================================

--- Testing braycurtis metric ---
  Computing PH-Dim for entailment in sbert_concat using braycurtis
    entailment PH-Dim: 19.0992
  Computing PH-Dim for neutral in sbert_concat using braycurtis
    neutral PH-Dim: 21.2117
  Computing PH-Dim for contradiction in sbert_concat using braycurtis
    contradiction PH-Dim: 20.3790
  Computing cross-class analysis for sbert_concat using braycurtis
  PH-Dim scores: {'entailment': 19.0991587832647, 'neutral': 21.21165460196198, 'contradiction': 20.37897235415363}

--- Testing cosine metric ---
  Computing PH-Dim for entailment in sbert_concat using cosine
    entailment PH-Dim: 13.2088
  Computing PH-Dim for neutral in sbert_concat using cosine
    neutral PH-Dim: 14.9145
  Computing PH-Dim for contradiction in sbert_concat using cosine
    contradiction PH-Dim: 14.4003
  Computing cross-class analysis for sbert_concat using cosine
  PH-Dim scores: {'entailment': 13.20879131772263, 'neutral': 14.914533853879698, 'contradiction': 14.400262039108194}

============================================================
TESTING SPACE: lattice_containment
============================================================

--- Testing braycurtis metric ---
  Computing PH-Dim for entailment in lattice_containment using braycurtis
    entailment PH-Dim: 45.9680
  Computing PH-Dim for neutral in lattice_containment using braycurtis
    neutral PH-Dim: 52.2200
  Computing PH-Dim for contradiction in lattice_containment using braycurtis
    contradiction PH-Dim: 39.8353
  Computing cross-class analysis for lattice_containment using braycurtis
  PH-Dim scores: {'entailment': 45.9680087494783, 'neutral': 52.21997604832731, 'contradiction': 39.835322695331584}

--- Testing cosine metric ---
  Computing PH-Dim for entailment in lattice_containment using cosine
    entailment PH-Dim: 22.0009
  Computing PH-Dim for neutral in lattice_containment using cosine
    neutral PH-Dim: 27.7758
  Computing PH-Dim for contradiction in lattice_containment using cosine
    contradiction PH-Dim: 25.7429
  Computing cross-class analysis for lattice_containment using cosine
  PH-Dim scores: {'entailment': 22.000861056186327, 'neutral': 27.7757592809638, 'contradiction': 25.74289561705824}

Saved results to /vol/bitbucket/ahb24/tda_entailment_new/xnli_results/phdim_values/de/phdim_analysis/phdim_de_seed42_20260117_165444.json

✓ DE - seed 42 complete!

------------------------------------------------------------
SEED 2/5: 101
------------------------------------------------------------
XNLI PH-Dimension Analyzer initialized for: de (seed: 101)
Device: cuda
XNLI data: /vol/bitbucket/ahb24/tda_entailment_new/xnli_data/processed/xnli_de_combined_SBERT.pt
Distance metrics: ['braycurtis', 'cosine']
Embedding spaces: ['sbert_concat', 'lattice_containment']
Loading XNLI data for de...
XNLI data loaded:
  Premise embeddings: torch.Size([7500, 768])
  Hypothesis embeddings: torch.Size([7500, 768])
  Labels: 7500
  Language: de
  Label distribution: {'neutral': 2500, 'contradiction': 2500, 'entailment': 2500}
================================================================================
PH-DIMENSION ANALYSIS - XNLI DE (seed: 101)
Device: cuda
================================================================================
Extracting embedding spaces...
  entailment: 2500 samples
  neutral: 2500 samples
  contradiction: 2500 samples
Extracting sbert_concat...
  sbert_concat entailment: torch.Size([2500, 1536])
  sbert_concat neutral: torch.Size([2500, 1536])
  sbert_concat contradiction: torch.Size([2500, 1536])
Extracting lattice_containment...
  lattice_containment entailment: torch.Size([2500, 768])
  lattice_containment neutral: torch.Size([2500, 768])
  lattice_containment contradiction: torch.Size([2500, 768])

============================================================
TESTING SPACE: sbert_concat
============================================================

--- Testing braycurtis metric ---
  Computing PH-Dim for entailment in sbert_concat using braycurtis
    entailment PH-Dim: 16.7717
  Computing PH-Dim for neutral in sbert_concat using braycurtis
    neutral PH-Dim: 18.5238
  Computing PH-Dim for contradiction in sbert_concat using braycurtis
    contradiction PH-Dim: 17.0676
  Computing cross-class analysis for sbert_concat using braycurtis
  PH-Dim scores: {'entailment': 16.771731594209054, 'neutral': 18.523766583381217, 'contradiction': 17.067605683115996}

--- Testing cosine metric ---
  Computing PH-Dim for entailment in sbert_concat using cosine
    entailment PH-Dim: 11.4889
  Computing PH-Dim for neutral in sbert_concat using cosine
    neutral PH-Dim: 13.1264
  Computing PH-Dim for contradiction in sbert_concat using cosine
    contradiction PH-Dim: 11.8707
  Computing cross-class analysis for sbert_concat using cosine
  PH-Dim scores: {'entailment': 11.48889935256592, 'neutral': 13.126417131057972, 'contradiction': 11.870694467727985}

============================================================
TESTING SPACE: lattice_containment
============================================================

--- Testing braycurtis metric ---
  Computing PH-Dim for entailment in lattice_containment using braycurtis
    entailment PH-Dim: 41.1957
  Computing PH-Dim for neutral in lattice_containment using braycurtis
    neutral PH-Dim: 50.0922
  Computing PH-Dim for contradiction in lattice_containment using braycurtis
    contradiction PH-Dim: 42.2431
  Computing cross-class analysis for lattice_containment using braycurtis
  PH-Dim scores: {'entailment': 41.195683590750974, 'neutral': 50.09215757847928, 'contradiction': 42.24307261296157}

--- Testing cosine metric ---
  Computing PH-Dim for entailment in lattice_containment using cosine
    entailment PH-Dim: 19.7637
  Computing PH-Dim for neutral in lattice_containment using cosine
    neutral PH-Dim: 27.8929
  Computing PH-Dim for contradiction in lattice_containment using cosine
    contradiction PH-Dim: 24.2766
  Computing cross-class analysis for lattice_containment using cosine
  PH-Dim scores: {'entailment': 19.763724714888305, 'neutral': 27.892876048365178, 'contradiction': 24.276627283762217}

Saved results to /vol/bitbucket/ahb24/tda_entailment_new/xnli_results/phdim_values/de/phdim_analysis/phdim_de_seed101_20260117_165444.json

✓ DE - seed 101 complete!

------------------------------------------------------------
SEED 3/5: 333
------------------------------------------------------------
XNLI PH-Dimension Analyzer initialized for: de (seed: 333)
Device: cuda
XNLI data: /vol/bitbucket/ahb24/tda_entailment_new/xnli_data/processed/xnli_de_combined_SBERT.pt
Distance metrics: ['braycurtis', 'cosine']
Embedding spaces: ['sbert_concat', 'lattice_containment']
Loading XNLI data for de...
XNLI data loaded:
  Premise embeddings: torch.Size([7500, 768])
  Hypothesis embeddings: torch.Size([7500, 768])
  Labels: 7500
  Language: de
  Label distribution: {'neutral': 2500, 'contradiction': 2500, 'entailment': 2500}
================================================================================
PH-DIMENSION ANALYSIS - XNLI DE (seed: 333)
Device: cuda
================================================================================
Extracting embedding spaces...
  entailment: 2500 samples
  neutral: 2500 samples
  contradiction: 2500 samples
Extracting sbert_concat...
  sbert_concat entailment: torch.Size([2500, 1536])
  sbert_concat neutral: torch.Size([2500, 1536])
  sbert_concat contradiction: torch.Size([2500, 1536])
Extracting lattice_containment...
  lattice_containment entailment: torch.Size([2500, 768])
  lattice_containment neutral: torch.Size([2500, 768])
  lattice_containment contradiction: torch.Size([2500, 768])

============================================================
TESTING SPACE: sbert_concat
============================================================

--- Testing braycurtis metric ---
  Computing PH-Dim for entailment in sbert_concat using braycurtis
    entailment PH-Dim: 18.7194
  Computing PH-Dim for neutral in sbert_concat using braycurtis
    neutral PH-Dim: 20.5865
  Computing PH-Dim for contradiction in sbert_concat using braycurtis
    contradiction PH-Dim: 20.6457
  Computing cross-class analysis for sbert_concat using braycurtis
  PH-Dim scores: {'entailment': 18.719377593718427, 'neutral': 20.586472250430138, 'contradiction': 20.64572224336835}

--- Testing cosine metric ---
  Computing PH-Dim for entailment in sbert_concat using cosine
    entailment PH-Dim: 12.7318
  Computing PH-Dim for neutral in sbert_concat using cosine
    neutral PH-Dim: 14.3635
  Computing PH-Dim for contradiction in sbert_concat using cosine
    contradiction PH-Dim: 14.4101
  Computing cross-class analysis for sbert_concat using cosine
  PH-Dim scores: {'entailment': 12.731800629763077, 'neutral': 14.363481938638213, 'contradiction': 14.41009298678446}

============================================================
TESTING SPACE: lattice_containment
============================================================

--- Testing braycurtis metric ---
  Computing PH-Dim for entailment in lattice_containment using braycurtis
    entailment PH-Dim: 71.1258
  Computing PH-Dim for neutral in lattice_containment using braycurtis
    neutral PH-Dim: 51.5171
  Computing PH-Dim for contradiction in lattice_containment using braycurtis
    contradiction PH-Dim: 51.8537
  Computing cross-class analysis for lattice_containment using braycurtis
  PH-Dim scores: {'entailment': 71.12584414644152, 'neutral': 51.517112827230825, 'contradiction': 51.85371719129781}

--- Testing cosine metric ---
  Computing PH-Dim for entailment in lattice_containment using cosine
    entailment PH-Dim: 26.8757
  Computing PH-Dim for neutral in lattice_containment using cosine
    neutral PH-Dim: 28.9655
  Computing PH-Dim for contradiction in lattice_containment using cosine
    contradiction PH-Dim: 30.1651
  Computing cross-class analysis for lattice_containment using cosine
  PH-Dim scores: {'entailment': 26.87571922944581, 'neutral': 28.965532158664786, 'contradiction': 30.165063007195908}

Saved results to /vol/bitbucket/ahb24/tda_entailment_new/xnli_results/phdim_values/de/phdim_analysis/phdim_de_seed333_20260117_165444.json

✓ DE - seed 333 complete!

------------------------------------------------------------
SEED 4/5: 444
------------------------------------------------------------
XNLI PH-Dimension Analyzer initialized for: de (seed: 444)
Device: cuda
XNLI data: /vol/bitbucket/ahb24/tda_entailment_new/xnli_data/processed/xnli_de_combined_SBERT.pt
Distance metrics: ['braycurtis', 'cosine']
Embedding spaces: ['sbert_concat', 'lattice_containment']
Loading XNLI data for de...
XNLI data loaded:
  Premise embeddings: torch.Size([7500, 768])
  Hypothesis embeddings: torch.Size([7500, 768])
  Labels: 7500
  Language: de
  Label distribution: {'neutral': 2500, 'contradiction': 2500, 'entailment': 2500}
================================================================================
PH-DIMENSION ANALYSIS - XNLI DE (seed: 444)
Device: cuda
================================================================================
Extracting embedding spaces...
  entailment: 2500 samples
  neutral: 2500 samples
  contradiction: 2500 samples
Extracting sbert_concat...
  sbert_concat entailment: torch.Size([2500, 1536])
  sbert_concat neutral: torch.Size([2500, 1536])
  sbert_concat contradiction: torch.Size([2500, 1536])
Extracting lattice_containment...
  lattice_containment entailment: torch.Size([2500, 768])
  lattice_containment neutral: torch.Size([2500, 768])
  lattice_containment contradiction: torch.Size([2500, 768])

============================================================
TESTING SPACE: sbert_concat
============================================================

--- Testing braycurtis metric ---
  Computing PH-Dim for entailment in sbert_concat using braycurtis
    entailment PH-Dim: 15.8062
  Computing PH-Dim for neutral in sbert_concat using braycurtis
    neutral PH-Dim: 18.0217
  Computing PH-Dim for contradiction in sbert_concat using braycurtis
    contradiction PH-Dim: 17.1406
  Computing cross-class analysis for sbert_concat using braycurtis
  PH-Dim scores: {'entailment': 15.806243986700377, 'neutral': 18.021740678406427, 'contradiction': 17.140617825942524}

--- Testing cosine metric ---
  Computing PH-Dim for entailment in sbert_concat using cosine
    entailment PH-Dim: 10.9439
  Computing PH-Dim for neutral in sbert_concat using cosine
    neutral PH-Dim: 12.7686
  Computing PH-Dim for contradiction in sbert_concat using cosine
    contradiction PH-Dim: 11.9675
  Computing cross-class analysis for sbert_concat using cosine
  PH-Dim scores: {'entailment': 10.943929720260382, 'neutral': 12.768614556006762, 'contradiction': 11.967465864378104}

============================================================
TESTING SPACE: lattice_containment
============================================================

--- Testing braycurtis metric ---
  Computing PH-Dim for entailment in lattice_containment using braycurtis
    entailment PH-Dim: 32.8345
  Computing PH-Dim for neutral in lattice_containment using braycurtis
    neutral PH-Dim: 41.5818
  Computing PH-Dim for contradiction in lattice_containment using braycurtis
    contradiction PH-Dim: 37.0286
  Computing cross-class analysis for lattice_containment using braycurtis
  PH-Dim scores: {'entailment': 32.834455093147824, 'neutral': 41.58178557726916, 'contradiction': 37.028569500249624}

--- Testing cosine metric ---
  Computing PH-Dim for entailment in lattice_containment using cosine
    entailment PH-Dim: 18.0022
  Computing PH-Dim for neutral in lattice_containment using cosine
    neutral PH-Dim: 24.1812
  Computing PH-Dim for contradiction in lattice_containment using cosine
    contradiction PH-Dim: 23.0807
  Computing cross-class analysis for lattice_containment using cosine
  PH-Dim scores: {'entailment': 18.002172875977468, 'neutral': 24.181196701781957, 'contradiction': 23.08074385042656}

Saved results to /vol/bitbucket/ahb24/tda_entailment_new/xnli_results/phdim_values/de/phdim_analysis/phdim_de_seed444_20260117_165444.json

✓ DE - seed 444 complete!

------------------------------------------------------------
SEED 5/5: 500
------------------------------------------------------------
XNLI PH-Dimension Analyzer initialized for: de (seed: 500)
Device: cuda
XNLI data: /vol/bitbucket/ahb24/tda_entailment_new/xnli_data/processed/xnli_de_combined_SBERT.pt
Distance metrics: ['braycurtis', 'cosine']
Embedding spaces: ['sbert_concat', 'lattice_containment']
Loading XNLI data for de...
XNLI data loaded:
  Premise embeddings: torch.Size([7500, 768])
  Hypothesis embeddings: torch.Size([7500, 768])
  Labels: 7500
  Language: de
  Label distribution: {'neutral': 2500, 'contradiction': 2500, 'entailment': 2500}
================================================================================
PH-DIMENSION ANALYSIS - XNLI DE (seed: 500)
Device: cuda
================================================================================
Extracting embedding spaces...
  entailment: 2500 samples
  neutral: 2500 samples
  contradiction: 2500 samples
Extracting sbert_concat...
  sbert_concat entailment: torch.Size([2500, 1536])
  sbert_concat neutral: torch.Size([2500, 1536])
  sbert_concat contradiction: torch.Size([2500, 1536])
Extracting lattice_containment...
  lattice_containment entailment: torch.Size([2500, 768])
  lattice_containment neutral: torch.Size([2500, 768])
  lattice_containment contradiction: torch.Size([2500, 768])

============================================================
TESTING SPACE: sbert_concat
============================================================

--- Testing braycurtis metric ---
  Computing PH-Dim for entailment in sbert_concat using braycurtis
    entailment PH-Dim: 16.9546
  Computing PH-Dim for neutral in sbert_concat using braycurtis
    neutral PH-Dim: 19.1231
  Computing PH-Dim for contradiction in sbert_concat using braycurtis
    contradiction PH-Dim: 20.2799
  Computing cross-class analysis for sbert_concat using braycurtis
  PH-Dim scores: {'entailment': 16.954638011968413, 'neutral': 19.123100949017275, 'contradiction': 20.27986297389325}

--- Testing cosine metric ---
  Computing PH-Dim for entailment in sbert_concat using cosine
    entailment PH-Dim: 11.4322
  Computing PH-Dim for neutral in sbert_concat using cosine
    neutral PH-Dim: 13.3961
  Computing PH-Dim for contradiction in sbert_concat using cosine
    contradiction PH-Dim: 13.9473
  Computing cross-class analysis for sbert_concat using cosine
  PH-Dim scores: {'entailment': 11.432159569226068, 'neutral': 13.396136048310284, 'contradiction': 13.947322018258165}

============================================================
TESTING SPACE: lattice_containment
============================================================

--- Testing braycurtis metric ---
  Computing PH-Dim for entailment in lattice_containment using braycurtis
    entailment PH-Dim: 46.4857
  Computing PH-Dim for neutral in lattice_containment using braycurtis
    neutral PH-Dim: 36.7245
  Computing PH-Dim for contradiction in lattice_containment using braycurtis
    contradiction PH-Dim: 38.4778
  Computing cross-class analysis for lattice_containment using braycurtis
  PH-Dim scores: {'entailment': 46.4857172370495, 'neutral': 36.724485953242194, 'contradiction': 38.47779475257517}

--- Testing cosine metric ---
  Computing PH-Dim for entailment in lattice_containment using cosine
    entailment PH-Dim: 21.4816
  Computing PH-Dim for neutral in lattice_containment using cosine
    neutral PH-Dim: 21.3989
  Computing PH-Dim for contradiction in lattice_containment using cosine
    contradiction PH-Dim: 24.2534
  Computing cross-class analysis for lattice_containment using cosine
  PH-Dim scores: {'entailment': 21.48158571636189, 'neutral': 21.39891216899724, 'contradiction': 24.253428869748056}

Saved results to /vol/bitbucket/ahb24/tda_entailment_new/xnli_results/phdim_values/de/phdim_analysis/phdim_de_seed500_20260117_165444.json

✓ DE - seed 500 complete!

DE Summary:
  Successful seeds: 5/5
  Failed seeds: 0/5

================================================================================
PROCESSING LANGUAGE 5/15: EL
================================================================================

------------------------------------------------------------
SEED 1/5: 42
------------------------------------------------------------
XNLI PH-Dimension Analyzer initialized for: el (seed: 42)
Device: cuda
XNLI data: /vol/bitbucket/ahb24/tda_entailment_new/xnli_data/processed/xnli_el_combined_SBERT.pt
Distance metrics: ['braycurtis', 'cosine']
Embedding spaces: ['sbert_concat', 'lattice_containment']
Loading XNLI data for el...
XNLI data loaded:
  Premise embeddings: torch.Size([7500, 768])
  Hypothesis embeddings: torch.Size([7500, 768])
  Labels: 7500
  Language: el
  Label distribution: {'neutral': 2500, 'contradiction': 2500, 'entailment': 2500}
================================================================================
PH-DIMENSION ANALYSIS - XNLI EL (seed: 42)
Device: cuda
================================================================================
Extracting embedding spaces...
  entailment: 2500 samples
  neutral: 2500 samples
  contradiction: 2500 samples
Extracting sbert_concat...
  sbert_concat entailment: torch.Size([2500, 1536])
  sbert_concat neutral: torch.Size([2500, 1536])
  sbert_concat contradiction: torch.Size([2500, 1536])
Extracting lattice_containment...
  lattice_containment entailment: torch.Size([2500, 768])
  lattice_containment neutral: torch.Size([2500, 768])
  lattice_containment contradiction: torch.Size([2500, 768])

============================================================
TESTING SPACE: sbert_concat
============================================================

--- Testing braycurtis metric ---
  Computing PH-Dim for entailment in sbert_concat using braycurtis
    entailment PH-Dim: 20.4017
  Computing PH-Dim for neutral in sbert_concat using braycurtis
    neutral PH-Dim: 22.5616
  Computing PH-Dim for contradiction in sbert_concat using braycurtis
    contradiction PH-Dim: 22.1948
  Computing cross-class analysis for sbert_concat using braycurtis
  PH-Dim scores: {'entailment': 20.401714730853186, 'neutral': 22.56155163085225, 'contradiction': 22.194807763307587}

--- Testing cosine metric ---
  Computing PH-Dim for entailment in sbert_concat using cosine
    entailment PH-Dim: 14.1646
  Computing PH-Dim for neutral in sbert_concat using cosine
    neutral PH-Dim: 15.8470
  Computing PH-Dim for contradiction in sbert_concat using cosine
    contradiction PH-Dim: 15.5470
  Computing cross-class analysis for sbert_concat using cosine
  PH-Dim scores: {'entailment': 14.164575804574998, 'neutral': 15.847014746583476, 'contradiction': 15.547005451900292}

============================================================
TESTING SPACE: lattice_containment
============================================================

--- Testing braycurtis metric ---
  Computing PH-Dim for entailment in lattice_containment using braycurtis
    entailment PH-Dim: 56.9012
  Computing PH-Dim for neutral in lattice_containment using braycurtis
    neutral PH-Dim: 58.4255
  Computing PH-Dim for contradiction in lattice_containment using braycurtis
    contradiction PH-Dim: 42.0617
  Computing cross-class analysis for lattice_containment using braycurtis
  PH-Dim scores: {'entailment': 56.901249489457484, 'neutral': 58.42549106614682, 'contradiction': 42.061709005520115}

--- Testing cosine metric ---
  Computing PH-Dim for entailment in lattice_containment using cosine
    entailment PH-Dim: 25.8015
  Computing PH-Dim for neutral in lattice_containment using cosine
    neutral PH-Dim: 30.1488
  Computing PH-Dim for contradiction in lattice_containment using cosine
    contradiction PH-Dim: 26.1467
  Computing cross-class analysis for lattice_containment using cosine
  PH-Dim scores: {'entailment': 25.801477988402493, 'neutral': 30.148781324712722, 'contradiction': 26.146724192883436}

Saved results to /vol/bitbucket/ahb24/tda_entailment_new/xnli_results/phdim_values/el/phdim_analysis/phdim_el_seed42_20260117_165444.json

✓ EL - seed 42 complete!

------------------------------------------------------------
SEED 2/5: 101
------------------------------------------------------------
XNLI PH-Dimension Analyzer initialized for: el (seed: 101)
Device: cuda
XNLI data: /vol/bitbucket/ahb24/tda_entailment_new/xnli_data/processed/xnli_el_combined_SBERT.pt
Distance metrics: ['braycurtis', 'cosine']
Embedding spaces: ['sbert_concat', 'lattice_containment']
Loading XNLI data for el...
XNLI data loaded:
  Premise embeddings: torch.Size([7500, 768])
  Hypothesis embeddings: torch.Size([7500, 768])
  Labels: 7500
  Language: el
  Label distribution: {'neutral': 2500, 'contradiction': 2500, 'entailment': 2500}
================================================================================
PH-DIMENSION ANALYSIS - XNLI EL (seed: 101)
Device: cuda
================================================================================
Extracting embedding spaces...
  entailment: 2500 samples
  neutral: 2500 samples
  contradiction: 2500 samples
Extracting sbert_concat...
  sbert_concat entailment: torch.Size([2500, 1536])
  sbert_concat neutral: torch.Size([2500, 1536])
  sbert_concat contradiction: torch.Size([2500, 1536])
Extracting lattice_containment...
  lattice_containment entailment: torch.Size([2500, 768])
  lattice_containment neutral: torch.Size([2500, 768])
  lattice_containment contradiction: torch.Size([2500, 768])

============================================================
TESTING SPACE: sbert_concat
============================================================

--- Testing braycurtis metric ---
  Computing PH-Dim for entailment in sbert_concat using braycurtis
    entailment PH-Dim: 16.3490
  Computing PH-Dim for neutral in sbert_concat using braycurtis
    neutral PH-Dim: 19.0556
  Computing PH-Dim for contradiction in sbert_concat using braycurtis
    contradiction PH-Dim: 17.9821
  Computing cross-class analysis for sbert_concat using braycurtis
  PH-Dim scores: {'entailment': 16.348961319584493, 'neutral': 19.055635785424634, 'contradiction': 17.98205310732543}

--- Testing cosine metric ---
  Computing PH-Dim for entailment in sbert_concat using cosine
    entailment PH-Dim: 11.1714
  Computing PH-Dim for neutral in sbert_concat using cosine
    neutral PH-Dim: 13.4274
  Computing PH-Dim for contradiction in sbert_concat using cosine
    contradiction PH-Dim: 12.2768
  Computing cross-class analysis for sbert_concat using cosine
  PH-Dim scores: {'entailment': 11.17138629986276, 'neutral': 13.427381068066701, 'contradiction': 12.276813373695306}

============================================================
TESTING SPACE: lattice_containment
============================================================

--- Testing braycurtis metric ---
  Computing PH-Dim for entailment in lattice_containment using braycurtis
    entailment PH-Dim: 35.8138
  Computing PH-Dim for neutral in lattice_containment using braycurtis
    neutral PH-Dim: 46.3735
  Computing PH-Dim for contradiction in lattice_containment using braycurtis
    contradiction PH-Dim: 37.4550
  Computing cross-class analysis for lattice_containment using braycurtis
  PH-Dim scores: {'entailment': 35.81379126399509, 'neutral': 46.37348164829353, 'contradiction': 37.45500365532483}

--- Testing cosine metric ---
  Computing PH-Dim for entailment in lattice_containment using cosine
    entailment PH-Dim: 18.2961
  Computing PH-Dim for neutral in lattice_containment using cosine
    neutral PH-Dim: 26.0683
  Computing PH-Dim for contradiction in lattice_containment using cosine
    contradiction PH-Dim: 22.4068
  Computing cross-class analysis for lattice_containment using cosine
  PH-Dim scores: {'entailment': 18.29609992275045, 'neutral': 26.068269256680427, 'contradiction': 22.406785121668293}

Saved results to /vol/bitbucket/ahb24/tda_entailment_new/xnli_results/phdim_values/el/phdim_analysis/phdim_el_seed101_20260117_165444.json

✓ EL - seed 101 complete!

------------------------------------------------------------
SEED 3/5: 333
------------------------------------------------------------
XNLI PH-Dimension Analyzer initialized for: el (seed: 333)
Device: cuda
XNLI data: /vol/bitbucket/ahb24/tda_entailment_new/xnli_data/processed/xnli_el_combined_SBERT.pt
Distance metrics: ['braycurtis', 'cosine']
Embedding spaces: ['sbert_concat', 'lattice_containment']
Loading XNLI data for el...
XNLI data loaded:
  Premise embeddings: torch.Size([7500, 768])
  Hypothesis embeddings: torch.Size([7500, 768])
  Labels: 7500
  Language: el
  Label distribution: {'neutral': 2500, 'contradiction': 2500, 'entailment': 2500}
================================================================================
PH-DIMENSION ANALYSIS - XNLI EL (seed: 333)
Device: cuda
================================================================================
Extracting embedding spaces...
  entailment: 2500 samples
  neutral: 2500 samples
  contradiction: 2500 samples
Extracting sbert_concat...
  sbert_concat entailment: torch.Size([2500, 1536])
  sbert_concat neutral: torch.Size([2500, 1536])
  sbert_concat contradiction: torch.Size([2500, 1536])
Extracting lattice_containment...
  lattice_containment entailment: torch.Size([2500, 768])
  lattice_containment neutral: torch.Size([2500, 768])
  lattice_containment contradiction: torch.Size([2500, 768])

============================================================
TESTING SPACE: sbert_concat
============================================================

--- Testing braycurtis metric ---
  Computing PH-Dim for entailment in sbert_concat using braycurtis
    entailment PH-Dim: 18.2181
  Computing PH-Dim for neutral in sbert_concat using braycurtis
    neutral PH-Dim: 21.4806
  Computing PH-Dim for contradiction in sbert_concat using braycurtis
    contradiction PH-Dim: 20.3413
  Computing cross-class analysis for sbert_concat using braycurtis
  PH-Dim scores: {'entailment': 18.218060089556495, 'neutral': 21.480565463120456, 'contradiction': 20.341262038683727}

--- Testing cosine metric ---
  Computing PH-Dim for entailment in sbert_concat using cosine
    entailment PH-Dim: 12.1388
  Computing PH-Dim for neutral in sbert_concat using cosine
    neutral PH-Dim: 14.9538
  Computing PH-Dim for contradiction in sbert_concat using cosine
    contradiction PH-Dim: 14.0528
  Computing cross-class analysis for sbert_concat using cosine
  PH-Dim scores: {'entailment': 12.138825394583527, 'neutral': 14.953760703201278, 'contradiction': 14.05277083749661}

============================================================
TESTING SPACE: lattice_containment
============================================================

--- Testing braycurtis metric ---
  Computing PH-Dim for entailment in lattice_containment using braycurtis
    entailment PH-Dim: 53.2372
  Computing PH-Dim for neutral in lattice_containment using braycurtis
    neutral PH-Dim: 47.1803
  Computing PH-Dim for contradiction in lattice_containment using braycurtis
    contradiction PH-Dim: 55.1129
  Computing cross-class analysis for lattice_containment using braycurtis
  PH-Dim scores: {'entailment': 53.23721945366634, 'neutral': 47.180274226531346, 'contradiction': 55.112891318233736}

--- Testing cosine metric ---
  Computing PH-Dim for entailment in lattice_containment using cosine
    entailment PH-Dim: 23.0940
  Computing PH-Dim for neutral in lattice_containment using cosine
    neutral PH-Dim: 27.1420
  Computing PH-Dim for contradiction in lattice_containment using cosine
    contradiction PH-Dim: 32.8856
  Computing cross-class analysis for lattice_containment using cosine
  PH-Dim scores: {'entailment': 23.093951349609245, 'neutral': 27.1419528917175, 'contradiction': 32.88555282494217}

Saved results to /vol/bitbucket/ahb24/tda_entailment_new/xnli_results/phdim_values/el/phdim_analysis/phdim_el_seed333_20260117_165444.json

✓ EL - seed 333 complete!

------------------------------------------------------------
SEED 4/5: 444
------------------------------------------------------------
XNLI PH-Dimension Analyzer initialized for: el (seed: 444)
Device: cuda
XNLI data: /vol/bitbucket/ahb24/tda_entailment_new/xnli_data/processed/xnli_el_combined_SBERT.pt
Distance metrics: ['braycurtis', 'cosine']
Embedding spaces: ['sbert_concat', 'lattice_containment']
Loading XNLI data for el...
XNLI data loaded:
  Premise embeddings: torch.Size([7500, 768])
  Hypothesis embeddings: torch.Size([7500, 768])
  Labels: 7500
  Language: el
  Label distribution: {'neutral': 2500, 'contradiction': 2500, 'entailment': 2500}
================================================================================
PH-DIMENSION ANALYSIS - XNLI EL (seed: 444)
Device: cuda
================================================================================
Extracting embedding spaces...
  entailment: 2500 samples
  neutral: 2500 samples
  contradiction: 2500 samples
Extracting sbert_concat...
  sbert_concat entailment: torch.Size([2500, 1536])
  sbert_concat neutral: torch.Size([2500, 1536])
  sbert_concat contradiction: torch.Size([2500, 1536])
Extracting lattice_containment...
  lattice_containment entailment: torch.Size([2500, 768])
  lattice_containment neutral: torch.Size([2500, 768])
  lattice_containment contradiction: torch.Size([2500, 768])

============================================================
TESTING SPACE: sbert_concat
============================================================

--- Testing braycurtis metric ---
  Computing PH-Dim for entailment in sbert_concat using braycurtis
    entailment PH-Dim: 16.6533
  Computing PH-Dim for neutral in sbert_concat using braycurtis
    neutral PH-Dim: 19.2429
  Computing PH-Dim for contradiction in sbert_concat using braycurtis
    contradiction PH-Dim: 17.5041
  Computing cross-class analysis for sbert_concat using braycurtis
  PH-Dim scores: {'entailment': 16.653302198390367, 'neutral': 19.242874517922303, 'contradiction': 17.504122418592726}

--- Testing cosine metric ---
  Computing PH-Dim for entailment in sbert_concat using cosine
    entailment PH-Dim: 11.4415
  Computing PH-Dim for neutral in sbert_concat using cosine
    neutral PH-Dim: 13.6055
  Computing PH-Dim for contradiction in sbert_concat using cosine
    contradiction PH-Dim: 12.2516
  Computing cross-class analysis for sbert_concat using cosine
  PH-Dim scores: {'entailment': 11.441501487920803, 'neutral': 13.605537173823912, 'contradiction': 12.25161512762719}

============================================================
TESTING SPACE: lattice_containment
============================================================

--- Testing braycurtis metric ---
  Computing PH-Dim for entailment in lattice_containment using braycurtis
    entailment PH-Dim: 42.1623
  Computing PH-Dim for neutral in lattice_containment using braycurtis
    neutral PH-Dim: 59.9978
  Computing PH-Dim for contradiction in lattice_containment using braycurtis
    contradiction PH-Dim: 41.0080
  Computing cross-class analysis for lattice_containment using braycurtis
  PH-Dim scores: {'entailment': 42.16226136641195, 'neutral': 59.997799670969144, 'contradiction': 41.00800753698984}

--- Testing cosine metric ---
  Computing PH-Dim for entailment in lattice_containment using cosine
    entailment PH-Dim: 20.4150
  Computing PH-Dim for neutral in lattice_containment using cosine
    neutral PH-Dim: 27.7914
  Computing PH-Dim for contradiction in lattice_containment using cosine
    contradiction PH-Dim: 24.8245
  Computing cross-class analysis for lattice_containment using cosine
  PH-Dim scores: {'entailment': 20.415047028540254, 'neutral': 27.79135132268489, 'contradiction': 24.82452720298794}

Saved results to /vol/bitbucket/ahb24/tda_entailment_new/xnli_results/phdim_values/el/phdim_analysis/phdim_el_seed444_20260117_165444.json

✓ EL - seed 444 complete!

------------------------------------------------------------
SEED 5/5: 500
------------------------------------------------------------
XNLI PH-Dimension Analyzer initialized for: el (seed: 500)
Device: cuda
XNLI data: /vol/bitbucket/ahb24/tda_entailment_new/xnli_data/processed/xnli_el_combined_SBERT.pt
Distance metrics: ['braycurtis', 'cosine']
Embedding spaces: ['sbert_concat', 'lattice_containment']
Loading XNLI data for el...
XNLI data loaded:
  Premise embeddings: torch.Size([7500, 768])
  Hypothesis embeddings: torch.Size([7500, 768])
  Labels: 7500
  Language: el
  Label distribution: {'neutral': 2500, 'contradiction': 2500, 'entailment': 2500}
================================================================================
PH-DIMENSION ANALYSIS - XNLI EL (seed: 500)
Device: cuda
================================================================================
Extracting embedding spaces...
  entailment: 2500 samples
  neutral: 2500 samples
  contradiction: 2500 samples
Extracting sbert_concat...
  sbert_concat entailment: torch.Size([2500, 1536])
  sbert_concat neutral: torch.Size([2500, 1536])
  sbert_concat contradiction: torch.Size([2500, 1536])
Extracting lattice_containment...
  lattice_containment entailment: torch.Size([2500, 768])
  lattice_containment neutral: torch.Size([2500, 768])
  lattice_containment contradiction: torch.Size([2500, 768])

============================================================
TESTING SPACE: sbert_concat
============================================================

--- Testing braycurtis metric ---
  Computing PH-Dim for entailment in sbert_concat using braycurtis
    entailment PH-Dim: 17.4087
  Computing PH-Dim for neutral in sbert_concat using braycurtis
    neutral PH-Dim: 18.7650
  Computing PH-Dim for contradiction in sbert_concat using braycurtis
    contradiction PH-Dim: 19.6428
  Computing cross-class analysis for sbert_concat using braycurtis
  PH-Dim scores: {'entailment': 17.408703808056035, 'neutral': 18.765000769291333, 'contradiction': 19.64280816520872}

--- Testing cosine metric ---
  Computing PH-Dim for entailment in sbert_concat using cosine
    entailment PH-Dim: 11.9601
  Computing PH-Dim for neutral in sbert_concat using cosine
    neutral PH-Dim: 13.0482
  Computing PH-Dim for contradiction in sbert_concat using cosine
    contradiction PH-Dim: 13.8565
  Computing cross-class analysis for sbert_concat using cosine
  PH-Dim scores: {'entailment': 11.960115395448199, 'neutral': 13.048151204694586, 'contradiction': 13.856492082442072}

============================================================
TESTING SPACE: lattice_containment
============================================================

--- Testing braycurtis metric ---
  Computing PH-Dim for entailment in lattice_containment using braycurtis
    entailment PH-Dim: 33.2997
  Computing PH-Dim for neutral in lattice_containment using braycurtis
    neutral PH-Dim: 35.5767
  Computing PH-Dim for contradiction in lattice_containment using braycurtis
    contradiction PH-Dim: 36.0167
  Computing cross-class analysis for lattice_containment using braycurtis
  PH-Dim scores: {'entailment': 33.29973287266204, 'neutral': 35.576746462602635, 'contradiction': 36.01665383965865}

--- Testing cosine metric ---
  Computing PH-Dim for entailment in lattice_containment using cosine
    entailment PH-Dim: 18.6332
  Computing PH-Dim for neutral in lattice_containment using cosine
    neutral PH-Dim: 20.2141
  Computing PH-Dim for contradiction in lattice_containment using cosine
    contradiction PH-Dim: 23.2758
  Computing cross-class analysis for lattice_containment using cosine
  PH-Dim scores: {'entailment': 18.6332049766979, 'neutral': 20.214116185593312, 'contradiction': 23.275767078470185}

Saved results to /vol/bitbucket/ahb24/tda_entailment_new/xnli_results/phdim_values/el/phdim_analysis/phdim_el_seed500_20260117_165444.json

✓ EL - seed 500 complete!

EL Summary:
  Successful seeds: 5/5
  Failed seeds: 0/5

================================================================================
PROCESSING LANGUAGE 6/15: ES
================================================================================

------------------------------------------------------------
SEED 1/5: 42
------------------------------------------------------------
XNLI PH-Dimension Analyzer initialized for: es (seed: 42)
Device: cuda
XNLI data: /vol/bitbucket/ahb24/tda_entailment_new/xnli_data/processed/xnli_es_combined_SBERT.pt
Distance metrics: ['braycurtis', 'cosine']
Embedding spaces: ['sbert_concat', 'lattice_containment']
Loading XNLI data for es...
XNLI data loaded:
  Premise embeddings: torch.Size([7500, 768])
  Hypothesis embeddings: torch.Size([7500, 768])
  Labels: 7500
  Language: es
  Label distribution: {'neutral': 2500, 'contradiction': 2500, 'entailment': 2500}
================================================================================
PH-DIMENSION ANALYSIS - XNLI ES (seed: 42)
Device: cuda
================================================================================
Extracting embedding spaces...
  entailment: 2500 samples
  neutral: 2500 samples
  contradiction: 2500 samples
Extracting sbert_concat...
  sbert_concat entailment: torch.Size([2500, 1536])
  sbert_concat neutral: torch.Size([2500, 1536])
  sbert_concat contradiction: torch.Size([2500, 1536])
Extracting lattice_containment...
  lattice_containment entailment: torch.Size([2500, 768])
  lattice_containment neutral: torch.Size([2500, 768])
  lattice_containment contradiction: torch.Size([2500, 768])

============================================================
TESTING SPACE: sbert_concat
============================================================

--- Testing braycurtis metric ---
  Computing PH-Dim for entailment in sbert_concat using braycurtis
    entailment PH-Dim: 18.8388
  Computing PH-Dim for neutral in sbert_concat using braycurtis
    neutral PH-Dim: 21.8287
  Computing PH-Dim for contradiction in sbert_concat using braycurtis
    contradiction PH-Dim: 20.7442
  Computing cross-class analysis for sbert_concat using braycurtis
  PH-Dim scores: {'entailment': 18.83882937591248, 'neutral': 21.828681287736426, 'contradiction': 20.74421428177611}

--- Testing cosine metric ---
  Computing PH-Dim for entailment in sbert_concat using cosine
    entailment PH-Dim: 13.2011
  Computing PH-Dim for neutral in sbert_concat using cosine
    neutral PH-Dim: 15.3133
  Computing PH-Dim for contradiction in sbert_concat using cosine
    contradiction PH-Dim: 14.8045
  Computing cross-class analysis for sbert_concat using cosine
  PH-Dim scores: {'entailment': 13.201106817471935, 'neutral': 15.313347788696312, 'contradiction': 14.804474527849624}

============================================================
TESTING SPACE: lattice_containment
============================================================

--- Testing braycurtis metric ---
  Computing PH-Dim for entailment in lattice_containment using braycurtis
    entailment PH-Dim: 46.3599
  Computing PH-Dim for neutral in lattice_containment using braycurtis
    neutral PH-Dim: 65.4272
  Computing PH-Dim for contradiction in lattice_containment using braycurtis
    contradiction PH-Dim: 35.6397
  Computing cross-class analysis for lattice_containment using braycurtis
  PH-Dim scores: {'entailment': 46.35991099277609, 'neutral': 65.4272277039028, 'contradiction': 35.639716708060334}

--- Testing cosine metric ---
  Computing PH-Dim for entailment in lattice_containment using cosine
    entailment PH-Dim: 22.3465
  Computing PH-Dim for neutral in lattice_containment using cosine
    neutral PH-Dim: 32.8137
  Computing PH-Dim for contradiction in lattice_containment using cosine
    contradiction PH-Dim: 23.6606
  Computing cross-class analysis for lattice_containment using cosine
  PH-Dim scores: {'entailment': 22.34648859742096, 'neutral': 32.81366821456151, 'contradiction': 23.660608868764257}

Saved results to /vol/bitbucket/ahb24/tda_entailment_new/xnli_results/phdim_values/es/phdim_analysis/phdim_es_seed42_20260117_165444.json

✓ ES - seed 42 complete!

------------------------------------------------------------
SEED 2/5: 101
------------------------------------------------------------
XNLI PH-Dimension Analyzer initialized for: es (seed: 101)
Device: cuda
XNLI data: /vol/bitbucket/ahb24/tda_entailment_new/xnli_data/processed/xnli_es_combined_SBERT.pt
Distance metrics: ['braycurtis', 'cosine']
Embedding spaces: ['sbert_concat', 'lattice_containment']
Loading XNLI data for es...
XNLI data loaded:
  Premise embeddings: torch.Size([7500, 768])
  Hypothesis embeddings: torch.Size([7500, 768])
  Labels: 7500
  Language: es
  Label distribution: {'neutral': 2500, 'contradiction': 2500, 'entailment': 2500}
================================================================================
PH-DIMENSION ANALYSIS - XNLI ES (seed: 101)
Device: cuda
================================================================================
Extracting embedding spaces...
  entailment: 2500 samples
  neutral: 2500 samples
  contradiction: 2500 samples
Extracting sbert_concat...
  sbert_concat entailment: torch.Size([2500, 1536])
  sbert_concat neutral: torch.Size([2500, 1536])
  sbert_concat contradiction: torch.Size([2500, 1536])
Extracting lattice_containment...
  lattice_containment entailment: torch.Size([2500, 768])
  lattice_containment neutral: torch.Size([2500, 768])
  lattice_containment contradiction: torch.Size([2500, 768])

============================================================
TESTING SPACE: sbert_concat
============================================================

--- Testing braycurtis metric ---
  Computing PH-Dim for entailment in sbert_concat using braycurtis
    entailment PH-Dim: 16.0852
  Computing PH-Dim for neutral in sbert_concat using braycurtis
    neutral PH-Dim: 18.8295
  Computing PH-Dim for contradiction in sbert_concat using braycurtis
    contradiction PH-Dim: 17.9225
  Computing cross-class analysis for sbert_concat using braycurtis
  PH-Dim scores: {'entailment': 16.085236564245083, 'neutral': 18.829486225664805, 'contradiction': 17.922507082937724}

--- Testing cosine metric ---
  Computing PH-Dim for entailment in sbert_concat using cosine
    entailment PH-Dim: 11.1242
  Computing PH-Dim for neutral in sbert_concat using cosine
    neutral PH-Dim: 13.4335
  Computing PH-Dim for contradiction in sbert_concat using cosine
    contradiction PH-Dim: 12.5778
  Computing cross-class analysis for sbert_concat using cosine
  PH-Dim scores: {'entailment': 11.124249280949519, 'neutral': 13.433470542993676, 'contradiction': 12.577766809058101}

============================================================
TESTING SPACE: lattice_containment
============================================================

--- Testing braycurtis metric ---
  Computing PH-Dim for entailment in lattice_containment using braycurtis
    entailment PH-Dim: 45.0147
  Computing PH-Dim for neutral in lattice_containment using braycurtis
    neutral PH-Dim: 55.4056
  Computing PH-Dim for contradiction in lattice_containment using braycurtis
    contradiction PH-Dim: 46.5368
  Computing cross-class analysis for lattice_containment using braycurtis
  PH-Dim scores: {'entailment': 45.01472772036255, 'neutral': 55.405574123666185, 'contradiction': 46.53678970776787}

--- Testing cosine metric ---
  Computing PH-Dim for entailment in lattice_containment using cosine
    entailment PH-Dim: 21.0139
  Computing PH-Dim for neutral in lattice_containment using cosine
    neutral PH-Dim: 30.5445
  Computing PH-Dim for contradiction in lattice_containment using cosine
    contradiction PH-Dim: 27.3597
  Computing cross-class analysis for lattice_containment using cosine
  PH-Dim scores: {'entailment': 21.013938198476282, 'neutral': 30.54454502238337, 'contradiction': 27.35965146514538}

Saved results to /vol/bitbucket/ahb24/tda_entailment_new/xnli_results/phdim_values/es/phdim_analysis/phdim_es_seed101_20260117_165444.json

✓ ES - seed 101 complete!

------------------------------------------------------------
SEED 3/5: 333
------------------------------------------------------------
XNLI PH-Dimension Analyzer initialized for: es (seed: 333)
Device: cuda
XNLI data: /vol/bitbucket/ahb24/tda_entailment_new/xnli_data/processed/xnli_es_combined_SBERT.pt
Distance metrics: ['braycurtis', 'cosine']
Embedding spaces: ['sbert_concat', 'lattice_containment']
Loading XNLI data for es...
XNLI data loaded:
  Premise embeddings: torch.Size([7500, 768])
  Hypothesis embeddings: torch.Size([7500, 768])
  Labels: 7500
  Language: es
  Label distribution: {'neutral': 2500, 'contradiction': 2500, 'entailment': 2500}
================================================================================
PH-DIMENSION ANALYSIS - XNLI ES (seed: 333)
Device: cuda
================================================================================
Extracting embedding spaces...
  entailment: 2500 samples
  neutral: 2500 samples
  contradiction: 2500 samples
Extracting sbert_concat...
  sbert_concat entailment: torch.Size([2500, 1536])
  sbert_concat neutral: torch.Size([2500, 1536])
  sbert_concat contradiction: torch.Size([2500, 1536])
Extracting lattice_containment...
  lattice_containment entailment: torch.Size([2500, 768])
  lattice_containment neutral: torch.Size([2500, 768])
  lattice_containment contradiction: torch.Size([2500, 768])

============================================================
TESTING SPACE: sbert_concat
============================================================

--- Testing braycurtis metric ---
  Computing PH-Dim for entailment in sbert_concat using braycurtis
    entailment PH-Dim: 18.4408
  Computing PH-Dim for neutral in sbert_concat using braycurtis
    neutral PH-Dim: 20.0182
  Computing PH-Dim for contradiction in sbert_concat using braycurtis
    contradiction PH-Dim: 20.2030
  Computing cross-class analysis for sbert_concat using braycurtis
  PH-Dim scores: {'entailment': 18.44084717622861, 'neutral': 20.01824835812517, 'contradiction': 20.20296334178197}

--- Testing cosine metric ---
  Computing PH-Dim for entailment in sbert_concat using cosine
    entailment PH-Dim: 12.6380
  Computing PH-Dim for neutral in sbert_concat using cosine
    neutral PH-Dim: 14.2238
  Computing PH-Dim for contradiction in sbert_concat using cosine
    contradiction PH-Dim: 14.1578
  Computing cross-class analysis for sbert_concat using cosine
  PH-Dim scores: {'entailment': 12.638025359003242, 'neutral': 14.223767158541465, 'contradiction': 14.157791749921858}

============================================================
TESTING SPACE: lattice_containment
============================================================

--- Testing braycurtis metric ---
  Computing PH-Dim for entailment in lattice_containment using braycurtis
    entailment PH-Dim: 54.4390
  Computing PH-Dim for neutral in lattice_containment using braycurtis
    neutral PH-Dim: 41.5972
  Computing PH-Dim for contradiction in lattice_containment using braycurtis
    contradiction PH-Dim: 44.9882
  Computing cross-class analysis for lattice_containment using braycurtis
  PH-Dim scores: {'entailment': 54.43898101065116, 'neutral': 41.59722294810104, 'contradiction': 44.98824556126561}

--- Testing cosine metric ---
  Computing PH-Dim for entailment in lattice_containment using cosine
    entailment PH-Dim: 24.2513
  Computing PH-Dim for neutral in lattice_containment using cosine
    neutral PH-Dim: 25.9280
  Computing PH-Dim for contradiction in lattice_containment using cosine
    contradiction PH-Dim: 30.2304
  Computing cross-class analysis for lattice_containment using cosine
  PH-Dim scores: {'entailment': 24.251272357672356, 'neutral': 25.92798042679485, 'contradiction': 30.230383617704746}

Saved results to /vol/bitbucket/ahb24/tda_entailment_new/xnli_results/phdim_values/es/phdim_analysis/phdim_es_seed333_20260117_165444.json

✓ ES - seed 333 complete!

------------------------------------------------------------
SEED 4/5: 444
------------------------------------------------------------
XNLI PH-Dimension Analyzer initialized for: es (seed: 444)
Device: cuda
XNLI data: /vol/bitbucket/ahb24/tda_entailment_new/xnli_data/processed/xnli_es_combined_SBERT.pt
Distance metrics: ['braycurtis', 'cosine']
Embedding spaces: ['sbert_concat', 'lattice_containment']
Loading XNLI data for es...
XNLI data loaded:
  Premise embeddings: torch.Size([7500, 768])
  Hypothesis embeddings: torch.Size([7500, 768])
  Labels: 7500
  Language: es
  Label distribution: {'neutral': 2500, 'contradiction': 2500, 'entailment': 2500}
================================================================================
PH-DIMENSION ANALYSIS - XNLI ES (seed: 444)
Device: cuda
================================================================================
Extracting embedding spaces...
  entailment: 2500 samples
  neutral: 2500 samples
  contradiction: 2500 samples
Extracting sbert_concat...
  sbert_concat entailment: torch.Size([2500, 1536])
  sbert_concat neutral: torch.Size([2500, 1536])
  sbert_concat contradiction: torch.Size([2500, 1536])
Extracting lattice_containment...
  lattice_containment entailment: torch.Size([2500, 768])
  lattice_containment neutral: torch.Size([2500, 768])
  lattice_containment contradiction: torch.Size([2500, 768])

============================================================
TESTING SPACE: sbert_concat
============================================================

--- Testing braycurtis metric ---
  Computing PH-Dim for entailment in sbert_concat using braycurtis
    entailment PH-Dim: 16.6827
  Computing PH-Dim for neutral in sbert_concat using braycurtis
    neutral PH-Dim: 18.4095
  Computing PH-Dim for contradiction in sbert_concat using braycurtis
    contradiction PH-Dim: 18.0009
  Computing cross-class analysis for sbert_concat using braycurtis
  PH-Dim scores: {'entailment': 16.682701478666974, 'neutral': 18.40949698788569, 'contradiction': 18.000937604657466}

--- Testing cosine metric ---
  Computing PH-Dim for entailment in sbert_concat using cosine
    entailment PH-Dim: 11.6748
  Computing PH-Dim for neutral in sbert_concat using cosine
    neutral PH-Dim: 13.2086
  Computing PH-Dim for contradiction in sbert_concat using cosine
    contradiction PH-Dim: 12.8123
  Computing cross-class analysis for sbert_concat using cosine
  PH-Dim scores: {'entailment': 11.67483399697152, 'neutral': 13.208635706143205, 'contradiction': 12.812303258687455}

============================================================
TESTING SPACE: lattice_containment
============================================================

--- Testing braycurtis metric ---
  Computing PH-Dim for entailment in lattice_containment using braycurtis
    entailment PH-Dim: 42.5692
  Computing PH-Dim for neutral in lattice_containment using braycurtis
    neutral PH-Dim: 52.8884
  Computing PH-Dim for contradiction in lattice_containment using braycurtis
    contradiction PH-Dim: 38.2250
  Computing cross-class analysis for lattice_containment using braycurtis
  PH-Dim scores: {'entailment': 42.569223211347264, 'neutral': 52.88839957072284, 'contradiction': 38.22496413677091}

--- Testing cosine metric ---
  Computing PH-Dim for entailment in lattice_containment using cosine
    entailment PH-Dim: 21.0621
  Computing PH-Dim for neutral in lattice_containment using cosine
    neutral PH-Dim: 26.7168
  Computing PH-Dim for contradiction in lattice_containment using cosine
    contradiction PH-Dim: 23.6882
  Computing cross-class analysis for lattice_containment using cosine
  PH-Dim scores: {'entailment': 21.062102961643177, 'neutral': 26.71681711168012, 'contradiction': 23.68822953506724}

Saved results to /vol/bitbucket/ahb24/tda_entailment_new/xnli_results/phdim_values/es/phdim_analysis/phdim_es_seed444_20260117_165444.json

✓ ES - seed 444 complete!

------------------------------------------------------------
SEED 5/5: 500
------------------------------------------------------------
XNLI PH-Dimension Analyzer initialized for: es (seed: 500)
Device: cuda
XNLI data: /vol/bitbucket/ahb24/tda_entailment_new/xnli_data/processed/xnli_es_combined_SBERT.pt
Distance metrics: ['braycurtis', 'cosine']
Embedding spaces: ['sbert_concat', 'lattice_containment']
Loading XNLI data for es...
XNLI data loaded:
  Premise embeddings: torch.Size([7500, 768])
  Hypothesis embeddings: torch.Size([7500, 768])
  Labels: 7500
  Language: es
  Label distribution: {'neutral': 2500, 'contradiction': 2500, 'entailment': 2500}
================================================================================
PH-DIMENSION ANALYSIS - XNLI ES (seed: 500)
Device: cuda
================================================================================
Extracting embedding spaces...
  entailment: 2500 samples
  neutral: 2500 samples
  contradiction: 2500 samples
Extracting sbert_concat...
  sbert_concat entailment: torch.Size([2500, 1536])
  sbert_concat neutral: torch.Size([2500, 1536])
  sbert_concat contradiction: torch.Size([2500, 1536])
Extracting lattice_containment...
  lattice_containment entailment: torch.Size([2500, 768])
  lattice_containment neutral: torch.Size([2500, 768])
  lattice_containment contradiction: torch.Size([2500, 768])

============================================================
TESTING SPACE: sbert_concat
============================================================

--- Testing braycurtis metric ---
  Computing PH-Dim for entailment in sbert_concat using braycurtis
    entailment PH-Dim: 17.2435
  Computing PH-Dim for neutral in sbert_concat using braycurtis
    neutral PH-Dim: 18.2998
  Computing PH-Dim for contradiction in sbert_concat using braycurtis
    contradiction PH-Dim: 19.5675
  Computing cross-class analysis for sbert_concat using braycurtis
  PH-Dim scores: {'entailment': 17.243513587299265, 'neutral': 18.299832633688464, 'contradiction': 19.56749192179281}

--- Testing cosine metric ---
  Computing PH-Dim for entailment in sbert_concat using cosine
    entailment PH-Dim: 11.8020
  Computing PH-Dim for neutral in sbert_concat using cosine
    neutral PH-Dim: 12.8867
  Computing PH-Dim for contradiction in sbert_concat using cosine
    contradiction PH-Dim: 13.9608
  Computing cross-class analysis for sbert_concat using cosine
  PH-Dim scores: {'entailment': 11.802047928678634, 'neutral': 12.886705618825804, 'contradiction': 13.960789859833504}

============================================================
TESTING SPACE: lattice_containment
============================================================

--- Testing braycurtis metric ---
  Computing PH-Dim for entailment in lattice_containment using braycurtis
    entailment PH-Dim: 48.0269
  Computing PH-Dim for neutral in lattice_containment using braycurtis
    neutral PH-Dim: 41.8460
  Computing PH-Dim for contradiction in lattice_containment using braycurtis
    contradiction PH-Dim: 35.2597
  Computing cross-class analysis for lattice_containment using braycurtis
  PH-Dim scores: {'entailment': 48.02689429346948, 'neutral': 41.84598472237231, 'contradiction': 35.25968438604744}

--- Testing cosine metric ---
  Computing PH-Dim for entailment in lattice_containment using cosine
    entailment PH-Dim: 22.7815
  Computing PH-Dim for neutral in lattice_containment using cosine
    neutral PH-Dim: 23.1799
  Computing PH-Dim for contradiction in lattice_containment using cosine
    contradiction PH-Dim: 24.7409
  Computing cross-class analysis for lattice_containment using cosine
  PH-Dim scores: {'entailment': 22.781545876272286, 'neutral': 23.179914637504602, 'contradiction': 24.740930241513173}

Saved results to /vol/bitbucket/ahb24/tda_entailment_new/xnli_results/phdim_values/es/phdim_analysis/phdim_es_seed500_20260117_165444.json

✓ ES - seed 500 complete!

ES Summary:
  Successful seeds: 5/5
  Failed seeds: 0/5

================================================================================
PROCESSING LANGUAGE 7/15: FR
================================================================================

------------------------------------------------------------
SEED 1/5: 42
------------------------------------------------------------
XNLI PH-Dimension Analyzer initialized for: fr (seed: 42)
Device: cuda
XNLI data: /vol/bitbucket/ahb24/tda_entailment_new/xnli_data/processed/xnli_fr_combined_SBERT.pt
Distance metrics: ['braycurtis', 'cosine']
Embedding spaces: ['sbert_concat', 'lattice_containment']
Loading XNLI data for fr...
XNLI data loaded:
  Premise embeddings: torch.Size([7500, 768])
  Hypothesis embeddings: torch.Size([7500, 768])
  Labels: 7500
  Language: fr
  Label distribution: {'neutral': 2500, 'contradiction': 2500, 'entailment': 2500}
================================================================================
PH-DIMENSION ANALYSIS - XNLI FR (seed: 42)
Device: cuda
================================================================================
Extracting embedding spaces...
  entailment: 2500 samples
  neutral: 2500 samples
  contradiction: 2500 samples
Extracting sbert_concat...
  sbert_concat entailment: torch.Size([2500, 1536])
  sbert_concat neutral: torch.Size([2500, 1536])
  sbert_concat contradiction: torch.Size([2500, 1536])
Extracting lattice_containment...
  lattice_containment entailment: torch.Size([2500, 768])
  lattice_containment neutral: torch.Size([2500, 768])
  lattice_containment contradiction: torch.Size([2500, 768])

============================================================
TESTING SPACE: sbert_concat
============================================================

--- Testing braycurtis metric ---
  Computing PH-Dim for entailment in sbert_concat using braycurtis
    entailment PH-Dim: 18.8005
  Computing PH-Dim for neutral in sbert_concat using braycurtis
    neutral PH-Dim: 21.2842
  Computing PH-Dim for contradiction in sbert_concat using braycurtis
    contradiction PH-Dim: 22.0968
  Computing cross-class analysis for sbert_concat using braycurtis
  PH-Dim scores: {'entailment': 18.800450112908226, 'neutral': 21.284184029828612, 'contradiction': 22.096775146311614}

--- Testing cosine metric ---
  Computing PH-Dim for entailment in sbert_concat using cosine
    entailment PH-Dim: 13.1409
  Computing PH-Dim for neutral in sbert_concat using cosine
    neutral PH-Dim: 14.8998
  Computing PH-Dim for contradiction in sbert_concat using cosine
    contradiction PH-Dim: 15.7592
  Computing cross-class analysis for sbert_concat using cosine
  PH-Dim scores: {'entailment': 13.140860081499634, 'neutral': 14.899750784074245, 'contradiction': 15.759225193310998}

============================================================
TESTING SPACE: lattice_containment
============================================================

--- Testing braycurtis metric ---
  Computing PH-Dim for entailment in lattice_containment using braycurtis
    entailment PH-Dim: 54.4216
  Computing PH-Dim for neutral in lattice_containment using braycurtis
    neutral PH-Dim: 56.1187
  Computing PH-Dim for contradiction in lattice_containment using braycurtis
    contradiction PH-Dim: 41.0293
  Computing cross-class analysis for lattice_containment using braycurtis
  PH-Dim scores: {'entailment': 54.42161382052573, 'neutral': 56.11872671780832, 'contradiction': 41.02925960750941}

--- Testing cosine metric ---
  Computing PH-Dim for entailment in lattice_containment using cosine
    entailment PH-Dim: 25.1167
  Computing PH-Dim for neutral in lattice_containment using cosine
    neutral PH-Dim: 30.2492
  Computing PH-Dim for contradiction in lattice_containment using cosine
    contradiction PH-Dim: 27.0738
  Computing cross-class analysis for lattice_containment using cosine
  PH-Dim scores: {'entailment': 25.11671030872135, 'neutral': 30.249183348153554, 'contradiction': 27.07375150334813}

Saved results to /vol/bitbucket/ahb24/tda_entailment_new/xnli_results/phdim_values/fr/phdim_analysis/phdim_fr_seed42_20260117_165444.json

✓ FR - seed 42 complete!

------------------------------------------------------------
SEED 2/5: 101
------------------------------------------------------------
XNLI PH-Dimension Analyzer initialized for: fr (seed: 101)
Device: cuda
XNLI data: /vol/bitbucket/ahb24/tda_entailment_new/xnli_data/processed/xnli_fr_combined_SBERT.pt
Distance metrics: ['braycurtis', 'cosine']
Embedding spaces: ['sbert_concat', 'lattice_containment']
Loading XNLI data for fr...
XNLI data loaded:
  Premise embeddings: torch.Size([7500, 768])
  Hypothesis embeddings: torch.Size([7500, 768])
  Labels: 7500
  Language: fr
  Label distribution: {'neutral': 2500, 'contradiction': 2500, 'entailment': 2500}
================================================================================
PH-DIMENSION ANALYSIS - XNLI FR (seed: 101)
Device: cuda
================================================================================
Extracting embedding spaces...
  entailment: 2500 samples
  neutral: 2500 samples
  contradiction: 2500 samples
Extracting sbert_concat...
  sbert_concat entailment: torch.Size([2500, 1536])
  sbert_concat neutral: torch.Size([2500, 1536])
  sbert_concat contradiction: torch.Size([2500, 1536])
Extracting lattice_containment...
  lattice_containment entailment: torch.Size([2500, 768])
  lattice_containment neutral: torch.Size([2500, 768])
  lattice_containment contradiction: torch.Size([2500, 768])

============================================================
TESTING SPACE: sbert_concat
============================================================

--- Testing braycurtis metric ---
  Computing PH-Dim for entailment in sbert_concat using braycurtis
    entailment PH-Dim: 16.2989
  Computing PH-Dim for neutral in sbert_concat using braycurtis
    neutral PH-Dim: 19.2517
  Computing PH-Dim for contradiction in sbert_concat using braycurtis
    contradiction PH-Dim: 19.1924
  Computing cross-class analysis for sbert_concat using braycurtis
  PH-Dim scores: {'entailment': 16.298899652812597, 'neutral': 19.251689585129448, 'contradiction': 19.192361284197002}

--- Testing cosine metric ---
  Computing PH-Dim for entailment in sbert_concat using cosine
    entailment PH-Dim: 11.2076
  Computing PH-Dim for neutral in sbert_concat using cosine
    neutral PH-Dim: 13.8784
  Computing PH-Dim for contradiction in sbert_concat using cosine
    contradiction PH-Dim: 13.4627
  Computing cross-class analysis for sbert_concat using cosine
  PH-Dim scores: {'entailment': 11.207630570469219, 'neutral': 13.878403914291649, 'contradiction': 13.462679146655367}

============================================================
TESTING SPACE: lattice_containment
============================================================

--- Testing braycurtis metric ---
  Computing PH-Dim for entailment in lattice_containment using braycurtis
    entailment PH-Dim: 39.4733
  Computing PH-Dim for neutral in lattice_containment using braycurtis
    neutral PH-Dim: 58.4097
  Computing PH-Dim for contradiction in lattice_containment using braycurtis
    contradiction PH-Dim: 50.6820
  Computing cross-class analysis for lattice_containment using braycurtis
  PH-Dim scores: {'entailment': 39.47332804906167, 'neutral': 58.409657180182215, 'contradiction': 50.681957533895385}

--- Testing cosine metric ---
  Computing PH-Dim for entailment in lattice_containment using cosine
    entailment PH-Dim: 19.0815
  Computing PH-Dim for neutral in lattice_containment using cosine
    neutral PH-Dim: 28.7209
  Computing PH-Dim for contradiction in lattice_containment using cosine
    contradiction PH-Dim: 29.0438
  Computing cross-class analysis for lattice_containment using cosine
  PH-Dim scores: {'entailment': 19.08145122426711, 'neutral': 28.72093994378941, 'contradiction': 29.043841646843813}

Saved results to /vol/bitbucket/ahb24/tda_entailment_new/xnli_results/phdim_values/fr/phdim_analysis/phdim_fr_seed101_20260117_165444.json

✓ FR - seed 101 complete!

------------------------------------------------------------
SEED 3/5: 333
------------------------------------------------------------
XNLI PH-Dimension Analyzer initialized for: fr (seed: 333)
Device: cuda
XNLI data: /vol/bitbucket/ahb24/tda_entailment_new/xnli_data/processed/xnli_fr_combined_SBERT.pt
Distance metrics: ['braycurtis', 'cosine']
Embedding spaces: ['sbert_concat', 'lattice_containment']
Loading XNLI data for fr...
XNLI data loaded:
  Premise embeddings: torch.Size([7500, 768])
  Hypothesis embeddings: torch.Size([7500, 768])
  Labels: 7500
  Language: fr
  Label distribution: {'neutral': 2500, 'contradiction': 2500, 'entailment': 2500}
================================================================================
PH-DIMENSION ANALYSIS - XNLI FR (seed: 333)
Device: cuda
================================================================================
Extracting embedding spaces...
  entailment: 2500 samples
  neutral: 2500 samples
  contradiction: 2500 samples
Extracting sbert_concat...
  sbert_concat entailment: torch.Size([2500, 1536])
  sbert_concat neutral: torch.Size([2500, 1536])
  sbert_concat contradiction: torch.Size([2500, 1536])
Extracting lattice_containment...
  lattice_containment entailment: torch.Size([2500, 768])
  lattice_containment neutral: torch.Size([2500, 768])
  lattice_containment contradiction: torch.Size([2500, 768])

============================================================
TESTING SPACE: sbert_concat
============================================================

--- Testing braycurtis metric ---
  Computing PH-Dim for entailment in sbert_concat using braycurtis
    entailment PH-Dim: 18.0371
  Computing PH-Dim for neutral in sbert_concat using braycurtis
    neutral PH-Dim: 19.4058
  Computing PH-Dim for contradiction in sbert_concat using braycurtis
    contradiction PH-Dim: 19.5906
  Computing cross-class analysis for sbert_concat using braycurtis
  PH-Dim scores: {'entailment': 18.03707075739288, 'neutral': 19.405763450720677, 'contradiction': 19.59056470847135}

--- Testing cosine metric ---
  Computing PH-Dim for entailment in sbert_concat using cosine
    entailment PH-Dim: 12.5194
  Computing PH-Dim for neutral in sbert_concat using cosine
    neutral PH-Dim: 13.8398
  Computing PH-Dim for contradiction in sbert_concat using cosine
    contradiction PH-Dim: 13.7776
  Computing cross-class analysis for sbert_concat using cosine
  PH-Dim scores: {'entailment': 12.519356264705372, 'neutral': 13.839835516075292, 'contradiction': 13.777647588938985}

============================================================
TESTING SPACE: lattice_containment
============================================================

--- Testing braycurtis metric ---
  Computing PH-Dim for entailment in lattice_containment using braycurtis
    entailment PH-Dim: 53.7377
  Computing PH-Dim for neutral in lattice_containment using braycurtis
    neutral PH-Dim: 49.6293
  Computing PH-Dim for contradiction in lattice_containment using braycurtis
    contradiction PH-Dim: 49.5242
  Computing cross-class analysis for lattice_containment using braycurtis
  PH-Dim scores: {'entailment': 53.73771733927541, 'neutral': 49.62934067075983, 'contradiction': 49.5242286162094}

--- Testing cosine metric ---
  Computing PH-Dim for entailment in lattice_containment using cosine
    entailment PH-Dim: 25.0071
  Computing PH-Dim for neutral in lattice_containment using cosine
    neutral PH-Dim: 26.6639
  Computing PH-Dim for contradiction in lattice_containment using cosine
    contradiction PH-Dim: 30.6719
  Computing cross-class analysis for lattice_containment using cosine
  PH-Dim scores: {'entailment': 25.007094989606923, 'neutral': 26.663854674912503, 'contradiction': 30.67187564058575}

Saved results to /vol/bitbucket/ahb24/tda_entailment_new/xnli_results/phdim_values/fr/phdim_analysis/phdim_fr_seed333_20260117_165444.json

✓ FR - seed 333 complete!

------------------------------------------------------------
SEED 4/5: 444
------------------------------------------------------------
XNLI PH-Dimension Analyzer initialized for: fr (seed: 444)
Device: cuda
XNLI data: /vol/bitbucket/ahb24/tda_entailment_new/xnli_data/processed/xnli_fr_combined_SBERT.pt
Distance metrics: ['braycurtis', 'cosine']
Embedding spaces: ['sbert_concat', 'lattice_containment']
Loading XNLI data for fr...
XNLI data loaded:
  Premise embeddings: torch.Size([7500, 768])
  Hypothesis embeddings: torch.Size([7500, 768])
  Labels: 7500
  Language: fr
  Label distribution: {'neutral': 2500, 'contradiction': 2500, 'entailment': 2500}
================================================================================
PH-DIMENSION ANALYSIS - XNLI FR (seed: 444)
Device: cuda
================================================================================
Extracting embedding spaces...
  entailment: 2500 samples
  neutral: 2500 samples
  contradiction: 2500 samples
Extracting sbert_concat...
  sbert_concat entailment: torch.Size([2500, 1536])
  sbert_concat neutral: torch.Size([2500, 1536])
  sbert_concat contradiction: torch.Size([2500, 1536])
Extracting lattice_containment...
  lattice_containment entailment: torch.Size([2500, 768])
  lattice_containment neutral: torch.Size([2500, 768])
  lattice_containment contradiction: torch.Size([2500, 768])

============================================================
TESTING SPACE: sbert_concat
============================================================

--- Testing braycurtis metric ---
  Computing PH-Dim for entailment in sbert_concat using braycurtis
    entailment PH-Dim: 16.8354
  Computing PH-Dim for neutral in sbert_concat using braycurtis
    neutral PH-Dim: 18.9276
  Computing PH-Dim for contradiction in sbert_concat using braycurtis
    contradiction PH-Dim: 17.8490
  Computing cross-class analysis for sbert_concat using braycurtis
  PH-Dim scores: {'entailment': 16.835438514215316, 'neutral': 18.92757449642206, 'contradiction': 17.848983959321995}

--- Testing cosine metric ---
  Computing PH-Dim for entailment in sbert_concat using cosine
    entailment PH-Dim: 11.8250
  Computing PH-Dim for neutral in sbert_concat using cosine
    neutral PH-Dim: 13.5301
  Computing PH-Dim for contradiction in sbert_concat using cosine
    contradiction PH-Dim: 12.4189
  Computing cross-class analysis for sbert_concat using cosine
  PH-Dim scores: {'entailment': 11.825018625878347, 'neutral': 13.530060250623016, 'contradiction': 12.418928193601502}

============================================================
TESTING SPACE: lattice_containment
============================================================

--- Testing braycurtis metric ---
  Computing PH-Dim for entailment in lattice_containment using braycurtis
    entailment PH-Dim: 39.2769
  Computing PH-Dim for neutral in lattice_containment using braycurtis
    neutral PH-Dim: 55.4667
  Computing PH-Dim for contradiction in lattice_containment using braycurtis
    contradiction PH-Dim: 41.8130
  Computing cross-class analysis for lattice_containment using braycurtis
  PH-Dim scores: {'entailment': 39.27687970962145, 'neutral': 55.46674578376925, 'contradiction': 41.81302796699264}

--- Testing cosine metric ---
  Computing PH-Dim for entailment in lattice_containment using cosine
    entailment PH-Dim: 21.1169
  Computing PH-Dim for neutral in lattice_containment using cosine
    neutral PH-Dim: 28.9489
  Computing PH-Dim for contradiction in lattice_containment using cosine
    contradiction PH-Dim: 25.3135
  Computing cross-class analysis for lattice_containment using cosine
  PH-Dim scores: {'entailment': 21.116941248731493, 'neutral': 28.948912291882554, 'contradiction': 25.3134926581775}

Saved results to /vol/bitbucket/ahb24/tda_entailment_new/xnli_results/phdim_values/fr/phdim_analysis/phdim_fr_seed444_20260117_165444.json

✓ FR - seed 444 complete!

------------------------------------------------------------
SEED 5/5: 500
------------------------------------------------------------
XNLI PH-Dimension Analyzer initialized for: fr (seed: 500)
Device: cuda
XNLI data: /vol/bitbucket/ahb24/tda_entailment_new/xnli_data/processed/xnli_fr_combined_SBERT.pt
Distance metrics: ['braycurtis', 'cosine']
Embedding spaces: ['sbert_concat', 'lattice_containment']
Loading XNLI data for fr...
XNLI data loaded:
  Premise embeddings: torch.Size([7500, 768])
  Hypothesis embeddings: torch.Size([7500, 768])
  Labels: 7500
  Language: fr
  Label distribution: {'neutral': 2500, 'contradiction': 2500, 'entailment': 2500}
================================================================================
PH-DIMENSION ANALYSIS - XNLI FR (seed: 500)
Device: cuda
================================================================================
Extracting embedding spaces...
  entailment: 2500 samples
  neutral: 2500 samples
  contradiction: 2500 samples
Extracting sbert_concat...
  sbert_concat entailment: torch.Size([2500, 1536])
  sbert_concat neutral: torch.Size([2500, 1536])
  sbert_concat contradiction: torch.Size([2500, 1536])
Extracting lattice_containment...
  lattice_containment entailment: torch.Size([2500, 768])
  lattice_containment neutral: torch.Size([2500, 768])
  lattice_containment contradiction: torch.Size([2500, 768])

============================================================
TESTING SPACE: sbert_concat
============================================================

--- Testing braycurtis metric ---
  Computing PH-Dim for entailment in sbert_concat using braycurtis
    entailment PH-Dim: 16.9278
  Computing PH-Dim for neutral in sbert_concat using braycurtis
    neutral PH-Dim: 17.9225
  Computing PH-Dim for contradiction in sbert_concat using braycurtis
    contradiction PH-Dim: 18.9198
  Computing cross-class analysis for sbert_concat using braycurtis
  PH-Dim scores: {'entailment': 16.92778617476665, 'neutral': 17.9224844544637, 'contradiction': 18.919847684983463}

--- Testing cosine metric ---
  Computing PH-Dim for entailment in sbert_concat using cosine
    entailment PH-Dim: 11.6587
  Computing PH-Dim for neutral in sbert_concat using cosine
    neutral PH-Dim: 12.6099
  Computing PH-Dim for contradiction in sbert_concat using cosine
    contradiction PH-Dim: 13.3277
  Computing cross-class analysis for sbert_concat using cosine
  PH-Dim scores: {'entailment': 11.658735794475634, 'neutral': 12.609874537538515, 'contradiction': 13.327665468782131}

============================================================
TESTING SPACE: lattice_containment
============================================================

--- Testing braycurtis metric ---
  Computing PH-Dim for entailment in lattice_containment using braycurtis
    entailment PH-Dim: 62.1895
  Computing PH-Dim for neutral in lattice_containment using braycurtis
    neutral PH-Dim: 41.6898
  Computing PH-Dim for contradiction in lattice_containment using braycurtis
    contradiction PH-Dim: 38.0556
  Computing cross-class analysis for lattice_containment using braycurtis
  PH-Dim scores: {'entailment': 62.18948392765045, 'neutral': 41.68977826811166, 'contradiction': 38.055637430723806}

--- Testing cosine metric ---
  Computing PH-Dim for entailment in lattice_containment using cosine
    entailment PH-Dim: 26.3035
  Computing PH-Dim for neutral in lattice_containment using cosine
    neutral PH-Dim: 23.1188
  Computing PH-Dim for contradiction in lattice_containment using cosine
    contradiction PH-Dim: 25.1773
  Computing cross-class analysis for lattice_containment using cosine
  PH-Dim scores: {'entailment': 26.303454728949216, 'neutral': 23.11878625015043, 'contradiction': 25.177319902491362}

Saved results to /vol/bitbucket/ahb24/tda_entailment_new/xnli_results/phdim_values/fr/phdim_analysis/phdim_fr_seed500_20260117_165444.json

✓ FR - seed 500 complete!

FR Summary:
  Successful seeds: 5/5
  Failed seeds: 0/5

================================================================================
PROCESSING LANGUAGE 8/15: HI
================================================================================

------------------------------------------------------------
SEED 1/5: 42
------------------------------------------------------------
XNLI PH-Dimension Analyzer initialized for: hi (seed: 42)
Device: cuda
XNLI data: /vol/bitbucket/ahb24/tda_entailment_new/xnli_data/processed/xnli_hi_combined_SBERT.pt
Distance metrics: ['braycurtis', 'cosine']
Embedding spaces: ['sbert_concat', 'lattice_containment']
Loading XNLI data for hi...
XNLI data loaded:
  Premise embeddings: torch.Size([7500, 768])
  Hypothesis embeddings: torch.Size([7500, 768])
  Labels: 7500
  Language: hi
  Label distribution: {'neutral': 2500, 'contradiction': 2500, 'entailment': 2500}
================================================================================
PH-DIMENSION ANALYSIS - XNLI HI (seed: 42)
Device: cuda
================================================================================
Extracting embedding spaces...
  entailment: 2500 samples
  neutral: 2500 samples
  contradiction: 2500 samples
Extracting sbert_concat...
  sbert_concat entailment: torch.Size([2500, 1536])
  sbert_concat neutral: torch.Size([2500, 1536])
  sbert_concat contradiction: torch.Size([2500, 1536])
Extracting lattice_containment...
  lattice_containment entailment: torch.Size([2500, 768])
  lattice_containment neutral: torch.Size([2500, 768])
  lattice_containment contradiction: torch.Size([2500, 768])

============================================================
TESTING SPACE: sbert_concat
============================================================

--- Testing braycurtis metric ---
  Computing PH-Dim for entailment in sbert_concat using braycurtis
    entailment PH-Dim: 19.8652
  Computing PH-Dim for neutral in sbert_concat using braycurtis
    neutral PH-Dim: 22.4683
  Computing PH-Dim for contradiction in sbert_concat using braycurtis
    contradiction PH-Dim: 21.1377
  Computing cross-class analysis for sbert_concat using braycurtis
  PH-Dim scores: {'entailment': 19.86523810490304, 'neutral': 22.46827067234854, 'contradiction': 21.13766510508851}

--- Testing cosine metric ---
  Computing PH-Dim for entailment in sbert_concat using cosine
    entailment PH-Dim: 13.6157
  Computing PH-Dim for neutral in sbert_concat using cosine
    neutral PH-Dim: 15.5006
  Computing PH-Dim for contradiction in sbert_concat using cosine
    contradiction PH-Dim: 15.0401
  Computing cross-class analysis for sbert_concat using cosine
  PH-Dim scores: {'entailment': 13.615674213808175, 'neutral': 15.500603683249821, 'contradiction': 15.040123483067353}

============================================================
TESTING SPACE: lattice_containment
============================================================

--- Testing braycurtis metric ---
  Computing PH-Dim for entailment in lattice_containment using braycurtis
    entailment PH-Dim: 38.9982
  Computing PH-Dim for neutral in lattice_containment using braycurtis
    neutral PH-Dim: 61.1004
  Computing PH-Dim for contradiction in lattice_containment using braycurtis
    contradiction PH-Dim: 38.8767
  Computing cross-class analysis for lattice_containment using braycurtis
  PH-Dim scores: {'entailment': 38.99818090570734, 'neutral': 61.10037528966205, 'contradiction': 38.876694023512904}

--- Testing cosine metric ---
  Computing PH-Dim for entailment in lattice_containment using cosine
    entailment PH-Dim: 21.1735
  Computing PH-Dim for neutral in lattice_containment using cosine
    neutral PH-Dim: 34.1397
  Computing PH-Dim for contradiction in lattice_containment using cosine
    contradiction PH-Dim: 26.2495
  Computing cross-class analysis for lattice_containment using cosine
  PH-Dim scores: {'entailment': 21.17352438203394, 'neutral': 34.13974232418005, 'contradiction': 26.24952600588768}

Saved results to /vol/bitbucket/ahb24/tda_entailment_new/xnli_results/phdim_values/hi/phdim_analysis/phdim_hi_seed42_20260117_165444.json

✓ HI - seed 42 complete!

------------------------------------------------------------
SEED 2/5: 101
------------------------------------------------------------
XNLI PH-Dimension Analyzer initialized for: hi (seed: 101)
Device: cuda
XNLI data: /vol/bitbucket/ahb24/tda_entailment_new/xnli_data/processed/xnli_hi_combined_SBERT.pt
Distance metrics: ['braycurtis', 'cosine']
Embedding spaces: ['sbert_concat', 'lattice_containment']
Loading XNLI data for hi...
XNLI data loaded:
  Premise embeddings: torch.Size([7500, 768])
  Hypothesis embeddings: torch.Size([7500, 768])
  Labels: 7500
  Language: hi
  Label distribution: {'neutral': 2500, 'contradiction': 2500, 'entailment': 2500}
================================================================================
PH-DIMENSION ANALYSIS - XNLI HI (seed: 101)
Device: cuda
================================================================================
Extracting embedding spaces...
  entailment: 2500 samples
  neutral: 2500 samples
  contradiction: 2500 samples
Extracting sbert_concat...
  sbert_concat entailment: torch.Size([2500, 1536])
  sbert_concat neutral: torch.Size([2500, 1536])
  sbert_concat contradiction: torch.Size([2500, 1536])
Extracting lattice_containment...
  lattice_containment entailment: torch.Size([2500, 768])
  lattice_containment neutral: torch.Size([2500, 768])
  lattice_containment contradiction: torch.Size([2500, 768])

============================================================
TESTING SPACE: sbert_concat
============================================================

--- Testing braycurtis metric ---
  Computing PH-Dim for entailment in sbert_concat using braycurtis
    entailment PH-Dim: 16.5821
  Computing PH-Dim for neutral in sbert_concat using braycurtis
    neutral PH-Dim: 20.2215
  Computing PH-Dim for contradiction in sbert_concat using braycurtis
    contradiction PH-Dim: 18.1413
  Computing cross-class analysis for sbert_concat using braycurtis
  PH-Dim scores: {'entailment': 16.582089116532426, 'neutral': 20.22150181405681, 'contradiction': 18.141319740268745}

--- Testing cosine metric ---
  Computing PH-Dim for entailment in sbert_concat using cosine
    entailment PH-Dim: 11.2287
  Computing PH-Dim for neutral in sbert_concat using cosine
    neutral PH-Dim: 14.1706
  Computing PH-Dim for contradiction in sbert_concat using cosine
    contradiction PH-Dim: 12.5219
  Computing cross-class analysis for sbert_concat using cosine
  PH-Dim scores: {'entailment': 11.228697751962425, 'neutral': 14.170572007001368, 'contradiction': 12.521877454587228}

============================================================
TESTING SPACE: lattice_containment
============================================================

--- Testing braycurtis metric ---
  Computing PH-Dim for entailment in lattice_containment using braycurtis
    entailment PH-Dim: 30.3044
  Computing PH-Dim for neutral in lattice_containment using braycurtis
    neutral PH-Dim: 42.7796
  Computing PH-Dim for contradiction in lattice_containment using braycurtis
    contradiction PH-Dim: 32.8481
  Computing cross-class analysis for lattice_containment using braycurtis
  PH-Dim scores: {'entailment': 30.304351103415982, 'neutral': 42.77957178156381, 'contradiction': 32.84806359321028}

--- Testing cosine metric ---
  Computing PH-Dim for entailment in lattice_containment using cosine
    entailment PH-Dim: 17.0383
  Computing PH-Dim for neutral in lattice_containment using cosine
    neutral PH-Dim: 26.1297
  Computing PH-Dim for contradiction in lattice_containment using cosine
    contradiction PH-Dim: 20.8742
  Computing cross-class analysis for lattice_containment using cosine
  PH-Dim scores: {'entailment': 17.038263814822272, 'neutral': 26.12966254710587, 'contradiction': 20.87418313778004}

Saved results to /vol/bitbucket/ahb24/tda_entailment_new/xnli_results/phdim_values/hi/phdim_analysis/phdim_hi_seed101_20260117_165444.json

✓ HI - seed 101 complete!

------------------------------------------------------------
SEED 3/5: 333
------------------------------------------------------------
XNLI PH-Dimension Analyzer initialized for: hi (seed: 333)
Device: cuda
XNLI data: /vol/bitbucket/ahb24/tda_entailment_new/xnli_data/processed/xnli_hi_combined_SBERT.pt
Distance metrics: ['braycurtis', 'cosine']
Embedding spaces: ['sbert_concat', 'lattice_containment']
Loading XNLI data for hi...
XNLI data loaded:
  Premise embeddings: torch.Size([7500, 768])
  Hypothesis embeddings: torch.Size([7500, 768])
  Labels: 7500
  Language: hi
  Label distribution: {'neutral': 2500, 'contradiction': 2500, 'entailment': 2500}
================================================================================
PH-DIMENSION ANALYSIS - XNLI HI (seed: 333)
Device: cuda
================================================================================
Extracting embedding spaces...
  entailment: 2500 samples
  neutral: 2500 samples
  contradiction: 2500 samples
Extracting sbert_concat...
  sbert_concat entailment: torch.Size([2500, 1536])
  sbert_concat neutral: torch.Size([2500, 1536])
  sbert_concat contradiction: torch.Size([2500, 1536])
Extracting lattice_containment...
  lattice_containment entailment: torch.Size([2500, 768])
  lattice_containment neutral: torch.Size([2500, 768])
  lattice_containment contradiction: torch.Size([2500, 768])

============================================================
TESTING SPACE: sbert_concat
============================================================

--- Testing braycurtis metric ---
  Computing PH-Dim for entailment in sbert_concat using braycurtis
    entailment PH-Dim: 19.7398
  Computing PH-Dim for neutral in sbert_concat using braycurtis
    neutral PH-Dim: 19.9009
  Computing PH-Dim for contradiction in sbert_concat using braycurtis
    contradiction PH-Dim: 19.9175
  Computing cross-class analysis for sbert_concat using braycurtis
  PH-Dim scores: {'entailment': 19.73981436356933, 'neutral': 19.900932673193793, 'contradiction': 19.91754511633426}

--- Testing cosine metric ---
  Computing PH-Dim for entailment in sbert_concat using cosine
    entailment PH-Dim: 13.2335
  Computing PH-Dim for neutral in sbert_concat using cosine
    neutral PH-Dim: 13.7951
  Computing PH-Dim for contradiction in sbert_concat using cosine
    contradiction PH-Dim: 13.8244
  Computing cross-class analysis for sbert_concat using cosine
  PH-Dim scores: {'entailment': 13.233513330163476, 'neutral': 13.795069621177847, 'contradiction': 13.824441858221237}

============================================================
TESTING SPACE: lattice_containment
============================================================

--- Testing braycurtis metric ---
  Computing PH-Dim for entailment in lattice_containment using braycurtis
    entailment PH-Dim: 55.2900
  Computing PH-Dim for neutral in lattice_containment using braycurtis
    neutral PH-Dim: 42.0750
  Computing PH-Dim for contradiction in lattice_containment using braycurtis
    contradiction PH-Dim: 50.9286
  Computing cross-class analysis for lattice_containment using braycurtis
  PH-Dim scores: {'entailment': 55.29004499263028, 'neutral': 42.07501260936671, 'contradiction': 50.928641350118106}

--- Testing cosine metric ---
  Computing PH-Dim for entailment in lattice_containment using cosine
    entailment PH-Dim: 26.4980
  Computing PH-Dim for neutral in lattice_containment using cosine
    neutral PH-Dim: 24.3259
  Computing PH-Dim for contradiction in lattice_containment using cosine
    contradiction PH-Dim: 31.1360
  Computing cross-class analysis for lattice_containment using cosine
  PH-Dim scores: {'entailment': 26.49802743489997, 'neutral': 24.325886333764036, 'contradiction': 31.136014022413168}

Saved results to /vol/bitbucket/ahb24/tda_entailment_new/xnli_results/phdim_values/hi/phdim_analysis/phdim_hi_seed333_20260117_165444.json

✓ HI - seed 333 complete!

------------------------------------------------------------
SEED 4/5: 444
------------------------------------------------------------
XNLI PH-Dimension Analyzer initialized for: hi (seed: 444)
Device: cuda
XNLI data: /vol/bitbucket/ahb24/tda_entailment_new/xnli_data/processed/xnli_hi_combined_SBERT.pt
Distance metrics: ['braycurtis', 'cosine']
Embedding spaces: ['sbert_concat', 'lattice_containment']
Loading XNLI data for hi...
XNLI data loaded:
  Premise embeddings: torch.Size([7500, 768])
  Hypothesis embeddings: torch.Size([7500, 768])
  Labels: 7500
  Language: hi
  Label distribution: {'neutral': 2500, 'contradiction': 2500, 'entailment': 2500}
================================================================================
PH-DIMENSION ANALYSIS - XNLI HI (seed: 444)
Device: cuda
================================================================================
Extracting embedding spaces...
  entailment: 2500 samples
  neutral: 2500 samples
  contradiction: 2500 samples
Extracting sbert_concat...
  sbert_concat entailment: torch.Size([2500, 1536])
  sbert_concat neutral: torch.Size([2500, 1536])
  sbert_concat contradiction: torch.Size([2500, 1536])
Extracting lattice_containment...
  lattice_containment entailment: torch.Size([2500, 768])
  lattice_containment neutral: torch.Size([2500, 768])
  lattice_containment contradiction: torch.Size([2500, 768])

============================================================
TESTING SPACE: sbert_concat
============================================================

--- Testing braycurtis metric ---
  Computing PH-Dim for entailment in sbert_concat using braycurtis
    entailment PH-Dim: 16.9967
  Computing PH-Dim for neutral in sbert_concat using braycurtis
    neutral PH-Dim: 19.3854
  Computing PH-Dim for contradiction in sbert_concat using braycurtis
    contradiction PH-Dim: 17.9109
  Computing cross-class analysis for sbert_concat using braycurtis
  PH-Dim scores: {'entailment': 16.996744722837366, 'neutral': 19.385415113263793, 'contradiction': 17.910937856842704}

--- Testing cosine metric ---
  Computing PH-Dim for entailment in sbert_concat using cosine
    entailment PH-Dim: 11.5832
  Computing PH-Dim for neutral in sbert_concat using cosine
    neutral PH-Dim: 13.4028
  Computing PH-Dim for contradiction in sbert_concat using cosine
    contradiction PH-Dim: 12.3396
  Computing cross-class analysis for sbert_concat using cosine
  PH-Dim scores: {'entailment': 11.583240939607906, 'neutral': 13.402756657934203, 'contradiction': 12.339618605824226}

============================================================
TESTING SPACE: lattice_containment
============================================================

--- Testing braycurtis metric ---
  Computing PH-Dim for entailment in lattice_containment using braycurtis
    entailment PH-Dim: 36.6441
  Computing PH-Dim for neutral in lattice_containment using braycurtis
    neutral PH-Dim: 40.5188
  Computing PH-Dim for contradiction in lattice_containment using braycurtis
    contradiction PH-Dim: 37.0349
  Computing cross-class analysis for lattice_containment using braycurtis
  PH-Dim scores: {'entailment': 36.64414995682239, 'neutral': 40.518823761358625, 'contradiction': 37.03487809010174}

--- Testing cosine metric ---
  Computing PH-Dim for entailment in lattice_containment using cosine
    entailment PH-Dim: 19.9770
  Computing PH-Dim for neutral in lattice_containment using cosine
    neutral PH-Dim: 24.3310
  Computing PH-Dim for contradiction in lattice_containment using cosine
    contradiction PH-Dim: 23.5350
  Computing cross-class analysis for lattice_containment using cosine
  PH-Dim scores: {'entailment': 19.977033006496765, 'neutral': 24.330965853820082, 'contradiction': 23.535034354117748}

Saved results to /vol/bitbucket/ahb24/tda_entailment_new/xnli_results/phdim_values/hi/phdim_analysis/phdim_hi_seed444_20260117_165444.json

✓ HI - seed 444 complete!

------------------------------------------------------------
SEED 5/5: 500
------------------------------------------------------------
XNLI PH-Dimension Analyzer initialized for: hi (seed: 500)
Device: cuda
XNLI data: /vol/bitbucket/ahb24/tda_entailment_new/xnli_data/processed/xnli_hi_combined_SBERT.pt
Distance metrics: ['braycurtis', 'cosine']
Embedding spaces: ['sbert_concat', 'lattice_containment']
Loading XNLI data for hi...
XNLI data loaded:
  Premise embeddings: torch.Size([7500, 768])
  Hypothesis embeddings: torch.Size([7500, 768])
  Labels: 7500
  Language: hi
  Label distribution: {'neutral': 2500, 'contradiction': 2500, 'entailment': 2500}
================================================================================
PH-DIMENSION ANALYSIS - XNLI HI (seed: 500)
Device: cuda
================================================================================
Extracting embedding spaces...
  entailment: 2500 samples
  neutral: 2500 samples
  contradiction: 2500 samples
Extracting sbert_concat...
  sbert_concat entailment: torch.Size([2500, 1536])
  sbert_concat neutral: torch.Size([2500, 1536])
  sbert_concat contradiction: torch.Size([2500, 1536])
Extracting lattice_containment...
  lattice_containment entailment: torch.Size([2500, 768])
  lattice_containment neutral: torch.Size([2500, 768])
  lattice_containment contradiction: torch.Size([2500, 768])

============================================================
TESTING SPACE: sbert_concat
============================================================

--- Testing braycurtis metric ---
  Computing PH-Dim for entailment in sbert_concat using braycurtis
    entailment PH-Dim: 19.2053
  Computing PH-Dim for neutral in sbert_concat using braycurtis
    neutral PH-Dim: 20.0462
  Computing PH-Dim for contradiction in sbert_concat using braycurtis
    contradiction PH-Dim: 19.2036
  Computing cross-class analysis for sbert_concat using braycurtis
  PH-Dim scores: {'entailment': 19.205254272441298, 'neutral': 20.04616300858925, 'contradiction': 19.203565281427228}

--- Testing cosine metric ---
  Computing PH-Dim for entailment in sbert_concat using cosine
    entailment PH-Dim: 13.3715
  Computing PH-Dim for neutral in sbert_concat using cosine
    neutral PH-Dim: 13.8019
  Computing PH-Dim for contradiction in sbert_concat using cosine
    contradiction PH-Dim: 13.5706
  Computing cross-class analysis for sbert_concat using cosine
  PH-Dim scores: {'entailment': 13.371503005601628, 'neutral': 13.801907839833612, 'contradiction': 13.570598895976882}

============================================================
TESTING SPACE: lattice_containment
============================================================

--- Testing braycurtis metric ---
  Computing PH-Dim for entailment in lattice_containment using braycurtis
    entailment PH-Dim: 48.0975
  Computing PH-Dim for neutral in lattice_containment using braycurtis
    neutral PH-Dim: 46.6020
  Computing PH-Dim for contradiction in lattice_containment using braycurtis
    contradiction PH-Dim: 39.0252
  Computing cross-class analysis for lattice_containment using braycurtis
  PH-Dim scores: {'entailment': 48.097485330459925, 'neutral': 46.60204344260911, 'contradiction': 39.02523094027583}

--- Testing cosine metric ---
  Computing PH-Dim for entailment in lattice_containment using cosine
    entailment PH-Dim: 24.5187
  Computing PH-Dim for neutral in lattice_containment using cosine
    neutral PH-Dim: 26.1438
  Computing PH-Dim for contradiction in lattice_containment using cosine
    contradiction PH-Dim: 24.9412
  Computing cross-class analysis for lattice_containment using cosine
  PH-Dim scores: {'entailment': 24.518711893723182, 'neutral': 26.143810009870574, 'contradiction': 24.94119703055363}

Saved results to /vol/bitbucket/ahb24/tda_entailment_new/xnli_results/phdim_values/hi/phdim_analysis/phdim_hi_seed500_20260117_165444.json

✓ HI - seed 500 complete!

HI Summary:
  Successful seeds: 5/5
  Failed seeds: 0/5

================================================================================
PROCESSING LANGUAGE 9/15: RU
================================================================================

------------------------------------------------------------
SEED 1/5: 42
------------------------------------------------------------
XNLI PH-Dimension Analyzer initialized for: ru (seed: 42)
Device: cuda
XNLI data: /vol/bitbucket/ahb24/tda_entailment_new/xnli_data/processed/xnli_ru_combined_SBERT.pt
Distance metrics: ['braycurtis', 'cosine']
Embedding spaces: ['sbert_concat', 'lattice_containment']
Loading XNLI data for ru...
XNLI data loaded:
  Premise embeddings: torch.Size([7500, 768])
  Hypothesis embeddings: torch.Size([7500, 768])
  Labels: 7500
  Language: ru
  Label distribution: {'neutral': 2500, 'contradiction': 2500, 'entailment': 2500}
================================================================================
PH-DIMENSION ANALYSIS - XNLI RU (seed: 42)
Device: cuda
================================================================================
Extracting embedding spaces...
  entailment: 2500 samples
  neutral: 2500 samples
  contradiction: 2500 samples
Extracting sbert_concat...
  sbert_concat entailment: torch.Size([2500, 1536])
  sbert_concat neutral: torch.Size([2500, 1536])
  sbert_concat contradiction: torch.Size([2500, 1536])
Extracting lattice_containment...
  lattice_containment entailment: torch.Size([2500, 768])
  lattice_containment neutral: torch.Size([2500, 768])
  lattice_containment contradiction: torch.Size([2500, 768])

============================================================
TESTING SPACE: sbert_concat
============================================================

--- Testing braycurtis metric ---
  Computing PH-Dim for entailment in sbert_concat using braycurtis
    entailment PH-Dim: 18.5360
  Computing PH-Dim for neutral in sbert_concat using braycurtis
    neutral PH-Dim: 20.4571
  Computing PH-Dim for contradiction in sbert_concat using braycurtis
    contradiction PH-Dim: 19.5164
  Computing cross-class analysis for sbert_concat using braycurtis
  PH-Dim scores: {'entailment': 18.53604471181658, 'neutral': 20.45710786884183, 'contradiction': 19.516406343182243}

--- Testing cosine metric ---
  Computing PH-Dim for entailment in sbert_concat using cosine
    entailment PH-Dim: 12.7575
  Computing PH-Dim for neutral in sbert_concat using cosine
    neutral PH-Dim: 14.4087
  Computing PH-Dim for contradiction in sbert_concat using cosine
    contradiction PH-Dim: 13.8598
  Computing cross-class analysis for sbert_concat using cosine
  PH-Dim scores: {'entailment': 12.757486916801918, 'neutral': 14.408745915404895, 'contradiction': 13.859798020226888}

============================================================
TESTING SPACE: lattice_containment
============================================================

--- Testing braycurtis metric ---
  Computing PH-Dim for entailment in lattice_containment using braycurtis
    entailment PH-Dim: 40.1124
  Computing PH-Dim for neutral in lattice_containment using braycurtis
    neutral PH-Dim: 50.4752
  Computing PH-Dim for contradiction in lattice_containment using braycurtis
    contradiction PH-Dim: 40.4369
  Computing cross-class analysis for lattice_containment using braycurtis
  PH-Dim scores: {'entailment': 40.11241551858255, 'neutral': 50.475176607787894, 'contradiction': 40.436917601306426}

--- Testing cosine metric ---
  Computing PH-Dim for entailment in lattice_containment using cosine
    entailment PH-Dim: 20.8543
  Computing PH-Dim for neutral in lattice_containment using cosine
    neutral PH-Dim: 27.6733
  Computing PH-Dim for contradiction in lattice_containment using cosine
    contradiction PH-Dim: 24.7054
  Computing cross-class analysis for lattice_containment using cosine
  PH-Dim scores: {'entailment': 20.854264247580698, 'neutral': 27.67334005786504, 'contradiction': 24.70539233430341}

Saved results to /vol/bitbucket/ahb24/tda_entailment_new/xnli_results/phdim_values/ru/phdim_analysis/phdim_ru_seed42_20260117_165444.json

✓ RU - seed 42 complete!

------------------------------------------------------------
SEED 2/5: 101
------------------------------------------------------------
XNLI PH-Dimension Analyzer initialized for: ru (seed: 101)
Device: cuda
XNLI data: /vol/bitbucket/ahb24/tda_entailment_new/xnli_data/processed/xnli_ru_combined_SBERT.pt
Distance metrics: ['braycurtis', 'cosine']
Embedding spaces: ['sbert_concat', 'lattice_containment']
Loading XNLI data for ru...
XNLI data loaded:
  Premise embeddings: torch.Size([7500, 768])
  Hypothesis embeddings: torch.Size([7500, 768])
  Labels: 7500
  Language: ru
  Label distribution: {'neutral': 2500, 'contradiction': 2500, 'entailment': 2500}
================================================================================
PH-DIMENSION ANALYSIS - XNLI RU (seed: 101)
Device: cuda
================================================================================
Extracting embedding spaces...
  entailment: 2500 samples
  neutral: 2500 samples
  contradiction: 2500 samples
Extracting sbert_concat...
  sbert_concat entailment: torch.Size([2500, 1536])
  sbert_concat neutral: torch.Size([2500, 1536])
  sbert_concat contradiction: torch.Size([2500, 1536])
Extracting lattice_containment...
  lattice_containment entailment: torch.Size([2500, 768])
  lattice_containment neutral: torch.Size([2500, 768])
  lattice_containment contradiction: torch.Size([2500, 768])

============================================================
TESTING SPACE: sbert_concat
============================================================

--- Testing braycurtis metric ---
  Computing PH-Dim for entailment in sbert_concat using braycurtis
    entailment PH-Dim: 17.9366
  Computing PH-Dim for neutral in sbert_concat using braycurtis
    neutral PH-Dim: 19.0352
  Computing PH-Dim for contradiction in sbert_concat using braycurtis
    contradiction PH-Dim: 18.3461
  Computing cross-class analysis for sbert_concat using braycurtis
  PH-Dim scores: {'entailment': 17.936645278427154, 'neutral': 19.035214487504263, 'contradiction': 18.34614620327903}

--- Testing cosine metric ---
  Computing PH-Dim for entailment in sbert_concat using cosine
    entailment PH-Dim: 12.0426
  Computing PH-Dim for neutral in sbert_concat using cosine
    neutral PH-Dim: 13.4354
  Computing PH-Dim for contradiction in sbert_concat using cosine
    contradiction PH-Dim: 12.5454
  Computing cross-class analysis for sbert_concat using cosine
  PH-Dim scores: {'entailment': 12.042618060815638, 'neutral': 13.435434088694599, 'contradiction': 12.545417512682086}

============================================================
TESTING SPACE: lattice_containment
============================================================

--- Testing braycurtis metric ---
  Computing PH-Dim for entailment in lattice_containment using braycurtis
    entailment PH-Dim: 37.5276
  Computing PH-Dim for neutral in lattice_containment using braycurtis
    neutral PH-Dim: 45.6141
  Computing PH-Dim for contradiction in lattice_containment using braycurtis
    contradiction PH-Dim: 36.3090
  Computing cross-class analysis for lattice_containment using braycurtis
  PH-Dim scores: {'entailment': 37.52764978400254, 'neutral': 45.614067311628574, 'contradiction': 36.308980039361174}

--- Testing cosine metric ---
  Computing PH-Dim for entailment in lattice_containment using cosine
    entailment PH-Dim: 19.3850
  Computing PH-Dim for neutral in lattice_containment using cosine
    neutral PH-Dim: 24.9975
  Computing PH-Dim for contradiction in lattice_containment using cosine
    contradiction PH-Dim: 21.7243
  Computing cross-class analysis for lattice_containment using cosine
  PH-Dim scores: {'entailment': 19.385002190509546, 'neutral': 24.99746928902694, 'contradiction': 21.724275517621408}

Saved results to /vol/bitbucket/ahb24/tda_entailment_new/xnli_results/phdim_values/ru/phdim_analysis/phdim_ru_seed101_20260117_165444.json

✓ RU - seed 101 complete!

------------------------------------------------------------
SEED 3/5: 333
------------------------------------------------------------
XNLI PH-Dimension Analyzer initialized for: ru (seed: 333)
Device: cuda
XNLI data: /vol/bitbucket/ahb24/tda_entailment_new/xnli_data/processed/xnli_ru_combined_SBERT.pt
Distance metrics: ['braycurtis', 'cosine']
Embedding spaces: ['sbert_concat', 'lattice_containment']
Loading XNLI data for ru...
XNLI data loaded:
  Premise embeddings: torch.Size([7500, 768])
  Hypothesis embeddings: torch.Size([7500, 768])
  Labels: 7500
  Language: ru
  Label distribution: {'neutral': 2500, 'contradiction': 2500, 'entailment': 2500}
================================================================================
PH-DIMENSION ANALYSIS - XNLI RU (seed: 333)
Device: cuda
================================================================================
Extracting embedding spaces...
  entailment: 2500 samples
  neutral: 2500 samples
  contradiction: 2500 samples
Extracting sbert_concat...
  sbert_concat entailment: torch.Size([2500, 1536])
  sbert_concat neutral: torch.Size([2500, 1536])
  sbert_concat contradiction: torch.Size([2500, 1536])
Extracting lattice_containment...
  lattice_containment entailment: torch.Size([2500, 768])
  lattice_containment neutral: torch.Size([2500, 768])
  lattice_containment contradiction: torch.Size([2500, 768])

============================================================
TESTING SPACE: sbert_concat
============================================================

--- Testing braycurtis metric ---
  Computing PH-Dim for entailment in sbert_concat using braycurtis
    entailment PH-Dim: 18.3277
  Computing PH-Dim for neutral in sbert_concat using braycurtis
    neutral PH-Dim: 19.4457
  Computing PH-Dim for contradiction in sbert_concat using braycurtis
    contradiction PH-Dim: 19.6312
  Computing cross-class analysis for sbert_concat using braycurtis
  PH-Dim scores: {'entailment': 18.3276717748125, 'neutral': 19.445706253093828, 'contradiction': 19.631213062616958}

--- Testing cosine metric ---
  Computing PH-Dim for entailment in sbert_concat using cosine
    entailment PH-Dim: 12.2889
  Computing PH-Dim for neutral in sbert_concat using cosine
    neutral PH-Dim: 13.4120
  Computing PH-Dim for contradiction in sbert_concat using cosine
    contradiction PH-Dim: 13.6451
  Computing cross-class analysis for sbert_concat using cosine
  PH-Dim scores: {'entailment': 12.288853350072491, 'neutral': 13.411964754909738, 'contradiction': 13.645128192401877}

============================================================
TESTING SPACE: lattice_containment
============================================================

--- Testing braycurtis metric ---
  Computing PH-Dim for entailment in lattice_containment using braycurtis
    entailment PH-Dim: 40.1413
  Computing PH-Dim for neutral in lattice_containment using braycurtis
    neutral PH-Dim: 46.0744
  Computing PH-Dim for contradiction in lattice_containment using braycurtis
    contradiction PH-Dim: 44.6827
  Computing cross-class analysis for lattice_containment using braycurtis
  PH-Dim scores: {'entailment': 40.141304980655704, 'neutral': 46.074362956059566, 'contradiction': 44.68270683071088}

--- Testing cosine metric ---
  Computing PH-Dim for entailment in lattice_containment using cosine
    entailment PH-Dim: 22.1275
  Computing PH-Dim for neutral in lattice_containment using cosine
    neutral PH-Dim: 24.5892
  Computing PH-Dim for contradiction in lattice_containment using cosine
    contradiction PH-Dim: 26.7377
  Computing cross-class analysis for lattice_containment using cosine
  PH-Dim scores: {'entailment': 22.127505556393245, 'neutral': 24.58915459393676, 'contradiction': 26.737720946884206}

Saved results to /vol/bitbucket/ahb24/tda_entailment_new/xnli_results/phdim_values/ru/phdim_analysis/phdim_ru_seed333_20260117_165444.json

✓ RU - seed 333 complete!

------------------------------------------------------------
SEED 4/5: 444
------------------------------------------------------------
XNLI PH-Dimension Analyzer initialized for: ru (seed: 444)
Device: cuda
XNLI data: /vol/bitbucket/ahb24/tda_entailment_new/xnli_data/processed/xnli_ru_combined_SBERT.pt
Distance metrics: ['braycurtis', 'cosine']
Embedding spaces: ['sbert_concat', 'lattice_containment']
Loading XNLI data for ru...
XNLI data loaded:
  Premise embeddings: torch.Size([7500, 768])
  Hypothesis embeddings: torch.Size([7500, 768])
  Labels: 7500
  Language: ru
  Label distribution: {'neutral': 2500, 'contradiction': 2500, 'entailment': 2500}
================================================================================
PH-DIMENSION ANALYSIS - XNLI RU (seed: 444)
Device: cuda
================================================================================
Extracting embedding spaces...
  entailment: 2500 samples
  neutral: 2500 samples
  contradiction: 2500 samples
Extracting sbert_concat...
  sbert_concat entailment: torch.Size([2500, 1536])
  sbert_concat neutral: torch.Size([2500, 1536])
  sbert_concat contradiction: torch.Size([2500, 1536])
Extracting lattice_containment...
  lattice_containment entailment: torch.Size([2500, 768])
  lattice_containment neutral: torch.Size([2500, 768])
  lattice_containment contradiction: torch.Size([2500, 768])

============================================================
TESTING SPACE: sbert_concat
============================================================

--- Testing braycurtis metric ---
  Computing PH-Dim for entailment in sbert_concat using braycurtis
    entailment PH-Dim: 16.4449
  Computing PH-Dim for neutral in sbert_concat using braycurtis
    neutral PH-Dim: 19.3599
  Computing PH-Dim for contradiction in sbert_concat using braycurtis
    contradiction PH-Dim: 17.5046
  Computing cross-class analysis for sbert_concat using braycurtis
  PH-Dim scores: {'entailment': 16.444941998101932, 'neutral': 19.359904687370367, 'contradiction': 17.50459033996566}

--- Testing cosine metric ---
  Computing PH-Dim for entailment in sbert_concat using cosine
    entailment PH-Dim: 11.4744
  Computing PH-Dim for neutral in sbert_concat using cosine
    neutral PH-Dim: 13.8081
  Computing PH-Dim for contradiction in sbert_concat using cosine
    contradiction PH-Dim: 12.2135
  Computing cross-class analysis for sbert_concat using cosine
  PH-Dim scores: {'entailment': 11.474441160200065, 'neutral': 13.808139123914403, 'contradiction': 12.213489551074986}

============================================================
TESTING SPACE: lattice_containment
============================================================

--- Testing braycurtis metric ---
  Computing PH-Dim for entailment in lattice_containment using braycurtis
    entailment PH-Dim: 46.8652
  Computing PH-Dim for neutral in lattice_containment using braycurtis
    neutral PH-Dim: 46.2527
  Computing PH-Dim for contradiction in lattice_containment using braycurtis
    contradiction PH-Dim: 35.6573
  Computing cross-class analysis for lattice_containment using braycurtis
  PH-Dim scores: {'entailment': 46.86520092876253, 'neutral': 46.25265626304213, 'contradiction': 35.6573388900833}

--- Testing cosine metric ---
  Computing PH-Dim for entailment in lattice_containment using cosine
    entailment PH-Dim: 21.5849
  Computing PH-Dim for neutral in lattice_containment using cosine
    neutral PH-Dim: 24.4949
  Computing PH-Dim for contradiction in lattice_containment using cosine
    contradiction PH-Dim: 21.2733
  Computing cross-class analysis for lattice_containment using cosine
  PH-Dim scores: {'entailment': 21.584885893357637, 'neutral': 24.494909924115774, 'contradiction': 21.273349774695753}

Saved results to /vol/bitbucket/ahb24/tda_entailment_new/xnli_results/phdim_values/ru/phdim_analysis/phdim_ru_seed444_20260117_165444.json

✓ RU - seed 444 complete!

------------------------------------------------------------
SEED 5/5: 500
------------------------------------------------------------
XNLI PH-Dimension Analyzer initialized for: ru (seed: 500)
Device: cuda
XNLI data: /vol/bitbucket/ahb24/tda_entailment_new/xnli_data/processed/xnli_ru_combined_SBERT.pt
Distance metrics: ['braycurtis', 'cosine']
Embedding spaces: ['sbert_concat', 'lattice_containment']
Loading XNLI data for ru...
XNLI data loaded:
  Premise embeddings: torch.Size([7500, 768])
  Hypothesis embeddings: torch.Size([7500, 768])
  Labels: 7500
  Language: ru
  Label distribution: {'neutral': 2500, 'contradiction': 2500, 'entailment': 2500}
================================================================================
PH-DIMENSION ANALYSIS - XNLI RU (seed: 500)
Device: cuda
================================================================================
Extracting embedding spaces...
  entailment: 2500 samples
  neutral: 2500 samples
  contradiction: 2500 samples
Extracting sbert_concat...
  sbert_concat entailment: torch.Size([2500, 1536])
  sbert_concat neutral: torch.Size([2500, 1536])
  sbert_concat contradiction: torch.Size([2500, 1536])
Extracting lattice_containment...
  lattice_containment entailment: torch.Size([2500, 768])
  lattice_containment neutral: torch.Size([2500, 768])
  lattice_containment contradiction: torch.Size([2500, 768])

============================================================
TESTING SPACE: sbert_concat
============================================================

--- Testing braycurtis metric ---
  Computing PH-Dim for entailment in sbert_concat using braycurtis
    entailment PH-Dim: 17.6283
  Computing PH-Dim for neutral in sbert_concat using braycurtis
    neutral PH-Dim: 18.0926
  Computing PH-Dim for contradiction in sbert_concat using braycurtis
    contradiction PH-Dim: 18.0441
  Computing cross-class analysis for sbert_concat using braycurtis
  PH-Dim scores: {'entailment': 17.628342240922603, 'neutral': 18.092570585143555, 'contradiction': 18.044061303222023}

--- Testing cosine metric ---
  Computing PH-Dim for entailment in sbert_concat using cosine
    entailment PH-Dim: 11.8151
  Computing PH-Dim for neutral in sbert_concat using cosine
    neutral PH-Dim: 12.4876
  Computing PH-Dim for contradiction in sbert_concat using cosine
    contradiction PH-Dim: 12.6248
  Computing cross-class analysis for sbert_concat using cosine
  PH-Dim scores: {'entailment': 11.815131249272001, 'neutral': 12.48757216506574, 'contradiction': 12.624770303130765}

============================================================
TESTING SPACE: lattice_containment
============================================================

--- Testing braycurtis metric ---
  Computing PH-Dim for entailment in lattice_containment using braycurtis
    entailment PH-Dim: 48.7656
  Computing PH-Dim for neutral in lattice_containment using braycurtis
    neutral PH-Dim: 36.6532
  Computing PH-Dim for contradiction in lattice_containment using braycurtis
    contradiction PH-Dim: 35.7197
  Computing cross-class analysis for lattice_containment using braycurtis
  PH-Dim scores: {'entailment': 48.765641598328315, 'neutral': 36.65316329966064, 'contradiction': 35.71966253075847}

--- Testing cosine metric ---
  Computing PH-Dim for entailment in lattice_containment using cosine
    entailment PH-Dim: 22.1051
  Computing PH-Dim for neutral in lattice_containment using cosine
    neutral PH-Dim: 20.2241
  Computing PH-Dim for contradiction in lattice_containment using cosine
    contradiction PH-Dim: 22.5133
  Computing cross-class analysis for lattice_containment using cosine
  PH-Dim scores: {'entailment': 22.105106828177238, 'neutral': 20.224075439950603, 'contradiction': 22.51327780475873}

Saved results to /vol/bitbucket/ahb24/tda_entailment_new/xnli_results/phdim_values/ru/phdim_analysis/phdim_ru_seed500_20260117_165444.json

✓ RU - seed 500 complete!

RU Summary:
  Successful seeds: 5/5
  Failed seeds: 0/5

================================================================================
PROCESSING LANGUAGE 10/15: SW
================================================================================

------------------------------------------------------------
SEED 1/5: 42
------------------------------------------------------------
XNLI PH-Dimension Analyzer initialized for: sw (seed: 42)
Device: cuda
XNLI data: /vol/bitbucket/ahb24/tda_entailment_new/xnli_data/processed/xnli_sw_combined_SBERT.pt
Distance metrics: ['braycurtis', 'cosine']
Embedding spaces: ['sbert_concat', 'lattice_containment']
Loading XNLI data for sw...
XNLI data loaded:
  Premise embeddings: torch.Size([7500, 768])
  Hypothesis embeddings: torch.Size([7500, 768])
  Labels: 7500
  Language: sw
  Label distribution: {'neutral': 2500, 'contradiction': 2500, 'entailment': 2500}
================================================================================
PH-DIMENSION ANALYSIS - XNLI SW (seed: 42)
Device: cuda
================================================================================
Extracting embedding spaces...
  entailment: 2500 samples
  neutral: 2500 samples
  contradiction: 2500 samples
Extracting sbert_concat...
  sbert_concat entailment: torch.Size([2500, 1536])
  sbert_concat neutral: torch.Size([2500, 1536])
  sbert_concat contradiction: torch.Size([2500, 1536])
Extracting lattice_containment...
  lattice_containment entailment: torch.Size([2500, 768])
  lattice_containment neutral: torch.Size([2500, 768])
  lattice_containment contradiction: torch.Size([2500, 768])

============================================================
TESTING SPACE: sbert_concat
============================================================

--- Testing braycurtis metric ---
  Computing PH-Dim for entailment in sbert_concat using braycurtis
    entailment PH-Dim: 25.3637
  Computing PH-Dim for neutral in sbert_concat using braycurtis
    neutral PH-Dim: 29.2260
  Computing PH-Dim for contradiction in sbert_concat using braycurtis
    contradiction PH-Dim: 31.0471
  Computing cross-class analysis for sbert_concat using braycurtis
  PH-Dim scores: {'entailment': 25.363676944542892, 'neutral': 29.226011036030897, 'contradiction': 31.04714395937726}

--- Testing cosine metric ---
  Computing PH-Dim for entailment in sbert_concat using cosine
    entailment PH-Dim: 15.0583
  Computing PH-Dim for neutral in sbert_concat using cosine
    neutral PH-Dim: 18.4688
  Computing PH-Dim for contradiction in sbert_concat using cosine
    contradiction PH-Dim: 18.5909
  Computing cross-class analysis for sbert_concat using cosine
  PH-Dim scores: {'entailment': 15.058298736878843, 'neutral': 18.468835918818424, 'contradiction': 18.590899217262084}

============================================================
TESTING SPACE: lattice_containment
============================================================

--- Testing braycurtis metric ---
  Computing PH-Dim for entailment in lattice_containment using braycurtis
    entailment PH-Dim: 31.2746
  Computing PH-Dim for neutral in lattice_containment using braycurtis
    neutral PH-Dim: 33.3465
  Computing PH-Dim for contradiction in lattice_containment using braycurtis
    contradiction PH-Dim: 53.2562
  Computing cross-class analysis for lattice_containment using braycurtis
  PH-Dim scores: {'entailment': 31.274604534880556, 'neutral': 33.34650057482702, 'contradiction': 53.25623838736474}

--- Testing cosine metric ---
  Computing PH-Dim for entailment in lattice_containment using cosine
    entailment PH-Dim: 17.1827
  Computing PH-Dim for neutral in lattice_containment using cosine
    neutral PH-Dim: 21.0762
  Computing PH-Dim for contradiction in lattice_containment using cosine
    contradiction PH-Dim: 32.2123
  Computing cross-class analysis for lattice_containment using cosine
  PH-Dim scores: {'entailment': 17.182735711131784, 'neutral': 21.076150198604065, 'contradiction': 32.21231467994003}

Saved results to /vol/bitbucket/ahb24/tda_entailment_new/xnli_results/phdim_values/sw/phdim_analysis/phdim_sw_seed42_20260117_165444.json

✓ SW - seed 42 complete!

------------------------------------------------------------
SEED 2/5: 101
------------------------------------------------------------
XNLI PH-Dimension Analyzer initialized for: sw (seed: 101)
Device: cuda
XNLI data: /vol/bitbucket/ahb24/tda_entailment_new/xnli_data/processed/xnli_sw_combined_SBERT.pt
Distance metrics: ['braycurtis', 'cosine']
Embedding spaces: ['sbert_concat', 'lattice_containment']
Loading XNLI data for sw...
XNLI data loaded:
  Premise embeddings: torch.Size([7500, 768])
  Hypothesis embeddings: torch.Size([7500, 768])
  Labels: 7500
  Language: sw
  Label distribution: {'neutral': 2500, 'contradiction': 2500, 'entailment': 2500}
================================================================================
PH-DIMENSION ANALYSIS - XNLI SW (seed: 101)
Device: cuda
================================================================================
Extracting embedding spaces...
  entailment: 2500 samples
  neutral: 2500 samples
  contradiction: 2500 samples
Extracting sbert_concat...
  sbert_concat entailment: torch.Size([2500, 1536])
  sbert_concat neutral: torch.Size([2500, 1536])
  sbert_concat contradiction: torch.Size([2500, 1536])
Extracting lattice_containment...
  lattice_containment entailment: torch.Size([2500, 768])
  lattice_containment neutral: torch.Size([2500, 768])
  lattice_containment contradiction: torch.Size([2500, 768])

============================================================
TESTING SPACE: sbert_concat
============================================================

--- Testing braycurtis metric ---
  Computing PH-Dim for entailment in sbert_concat using braycurtis
    entailment PH-Dim: 24.9075
  Computing PH-Dim for neutral in sbert_concat using braycurtis
    neutral PH-Dim: 27.6216
  Computing PH-Dim for contradiction in sbert_concat using braycurtis
    contradiction PH-Dim: 25.6197
  Computing cross-class analysis for sbert_concat using braycurtis
  PH-Dim scores: {'entailment': 24.907511869113268, 'neutral': 27.62156248986174, 'contradiction': 25.619719665775587}

--- Testing cosine metric ---
  Computing PH-Dim for entailment in sbert_concat using cosine
    entailment PH-Dim: 14.8117
  Computing PH-Dim for neutral in sbert_concat using cosine
    neutral PH-Dim: 16.8113
  Computing PH-Dim for contradiction in sbert_concat using cosine
    contradiction PH-Dim: 15.2323
  Computing cross-class analysis for sbert_concat using cosine
  PH-Dim scores: {'entailment': 14.811659088227755, 'neutral': 16.811312031037648, 'contradiction': 15.232267924793177}

============================================================
TESTING SPACE: lattice_containment
============================================================

--- Testing braycurtis metric ---
  Computing PH-Dim for entailment in lattice_containment using braycurtis
    entailment PH-Dim: 29.1275
  Computing PH-Dim for neutral in lattice_containment using braycurtis
    neutral PH-Dim: 33.9842
  Computing PH-Dim for contradiction in lattice_containment using braycurtis
    contradiction PH-Dim: 27.4071
  Computing cross-class analysis for lattice_containment using braycurtis
  PH-Dim scores: {'entailment': 29.127519162833195, 'neutral': 33.984192803001584, 'contradiction': 27.407084114849486}

--- Testing cosine metric ---
  Computing PH-Dim for entailment in lattice_containment using cosine
    entailment PH-Dim: 17.1955
  Computing PH-Dim for neutral in lattice_containment using cosine
    neutral PH-Dim: 22.0048
  Computing PH-Dim for contradiction in lattice_containment using cosine
    contradiction PH-Dim: 17.0782
  Computing cross-class analysis for lattice_containment using cosine
  PH-Dim scores: {'entailment': 17.195489206499985, 'neutral': 22.004764994444827, 'contradiction': 17.07824447433894}

Saved results to /vol/bitbucket/ahb24/tda_entailment_new/xnli_results/phdim_values/sw/phdim_analysis/phdim_sw_seed101_20260117_165444.json

✓ SW - seed 101 complete!

------------------------------------------------------------
SEED 3/5: 333
------------------------------------------------------------
XNLI PH-Dimension Analyzer initialized for: sw (seed: 333)
Device: cuda
XNLI data: /vol/bitbucket/ahb24/tda_entailment_new/xnli_data/processed/xnli_sw_combined_SBERT.pt
Distance metrics: ['braycurtis', 'cosine']
Embedding spaces: ['sbert_concat', 'lattice_containment']
Loading XNLI data for sw...
XNLI data loaded:
  Premise embeddings: torch.Size([7500, 768])
  Hypothesis embeddings: torch.Size([7500, 768])
  Labels: 7500
  Language: sw
  Label distribution: {'neutral': 2500, 'contradiction': 2500, 'entailment': 2500}
================================================================================
PH-DIMENSION ANALYSIS - XNLI SW (seed: 333)
Device: cuda
================================================================================
Extracting embedding spaces...
  entailment: 2500 samples
  neutral: 2500 samples
  contradiction: 2500 samples
Extracting sbert_concat...
  sbert_concat entailment: torch.Size([2500, 1536])
  sbert_concat neutral: torch.Size([2500, 1536])
  sbert_concat contradiction: torch.Size([2500, 1536])
Extracting lattice_containment...
  lattice_containment entailment: torch.Size([2500, 768])
  lattice_containment neutral: torch.Size([2500, 768])
  lattice_containment contradiction: torch.Size([2500, 768])

============================================================
TESTING SPACE: sbert_concat
============================================================

--- Testing braycurtis metric ---
  Computing PH-Dim for entailment in sbert_concat using braycurtis
    entailment PH-Dim: 22.8701
  Computing PH-Dim for neutral in sbert_concat using braycurtis
    neutral PH-Dim: 26.0445
  Computing PH-Dim for contradiction in sbert_concat using braycurtis
    contradiction PH-Dim: 23.8790
  Computing cross-class analysis for sbert_concat using braycurtis
  PH-Dim scores: {'entailment': 22.87010060240123, 'neutral': 26.044522447590563, 'contradiction': 23.879042141761545}

--- Testing cosine metric ---
  Computing PH-Dim for entailment in sbert_concat using cosine
    entailment PH-Dim: 13.8006
  Computing PH-Dim for neutral in sbert_concat using cosine
    neutral PH-Dim: 15.4340
  Computing PH-Dim for contradiction in sbert_concat using cosine
    contradiction PH-Dim: 14.3611
  Computing cross-class analysis for sbert_concat using cosine
  PH-Dim scores: {'entailment': 13.800638611183647, 'neutral': 15.433968925710136, 'contradiction': 14.361127433533113}

============================================================
TESTING SPACE: lattice_containment
============================================================

--- Testing braycurtis metric ---
  Computing PH-Dim for entailment in lattice_containment using braycurtis
    entailment PH-Dim: 29.2660
  Computing PH-Dim for neutral in lattice_containment using braycurtis
    neutral PH-Dim: 30.7340
  Computing PH-Dim for contradiction in lattice_containment using braycurtis
    contradiction PH-Dim: 32.3177
  Computing cross-class analysis for lattice_containment using braycurtis
  PH-Dim scores: {'entailment': 29.266016416393597, 'neutral': 30.73401018273692, 'contradiction': 32.3177369883778}

--- Testing cosine metric ---
  Computing PH-Dim for entailment in lattice_containment using cosine
    entailment PH-Dim: 16.9993
  Computing PH-Dim for neutral in lattice_containment using cosine
    neutral PH-Dim: 18.5184
  Computing PH-Dim for contradiction in lattice_containment using cosine
    contradiction PH-Dim: 19.1598
  Computing cross-class analysis for lattice_containment using cosine
  PH-Dim scores: {'entailment': 16.999306565952025, 'neutral': 18.518435009988806, 'contradiction': 19.159794248142067}

Saved results to /vol/bitbucket/ahb24/tda_entailment_new/xnli_results/phdim_values/sw/phdim_analysis/phdim_sw_seed333_20260117_165444.json

✓ SW - seed 333 complete!

------------------------------------------------------------
SEED 4/5: 444
------------------------------------------------------------
XNLI PH-Dimension Analyzer initialized for: sw (seed: 444)
Device: cuda
XNLI data: /vol/bitbucket/ahb24/tda_entailment_new/xnli_data/processed/xnli_sw_combined_SBERT.pt
Distance metrics: ['braycurtis', 'cosine']
Embedding spaces: ['sbert_concat', 'lattice_containment']
Loading XNLI data for sw...
XNLI data loaded:
  Premise embeddings: torch.Size([7500, 768])
  Hypothesis embeddings: torch.Size([7500, 768])
  Labels: 7500
  Language: sw
  Label distribution: {'neutral': 2500, 'contradiction': 2500, 'entailment': 2500}
================================================================================
PH-DIMENSION ANALYSIS - XNLI SW (seed: 444)
Device: cuda
================================================================================
Extracting embedding spaces...
  entailment: 2500 samples
  neutral: 2500 samples
  contradiction: 2500 samples
Extracting sbert_concat...
  sbert_concat entailment: torch.Size([2500, 1536])
  sbert_concat neutral: torch.Size([2500, 1536])
  sbert_concat contradiction: torch.Size([2500, 1536])
Extracting lattice_containment...
  lattice_containment entailment: torch.Size([2500, 768])
  lattice_containment neutral: torch.Size([2500, 768])
  lattice_containment contradiction: torch.Size([2500, 768])

============================================================
TESTING SPACE: sbert_concat
============================================================

--- Testing braycurtis metric ---
  Computing PH-Dim for entailment in sbert_concat using braycurtis
    entailment PH-Dim: 24.2963
  Computing PH-Dim for neutral in sbert_concat using braycurtis
    neutral PH-Dim: 19.8186
  Computing PH-Dim for contradiction in sbert_concat using braycurtis
    contradiction PH-Dim: 19.1805
  Computing cross-class analysis for sbert_concat using braycurtis
  PH-Dim scores: {'entailment': 24.29627096928457, 'neutral': 19.818636121392878, 'contradiction': 19.180454654184135}

--- Testing cosine metric ---
  Computing PH-Dim for entailment in sbert_concat using cosine
    entailment PH-Dim: 14.8704
  Computing PH-Dim for neutral in sbert_concat using cosine
    neutral PH-Dim: 12.1152
  Computing PH-Dim for contradiction in sbert_concat using cosine
    contradiction PH-Dim: 11.9350
  Computing cross-class analysis for sbert_concat using cosine
  PH-Dim scores: {'entailment': 14.870412751176383, 'neutral': 12.115152151469252, 'contradiction': 11.935002285054818}

============================================================
TESTING SPACE: lattice_containment
============================================================

--- Testing braycurtis metric ---
  Computing PH-Dim for entailment in lattice_containment using braycurtis
    entailment PH-Dim: 32.6848
  Computing PH-Dim for neutral in lattice_containment using braycurtis
    neutral PH-Dim: 23.0452
  Computing PH-Dim for contradiction in lattice_containment using braycurtis
    contradiction PH-Dim: 20.3409
  Computing cross-class analysis for lattice_containment using braycurtis
  PH-Dim scores: {'entailment': 32.684843470496624, 'neutral': 23.04516516560998, 'contradiction': 20.34087486753557}

--- Testing cosine metric ---
  Computing PH-Dim for entailment in lattice_containment using cosine
    entailment PH-Dim: 18.4209
  Computing PH-Dim for neutral in lattice_containment using cosine
    neutral PH-Dim: 14.2826
  Computing PH-Dim for contradiction in lattice_containment using cosine
    contradiction PH-Dim: 12.9467
  Computing cross-class analysis for lattice_containment using cosine
  PH-Dim scores: {'entailment': 18.420890648813863, 'neutral': 14.28262052124846, 'contradiction': 12.94667256293691}

Saved results to /vol/bitbucket/ahb24/tda_entailment_new/xnli_results/phdim_values/sw/phdim_analysis/phdim_sw_seed444_20260117_165444.json

✓ SW - seed 444 complete!

------------------------------------------------------------
SEED 5/5: 500
------------------------------------------------------------
XNLI PH-Dimension Analyzer initialized for: sw (seed: 500)
Device: cuda
XNLI data: /vol/bitbucket/ahb24/tda_entailment_new/xnli_data/processed/xnli_sw_combined_SBERT.pt
Distance metrics: ['braycurtis', 'cosine']
Embedding spaces: ['sbert_concat', 'lattice_containment']
Loading XNLI data for sw...
XNLI data loaded:
  Premise embeddings: torch.Size([7500, 768])
  Hypothesis embeddings: torch.Size([7500, 768])
  Labels: 7500
  Language: sw
  Label distribution: {'neutral': 2500, 'contradiction': 2500, 'entailment': 2500}
================================================================================
PH-DIMENSION ANALYSIS - XNLI SW (seed: 500)
Device: cuda
================================================================================
Extracting embedding spaces...
  entailment: 2500 samples
  neutral: 2500 samples
  contradiction: 2500 samples
Extracting sbert_concat...
  sbert_concat entailment: torch.Size([2500, 1536])
  sbert_concat neutral: torch.Size([2500, 1536])
  sbert_concat contradiction: torch.Size([2500, 1536])
Extracting lattice_containment...
  lattice_containment entailment: torch.Size([2500, 768])
  lattice_containment neutral: torch.Size([2500, 768])
  lattice_containment contradiction: torch.Size([2500, 768])

============================================================
TESTING SPACE: sbert_concat
============================================================

--- Testing braycurtis metric ---
  Computing PH-Dim for entailment in sbert_concat using braycurtis
    entailment PH-Dim: 33.2920
  Computing PH-Dim for neutral in sbert_concat using braycurtis
    neutral PH-Dim: 29.7618
  Computing PH-Dim for contradiction in sbert_concat using braycurtis
    contradiction PH-Dim: 27.6042
  Computing cross-class analysis for sbert_concat using braycurtis
  PH-Dim scores: {'entailment': 33.291970556156315, 'neutral': 29.761823799557533, 'contradiction': 27.604243621084137}

--- Testing cosine metric ---
  Computing PH-Dim for entailment in sbert_concat using cosine
    entailment PH-Dim: 19.9928
  Computing PH-Dim for neutral in sbert_concat using cosine
    neutral PH-Dim: 17.4593
  Computing PH-Dim for contradiction in sbert_concat using cosine
    contradiction PH-Dim: 16.4317
  Computing cross-class analysis for sbert_concat using cosine
  PH-Dim scores: {'entailment': 19.992789834805404, 'neutral': 17.459318888259578, 'contradiction': 16.43166997884141}

============================================================
TESTING SPACE: lattice_containment
============================================================

--- Testing braycurtis metric ---
  Computing PH-Dim for entailment in lattice_containment using braycurtis
    entailment PH-Dim: 46.9548
  Computing PH-Dim for neutral in lattice_containment using braycurtis
    neutral PH-Dim: 38.4045
  Computing PH-Dim for contradiction in lattice_containment using braycurtis
    contradiction PH-Dim: 42.5114
  Computing cross-class analysis for lattice_containment using braycurtis
  PH-Dim scores: {'entailment': 46.95475762975215, 'neutral': 38.40445847814365, 'contradiction': 42.511381335926565}

--- Testing cosine metric ---
  Computing PH-Dim for entailment in lattice_containment using cosine
    entailment PH-Dim: 26.8438
  Computing PH-Dim for neutral in lattice_containment using cosine
    neutral PH-Dim: 22.7214
  Computing PH-Dim for contradiction in lattice_containment using cosine
    contradiction PH-Dim: 25.5958
  Computing cross-class analysis for lattice_containment using cosine
  PH-Dim scores: {'entailment': 26.843789759370047, 'neutral': 22.721415491017712, 'contradiction': 25.59576381590307}

Saved results to /vol/bitbucket/ahb24/tda_entailment_new/xnli_results/phdim_values/sw/phdim_analysis/phdim_sw_seed500_20260117_165444.json

✓ SW - seed 500 complete!

SW Summary:
  Successful seeds: 5/5
  Failed seeds: 0/5

================================================================================
PROCESSING LANGUAGE 11/15: TH
================================================================================

------------------------------------------------------------
SEED 1/5: 42
------------------------------------------------------------
XNLI PH-Dimension Analyzer initialized for: th (seed: 42)
Device: cuda
XNLI data: /vol/bitbucket/ahb24/tda_entailment_new/xnli_data/processed/xnli_th_combined_SBERT.pt
Distance metrics: ['braycurtis', 'cosine']
Embedding spaces: ['sbert_concat', 'lattice_containment']
Loading XNLI data for th...
XNLI data loaded:
  Premise embeddings: torch.Size([7500, 768])
  Hypothesis embeddings: torch.Size([7500, 768])
  Labels: 7500
  Language: th
  Label distribution: {'neutral': 2500, 'contradiction': 2500, 'entailment': 2500}
================================================================================
PH-DIMENSION ANALYSIS - XNLI TH (seed: 42)
Device: cuda
================================================================================
Extracting embedding spaces...
  entailment: 2500 samples
  neutral: 2500 samples
  contradiction: 2500 samples
Extracting sbert_concat...
  sbert_concat entailment: torch.Size([2500, 1536])
  sbert_concat neutral: torch.Size([2500, 1536])
  sbert_concat contradiction: torch.Size([2500, 1536])
Extracting lattice_containment...
  lattice_containment entailment: torch.Size([2500, 768])
  lattice_containment neutral: torch.Size([2500, 768])
  lattice_containment contradiction: torch.Size([2500, 768])

============================================================
TESTING SPACE: sbert_concat
============================================================

--- Testing braycurtis metric ---
  Computing PH-Dim for entailment in sbert_concat using braycurtis
    entailment PH-Dim: 18.9883
  Computing PH-Dim for neutral in sbert_concat using braycurtis
    neutral PH-Dim: 23.2747
  Computing PH-Dim for contradiction in sbert_concat using braycurtis
    contradiction PH-Dim: 20.1665
  Computing cross-class analysis for sbert_concat using braycurtis
  PH-Dim scores: {'entailment': 18.988267325592126, 'neutral': 23.274680928615425, 'contradiction': 20.166491738325274}

--- Testing cosine metric ---
  Computing PH-Dim for entailment in sbert_concat using cosine
    entailment PH-Dim: 13.0755
  Computing PH-Dim for neutral in sbert_concat using cosine
    neutral PH-Dim: 16.1689
  Computing PH-Dim for contradiction in sbert_concat using cosine
    contradiction PH-Dim: 14.3179
  Computing cross-class analysis for sbert_concat using cosine
  PH-Dim scores: {'entailment': 13.075456742655438, 'neutral': 16.168861011125944, 'contradiction': 14.317942035458936}

============================================================
TESTING SPACE: lattice_containment
============================================================

--- Testing braycurtis metric ---
  Computing PH-Dim for entailment in lattice_containment using braycurtis
    entailment PH-Dim: 51.2925
  Computing PH-Dim for neutral in lattice_containment using braycurtis
    neutral PH-Dim: 57.1693
  Computing PH-Dim for contradiction in lattice_containment using braycurtis
    contradiction PH-Dim: 47.3792
  Computing cross-class analysis for lattice_containment using braycurtis
  PH-Dim scores: {'entailment': 51.29245004731712, 'neutral': 57.16929862058709, 'contradiction': 47.37923319427438}

--- Testing cosine metric ---
  Computing PH-Dim for entailment in lattice_containment using cosine
    entailment PH-Dim: 23.5262
  Computing PH-Dim for neutral in lattice_containment using cosine
    neutral PH-Dim: 32.4897
  Computing PH-Dim for contradiction in lattice_containment using cosine
    contradiction PH-Dim: 28.4405
  Computing cross-class analysis for lattice_containment using cosine
  PH-Dim scores: {'entailment': 23.526245673949532, 'neutral': 32.48967001854922, 'contradiction': 28.44051314815787}

Saved results to /vol/bitbucket/ahb24/tda_entailment_new/xnli_results/phdim_values/th/phdim_analysis/phdim_th_seed42_20260117_165444.json

✓ TH - seed 42 complete!

------------------------------------------------------------
SEED 2/5: 101
------------------------------------------------------------
XNLI PH-Dimension Analyzer initialized for: th (seed: 101)
Device: cuda
XNLI data: /vol/bitbucket/ahb24/tda_entailment_new/xnli_data/processed/xnli_th_combined_SBERT.pt
Distance metrics: ['braycurtis', 'cosine']
Embedding spaces: ['sbert_concat', 'lattice_containment']
Loading XNLI data for th...
XNLI data loaded:
  Premise embeddings: torch.Size([7500, 768])
  Hypothesis embeddings: torch.Size([7500, 768])
  Labels: 7500
  Language: th
  Label distribution: {'neutral': 2500, 'contradiction': 2500, 'entailment': 2500}
================================================================================
PH-DIMENSION ANALYSIS - XNLI TH (seed: 101)
Device: cuda
================================================================================
Extracting embedding spaces...
  entailment: 2500 samples
  neutral: 2500 samples
  contradiction: 2500 samples
Extracting sbert_concat...
  sbert_concat entailment: torch.Size([2500, 1536])
  sbert_concat neutral: torch.Size([2500, 1536])
  sbert_concat contradiction: torch.Size([2500, 1536])
Extracting lattice_containment...
  lattice_containment entailment: torch.Size([2500, 768])
  lattice_containment neutral: torch.Size([2500, 768])
  lattice_containment contradiction: torch.Size([2500, 768])

============================================================
TESTING SPACE: sbert_concat
============================================================

--- Testing braycurtis metric ---
  Computing PH-Dim for entailment in sbert_concat using braycurtis
    entailment PH-Dim: 16.5971
  Computing PH-Dim for neutral in sbert_concat using braycurtis
    neutral PH-Dim: 18.7786
  Computing PH-Dim for contradiction in sbert_concat using braycurtis
    contradiction PH-Dim: 18.6466
  Computing cross-class analysis for sbert_concat using braycurtis
  PH-Dim scores: {'entailment': 16.597102800446287, 'neutral': 18.778595265944016, 'contradiction': 18.64663977877905}

--- Testing cosine metric ---
  Computing PH-Dim for entailment in sbert_concat using cosine
    entailment PH-Dim: 11.2721
  Computing PH-Dim for neutral in sbert_concat using cosine
    neutral PH-Dim: 13.2460
  Computing PH-Dim for contradiction in sbert_concat using cosine
    contradiction PH-Dim: 12.8090
  Computing cross-class analysis for sbert_concat using cosine
  PH-Dim scores: {'entailment': 11.272068793521179, 'neutral': 13.24604845702088, 'contradiction': 12.80899687626596}

============================================================
TESTING SPACE: lattice_containment
============================================================

--- Testing braycurtis metric ---
  Computing PH-Dim for entailment in lattice_containment using braycurtis
    entailment PH-Dim: 37.9651
  Computing PH-Dim for neutral in lattice_containment using braycurtis
    neutral PH-Dim: 40.9917
  Computing PH-Dim for contradiction in lattice_containment using braycurtis
    contradiction PH-Dim: 36.5491
  Computing cross-class analysis for lattice_containment using braycurtis
  PH-Dim scores: {'entailment': 37.96509288961578, 'neutral': 40.99174451749806, 'contradiction': 36.54905078105336}

--- Testing cosine metric ---
  Computing PH-Dim for entailment in lattice_containment using cosine
    entailment PH-Dim: 19.1106
  Computing PH-Dim for neutral in lattice_containment using cosine
    neutral PH-Dim: 23.1354
  Computing PH-Dim for contradiction in lattice_containment using cosine
    contradiction PH-Dim: 22.4640
  Computing cross-class analysis for lattice_containment using cosine
  PH-Dim scores: {'entailment': 19.110644359834136, 'neutral': 23.135433808716144, 'contradiction': 22.463965803421807}

Saved results to /vol/bitbucket/ahb24/tda_entailment_new/xnli_results/phdim_values/th/phdim_analysis/phdim_th_seed101_20260117_165444.json

✓ TH - seed 101 complete!

------------------------------------------------------------
SEED 3/5: 333
------------------------------------------------------------
XNLI PH-Dimension Analyzer initialized for: th (seed: 333)
Device: cuda
XNLI data: /vol/bitbucket/ahb24/tda_entailment_new/xnli_data/processed/xnli_th_combined_SBERT.pt
Distance metrics: ['braycurtis', 'cosine']
Embedding spaces: ['sbert_concat', 'lattice_containment']
Loading XNLI data for th...
XNLI data loaded:
  Premise embeddings: torch.Size([7500, 768])
  Hypothesis embeddings: torch.Size([7500, 768])
  Labels: 7500
  Language: th
  Label distribution: {'neutral': 2500, 'contradiction': 2500, 'entailment': 2500}
================================================================================
PH-DIMENSION ANALYSIS - XNLI TH (seed: 333)
Device: cuda
================================================================================
Extracting embedding spaces...
  entailment: 2500 samples
  neutral: 2500 samples
  contradiction: 2500 samples
Extracting sbert_concat...
  sbert_concat entailment: torch.Size([2500, 1536])
  sbert_concat neutral: torch.Size([2500, 1536])
  sbert_concat contradiction: torch.Size([2500, 1536])
Extracting lattice_containment...
  lattice_containment entailment: torch.Size([2500, 768])
  lattice_containment neutral: torch.Size([2500, 768])
  lattice_containment contradiction: torch.Size([2500, 768])

============================================================
TESTING SPACE: sbert_concat
============================================================

--- Testing braycurtis metric ---
  Computing PH-Dim for entailment in sbert_concat using braycurtis
    entailment PH-Dim: 18.3716
  Computing PH-Dim for neutral in sbert_concat using braycurtis
    neutral PH-Dim: 21.0867
  Computing PH-Dim for contradiction in sbert_concat using braycurtis
    contradiction PH-Dim: 19.4267
  Computing cross-class analysis for sbert_concat using braycurtis
  PH-Dim scores: {'entailment': 18.371648951227627, 'neutral': 21.086731863340145, 'contradiction': 19.426742401032904}

--- Testing cosine metric ---
  Computing PH-Dim for entailment in sbert_concat using cosine
    entailment PH-Dim: 12.4768
  Computing PH-Dim for neutral in sbert_concat using cosine
    neutral PH-Dim: 14.6550
  Computing PH-Dim for contradiction in sbert_concat using cosine
    contradiction PH-Dim: 13.5287
  Computing cross-class analysis for sbert_concat using cosine
  PH-Dim scores: {'entailment': 12.476788391406375, 'neutral': 14.654975703679863, 'contradiction': 13.52871163826383}

============================================================
TESTING SPACE: lattice_containment
============================================================

--- Testing braycurtis metric ---
  Computing PH-Dim for entailment in lattice_containment using braycurtis
    entailment PH-Dim: 44.2747
  Computing PH-Dim for neutral in lattice_containment using braycurtis
    neutral PH-Dim: 35.0683
  Computing PH-Dim for contradiction in lattice_containment using braycurtis
    contradiction PH-Dim: 47.9229
  Computing cross-class analysis for lattice_containment using braycurtis
  PH-Dim scores: {'entailment': 44.27473106556265, 'neutral': 35.06825055737229, 'contradiction': 47.92291448108235}

--- Testing cosine metric ---
  Computing PH-Dim for entailment in lattice_containment using cosine
    entailment PH-Dim: 21.5102
  Computing PH-Dim for neutral in lattice_containment using cosine
    neutral PH-Dim: 22.4581
  Computing PH-Dim for contradiction in lattice_containment using cosine
    contradiction PH-Dim: 28.5552
  Computing cross-class analysis for lattice_containment using cosine
  PH-Dim scores: {'entailment': 21.510216986991153, 'neutral': 22.458062113044026, 'contradiction': 28.555163363452444}

Saved results to /vol/bitbucket/ahb24/tda_entailment_new/xnli_results/phdim_values/th/phdim_analysis/phdim_th_seed333_20260117_165444.json

✓ TH - seed 333 complete!

------------------------------------------------------------
SEED 4/5: 444
------------------------------------------------------------
XNLI PH-Dimension Analyzer initialized for: th (seed: 444)
Device: cuda
XNLI data: /vol/bitbucket/ahb24/tda_entailment_new/xnli_data/processed/xnli_th_combined_SBERT.pt
Distance metrics: ['braycurtis', 'cosine']
Embedding spaces: ['sbert_concat', 'lattice_containment']
Loading XNLI data for th...
XNLI data loaded:
  Premise embeddings: torch.Size([7500, 768])
  Hypothesis embeddings: torch.Size([7500, 768])
  Labels: 7500
  Language: th
  Label distribution: {'neutral': 2500, 'contradiction': 2500, 'entailment': 2500}
================================================================================
PH-DIMENSION ANALYSIS - XNLI TH (seed: 444)
Device: cuda
================================================================================
Extracting embedding spaces...
  entailment: 2500 samples
  neutral: 2500 samples
  contradiction: 2500 samples
Extracting sbert_concat...
  sbert_concat entailment: torch.Size([2500, 1536])
  sbert_concat neutral: torch.Size([2500, 1536])
  sbert_concat contradiction: torch.Size([2500, 1536])
Extracting lattice_containment...
  lattice_containment entailment: torch.Size([2500, 768])
  lattice_containment neutral: torch.Size([2500, 768])
  lattice_containment contradiction: torch.Size([2500, 768])

============================================================
TESTING SPACE: sbert_concat
============================================================

--- Testing braycurtis metric ---
  Computing PH-Dim for entailment in sbert_concat using braycurtis
    entailment PH-Dim: 17.1292
  Computing PH-Dim for neutral in sbert_concat using braycurtis
    neutral PH-Dim: 19.9815
  Computing PH-Dim for contradiction in sbert_concat using braycurtis
    contradiction PH-Dim: 18.7130
  Computing cross-class analysis for sbert_concat using braycurtis
  PH-Dim scores: {'entailment': 17.12920884757058, 'neutral': 19.98148431391909, 'contradiction': 18.713022792610012}

--- Testing cosine metric ---
  Computing PH-Dim for entailment in sbert_concat using cosine
    entailment PH-Dim: 11.7609
  Computing PH-Dim for neutral in sbert_concat using cosine
    neutral PH-Dim: 13.9186
  Computing PH-Dim for contradiction in sbert_concat using cosine
    contradiction PH-Dim: 12.8823
  Computing cross-class analysis for sbert_concat using cosine
  PH-Dim scores: {'entailment': 11.76091646597089, 'neutral': 13.918555883755555, 'contradiction': 12.882273189559903}

============================================================
TESTING SPACE: lattice_containment
============================================================

--- Testing braycurtis metric ---
  Computing PH-Dim for entailment in lattice_containment using braycurtis
    entailment PH-Dim: 60.1820
  Computing PH-Dim for neutral in lattice_containment using braycurtis
    neutral PH-Dim: 62.7157
  Computing PH-Dim for contradiction in lattice_containment using braycurtis
    contradiction PH-Dim: 41.2192
  Computing cross-class analysis for lattice_containment using braycurtis
  PH-Dim scores: {'entailment': 60.182007770520535, 'neutral': 62.71569022762639, 'contradiction': 41.21918808855516}

--- Testing cosine metric ---
  Computing PH-Dim for entailment in lattice_containment using cosine
    entailment PH-Dim: 24.8569
  Computing PH-Dim for neutral in lattice_containment using cosine
    neutral PH-Dim: 29.5872
  Computing PH-Dim for contradiction in lattice_containment using cosine
    contradiction PH-Dim: 25.5216
  Computing cross-class analysis for lattice_containment using cosine
  PH-Dim scores: {'entailment': 24.856894643699416, 'neutral': 29.58719929537253, 'contradiction': 25.52162202394524}

Saved results to /vol/bitbucket/ahb24/tda_entailment_new/xnli_results/phdim_values/th/phdim_analysis/phdim_th_seed444_20260117_165444.json

✓ TH - seed 444 complete!

------------------------------------------------------------
SEED 5/5: 500
------------------------------------------------------------
XNLI PH-Dimension Analyzer initialized for: th (seed: 500)
Device: cuda
XNLI data: /vol/bitbucket/ahb24/tda_entailment_new/xnli_data/processed/xnli_th_combined_SBERT.pt
Distance metrics: ['braycurtis', 'cosine']
Embedding spaces: ['sbert_concat', 'lattice_containment']
Loading XNLI data for th...
XNLI data loaded:
  Premise embeddings: torch.Size([7500, 768])
  Hypothesis embeddings: torch.Size([7500, 768])
  Labels: 7500
  Language: th
  Label distribution: {'neutral': 2500, 'contradiction': 2500, 'entailment': 2500}
================================================================================
PH-DIMENSION ANALYSIS - XNLI TH (seed: 500)
Device: cuda
================================================================================
Extracting embedding spaces...
  entailment: 2500 samples
  neutral: 2500 samples
  contradiction: 2500 samples
Extracting sbert_concat...
  sbert_concat entailment: torch.Size([2500, 1536])
  sbert_concat neutral: torch.Size([2500, 1536])
  sbert_concat contradiction: torch.Size([2500, 1536])
Extracting lattice_containment...
  lattice_containment entailment: torch.Size([2500, 768])
  lattice_containment neutral: torch.Size([2500, 768])
  lattice_containment contradiction: torch.Size([2500, 768])

============================================================
TESTING SPACE: sbert_concat
============================================================

--- Testing braycurtis metric ---
  Computing PH-Dim for entailment in sbert_concat using braycurtis
    entailment PH-Dim: 18.4185
  Computing PH-Dim for neutral in sbert_concat using braycurtis
    neutral PH-Dim: 19.2247
  Computing PH-Dim for contradiction in sbert_concat using braycurtis
    contradiction PH-Dim: 20.5142
  Computing cross-class analysis for sbert_concat using braycurtis
  PH-Dim scores: {'entailment': 18.418508564308496, 'neutral': 19.224714289372073, 'contradiction': 20.514244831874397}

--- Testing cosine metric ---
  Computing PH-Dim for entailment in sbert_concat using cosine
    entailment PH-Dim: 12.4660
  Computing PH-Dim for neutral in sbert_concat using cosine
    neutral PH-Dim: 13.2887
  Computing PH-Dim for contradiction in sbert_concat using cosine
    contradiction PH-Dim: 14.2776
  Computing cross-class analysis for sbert_concat using cosine
  PH-Dim scores: {'entailment': 12.465953292703817, 'neutral': 13.288700075848503, 'contradiction': 14.277561404216316}

============================================================
TESTING SPACE: lattice_containment
============================================================

--- Testing braycurtis metric ---
  Computing PH-Dim for entailment in lattice_containment using braycurtis
    entailment PH-Dim: 39.3604
  Computing PH-Dim for neutral in lattice_containment using braycurtis
    neutral PH-Dim: 37.1089
  Computing PH-Dim for contradiction in lattice_containment using braycurtis
    contradiction PH-Dim: 38.2090
  Computing cross-class analysis for lattice_containment using braycurtis
  PH-Dim scores: {'entailment': 39.36036746493047, 'neutral': 37.10889823066369, 'contradiction': 38.20902549472147}

--- Testing cosine metric ---
  Computing PH-Dim for entailment in lattice_containment using cosine
    entailment PH-Dim: 20.3448
  Computing PH-Dim for neutral in lattice_containment using cosine
    neutral PH-Dim: 20.3590
  Computing PH-Dim for contradiction in lattice_containment using cosine
    contradiction PH-Dim: 24.9272
  Computing cross-class analysis for lattice_containment using cosine
  PH-Dim scores: {'entailment': 20.344793207056675, 'neutral': 20.35895313899177, 'contradiction': 24.927175703576903}

Saved results to /vol/bitbucket/ahb24/tda_entailment_new/xnli_results/phdim_values/th/phdim_analysis/phdim_th_seed500_20260117_165444.json

✓ TH - seed 500 complete!

TH Summary:
  Successful seeds: 5/5
  Failed seeds: 0/5

================================================================================
PROCESSING LANGUAGE 12/15: TR
================================================================================

------------------------------------------------------------
SEED 1/5: 42
------------------------------------------------------------
XNLI PH-Dimension Analyzer initialized for: tr (seed: 42)
Device: cuda
XNLI data: /vol/bitbucket/ahb24/tda_entailment_new/xnli_data/processed/xnli_tr_combined_SBERT.pt
Distance metrics: ['braycurtis', 'cosine']
Embedding spaces: ['sbert_concat', 'lattice_containment']
Loading XNLI data for tr...
XNLI data loaded:
  Premise embeddings: torch.Size([7500, 768])
  Hypothesis embeddings: torch.Size([7500, 768])
  Labels: 7500
  Language: tr
  Label distribution: {'neutral': 2500, 'contradiction': 2500, 'entailment': 2500}
================================================================================
PH-DIMENSION ANALYSIS - XNLI TR (seed: 42)
Device: cuda
================================================================================
Extracting embedding spaces...
  entailment: 2500 samples
  neutral: 2500 samples
  contradiction: 2500 samples
Extracting sbert_concat...
  sbert_concat entailment: torch.Size([2500, 1536])
  sbert_concat neutral: torch.Size([2500, 1536])
  sbert_concat contradiction: torch.Size([2500, 1536])
Extracting lattice_containment...
  lattice_containment entailment: torch.Size([2500, 768])
  lattice_containment neutral: torch.Size([2500, 768])
  lattice_containment contradiction: torch.Size([2500, 768])

============================================================
TESTING SPACE: sbert_concat
============================================================

--- Testing braycurtis metric ---
  Computing PH-Dim for entailment in sbert_concat using braycurtis
    entailment PH-Dim: 18.6807
  Computing PH-Dim for neutral in sbert_concat using braycurtis
    neutral PH-Dim: 20.9961
  Computing PH-Dim for contradiction in sbert_concat using braycurtis
    contradiction PH-Dim: 19.6069
  Computing cross-class analysis for sbert_concat using braycurtis
  PH-Dim scores: {'entailment': 18.6806805803468, 'neutral': 20.996070538050407, 'contradiction': 19.60686901087175}

--- Testing cosine metric ---
  Computing PH-Dim for entailment in sbert_concat using cosine
    entailment PH-Dim: 12.9185
  Computing PH-Dim for neutral in sbert_concat using cosine
    neutral PH-Dim: 14.7787
  Computing PH-Dim for contradiction in sbert_concat using cosine
    contradiction PH-Dim: 14.0764
  Computing cross-class analysis for sbert_concat using cosine
  PH-Dim scores: {'entailment': 12.918490910288787, 'neutral': 14.778666850565454, 'contradiction': 14.07644525226219}

============================================================
TESTING SPACE: lattice_containment
============================================================

--- Testing braycurtis metric ---
  Computing PH-Dim for entailment in lattice_containment using braycurtis
    entailment PH-Dim: 48.6978
  Computing PH-Dim for neutral in lattice_containment using braycurtis
    neutral PH-Dim: 66.2623
  Computing PH-Dim for contradiction in lattice_containment using braycurtis
    contradiction PH-Dim: 41.1864
  Computing cross-class analysis for lattice_containment using braycurtis
  PH-Dim scores: {'entailment': 48.69775267772903, 'neutral': 66.26228263877306, 'contradiction': 41.18643969224716}

--- Testing cosine metric ---
  Computing PH-Dim for entailment in lattice_containment using cosine
    entailment PH-Dim: 23.8095
  Computing PH-Dim for neutral in lattice_containment using cosine
    neutral PH-Dim: 30.7474
  Computing PH-Dim for contradiction in lattice_containment using cosine
    contradiction PH-Dim: 26.0649
  Computing cross-class analysis for lattice_containment using cosine
  PH-Dim scores: {'entailment': 23.809470395577804, 'neutral': 30.747415660209903, 'contradiction': 26.06493680342097}

Saved results to /vol/bitbucket/ahb24/tda_entailment_new/xnli_results/phdim_values/tr/phdim_analysis/phdim_tr_seed42_20260117_165444.json

✓ TR - seed 42 complete!

------------------------------------------------------------
SEED 2/5: 101
------------------------------------------------------------
XNLI PH-Dimension Analyzer initialized for: tr (seed: 101)
Device: cuda
XNLI data: /vol/bitbucket/ahb24/tda_entailment_new/xnli_data/processed/xnli_tr_combined_SBERT.pt
Distance metrics: ['braycurtis', 'cosine']
Embedding spaces: ['sbert_concat', 'lattice_containment']
Loading XNLI data for tr...
XNLI data loaded:
  Premise embeddings: torch.Size([7500, 768])
  Hypothesis embeddings: torch.Size([7500, 768])
  Labels: 7500
  Language: tr
  Label distribution: {'neutral': 2500, 'contradiction': 2500, 'entailment': 2500}
================================================================================
PH-DIMENSION ANALYSIS - XNLI TR (seed: 101)
Device: cuda
================================================================================
Extracting embedding spaces...
  entailment: 2500 samples
  neutral: 2500 samples
  contradiction: 2500 samples
Extracting sbert_concat...
  sbert_concat entailment: torch.Size([2500, 1536])
  sbert_concat neutral: torch.Size([2500, 1536])
  sbert_concat contradiction: torch.Size([2500, 1536])
Extracting lattice_containment...
  lattice_containment entailment: torch.Size([2500, 768])
  lattice_containment neutral: torch.Size([2500, 768])
  lattice_containment contradiction: torch.Size([2500, 768])

============================================================
TESTING SPACE: sbert_concat
============================================================

--- Testing braycurtis metric ---
  Computing PH-Dim for entailment in sbert_concat using braycurtis
    entailment PH-Dim: 15.9804
  Computing PH-Dim for neutral in sbert_concat using braycurtis
    neutral PH-Dim: 19.0349
  Computing PH-Dim for contradiction in sbert_concat using braycurtis
    contradiction PH-Dim: 17.5503
  Computing cross-class analysis for sbert_concat using braycurtis
  PH-Dim scores: {'entailment': 15.980448162709397, 'neutral': 19.03493293391308, 'contradiction': 17.550255751568393}

--- Testing cosine metric ---
  Computing PH-Dim for entailment in sbert_concat using cosine
    entailment PH-Dim: 10.9583
  Computing PH-Dim for neutral in sbert_concat using cosine
    neutral PH-Dim: 13.5586
  Computing PH-Dim for contradiction in sbert_concat using cosine
    contradiction PH-Dim: 12.1302
  Computing cross-class analysis for sbert_concat using cosine
  PH-Dim scores: {'entailment': 10.958274503597407, 'neutral': 13.558576102664441, 'contradiction': 12.130248470721078}

============================================================
TESTING SPACE: lattice_containment
============================================================

--- Testing braycurtis metric ---
  Computing PH-Dim for entailment in lattice_containment using braycurtis
    entailment PH-Dim: 39.5789
  Computing PH-Dim for neutral in lattice_containment using braycurtis
    neutral PH-Dim: 43.6421
  Computing PH-Dim for contradiction in lattice_containment using braycurtis
    contradiction PH-Dim: 39.8368
  Computing cross-class analysis for lattice_containment using braycurtis
  PH-Dim scores: {'entailment': 39.5788596411263, 'neutral': 43.64205188812877, 'contradiction': 39.836778114610745}

--- Testing cosine metric ---
  Computing PH-Dim for entailment in lattice_containment using cosine
    entailment PH-Dim: 19.0017
  Computing PH-Dim for neutral in lattice_containment using cosine
    neutral PH-Dim: 25.0820
  Computing PH-Dim for contradiction in lattice_containment using cosine
    contradiction PH-Dim: 21.7727
  Computing cross-class analysis for lattice_containment using cosine
  PH-Dim scores: {'entailment': 19.001656202567933, 'neutral': 25.08197624392484, 'contradiction': 21.772693834293676}

Saved results to /vol/bitbucket/ahb24/tda_entailment_new/xnli_results/phdim_values/tr/phdim_analysis/phdim_tr_seed101_20260117_165444.json

✓ TR - seed 101 complete!

------------------------------------------------------------
SEED 3/5: 333
------------------------------------------------------------
XNLI PH-Dimension Analyzer initialized for: tr (seed: 333)
Device: cuda
XNLI data: /vol/bitbucket/ahb24/tda_entailment_new/xnli_data/processed/xnli_tr_combined_SBERT.pt
Distance metrics: ['braycurtis', 'cosine']
Embedding spaces: ['sbert_concat', 'lattice_containment']
Loading XNLI data for tr...
XNLI data loaded:
  Premise embeddings: torch.Size([7500, 768])
  Hypothesis embeddings: torch.Size([7500, 768])
  Labels: 7500
  Language: tr
  Label distribution: {'neutral': 2500, 'contradiction': 2500, 'entailment': 2500}
================================================================================
PH-DIMENSION ANALYSIS - XNLI TR (seed: 333)
Device: cuda
================================================================================
Extracting embedding spaces...
  entailment: 2500 samples
  neutral: 2500 samples
  contradiction: 2500 samples
Extracting sbert_concat...
  sbert_concat entailment: torch.Size([2500, 1536])
  sbert_concat neutral: torch.Size([2500, 1536])
  sbert_concat contradiction: torch.Size([2500, 1536])
Extracting lattice_containment...
  lattice_containment entailment: torch.Size([2500, 768])
  lattice_containment neutral: torch.Size([2500, 768])
  lattice_containment contradiction: torch.Size([2500, 768])

============================================================
TESTING SPACE: sbert_concat
============================================================

--- Testing braycurtis metric ---
  Computing PH-Dim for entailment in sbert_concat using braycurtis
    entailment PH-Dim: 18.1726
  Computing PH-Dim for neutral in sbert_concat using braycurtis
    neutral PH-Dim: 21.1239
  Computing PH-Dim for contradiction in sbert_concat using braycurtis
    contradiction PH-Dim: 19.8552
  Computing cross-class analysis for sbert_concat using braycurtis
  PH-Dim scores: {'entailment': 18.17259932949672, 'neutral': 21.123926716681943, 'contradiction': 19.85523256471977}

--- Testing cosine metric ---
  Computing PH-Dim for entailment in sbert_concat using cosine
    entailment PH-Dim: 12.4824
  Computing PH-Dim for neutral in sbert_concat using cosine
    neutral PH-Dim: 14.7482
  Computing PH-Dim for contradiction in sbert_concat using cosine
    contradiction PH-Dim: 14.0287
  Computing cross-class analysis for sbert_concat using cosine
  PH-Dim scores: {'entailment': 12.48239341039331, 'neutral': 14.748159322747972, 'contradiction': 14.028671511993661}

============================================================
TESTING SPACE: lattice_containment
============================================================

--- Testing braycurtis metric ---
  Computing PH-Dim for entailment in lattice_containment using braycurtis
    entailment PH-Dim: 48.8251
  Computing PH-Dim for neutral in lattice_containment using braycurtis
    neutral PH-Dim: 39.1829
  Computing PH-Dim for contradiction in lattice_containment using braycurtis
    contradiction PH-Dim: 50.0764
  Computing cross-class analysis for lattice_containment using braycurtis
  PH-Dim scores: {'entailment': 48.82511992601937, 'neutral': 39.18292868507791, 'contradiction': 50.076414491757525}

--- Testing cosine metric ---
  Computing PH-Dim for entailment in lattice_containment using cosine
    entailment PH-Dim: 24.2675
  Computing PH-Dim for neutral in lattice_containment using cosine
    neutral PH-Dim: 24.2853
  Computing PH-Dim for contradiction in lattice_containment using cosine
    contradiction PH-Dim: 30.7994
  Computing cross-class analysis for lattice_containment using cosine
  PH-Dim scores: {'entailment': 24.26754839931439, 'neutral': 24.285284169585562, 'contradiction': 30.79944951812218}

Saved results to /vol/bitbucket/ahb24/tda_entailment_new/xnli_results/phdim_values/tr/phdim_analysis/phdim_tr_seed333_20260117_165444.json

✓ TR - seed 333 complete!

------------------------------------------------------------
SEED 4/5: 444
------------------------------------------------------------
XNLI PH-Dimension Analyzer initialized for: tr (seed: 444)
Device: cuda
XNLI data: /vol/bitbucket/ahb24/tda_entailment_new/xnli_data/processed/xnli_tr_combined_SBERT.pt
Distance metrics: ['braycurtis', 'cosine']
Embedding spaces: ['sbert_concat', 'lattice_containment']
Loading XNLI data for tr...
XNLI data loaded:
  Premise embeddings: torch.Size([7500, 768])
  Hypothesis embeddings: torch.Size([7500, 768])
  Labels: 7500
  Language: tr
  Label distribution: {'neutral': 2500, 'contradiction': 2500, 'entailment': 2500}
================================================================================
PH-DIMENSION ANALYSIS - XNLI TR (seed: 444)
Device: cuda
================================================================================
Extracting embedding spaces...
  entailment: 2500 samples
  neutral: 2500 samples
  contradiction: 2500 samples
Extracting sbert_concat...
  sbert_concat entailment: torch.Size([2500, 1536])
  sbert_concat neutral: torch.Size([2500, 1536])
  sbert_concat contradiction: torch.Size([2500, 1536])
Extracting lattice_containment...
  lattice_containment entailment: torch.Size([2500, 768])
  lattice_containment neutral: torch.Size([2500, 768])
  lattice_containment contradiction: torch.Size([2500, 768])

============================================================
TESTING SPACE: sbert_concat
============================================================

--- Testing braycurtis metric ---
  Computing PH-Dim for entailment in sbert_concat using braycurtis
    entailment PH-Dim: 17.1996
  Computing PH-Dim for neutral in sbert_concat using braycurtis
    neutral PH-Dim: 20.4697
  Computing PH-Dim for contradiction in sbert_concat using braycurtis
    contradiction PH-Dim: 17.8597
  Computing cross-class analysis for sbert_concat using braycurtis
  PH-Dim scores: {'entailment': 17.19959176640835, 'neutral': 20.4696944653386, 'contradiction': 17.859700950920598}

--- Testing cosine metric ---
  Computing PH-Dim for entailment in sbert_concat using cosine
    entailment PH-Dim: 11.8610
  Computing PH-Dim for neutral in sbert_concat using cosine
    neutral PH-Dim: 14.4920
  Computing PH-Dim for contradiction in sbert_concat using cosine
    contradiction PH-Dim: 12.5439
  Computing cross-class analysis for sbert_concat using cosine
  PH-Dim scores: {'entailment': 11.861013542130287, 'neutral': 14.492037232252729, 'contradiction': 12.543886020430623}

============================================================
TESTING SPACE: lattice_containment
============================================================

--- Testing braycurtis metric ---
  Computing PH-Dim for entailment in lattice_containment using braycurtis
    entailment PH-Dim: 39.1640
  Computing PH-Dim for neutral in lattice_containment using braycurtis
    neutral PH-Dim: 60.3322
  Computing PH-Dim for contradiction in lattice_containment using braycurtis
    contradiction PH-Dim: 39.4892
  Computing cross-class analysis for lattice_containment using braycurtis
  PH-Dim scores: {'entailment': 39.164032593200666, 'neutral': 60.33215721664477, 'contradiction': 39.489164863079836}

--- Testing cosine metric ---
  Computing PH-Dim for entailment in lattice_containment using cosine
    entailment PH-Dim: 20.6609
  Computing PH-Dim for neutral in lattice_containment using cosine
    neutral PH-Dim: 29.9587
  Computing PH-Dim for contradiction in lattice_containment using cosine
    contradiction PH-Dim: 24.2458
  Computing cross-class analysis for lattice_containment using cosine
  PH-Dim scores: {'entailment': 20.66088573609177, 'neutral': 29.958703311157834, 'contradiction': 24.245792380518985}

Saved results to /vol/bitbucket/ahb24/tda_entailment_new/xnli_results/phdim_values/tr/phdim_analysis/phdim_tr_seed444_20260117_165444.json

✓ TR - seed 444 complete!

------------------------------------------------------------
SEED 5/5: 500
------------------------------------------------------------
XNLI PH-Dimension Analyzer initialized for: tr (seed: 500)
Device: cuda
XNLI data: /vol/bitbucket/ahb24/tda_entailment_new/xnli_data/processed/xnli_tr_combined_SBERT.pt
Distance metrics: ['braycurtis', 'cosine']
Embedding spaces: ['sbert_concat', 'lattice_containment']
Loading XNLI data for tr...
XNLI data loaded:
  Premise embeddings: torch.Size([7500, 768])
  Hypothesis embeddings: torch.Size([7500, 768])
  Labels: 7500
  Language: tr
  Label distribution: {'neutral': 2500, 'contradiction': 2500, 'entailment': 2500}
================================================================================
PH-DIMENSION ANALYSIS - XNLI TR (seed: 500)
Device: cuda
================================================================================
Extracting embedding spaces...
  entailment: 2500 samples
  neutral: 2500 samples
  contradiction: 2500 samples
Extracting sbert_concat...
  sbert_concat entailment: torch.Size([2500, 1536])
  sbert_concat neutral: torch.Size([2500, 1536])
  sbert_concat contradiction: torch.Size([2500, 1536])
Extracting lattice_containment...
  lattice_containment entailment: torch.Size([2500, 768])
  lattice_containment neutral: torch.Size([2500, 768])
  lattice_containment contradiction: torch.Size([2500, 768])

============================================================
TESTING SPACE: sbert_concat
============================================================

--- Testing braycurtis metric ---
  Computing PH-Dim for entailment in sbert_concat using braycurtis
    entailment PH-Dim: 17.9459
  Computing PH-Dim for neutral in sbert_concat using braycurtis
    neutral PH-Dim: 18.3248
  Computing PH-Dim for contradiction in sbert_concat using braycurtis
    contradiction PH-Dim: 19.0327
  Computing cross-class analysis for sbert_concat using braycurtis
  PH-Dim scores: {'entailment': 17.945947054389, 'neutral': 18.32477944342779, 'contradiction': 19.032734435988456}

--- Testing cosine metric ---
  Computing PH-Dim for entailment in sbert_concat using cosine
    entailment PH-Dim: 12.2160
  Computing PH-Dim for neutral in sbert_concat using cosine
    neutral PH-Dim: 12.8471
  Computing PH-Dim for contradiction in sbert_concat using cosine
    contradiction PH-Dim: 13.3009
  Computing cross-class analysis for sbert_concat using cosine
  PH-Dim scores: {'entailment': 12.215961024923221, 'neutral': 12.847089292413044, 'contradiction': 13.300867348915252}

============================================================
TESTING SPACE: lattice_containment
============================================================

--- Testing braycurtis metric ---
  Computing PH-Dim for entailment in lattice_containment using braycurtis
    entailment PH-Dim: 45.4484
  Computing PH-Dim for neutral in lattice_containment using braycurtis
    neutral PH-Dim: 34.7645
  Computing PH-Dim for contradiction in lattice_containment using braycurtis
    contradiction PH-Dim: 34.0207
  Computing cross-class analysis for lattice_containment using braycurtis
  PH-Dim scores: {'entailment': 45.44835858791942, 'neutral': 34.764453147540536, 'contradiction': 34.020705082675526}

--- Testing cosine metric ---
  Computing PH-Dim for entailment in lattice_containment using cosine
    entailment PH-Dim: 21.9252
  Computing PH-Dim for neutral in lattice_containment using cosine
    neutral PH-Dim: 20.6555
  Computing PH-Dim for contradiction in lattice_containment using cosine
    contradiction PH-Dim: 21.6951
  Computing cross-class analysis for lattice_containment using cosine
  PH-Dim scores: {'entailment': 21.92517638217214, 'neutral': 20.65552040593278, 'contradiction': 21.69510942143189}

Saved results to /vol/bitbucket/ahb24/tda_entailment_new/xnli_results/phdim_values/tr/phdim_analysis/phdim_tr_seed500_20260117_165444.json

✓ TR - seed 500 complete!

TR Summary:
  Successful seeds: 5/5
  Failed seeds: 0/5

================================================================================
PROCESSING LANGUAGE 13/15: UR
================================================================================

------------------------------------------------------------
SEED 1/5: 42
------------------------------------------------------------
XNLI PH-Dimension Analyzer initialized for: ur (seed: 42)
Device: cuda
XNLI data: /vol/bitbucket/ahb24/tda_entailment_new/xnli_data/processed/xnli_ur_combined_SBERT.pt
Distance metrics: ['braycurtis', 'cosine']
Embedding spaces: ['sbert_concat', 'lattice_containment']
Loading XNLI data for ur...
XNLI data loaded:
  Premise embeddings: torch.Size([7500, 768])
  Hypothesis embeddings: torch.Size([7500, 768])
  Labels: 7500
  Language: ur
  Label distribution: {'neutral': 2500, 'contradiction': 2500, 'entailment': 2500}
================================================================================
PH-DIMENSION ANALYSIS - XNLI UR (seed: 42)
Device: cuda
================================================================================
Extracting embedding spaces...
  entailment: 2500 samples
  neutral: 2500 samples
  contradiction: 2500 samples
Extracting sbert_concat...
  sbert_concat entailment: torch.Size([2500, 1536])
  sbert_concat neutral: torch.Size([2500, 1536])
  sbert_concat contradiction: torch.Size([2500, 1536])
Extracting lattice_containment...
  lattice_containment entailment: torch.Size([2500, 768])
  lattice_containment neutral: torch.Size([2500, 768])
  lattice_containment contradiction: torch.Size([2500, 768])

============================================================
TESTING SPACE: sbert_concat
============================================================

--- Testing braycurtis metric ---
  Computing PH-Dim for entailment in sbert_concat using braycurtis
    entailment PH-Dim: 19.6410
  Computing PH-Dim for neutral in sbert_concat using braycurtis
    neutral PH-Dim: 22.8472
  Computing PH-Dim for contradiction in sbert_concat using braycurtis
    contradiction PH-Dim: 21.7126
  Computing cross-class analysis for sbert_concat using braycurtis
  PH-Dim scores: {'entailment': 19.640983165600474, 'neutral': 22.847173403626638, 'contradiction': 21.71264384682784}

--- Testing cosine metric ---
  Computing PH-Dim for entailment in sbert_concat using cosine
    entailment PH-Dim: 13.6746
  Computing PH-Dim for neutral in sbert_concat using cosine
    neutral PH-Dim: 15.8589
  Computing PH-Dim for contradiction in sbert_concat using cosine
    contradiction PH-Dim: 15.4264
  Computing cross-class analysis for sbert_concat using cosine
  PH-Dim scores: {'entailment': 13.674603867051673, 'neutral': 15.858881262728767, 'contradiction': 15.426391095896259}

============================================================
TESTING SPACE: lattice_containment
============================================================

--- Testing braycurtis metric ---
  Computing PH-Dim for entailment in lattice_containment using braycurtis
    entailment PH-Dim: 35.9459
  Computing PH-Dim for neutral in lattice_containment using braycurtis
    neutral PH-Dim: 55.4884
  Computing PH-Dim for contradiction in lattice_containment using braycurtis
    contradiction PH-Dim: 41.0280
  Computing cross-class analysis for lattice_containment using braycurtis
  PH-Dim scores: {'entailment': 35.94590952982292, 'neutral': 55.48839568486106, 'contradiction': 41.02795170124288}

--- Testing cosine metric ---
  Computing PH-Dim for entailment in lattice_containment using cosine
    entailment PH-Dim: 20.4726
  Computing PH-Dim for neutral in lattice_containment using cosine
    neutral PH-Dim: 31.0893
  Computing PH-Dim for contradiction in lattice_containment using cosine
    contradiction PH-Dim: 27.1602
  Computing cross-class analysis for lattice_containment using cosine
  PH-Dim scores: {'entailment': 20.47255288498675, 'neutral': 31.089332504697552, 'contradiction': 27.160150047258224}

Saved results to /vol/bitbucket/ahb24/tda_entailment_new/xnli_results/phdim_values/ur/phdim_analysis/phdim_ur_seed42_20260117_165444.json

✓ UR - seed 42 complete!

------------------------------------------------------------
SEED 2/5: 101
------------------------------------------------------------
XNLI PH-Dimension Analyzer initialized for: ur (seed: 101)
Device: cuda
XNLI data: /vol/bitbucket/ahb24/tda_entailment_new/xnli_data/processed/xnli_ur_combined_SBERT.pt
Distance metrics: ['braycurtis', 'cosine']
Embedding spaces: ['sbert_concat', 'lattice_containment']
Loading XNLI data for ur...
XNLI data loaded:
  Premise embeddings: torch.Size([7500, 768])
  Hypothesis embeddings: torch.Size([7500, 768])
  Labels: 7500
  Language: ur
  Label distribution: {'neutral': 2500, 'contradiction': 2500, 'entailment': 2500}
================================================================================
PH-DIMENSION ANALYSIS - XNLI UR (seed: 101)
Device: cuda
================================================================================
Extracting embedding spaces...
  entailment: 2500 samples
  neutral: 2500 samples
  contradiction: 2500 samples
Extracting sbert_concat...
  sbert_concat entailment: torch.Size([2500, 1536])
  sbert_concat neutral: torch.Size([2500, 1536])
  sbert_concat contradiction: torch.Size([2500, 1536])
Extracting lattice_containment...
  lattice_containment entailment: torch.Size([2500, 768])
  lattice_containment neutral: torch.Size([2500, 768])
  lattice_containment contradiction: torch.Size([2500, 768])

============================================================
TESTING SPACE: sbert_concat
============================================================

--- Testing braycurtis metric ---
  Computing PH-Dim for entailment in sbert_concat using braycurtis
    entailment PH-Dim: 18.9503
  Computing PH-Dim for neutral in sbert_concat using braycurtis
    neutral PH-Dim: 21.8260
  Computing PH-Dim for contradiction in sbert_concat using braycurtis
    contradiction PH-Dim: 17.9883
  Computing cross-class analysis for sbert_concat using braycurtis
  PH-Dim scores: {'entailment': 18.950272739376576, 'neutral': 21.825979138826696, 'contradiction': 17.988307897055844}

--- Testing cosine metric ---
  Computing PH-Dim for entailment in sbert_concat using cosine
    entailment PH-Dim: 12.5849
  Computing PH-Dim for neutral in sbert_concat using cosine
    neutral PH-Dim: 15.1586
  Computing PH-Dim for contradiction in sbert_concat using cosine
    contradiction PH-Dim: 12.3584
  Computing cross-class analysis for sbert_concat using cosine
  PH-Dim scores: {'entailment': 12.584872218766531, 'neutral': 15.158637115234816, 'contradiction': 12.358368346815963}

============================================================
TESTING SPACE: lattice_containment
============================================================

--- Testing braycurtis metric ---
  Computing PH-Dim for entailment in lattice_containment using braycurtis
    entailment PH-Dim: 39.5908
  Computing PH-Dim for neutral in lattice_containment using braycurtis
    neutral PH-Dim: 46.8358
  Computing PH-Dim for contradiction in lattice_containment using braycurtis
    contradiction PH-Dim: 33.6443
  Computing cross-class analysis for lattice_containment using braycurtis
  PH-Dim scores: {'entailment': 39.590842398851706, 'neutral': 46.835769390189114, 'contradiction': 33.644322142349445}

--- Testing cosine metric ---
  Computing PH-Dim for entailment in lattice_containment using cosine
    entailment PH-Dim: 20.6956
  Computing PH-Dim for neutral in lattice_containment using cosine
    neutral PH-Dim: 28.3430
  Computing PH-Dim for contradiction in lattice_containment using cosine
    contradiction PH-Dim: 21.9123
  Computing cross-class analysis for lattice_containment using cosine
  PH-Dim scores: {'entailment': 20.695562340384686, 'neutral': 28.34301432926881, 'contradiction': 21.91225941492505}

Saved results to /vol/bitbucket/ahb24/tda_entailment_new/xnli_results/phdim_values/ur/phdim_analysis/phdim_ur_seed101_20260117_165444.json

✓ UR - seed 101 complete!

------------------------------------------------------------
SEED 3/5: 333
------------------------------------------------------------
XNLI PH-Dimension Analyzer initialized for: ur (seed: 333)
Device: cuda
XNLI data: /vol/bitbucket/ahb24/tda_entailment_new/xnli_data/processed/xnli_ur_combined_SBERT.pt
Distance metrics: ['braycurtis', 'cosine']
Embedding spaces: ['sbert_concat', 'lattice_containment']
Loading XNLI data for ur...
XNLI data loaded:
  Premise embeddings: torch.Size([7500, 768])
  Hypothesis embeddings: torch.Size([7500, 768])
  Labels: 7500
  Language: ur
  Label distribution: {'neutral': 2500, 'contradiction': 2500, 'entailment': 2500}
================================================================================
PH-DIMENSION ANALYSIS - XNLI UR (seed: 333)
Device: cuda
================================================================================
Extracting embedding spaces...
  entailment: 2500 samples
  neutral: 2500 samples
  contradiction: 2500 samples
Extracting sbert_concat...
  sbert_concat entailment: torch.Size([2500, 1536])
  sbert_concat neutral: torch.Size([2500, 1536])
  sbert_concat contradiction: torch.Size([2500, 1536])
Extracting lattice_containment...
  lattice_containment entailment: torch.Size([2500, 768])
  lattice_containment neutral: torch.Size([2500, 768])
  lattice_containment contradiction: torch.Size([2500, 768])

============================================================
TESTING SPACE: sbert_concat
============================================================

--- Testing braycurtis metric ---
  Computing PH-Dim for entailment in sbert_concat using braycurtis
    entailment PH-Dim: 20.7440
  Computing PH-Dim for neutral in sbert_concat using braycurtis
    neutral PH-Dim: 19.4598
  Computing PH-Dim for contradiction in sbert_concat using braycurtis
    contradiction PH-Dim: 20.2829
  Computing cross-class analysis for sbert_concat using braycurtis
  PH-Dim scores: {'entailment': 20.74402321614569, 'neutral': 19.459816907034263, 'contradiction': 20.282941831228655}

--- Testing cosine metric ---
  Computing PH-Dim for entailment in sbert_concat using cosine
    entailment PH-Dim: 13.8895
  Computing PH-Dim for neutral in sbert_concat using cosine
    neutral PH-Dim: 13.5974
  Computing PH-Dim for contradiction in sbert_concat using cosine
    contradiction PH-Dim: 14.0033
  Computing cross-class analysis for sbert_concat using cosine
  PH-Dim scores: {'entailment': 13.88954286519138, 'neutral': 13.597406651673202, 'contradiction': 14.003294500855725}

============================================================
TESTING SPACE: lattice_containment
============================================================

--- Testing braycurtis metric ---
  Computing PH-Dim for entailment in lattice_containment using braycurtis
    entailment PH-Dim: 38.6708
  Computing PH-Dim for neutral in lattice_containment using braycurtis
    neutral PH-Dim: 39.3195
  Computing PH-Dim for contradiction in lattice_containment using braycurtis
    contradiction PH-Dim: 42.3324
  Computing cross-class analysis for lattice_containment using braycurtis
  PH-Dim scores: {'entailment': 38.67079431055131, 'neutral': 39.3194580927204, 'contradiction': 42.332447913120156}

--- Testing cosine metric ---
  Computing PH-Dim for entailment in lattice_containment using cosine
    entailment PH-Dim: 21.9379
  Computing PH-Dim for neutral in lattice_containment using cosine
    neutral PH-Dim: 23.2127
  Computing PH-Dim for contradiction in lattice_containment using cosine
    contradiction PH-Dim: 25.9895
  Computing cross-class analysis for lattice_containment using cosine
  PH-Dim scores: {'entailment': 21.937909881963602, 'neutral': 23.212698248943155, 'contradiction': 25.989510659837645}

Saved results to /vol/bitbucket/ahb24/tda_entailment_new/xnli_results/phdim_values/ur/phdim_analysis/phdim_ur_seed333_20260117_165444.json

✓ UR - seed 333 complete!

------------------------------------------------------------
SEED 4/5: 444
------------------------------------------------------------
XNLI PH-Dimension Analyzer initialized for: ur (seed: 444)
Device: cuda
XNLI data: /vol/bitbucket/ahb24/tda_entailment_new/xnli_data/processed/xnli_ur_combined_SBERT.pt
Distance metrics: ['braycurtis', 'cosine']
Embedding spaces: ['sbert_concat', 'lattice_containment']
Loading XNLI data for ur...
XNLI data loaded:
  Premise embeddings: torch.Size([7500, 768])
  Hypothesis embeddings: torch.Size([7500, 768])
  Labels: 7500
  Language: ur
  Label distribution: {'neutral': 2500, 'contradiction': 2500, 'entailment': 2500}
================================================================================
PH-DIMENSION ANALYSIS - XNLI UR (seed: 444)
Device: cuda
================================================================================
Extracting embedding spaces...
  entailment: 2500 samples
  neutral: 2500 samples
  contradiction: 2500 samples
Extracting sbert_concat...
  sbert_concat entailment: torch.Size([2500, 1536])
  sbert_concat neutral: torch.Size([2500, 1536])
  sbert_concat contradiction: torch.Size([2500, 1536])
Extracting lattice_containment...
  lattice_containment entailment: torch.Size([2500, 768])
  lattice_containment neutral: torch.Size([2500, 768])
  lattice_containment contradiction: torch.Size([2500, 768])

============================================================
TESTING SPACE: sbert_concat
============================================================

--- Testing braycurtis metric ---
  Computing PH-Dim for entailment in sbert_concat using braycurtis
    entailment PH-Dim: 17.6208
  Computing PH-Dim for neutral in sbert_concat using braycurtis
    neutral PH-Dim: 20.7063
  Computing PH-Dim for contradiction in sbert_concat using braycurtis
    contradiction PH-Dim: 19.6666
  Computing cross-class analysis for sbert_concat using braycurtis
  PH-Dim scores: {'entailment': 17.620781687713116, 'neutral': 20.706290963267815, 'contradiction': 19.666569123321604}

--- Testing cosine metric ---
  Computing PH-Dim for entailment in sbert_concat using cosine
    entailment PH-Dim: 12.0984
  Computing PH-Dim for neutral in sbert_concat using cosine
    neutral PH-Dim: 15.0427
  Computing PH-Dim for contradiction in sbert_concat using cosine
    contradiction PH-Dim: 13.7145
  Computing cross-class analysis for sbert_concat using cosine
  PH-Dim scores: {'entailment': 12.09840251176585, 'neutral': 15.042733328583212, 'contradiction': 13.714496795620681}

============================================================
TESTING SPACE: lattice_containment
============================================================

--- Testing braycurtis metric ---
  Computing PH-Dim for entailment in lattice_containment using braycurtis
    entailment PH-Dim: 33.2085
  Computing PH-Dim for neutral in lattice_containment using braycurtis
    neutral PH-Dim: 52.6975
  Computing PH-Dim for contradiction in lattice_containment using braycurtis
    contradiction PH-Dim: 37.8993
  Computing cross-class analysis for lattice_containment using braycurtis
  PH-Dim scores: {'entailment': 33.20845695950139, 'neutral': 52.69745857254465, 'contradiction': 37.899323928134784}

--- Testing cosine metric ---
  Computing PH-Dim for entailment in lattice_containment using cosine
    entailment PH-Dim: 19.0698
  Computing PH-Dim for neutral in lattice_containment using cosine
    neutral PH-Dim: 31.3897
  Computing PH-Dim for contradiction in lattice_containment using cosine
    contradiction PH-Dim: 24.9663
  Computing cross-class analysis for lattice_containment using cosine
  PH-Dim scores: {'entailment': 19.06983509583323, 'neutral': 31.389721961200106, 'contradiction': 24.966270930685624}

Saved results to /vol/bitbucket/ahb24/tda_entailment_new/xnli_results/phdim_values/ur/phdim_analysis/phdim_ur_seed444_20260117_165444.json

✓ UR - seed 444 complete!

------------------------------------------------------------
SEED 5/5: 500
------------------------------------------------------------
XNLI PH-Dimension Analyzer initialized for: ur (seed: 500)
Device: cuda
XNLI data: /vol/bitbucket/ahb24/tda_entailment_new/xnli_data/processed/xnli_ur_combined_SBERT.pt
Distance metrics: ['braycurtis', 'cosine']
Embedding spaces: ['sbert_concat', 'lattice_containment']
Loading XNLI data for ur...
XNLI data loaded:
  Premise embeddings: torch.Size([7500, 768])
  Hypothesis embeddings: torch.Size([7500, 768])
  Labels: 7500
  Language: ur
  Label distribution: {'neutral': 2500, 'contradiction': 2500, 'entailment': 2500}
================================================================================
PH-DIMENSION ANALYSIS - XNLI UR (seed: 500)
Device: cuda
================================================================================
Extracting embedding spaces...
  entailment: 2500 samples
  neutral: 2500 samples
  contradiction: 2500 samples
Extracting sbert_concat...
  sbert_concat entailment: torch.Size([2500, 1536])
  sbert_concat neutral: torch.Size([2500, 1536])
  sbert_concat contradiction: torch.Size([2500, 1536])
Extracting lattice_containment...
  lattice_containment entailment: torch.Size([2500, 768])
  lattice_containment neutral: torch.Size([2500, 768])
  lattice_containment contradiction: torch.Size([2500, 768])

============================================================
TESTING SPACE: sbert_concat
============================================================

--- Testing braycurtis metric ---
  Computing PH-Dim for entailment in sbert_concat using braycurtis
    entailment PH-Dim: 19.4423
  Computing PH-Dim for neutral in sbert_concat using braycurtis
    neutral PH-Dim: 19.4967
  Computing PH-Dim for contradiction in sbert_concat using braycurtis
    contradiction PH-Dim: 20.4330
  Computing cross-class analysis for sbert_concat using braycurtis
  PH-Dim scores: {'entailment': 19.442277226557174, 'neutral': 19.49669542287799, 'contradiction': 20.43302145757807}

--- Testing cosine metric ---
  Computing PH-Dim for entailment in sbert_concat using cosine
    entailment PH-Dim: 13.0585
  Computing PH-Dim for neutral in sbert_concat using cosine
    neutral PH-Dim: 13.4712
  Computing PH-Dim for contradiction in sbert_concat using cosine
    contradiction PH-Dim: 13.9009
  Computing cross-class analysis for sbert_concat using cosine
  PH-Dim scores: {'entailment': 13.058547005594999, 'neutral': 13.471198177995912, 'contradiction': 13.900948924763929}

============================================================
TESTING SPACE: lattice_containment
============================================================

--- Testing braycurtis metric ---
  Computing PH-Dim for entailment in lattice_containment using braycurtis
    entailment PH-Dim: 37.9126
  Computing PH-Dim for neutral in lattice_containment using braycurtis
    neutral PH-Dim: 46.9240
  Computing PH-Dim for contradiction in lattice_containment using braycurtis
    contradiction PH-Dim: 43.8723
  Computing cross-class analysis for lattice_containment using braycurtis
  PH-Dim scores: {'entailment': 37.91256097668085, 'neutral': 46.92396868032615, 'contradiction': 43.87233280952389}

--- Testing cosine metric ---
  Computing PH-Dim for entailment in lattice_containment using cosine
    entailment PH-Dim: 20.5553
  Computing PH-Dim for neutral in lattice_containment using cosine
    neutral PH-Dim: 26.1575
  Computing PH-Dim for contradiction in lattice_containment using cosine
    contradiction PH-Dim: 29.3302
  Computing cross-class analysis for lattice_containment using cosine
  PH-Dim scores: {'entailment': 20.555347928789708, 'neutral': 26.157474818417963, 'contradiction': 29.330203395472214}

Saved results to /vol/bitbucket/ahb24/tda_entailment_new/xnli_results/phdim_values/ur/phdim_analysis/phdim_ur_seed500_20260117_165444.json

✓ UR - seed 500 complete!

UR Summary:
  Successful seeds: 5/5
  Failed seeds: 0/5

================================================================================
PROCESSING LANGUAGE 14/15: VI
================================================================================

------------------------------------------------------------
SEED 1/5: 42
------------------------------------------------------------
XNLI PH-Dimension Analyzer initialized for: vi (seed: 42)
Device: cuda
XNLI data: /vol/bitbucket/ahb24/tda_entailment_new/xnli_data/processed/xnli_vi_combined_SBERT.pt
Distance metrics: ['braycurtis', 'cosine']
Embedding spaces: ['sbert_concat', 'lattice_containment']
Loading XNLI data for vi...
XNLI data loaded:
  Premise embeddings: torch.Size([7500, 768])
  Hypothesis embeddings: torch.Size([7500, 768])
  Labels: 7500
  Language: vi
  Label distribution: {'neutral': 2500, 'contradiction': 2500, 'entailment': 2500}
================================================================================
PH-DIMENSION ANALYSIS - XNLI VI (seed: 42)
Device: cuda
================================================================================
Extracting embedding spaces...
  entailment: 2500 samples
  neutral: 2500 samples
  contradiction: 2500 samples
Extracting sbert_concat...
  sbert_concat entailment: torch.Size([2500, 1536])
  sbert_concat neutral: torch.Size([2500, 1536])
  sbert_concat contradiction: torch.Size([2500, 1536])
Extracting lattice_containment...
  lattice_containment entailment: torch.Size([2500, 768])
  lattice_containment neutral: torch.Size([2500, 768])
  lattice_containment contradiction: torch.Size([2500, 768])

============================================================
TESTING SPACE: sbert_concat
============================================================

--- Testing braycurtis metric ---
  Computing PH-Dim for entailment in sbert_concat using braycurtis
    entailment PH-Dim: 19.1868
  Computing PH-Dim for neutral in sbert_concat using braycurtis
    neutral PH-Dim: 22.1579
  Computing PH-Dim for contradiction in sbert_concat using braycurtis
    contradiction PH-Dim: 20.1506
  Computing cross-class analysis for sbert_concat using braycurtis
  PH-Dim scores: {'entailment': 19.186827342226085, 'neutral': 22.15793460989891, 'contradiction': 20.15062905915266}

--- Testing cosine metric ---
  Computing PH-Dim for entailment in sbert_concat using cosine
    entailment PH-Dim: 13.5876
  Computing PH-Dim for neutral in sbert_concat using cosine
    neutral PH-Dim: 15.8829
  Computing PH-Dim for contradiction in sbert_concat using cosine
    contradiction PH-Dim: 14.3744
  Computing cross-class analysis for sbert_concat using cosine
  PH-Dim scores: {'entailment': 13.587601562449077, 'neutral': 15.882927280401516, 'contradiction': 14.374388936697791}

============================================================
TESTING SPACE: lattice_containment
============================================================

--- Testing braycurtis metric ---
  Computing PH-Dim for entailment in lattice_containment using braycurtis
    entailment PH-Dim: 46.5563
  Computing PH-Dim for neutral in lattice_containment using braycurtis
    neutral PH-Dim: 59.8069
  Computing PH-Dim for contradiction in lattice_containment using braycurtis
    contradiction PH-Dim: 34.4345
  Computing cross-class analysis for lattice_containment using braycurtis
  PH-Dim scores: {'entailment': 46.556294375419206, 'neutral': 59.80690482610459, 'contradiction': 34.43452868906914}

--- Testing cosine metric ---
  Computing PH-Dim for entailment in lattice_containment using cosine
    entailment PH-Dim: 23.8112
  Computing PH-Dim for neutral in lattice_containment using cosine
    neutral PH-Dim: 30.9596
  Computing PH-Dim for contradiction in lattice_containment using cosine
    contradiction PH-Dim: 24.0181
  Computing cross-class analysis for lattice_containment using cosine
  PH-Dim scores: {'entailment': 23.81124963608075, 'neutral': 30.959567286896284, 'contradiction': 24.018134975257897}

Saved results to /vol/bitbucket/ahb24/tda_entailment_new/xnli_results/phdim_values/vi/phdim_analysis/phdim_vi_seed42_20260117_165444.json

✓ VI - seed 42 complete!

------------------------------------------------------------
SEED 2/5: 101
------------------------------------------------------------
XNLI PH-Dimension Analyzer initialized for: vi (seed: 101)
Device: cuda
XNLI data: /vol/bitbucket/ahb24/tda_entailment_new/xnli_data/processed/xnli_vi_combined_SBERT.pt
Distance metrics: ['braycurtis', 'cosine']
Embedding spaces: ['sbert_concat', 'lattice_containment']
Loading XNLI data for vi...
XNLI data loaded:
  Premise embeddings: torch.Size([7500, 768])
  Hypothesis embeddings: torch.Size([7500, 768])
  Labels: 7500
  Language: vi
  Label distribution: {'neutral': 2500, 'contradiction': 2500, 'entailment': 2500}
================================================================================
PH-DIMENSION ANALYSIS - XNLI VI (seed: 101)
Device: cuda
================================================================================
Extracting embedding spaces...
  entailment: 2500 samples
  neutral: 2500 samples
  contradiction: 2500 samples
Extracting sbert_concat...
  sbert_concat entailment: torch.Size([2500, 1536])
  sbert_concat neutral: torch.Size([2500, 1536])
  sbert_concat contradiction: torch.Size([2500, 1536])
Extracting lattice_containment...
  lattice_containment entailment: torch.Size([2500, 768])
  lattice_containment neutral: torch.Size([2500, 768])
  lattice_containment contradiction: torch.Size([2500, 768])

============================================================
TESTING SPACE: sbert_concat
============================================================

--- Testing braycurtis metric ---
  Computing PH-Dim for entailment in sbert_concat using braycurtis
    entailment PH-Dim: 16.7811
  Computing PH-Dim for neutral in sbert_concat using braycurtis
    neutral PH-Dim: 19.4701
  Computing PH-Dim for contradiction in sbert_concat using braycurtis
    contradiction PH-Dim: 18.1239
  Computing cross-class analysis for sbert_concat using braycurtis
  PH-Dim scores: {'entailment': 16.781144251821303, 'neutral': 19.470148581864994, 'contradiction': 18.123852959536723}

--- Testing cosine metric ---
  Computing PH-Dim for entailment in sbert_concat using cosine
    entailment PH-Dim: 11.5628
  Computing PH-Dim for neutral in sbert_concat using cosine
    neutral PH-Dim: 13.9994
  Computing PH-Dim for contradiction in sbert_concat using cosine
    contradiction PH-Dim: 12.8160
  Computing cross-class analysis for sbert_concat using cosine
  PH-Dim scores: {'entailment': 11.562836557708637, 'neutral': 13.999430090072055, 'contradiction': 12.815971071683082}

============================================================
TESTING SPACE: lattice_containment
============================================================

--- Testing braycurtis metric ---
  Computing PH-Dim for entailment in lattice_containment using braycurtis
    entailment PH-Dim: 48.6373
  Computing PH-Dim for neutral in lattice_containment using braycurtis
    neutral PH-Dim: 78.2234
  Computing PH-Dim for contradiction in lattice_containment using braycurtis
    contradiction PH-Dim: 46.9803
  Computing cross-class analysis for lattice_containment using braycurtis
  PH-Dim scores: {'entailment': 48.63734564520294, 'neutral': 78.223427553445, 'contradiction': 46.98033107883069}

--- Testing cosine metric ---
  Computing PH-Dim for entailment in lattice_containment using cosine
    entailment PH-Dim: 22.6857
  Computing PH-Dim for neutral in lattice_containment using cosine
    neutral PH-Dim: 35.5530
  Computing PH-Dim for contradiction in lattice_containment using cosine
    contradiction PH-Dim: 27.0135
  Computing cross-class analysis for lattice_containment using cosine
  PH-Dim scores: {'entailment': 22.68566212468722, 'neutral': 35.55296163447835, 'contradiction': 27.013533072298582}

Saved results to /vol/bitbucket/ahb24/tda_entailment_new/xnli_results/phdim_values/vi/phdim_analysis/phdim_vi_seed101_20260117_165444.json

✓ VI - seed 101 complete!

------------------------------------------------------------
SEED 3/5: 333
------------------------------------------------------------
XNLI PH-Dimension Analyzer initialized for: vi (seed: 333)
Device: cuda
XNLI data: /vol/bitbucket/ahb24/tda_entailment_new/xnli_data/processed/xnli_vi_combined_SBERT.pt
Distance metrics: ['braycurtis', 'cosine']
Embedding spaces: ['sbert_concat', 'lattice_containment']
Loading XNLI data for vi...
XNLI data loaded:
  Premise embeddings: torch.Size([7500, 768])
  Hypothesis embeddings: torch.Size([7500, 768])
  Labels: 7500
  Language: vi
  Label distribution: {'neutral': 2500, 'contradiction': 2500, 'entailment': 2500}
================================================================================
PH-DIMENSION ANALYSIS - XNLI VI (seed: 333)
Device: cuda
================================================================================
Extracting embedding spaces...
  entailment: 2500 samples
  neutral: 2500 samples
  contradiction: 2500 samples
Extracting sbert_concat...
  sbert_concat entailment: torch.Size([2500, 1536])
  sbert_concat neutral: torch.Size([2500, 1536])
  sbert_concat contradiction: torch.Size([2500, 1536])
Extracting lattice_containment...
  lattice_containment entailment: torch.Size([2500, 768])
  lattice_containment neutral: torch.Size([2500, 768])
  lattice_containment contradiction: torch.Size([2500, 768])

============================================================
TESTING SPACE: sbert_concat
============================================================

--- Testing braycurtis metric ---
  Computing PH-Dim for entailment in sbert_concat using braycurtis
    entailment PH-Dim: 19.0602
  Computing PH-Dim for neutral in sbert_concat using braycurtis
    neutral PH-Dim: 20.1865
  Computing PH-Dim for contradiction in sbert_concat using braycurtis
    contradiction PH-Dim: 20.2508
  Computing cross-class analysis for sbert_concat using braycurtis
  PH-Dim scores: {'entailment': 19.06024148445325, 'neutral': 20.186539885123896, 'contradiction': 20.2508387954163}

--- Testing cosine metric ---
  Computing PH-Dim for entailment in sbert_concat using cosine
    entailment PH-Dim: 12.9808
  Computing PH-Dim for neutral in sbert_concat using cosine
    neutral PH-Dim: 14.3298
  Computing PH-Dim for contradiction in sbert_concat using cosine
    contradiction PH-Dim: 14.2297
  Computing cross-class analysis for sbert_concat using cosine
  PH-Dim scores: {'entailment': 12.980788824053626, 'neutral': 14.329837228788902, 'contradiction': 14.229650313509893}

============================================================
TESTING SPACE: lattice_containment
============================================================

--- Testing braycurtis metric ---
  Computing PH-Dim for entailment in lattice_containment using braycurtis
    entailment PH-Dim: 55.2573
  Computing PH-Dim for neutral in lattice_containment using braycurtis
    neutral PH-Dim: 48.7341
  Computing PH-Dim for contradiction in lattice_containment using braycurtis
    contradiction PH-Dim: 54.2205
  Computing cross-class analysis for lattice_containment using braycurtis
  PH-Dim scores: {'entailment': 55.257337080712865, 'neutral': 48.734105910819224, 'contradiction': 54.22047818161076}

--- Testing cosine metric ---
  Computing PH-Dim for entailment in lattice_containment using cosine
    entailment PH-Dim: 24.3453
  Computing PH-Dim for neutral in lattice_containment using cosine
    neutral PH-Dim: 27.9707
  Computing PH-Dim for contradiction in lattice_containment using cosine
    contradiction PH-Dim: 31.9863
  Computing cross-class analysis for lattice_containment using cosine
  PH-Dim scores: {'entailment': 24.34532363172692, 'neutral': 27.970658995211362, 'contradiction': 31.986336751711093}

Saved results to /vol/bitbucket/ahb24/tda_entailment_new/xnli_results/phdim_values/vi/phdim_analysis/phdim_vi_seed333_20260117_165444.json

✓ VI - seed 333 complete!

------------------------------------------------------------
SEED 4/5: 444
------------------------------------------------------------
XNLI PH-Dimension Analyzer initialized for: vi (seed: 444)
Device: cuda
XNLI data: /vol/bitbucket/ahb24/tda_entailment_new/xnli_data/processed/xnli_vi_combined_SBERT.pt
Distance metrics: ['braycurtis', 'cosine']
Embedding spaces: ['sbert_concat', 'lattice_containment']
Loading XNLI data for vi...
XNLI data loaded:
  Premise embeddings: torch.Size([7500, 768])
  Hypothesis embeddings: torch.Size([7500, 768])
  Labels: 7500
  Language: vi
  Label distribution: {'neutral': 2500, 'contradiction': 2500, 'entailment': 2500}
================================================================================
PH-DIMENSION ANALYSIS - XNLI VI (seed: 444)
Device: cuda
================================================================================
Extracting embedding spaces...
  entailment: 2500 samples
  neutral: 2500 samples
  contradiction: 2500 samples
Extracting sbert_concat...
  sbert_concat entailment: torch.Size([2500, 1536])
  sbert_concat neutral: torch.Size([2500, 1536])
  sbert_concat contradiction: torch.Size([2500, 1536])
Extracting lattice_containment...
  lattice_containment entailment: torch.Size([2500, 768])
  lattice_containment neutral: torch.Size([2500, 768])
  lattice_containment contradiction: torch.Size([2500, 768])

============================================================
TESTING SPACE: sbert_concat
============================================================

--- Testing braycurtis metric ---
  Computing PH-Dim for entailment in sbert_concat using braycurtis
    entailment PH-Dim: 17.6729
  Computing PH-Dim for neutral in sbert_concat using braycurtis
    neutral PH-Dim: 19.7915
  Computing PH-Dim for contradiction in sbert_concat using braycurtis
    contradiction PH-Dim: 18.1230
  Computing cross-class analysis for sbert_concat using braycurtis
  PH-Dim scores: {'entailment': 17.67287981965783, 'neutral': 19.79151536723252, 'contradiction': 18.122955328324142}

--- Testing cosine metric ---
  Computing PH-Dim for entailment in sbert_concat using cosine
    entailment PH-Dim: 12.3063
  Computing PH-Dim for neutral in sbert_concat using cosine
    neutral PH-Dim: 14.1428
  Computing PH-Dim for contradiction in sbert_concat using cosine
    contradiction PH-Dim: 12.8295
  Computing cross-class analysis for sbert_concat using cosine
  PH-Dim scores: {'entailment': 12.306300107660707, 'neutral': 14.142783741126383, 'contradiction': 12.829520116294345}

============================================================
TESTING SPACE: lattice_containment
============================================================

--- Testing braycurtis metric ---
  Computing PH-Dim for entailment in lattice_containment using braycurtis
    entailment PH-Dim: 48.2248
  Computing PH-Dim for neutral in lattice_containment using braycurtis
    neutral PH-Dim: 53.8744
  Computing PH-Dim for contradiction in lattice_containment using braycurtis
    contradiction PH-Dim: 38.8610
  Computing cross-class analysis for lattice_containment using braycurtis
  PH-Dim scores: {'entailment': 48.22476951414332, 'neutral': 53.874400328743214, 'contradiction': 38.86096100819241}

--- Testing cosine metric ---
  Computing PH-Dim for entailment in lattice_containment using cosine
    entailment PH-Dim: 22.8824
  Computing PH-Dim for neutral in lattice_containment using cosine
    neutral PH-Dim: 28.3015
  Computing PH-Dim for contradiction in lattice_containment using cosine
    contradiction PH-Dim: 24.6237
  Computing cross-class analysis for lattice_containment using cosine
  PH-Dim scores: {'entailment': 22.882359309841014, 'neutral': 28.301523847598048, 'contradiction': 24.62374626355628}

Saved results to /vol/bitbucket/ahb24/tda_entailment_new/xnli_results/phdim_values/vi/phdim_analysis/phdim_vi_seed444_20260117_165444.json

✓ VI - seed 444 complete!

------------------------------------------------------------
SEED 5/5: 500
------------------------------------------------------------
XNLI PH-Dimension Analyzer initialized for: vi (seed: 500)
Device: cuda
XNLI data: /vol/bitbucket/ahb24/tda_entailment_new/xnli_data/processed/xnli_vi_combined_SBERT.pt
Distance metrics: ['braycurtis', 'cosine']
Embedding spaces: ['sbert_concat', 'lattice_containment']
Loading XNLI data for vi...
XNLI data loaded:
  Premise embeddings: torch.Size([7500, 768])
  Hypothesis embeddings: torch.Size([7500, 768])
  Labels: 7500
  Language: vi
  Label distribution: {'neutral': 2500, 'contradiction': 2500, 'entailment': 2500}
================================================================================
PH-DIMENSION ANALYSIS - XNLI VI (seed: 500)
Device: cuda
================================================================================
Extracting embedding spaces...
  entailment: 2500 samples
  neutral: 2500 samples
  contradiction: 2500 samples
Extracting sbert_concat...
  sbert_concat entailment: torch.Size([2500, 1536])
  sbert_concat neutral: torch.Size([2500, 1536])
  sbert_concat contradiction: torch.Size([2500, 1536])
Extracting lattice_containment...
  lattice_containment entailment: torch.Size([2500, 768])
  lattice_containment neutral: torch.Size([2500, 768])
  lattice_containment contradiction: torch.Size([2500, 768])

============================================================
TESTING SPACE: sbert_concat
============================================================

--- Testing braycurtis metric ---
  Computing PH-Dim for entailment in sbert_concat using braycurtis
    entailment PH-Dim: 16.7032
  Computing PH-Dim for neutral in sbert_concat using braycurtis
    neutral PH-Dim: 17.8962
  Computing PH-Dim for contradiction in sbert_concat using braycurtis
    contradiction PH-Dim: 18.6276
  Computing cross-class analysis for sbert_concat using braycurtis
  PH-Dim scores: {'entailment': 16.703192409986244, 'neutral': 17.896184970607973, 'contradiction': 18.627596611532027}

--- Testing cosine metric ---
  Computing PH-Dim for entailment in sbert_concat using cosine
    entailment PH-Dim: 11.3591
  Computing PH-Dim for neutral in sbert_concat using cosine
    neutral PH-Dim: 12.5225
  Computing PH-Dim for contradiction in sbert_concat using cosine
    contradiction PH-Dim: 13.0929
  Computing cross-class analysis for sbert_concat using cosine
  PH-Dim scores: {'entailment': 11.359138154019679, 'neutral': 12.522496135855123, 'contradiction': 13.092909751267284}

============================================================
TESTING SPACE: lattice_containment
============================================================

--- Testing braycurtis metric ---
  Computing PH-Dim for entailment in lattice_containment using braycurtis
    entailment PH-Dim: 41.0791
  Computing PH-Dim for neutral in lattice_containment using braycurtis
    neutral PH-Dim: 33.4006
  Computing PH-Dim for contradiction in lattice_containment using braycurtis
    contradiction PH-Dim: 33.9011
  Computing cross-class analysis for lattice_containment using braycurtis
  PH-Dim scores: {'entailment': 41.07912066311301, 'neutral': 33.40064143241411, 'contradiction': 33.90105772109696}

--- Testing cosine metric ---
  Computing PH-Dim for entailment in lattice_containment using cosine
    entailment PH-Dim: 20.0761
  Computing PH-Dim for neutral in lattice_containment using cosine
    neutral PH-Dim: 19.6950
  Computing PH-Dim for contradiction in lattice_containment using cosine
    contradiction PH-Dim: 21.9326
  Computing cross-class analysis for lattice_containment using cosine
  PH-Dim scores: {'entailment': 20.07611358721627, 'neutral': 19.694951300047183, 'contradiction': 21.93257641328559}

Saved results to /vol/bitbucket/ahb24/tda_entailment_new/xnli_results/phdim_values/vi/phdim_analysis/phdim_vi_seed500_20260117_165444.json

✓ VI - seed 500 complete!

VI Summary:
  Successful seeds: 5/5
  Failed seeds: 0/5

================================================================================
PROCESSING LANGUAGE 15/15: ZH
================================================================================

------------------------------------------------------------
SEED 1/5: 42
------------------------------------------------------------
XNLI PH-Dimension Analyzer initialized for: zh (seed: 42)
Device: cuda
XNLI data: /vol/bitbucket/ahb24/tda_entailment_new/xnli_data/processed/xnli_zh_combined_SBERT.pt
Distance metrics: ['braycurtis', 'cosine']
Embedding spaces: ['sbert_concat', 'lattice_containment']
Loading XNLI data for zh...
XNLI data loaded:
  Premise embeddings: torch.Size([7500, 768])
  Hypothesis embeddings: torch.Size([7500, 768])
  Labels: 7500
  Language: zh
  Label distribution: {'neutral': 2500, 'contradiction': 2500, 'entailment': 2500}
================================================================================
PH-DIMENSION ANALYSIS - XNLI ZH (seed: 42)
Device: cuda
================================================================================
Extracting embedding spaces...
  entailment: 2500 samples
  neutral: 2500 samples
  contradiction: 2500 samples
Extracting sbert_concat...
  sbert_concat entailment: torch.Size([2500, 1536])
  sbert_concat neutral: torch.Size([2500, 1536])
  sbert_concat contradiction: torch.Size([2500, 1536])
Extracting lattice_containment...
  lattice_containment entailment: torch.Size([2500, 768])
  lattice_containment neutral: torch.Size([2500, 768])
  lattice_containment contradiction: torch.Size([2500, 768])

============================================================
TESTING SPACE: sbert_concat
============================================================

--- Testing braycurtis metric ---
  Computing PH-Dim for entailment in sbert_concat using braycurtis
    entailment PH-Dim: 18.5980
  Computing PH-Dim for neutral in sbert_concat using braycurtis
    neutral PH-Dim: 21.3987
  Computing PH-Dim for contradiction in sbert_concat using braycurtis
    contradiction PH-Dim: 20.4547
  Computing cross-class analysis for sbert_concat using braycurtis
  PH-Dim scores: {'entailment': 18.59797421209021, 'neutral': 21.398701371794054, 'contradiction': 20.45468629570995}

--- Testing cosine metric ---
  Computing PH-Dim for entailment in sbert_concat using cosine
    entailment PH-Dim: 12.8174
  Computing PH-Dim for neutral in sbert_concat using cosine
    neutral PH-Dim: 15.0437
  Computing PH-Dim for contradiction in sbert_concat using cosine
    contradiction PH-Dim: 14.1581
  Computing cross-class analysis for sbert_concat using cosine
  PH-Dim scores: {'entailment': 12.81736676923585, 'neutral': 15.04368580511232, 'contradiction': 14.158101064623562}

============================================================
TESTING SPACE: lattice_containment
============================================================

--- Testing braycurtis metric ---
  Computing PH-Dim for entailment in lattice_containment using braycurtis
    entailment PH-Dim: 43.8568
  Computing PH-Dim for neutral in lattice_containment using braycurtis
    neutral PH-Dim: 68.7271
  Computing PH-Dim for contradiction in lattice_containment using braycurtis
    contradiction PH-Dim: 36.4074
  Computing cross-class analysis for lattice_containment using braycurtis
  PH-Dim scores: {'entailment': 43.856775467151756, 'neutral': 68.72714560096992, 'contradiction': 36.407413925297504}

--- Testing cosine metric ---
  Computing PH-Dim for entailment in lattice_containment using cosine
    entailment PH-Dim: 22.9036
  Computing PH-Dim for neutral in lattice_containment using cosine
    neutral PH-Dim: 34.0110
  Computing PH-Dim for contradiction in lattice_containment using cosine
    contradiction PH-Dim: 23.0074
  Computing cross-class analysis for lattice_containment using cosine
  PH-Dim scores: {'entailment': 22.903592004183828, 'neutral': 34.01102768237253, 'contradiction': 23.007411873293844}

Saved results to /vol/bitbucket/ahb24/tda_entailment_new/xnli_results/phdim_values/zh/phdim_analysis/phdim_zh_seed42_20260117_165444.json

✓ ZH - seed 42 complete!

------------------------------------------------------------
SEED 2/5: 101
------------------------------------------------------------
XNLI PH-Dimension Analyzer initialized for: zh (seed: 101)
Device: cuda
XNLI data: /vol/bitbucket/ahb24/tda_entailment_new/xnli_data/processed/xnli_zh_combined_SBERT.pt
Distance metrics: ['braycurtis', 'cosine']
Embedding spaces: ['sbert_concat', 'lattice_containment']
Loading XNLI data for zh...
XNLI data loaded:
  Premise embeddings: torch.Size([7500, 768])
  Hypothesis embeddings: torch.Size([7500, 768])
  Labels: 7500
  Language: zh
  Label distribution: {'neutral': 2500, 'contradiction': 2500, 'entailment': 2500}
================================================================================
PH-DIMENSION ANALYSIS - XNLI ZH (seed: 101)
Device: cuda
================================================================================
Extracting embedding spaces...
  entailment: 2500 samples
  neutral: 2500 samples
  contradiction: 2500 samples
Extracting sbert_concat...
  sbert_concat entailment: torch.Size([2500, 1536])
  sbert_concat neutral: torch.Size([2500, 1536])
  sbert_concat contradiction: torch.Size([2500, 1536])
Extracting lattice_containment...
  lattice_containment entailment: torch.Size([2500, 768])
  lattice_containment neutral: torch.Size([2500, 768])
  lattice_containment contradiction: torch.Size([2500, 768])

============================================================
TESTING SPACE: sbert_concat
============================================================

--- Testing braycurtis metric ---
  Computing PH-Dim for entailment in sbert_concat using braycurtis
    entailment PH-Dim: 16.0742
  Computing PH-Dim for neutral in sbert_concat using braycurtis
    neutral PH-Dim: 19.1653
  Computing PH-Dim for contradiction in sbert_concat using braycurtis
    contradiction PH-Dim: 18.0887
  Computing cross-class analysis for sbert_concat using braycurtis
  PH-Dim scores: {'entailment': 16.074150322655786, 'neutral': 19.165272249861275, 'contradiction': 18.08868513126868}

--- Testing cosine metric ---
  Computing PH-Dim for entailment in sbert_concat using cosine
    entailment PH-Dim: 11.0255
  Computing PH-Dim for neutral in sbert_concat using cosine
    neutral PH-Dim: 13.3968
  Computing PH-Dim for contradiction in sbert_concat using cosine
    contradiction PH-Dim: 12.5955
  Computing cross-class analysis for sbert_concat using cosine
  PH-Dim scores: {'entailment': 11.025538856794194, 'neutral': 13.39684857425742, 'contradiction': 12.595530722526286}

============================================================
TESTING SPACE: lattice_containment
============================================================

--- Testing braycurtis metric ---
  Computing PH-Dim for entailment in lattice_containment using braycurtis
    entailment PH-Dim: 37.6334
  Computing PH-Dim for neutral in lattice_containment using braycurtis
    neutral PH-Dim: 52.3229
  Computing PH-Dim for contradiction in lattice_containment using braycurtis
    contradiction PH-Dim: 39.3282
  Computing cross-class analysis for lattice_containment using braycurtis
  PH-Dim scores: {'entailment': 37.6334246088458, 'neutral': 52.32289159703319, 'contradiction': 39.32815351494245}

--- Testing cosine metric ---
  Computing PH-Dim for entailment in lattice_containment using cosine
    entailment PH-Dim: 18.2290
  Computing PH-Dim for neutral in lattice_containment using cosine
    neutral PH-Dim: 27.8663
  Computing PH-Dim for contradiction in lattice_containment using cosine
    contradiction PH-Dim: 24.0869
  Computing cross-class analysis for lattice_containment using cosine
  PH-Dim scores: {'entailment': 18.228952931471998, 'neutral': 27.866286183189676, 'contradiction': 24.08686102544738}

Saved results to /vol/bitbucket/ahb24/tda_entailment_new/xnli_results/phdim_values/zh/phdim_analysis/phdim_zh_seed101_20260117_165444.json

✓ ZH - seed 101 complete!

------------------------------------------------------------
SEED 3/5: 333
------------------------------------------------------------
XNLI PH-Dimension Analyzer initialized for: zh (seed: 333)
Device: cuda
XNLI data: /vol/bitbucket/ahb24/tda_entailment_new/xnli_data/processed/xnli_zh_combined_SBERT.pt
Distance metrics: ['braycurtis', 'cosine']
Embedding spaces: ['sbert_concat', 'lattice_containment']
Loading XNLI data for zh...
XNLI data loaded:
  Premise embeddings: torch.Size([7500, 768])
  Hypothesis embeddings: torch.Size([7500, 768])
  Labels: 7500
  Language: zh
  Label distribution: {'neutral': 2500, 'contradiction': 2500, 'entailment': 2500}
================================================================================
PH-DIMENSION ANALYSIS - XNLI ZH (seed: 333)
Device: cuda
================================================================================
Extracting embedding spaces...
  entailment: 2500 samples
  neutral: 2500 samples
  contradiction: 2500 samples
Extracting sbert_concat...
  sbert_concat entailment: torch.Size([2500, 1536])
  sbert_concat neutral: torch.Size([2500, 1536])
  sbert_concat contradiction: torch.Size([2500, 1536])
Extracting lattice_containment...
  lattice_containment entailment: torch.Size([2500, 768])
  lattice_containment neutral: torch.Size([2500, 768])
  lattice_containment contradiction: torch.Size([2500, 768])

============================================================
TESTING SPACE: sbert_concat
============================================================

--- Testing braycurtis metric ---
  Computing PH-Dim for entailment in sbert_concat using braycurtis
    entailment PH-Dim: 18.2377
  Computing PH-Dim for neutral in sbert_concat using braycurtis
    neutral PH-Dim: 20.0855
  Computing PH-Dim for contradiction in sbert_concat using braycurtis
    contradiction PH-Dim: 19.3069
  Computing cross-class analysis for sbert_concat using braycurtis
  PH-Dim scores: {'entailment': 18.23768820359511, 'neutral': 20.085490842105077, 'contradiction': 19.306893325290932}

--- Testing cosine metric ---
  Computing PH-Dim for entailment in sbert_concat using cosine
    entailment PH-Dim: 12.3293
  Computing PH-Dim for neutral in sbert_concat using cosine
    neutral PH-Dim: 13.9620
  Computing PH-Dim for contradiction in sbert_concat using cosine
    contradiction PH-Dim: 13.5101
  Computing cross-class analysis for sbert_concat using cosine
  PH-Dim scores: {'entailment': 12.329256244394553, 'neutral': 13.962012706332528, 'contradiction': 13.510067849441738}

============================================================
TESTING SPACE: lattice_containment
============================================================

--- Testing braycurtis metric ---
  Computing PH-Dim for entailment in lattice_containment using braycurtis
    entailment PH-Dim: 40.5728
  Computing PH-Dim for neutral in lattice_containment using braycurtis
    neutral PH-Dim: 44.2561
  Computing PH-Dim for contradiction in lattice_containment using braycurtis
    contradiction PH-Dim: 44.5745
  Computing cross-class analysis for lattice_containment using braycurtis
  PH-Dim scores: {'entailment': 40.57282156418002, 'neutral': 44.25612279183171, 'contradiction': 44.574503980096125}

--- Testing cosine metric ---
  Computing PH-Dim for entailment in lattice_containment using cosine
    entailment PH-Dim: 21.5563
  Computing PH-Dim for neutral in lattice_containment using cosine
    neutral PH-Dim: 25.6113
  Computing PH-Dim for contradiction in lattice_containment using cosine
    contradiction PH-Dim: 28.2885
  Computing cross-class analysis for lattice_containment using cosine
  PH-Dim scores: {'entailment': 21.5562795511372, 'neutral': 25.611258247164464, 'contradiction': 28.288470071583017}

Saved results to /vol/bitbucket/ahb24/tda_entailment_new/xnli_results/phdim_values/zh/phdim_analysis/phdim_zh_seed333_20260117_165444.json

✓ ZH - seed 333 complete!

------------------------------------------------------------
SEED 4/5: 444
------------------------------------------------------------
XNLI PH-Dimension Analyzer initialized for: zh (seed: 444)
Device: cuda
XNLI data: /vol/bitbucket/ahb24/tda_entailment_new/xnli_data/processed/xnli_zh_combined_SBERT.pt
Distance metrics: ['braycurtis', 'cosine']
Embedding spaces: ['sbert_concat', 'lattice_containment']
Loading XNLI data for zh...
XNLI data loaded:
  Premise embeddings: torch.Size([7500, 768])
  Hypothesis embeddings: torch.Size([7500, 768])
  Labels: 7500
  Language: zh
  Label distribution: {'neutral': 2500, 'contradiction': 2500, 'entailment': 2500}
================================================================================
PH-DIMENSION ANALYSIS - XNLI ZH (seed: 444)
Device: cuda
================================================================================
Extracting embedding spaces...
  entailment: 2500 samples
  neutral: 2500 samples
  contradiction: 2500 samples
Extracting sbert_concat...
  sbert_concat entailment: torch.Size([2500, 1536])
  sbert_concat neutral: torch.Size([2500, 1536])
  sbert_concat contradiction: torch.Size([2500, 1536])
Extracting lattice_containment...
  lattice_containment entailment: torch.Size([2500, 768])
  lattice_containment neutral: torch.Size([2500, 768])
  lattice_containment contradiction: torch.Size([2500, 768])

============================================================
TESTING SPACE: sbert_concat
============================================================

--- Testing braycurtis metric ---
  Computing PH-Dim for entailment in sbert_concat using braycurtis
    entailment PH-Dim: 16.3600
  Computing PH-Dim for neutral in sbert_concat using braycurtis
    neutral PH-Dim: 18.7719
  Computing PH-Dim for contradiction in sbert_concat using braycurtis
    contradiction PH-Dim: 18.6369
  Computing cross-class analysis for sbert_concat using braycurtis
  PH-Dim scores: {'entailment': 16.360011821847557, 'neutral': 18.77186957226899, 'contradiction': 18.6369414266302}

--- Testing cosine metric ---
  Computing PH-Dim for entailment in sbert_concat using cosine
    entailment PH-Dim: 11.3923
  Computing PH-Dim for neutral in sbert_concat using cosine
    neutral PH-Dim: 13.3944
  Computing PH-Dim for contradiction in sbert_concat using cosine
    contradiction PH-Dim: 12.9108
  Computing cross-class analysis for sbert_concat using cosine
  PH-Dim scores: {'entailment': 11.39229842749426, 'neutral': 13.39444388582931, 'contradiction': 12.910753159112438}

============================================================
TESTING SPACE: lattice_containment
============================================================

--- Testing braycurtis metric ---
  Computing PH-Dim for entailment in lattice_containment using braycurtis
    entailment PH-Dim: 42.1574
  Computing PH-Dim for neutral in lattice_containment using braycurtis
    neutral PH-Dim: 64.2204
  Computing PH-Dim for contradiction in lattice_containment using braycurtis
    contradiction PH-Dim: 45.8525
  Computing cross-class analysis for lattice_containment using braycurtis
  PH-Dim scores: {'entailment': 42.15739126968271, 'neutral': 64.22039961852947, 'contradiction': 45.85251572855933}

--- Testing cosine metric ---
  Computing PH-Dim for entailment in lattice_containment using cosine
    entailment PH-Dim: 20.5470
  Computing PH-Dim for neutral in lattice_containment using cosine
    neutral PH-Dim: 31.4592
  Computing PH-Dim for contradiction in lattice_containment using cosine
    contradiction PH-Dim: 27.0691
  Computing cross-class analysis for lattice_containment using cosine
  PH-Dim scores: {'entailment': 20.54704442467385, 'neutral': 31.459188376007294, 'contradiction': 27.069098428609866}

Saved results to /vol/bitbucket/ahb24/tda_entailment_new/xnli_results/phdim_values/zh/phdim_analysis/phdim_zh_seed444_20260117_165444.json

✓ ZH - seed 444 complete!

------------------------------------------------------------
SEED 5/5: 500
------------------------------------------------------------
XNLI PH-Dimension Analyzer initialized for: zh (seed: 500)
Device: cuda
XNLI data: /vol/bitbucket/ahb24/tda_entailment_new/xnli_data/processed/xnli_zh_combined_SBERT.pt
Distance metrics: ['braycurtis', 'cosine']
Embedding spaces: ['sbert_concat', 'lattice_containment']
Loading XNLI data for zh...
XNLI data loaded:
  Premise embeddings: torch.Size([7500, 768])
  Hypothesis embeddings: torch.Size([7500, 768])
  Labels: 7500
  Language: zh
  Label distribution: {'neutral': 2500, 'contradiction': 2500, 'entailment': 2500}
================================================================================
PH-DIMENSION ANALYSIS - XNLI ZH (seed: 500)
Device: cuda
================================================================================
Extracting embedding spaces...
  entailment: 2500 samples
  neutral: 2500 samples
  contradiction: 2500 samples
Extracting sbert_concat...
  sbert_concat entailment: torch.Size([2500, 1536])
  sbert_concat neutral: torch.Size([2500, 1536])
  sbert_concat contradiction: torch.Size([2500, 1536])
Extracting lattice_containment...
  lattice_containment entailment: torch.Size([2500, 768])
  lattice_containment neutral: torch.Size([2500, 768])
  lattice_containment contradiction: torch.Size([2500, 768])

============================================================
TESTING SPACE: sbert_concat
============================================================

--- Testing braycurtis metric ---
  Computing PH-Dim for entailment in sbert_concat using braycurtis
    entailment PH-Dim: 17.0478
  Computing PH-Dim for neutral in sbert_concat using braycurtis
    neutral PH-Dim: 18.7681
  Computing PH-Dim for contradiction in sbert_concat using braycurtis
    contradiction PH-Dim: 19.3219
  Computing cross-class analysis for sbert_concat using braycurtis
  PH-Dim scores: {'entailment': 17.047752925573803, 'neutral': 18.7681299907517, 'contradiction': 19.321865049506922}

--- Testing cosine metric ---
  Computing PH-Dim for entailment in sbert_concat using cosine
    entailment PH-Dim: 11.5319
  Computing PH-Dim for neutral in sbert_concat using cosine
    neutral PH-Dim: 12.8404
  Computing PH-Dim for contradiction in sbert_concat using cosine
    contradiction PH-Dim: 13.3838
  Computing cross-class analysis for sbert_concat using cosine
  PH-Dim scores: {'entailment': 11.53188427046462, 'neutral': 12.840413565861082, 'contradiction': 13.383753337491141}

============================================================
TESTING SPACE: lattice_containment
============================================================

--- Testing braycurtis metric ---
  Computing PH-Dim for entailment in lattice_containment using braycurtis
    entailment PH-Dim: 36.9023
  Computing PH-Dim for neutral in lattice_containment using braycurtis
    neutral PH-Dim: 35.0714
  Computing PH-Dim for contradiction in lattice_containment using braycurtis
    contradiction PH-Dim: 36.3199
  Computing cross-class analysis for lattice_containment using braycurtis
  PH-Dim scores: {'entailment': 36.90225378193791, 'neutral': 35.07141366687975, 'contradiction': 36.31991236099407}

--- Testing cosine metric ---
  Computing PH-Dim for entailment in lattice_containment using cosine
    entailment PH-Dim: 19.5477
  Computing PH-Dim for neutral in lattice_containment using cosine
    neutral PH-Dim: 20.2817
  Computing PH-Dim for contradiction in lattice_containment using cosine
    contradiction PH-Dim: 23.0558
  Computing cross-class analysis for lattice_containment using cosine
  PH-Dim scores: {'entailment': 19.547682273335564, 'neutral': 20.281663055183813, 'contradiction': 23.055796527245374}

Saved results to /vol/bitbucket/ahb24/tda_entailment_new/xnli_results/phdim_values/zh/phdim_analysis/phdim_zh_seed500_20260117_165444.json

✓ ZH - seed 500 complete!

ZH Summary:
  Successful seeds: 5/5
  Failed seeds: 0/5

================================================================================
PROCESSING COMPLETE
================================================================================
Successful languages: 15/15
Failed languages: 0/15
Total result files created: 75

✓ All languages processed successfully!
Time: Sat 17 Jan 17:15:30 GMT 2026
=== ALL ANALYSES SUCCESSFUL ===
