{
  "epoch": [
    1,
    2
  ],
  "train_loss": [
    1.9332399961002713,
    1.9112304260388877
  ],
  "train_contrastive_loss": [
    1.9332399961002713,
    1.9112304260388877
  ],
  "train_reconstruction_loss": [
    0.002041254360168076,
    0.001760050882689405
  ],
  "val_loss": [
    1.9088026824610194,
    1.9035822128672395
  ],
  "val_contrastive_loss": [
    1.9088026824610194,
    1.9035822128672395
  ],
  "val_reconstruction_loss": [
    0.0017675078023932666,
    0.0017587092529038866
  ],
  "learning_rate": [
    0.0001,
    0.0001
  ],
  "train_separation_ratio": [
    1.6104398315603083,
    1.816818968816237
  ],
  "val_separation_ratio": [
    1.8884976491803787,
    1.942753732315433
  ]
}