{
  "epoch": [
    1,
    2,
    3,
    4
  ],
  "train_loss": [
    1.9332399961002713,
    1.9112304260388877,
    1.9059127857787206,
    1.4350813571745236
  ],
  "train_contrastive_loss": [
    1.9332399961002713,
    1.9112304260388877,
    1.9059127857787206,
    1.4350813571745236
  ],
  "train_reconstruction_loss": [
    0.002041254360168076,
    0.001760050882689405,
    0.0017587740366213592,
    0.0017587835091865123
  ],
  "val_loss": [
    1.9088026824610194,
    1.9035822128672395,
    1.899547556481104,
    1.4163750689788903
  ],
  "val_contrastive_loss": [
    1.9088026824610194,
    1.9035822128672395,
    1.899547556481104,
    1.4163750689788903
  ],
  "val_reconstruction_loss": [
    0.0017675078023932666,
    0.0017587092529038866,
    0.0017587323395580443,
    0.0017587896295540464
  ],
  "learning_rate": [
    0.0001,
    0.0001,
    0.0001,
    0.0001
  ],
  "train_separation_ratio": [
    1.6104398315603083,
    1.816818968816237,
    1.9247399947860024,
    1.960902051492171
  ],
  "val_separation_ratio": [
    1.8884976491803787,
    1.942753732315433,
    1.9804714161146508,
    2.080206992683908
  ]
}