{
  "epoch": [
    1,
    2,
    3,
    4,
    5,
    6,
    7,
    8,
    9
  ],
  "train_loss": [
    1.9332399961002713,
    1.9112304260388877,
    1.9059127857787206,
    1.4350813571745236,
    1.4224760701092485,
    1.4131155375883788,
    1.355813890640074,
    1.3479853337925463,
    1.3407814200807995
  ],
  "train_contrastive_loss": [
    1.9332399961002713,
    1.9112304260388877,
    1.9059127857787206,
    1.4350813571745236,
    1.4224760701092485,
    1.4131155375883788,
    1.355813890640074,
    1.3479853337925463,
    1.3407814200807995
  ],
  "train_reconstruction_loss": [
    0.002041254360168076,
    0.001760050882689405,
    0.0017587740366213592,
    0.0017587835091865123,
    0.0017587874497476015,
    0.0017587862584958446,
    0.0017587971880952211,
    0.0017587676734509192,
    0.001758775792173084
  ],
  "val_loss": [
    1.9088026824610194,
    1.9035822128672395,
    1.899547556481104,
    1.4163750689788903,
    1.4064513089714548,
    1.3953018699056388,
    1.3350374627601722,
    1.3259211909615571,
    1.3181916375399967
  ],
  "val_contrastive_loss": [
    1.9088026824610194,
    1.9035822128672395,
    1.899547556481104,
    1.4163750689788903,
    1.4064513089714548,
    1.3953018699056388,
    1.3350374627601722,
    1.3259211909615571,
    1.3181916375399967
  ],
  "val_reconstruction_loss": [
    0.0017675078023932666,
    0.0017587092529038866,
    0.0017587323395580443,
    0.0017587896295540464,
    0.0017587501586898745,
    0.0017587642820146164,
    0.001758769587691686,
    0.0017587407381539156,
    0.0017587480695009426
  ],
  "learning_rate": [
    0.0001,
    0.0001,
    0.0001,
    0.0001,
    0.0001,
    0.0001,
    0.0001,
    0.0001,
    0.0001
  ],
  "train_separation_ratio": [
    1.6104398315603083,
    1.816818968816237,
    1.9247399947860024,
    1.960902051492171,
    2.024723703211004,
    2.0955608541315254,
    2.206217267296531,
    2.238758769902316,
    2.334926128387451
  ],
  "val_separation_ratio": [
    1.8884976491803787,
    1.942753732315433,
    1.9804714161146508,
    2.080206992683908,
    2.1496669717785144,
    2.2685119266616565,
    2.3661206869661697,
    2.4430922560629678,
    2.523448639519832
  ]
}