{
  "epoch": [
    1,
    2,
    3,
    4,
    5,
    6,
    7
  ],
  "train_loss": [
    1.9349895595838238,
    1.894917120036688,
    1.8832993063402796,
    1.2425418557179484,
    1.2211421679296086,
    1.207643254065203,
    1.102612355123907
  ],
  "train_contrastive_loss": [
    1.9349895595838238,
    1.894917120036688,
    1.8832993063402796,
    1.2425418557179484,
    1.2211421679296086,
    1.207643254065203,
    1.102612355123907
  ],
  "train_reconstruction_loss": [
    0.010780147776299015,
    0.010516487918724783,
    0.010513152287201176,
    0.010513239267873587,
    0.01051319018353186,
    0.01051310449491777,
    0.010513074432449412
  ],
  "val_loss": [
    1.8937274237584802,
    1.878344644159356,
    1.8680142519416312,
    1.200764068012131,
    1.1852418097703816,
    1.1731485052925692,
    1.0618345861772363
  ],
  "val_contrastive_loss": [
    1.8937274237584802,
    1.878344644159356,
    1.8680142519416312,
    1.200764068012131,
    1.1852418097703816,
    1.1731485052925692,
    1.0618345861772363
  ],
  "val_reconstruction_loss": [
    0.010527783531341806,
    0.010513276616163428,
    0.010513142420731664,
    0.010513161022902867,
    0.010513120809538737,
    0.01051310307452077,
    0.010513174321564882
  ],
  "learning_rate": [
    0.0001,
    0.0001,
    0.0001,
    0.0001,
    0.0001,
    0.0001,
    0.0001
  ],
  "train_separation_ratio": [
    1.6244651891968467,
    2.155716982754794,
    2.375515265898271,
    2.503148252313787,
    2.6299525716088037,
    2.7931910861622202,
    2.8958427147431807
  ],
  "val_separation_ratio": [
    2.1912656534095496,
    2.4703042502731805,
    2.6777356945158606,
    2.891577881363739,
    3.094951310859268,
    3.2398005433144736,
    3.3945231744031
  ]
}