{
  "epoch": [
    1,
    2
  ],
  "train_loss": [
    1.9349895595838238,
    1.894917120036688
  ],
  "train_contrastive_loss": [
    1.9349895595838238,
    1.894917120036688
  ],
  "train_reconstruction_loss": [
    0.010780147776299015,
    0.010516487918724783
  ],
  "val_loss": [
    1.8937274237584802,
    1.878344644159356
  ],
  "val_contrastive_loss": [
    1.8937274237584802,
    1.878344644159356
  ],
  "val_reconstruction_loss": [
    0.010527783531341806,
    0.010513276616163428
  ],
  "learning_rate": [
    0.0001,
    0.0001
  ],
  "train_separation_ratio": [
    1.6244651891968467,
    2.155716982754794
  ],
  "val_separation_ratio": [
    2.1912656534095496,
    2.4703042502731805
  ]
}