{
  "epoch": [
    1
  ],
  "train_loss": [
    1.9349895595838238
  ],
  "train_contrastive_loss": [
    1.9349895595838238
  ],
  "train_reconstruction_loss": [
    0.010780147776299015
  ],
  "val_loss": [
    1.8937274237584802
  ],
  "val_contrastive_loss": [
    1.8937274237584802
  ],
  "val_reconstruction_loss": [
    0.010527783531341806
  ],
  "learning_rate": [
    0.0001
  ],
  "train_separation_ratio": [
    1.6244651891968467
  ],
  "val_separation_ratio": [
    2.1912656534095496
  ]
}