{
  "epoch": [
    1,
    2,
    3,
    4,
    5,
    6,
    7,
    8,
    9,
    10,
    11,
    12,
    13,
    14,
    15,
    16,
    17,
    18,
    19
  ],
  "train_loss": [
    1.9349895595838238,
    1.894917120036688,
    1.8832993063402796,
    1.2425418557179484,
    1.2211421679296086,
    1.207643254065203,
    1.102612355123907,
    1.0929877389520684,
    1.086326675042094,
    1.055947139720455,
    1.0497070889455202,
    1.0440793646780473,
    0.9948987189395911,
    0.9894340268060482,
    0.9849804068188871,
    0.9412535411241556,
    0.9356652380589888,
    0.9327630707005549,
    0.8957120545305576
  ],
  "train_contrastive_loss": [
    1.9349895595838238,
    1.894917120036688,
    1.8832993063402796,
    1.2425418557179484,
    1.2211421679296086,
    1.207643254065203,
    1.102612355123907,
    1.0929877389520684,
    1.086326675042094,
    1.055947139720455,
    1.0497070889455202,
    1.0440793646780473,
    0.9948987189395911,
    0.9894340268060482,
    0.9849804068188871,
    0.9412535411241556,
    0.9356652380589888,
    0.9327630707005549,
    0.8957120545305576
  ],
  "train_reconstruction_loss": [
    0.010780147776299015,
    0.010516487918724783,
    0.010513152287201176,
    0.010513239267873587,
    0.01051319018353186,
    0.01051310449491777,
    0.010513074432449412,
    0.010513163201191793,
    0.010513037068550814,
    0.010513090847660155,
    0.010513157141524987,
    0.010513124883424636,
    0.010513185121091274,
    0.010513168986838179,
    0.010513231924819991,
    0.010513155180024368,
    0.010513071830989706,
    0.010513099255577923,
    0.010513086655841416
  ],
  "val_loss": [
    1.8937274237584802,
    1.878344644159356,
    1.8680142519416312,
    1.200764068012131,
    1.1852418097703816,
    1.1731485052925692,
    1.0618345861772363,
    1.0523863948701258,
    1.0457842772899393,
    1.0136863315127638,
    1.0069955342086778,
    1.0012688424778162,
    0.9467820084516785,
    0.9406038120916214,
    0.9351342956447068,
    0.8884856836311866,
    0.8842936752006773,
    0.8774731930629723,
    0.8359532648180672
  ],
  "val_contrastive_loss": [
    1.8937274237584802,
    1.878344644159356,
    1.8680142519416312,
    1.200764068012131,
    1.1852418097703816,
    1.1731485052925692,
    1.0618345861772363,
    1.0523863948701258,
    1.0457842772899393,
    1.0136863315127638,
    1.0069955342086778,
    1.0012688424778162,
    0.9467820084516785,
    0.9406038120916214,
    0.9351342956447068,
    0.8884856836311866,
    0.8842936752006773,
    0.8774731930629723,
    0.8359532648180672
  ],
  "val_reconstruction_loss": [
    0.010527783531341806,
    0.010513276616163428,
    0.010513142420731664,
    0.010513161022902867,
    0.010513120809538737,
    0.01051310307452077,
    0.010513174321564882,
    0.01051313572630869,
    0.010513141997560886,
    0.010513087777937701,
    0.01051315845092637,
    0.01051319964764227,
    0.010513075372443519,
    0.010513134579932113,
    0.010513112816120215,
    0.010513117777971027,
    0.010513087743251572,
    0.01051313500830581,
    0.0105131986642905
  ],
  "learning_rate": [
    0.0001,
    0.0001,
    0.0001,
    0.0001,
    0.0001,
    0.0001,
    0.0001,
    0.0001,
    0.0001,
    0.0001,
    0.0001,
    0.0001,
    0.0001,
    0.0001,
    0.0001,
    0.0001,
    0.0001,
    0.0001,
    0.0001
  ],
  "train_separation_ratio": [
    1.6244651891968467,
    2.155716982754794,
    2.375515265898271,
    2.503148252313787,
    2.6299525716088037,
    2.7931910861622202,
    2.8958427147431807,
    3.003208192912015,
    3.1034649285403164,
    3.1348183046687734,
    3.238216205076738,
    3.303586970676075,
    3.351812416856939,
    3.3587459217418325,
    3.482966824011369,
    3.5272202600132334,
    3.5777118531140415,
    3.611007582057606,
    3.643376426263289
  ],
  "val_separation_ratio": [
    2.1912656534095496,
    2.4703042502731805,
    2.6777356945158606,
    2.891577881363739,
    3.094951310859268,
    3.2398005433144736,
    3.3945231744031,
    3.538834935460011,
    3.6576634345773877,
    3.7860980846362406,
    3.884028147940751,
    3.9823336934244167,
    4.097182545582009,
    4.191836418386278,
    4.314018333424403,
    4.386263258630337,
    4.4676529983790445,
    4.584199736238192,
    4.655032493104704
  ]
}