{
  "epoch": [
    1,
    2,
    3,
    4,
    5,
    6,
    7,
    8,
    9,
    10,
    11,
    12,
    13,
    14,
    15,
    16,
    17,
    18,
    19,
    20,
    21,
    22,
    23,
    24,
    25,
    26,
    27,
    28,
    29,
    30,
    31,
    32,
    33,
    34,
    35,
    36,
    37,
    38,
    39,
    40,
    41,
    42,
    43,
    44,
    45,
    46,
    47,
    48,
    49,
    50,
    51,
    52,
    53,
    54,
    55,
    56,
    57,
    58,
    59,
    60,
    61,
    62,
    63,
    64,
    65,
    66,
    67,
    68,
    69,
    70,
    71,
    72,
    73,
    74,
    75,
    76,
    77,
    78,
    79,
    80,
    81,
    82,
    83,
    84
  ],
  "train_loss": [
    1.9349895595838238,
    1.894917120036688,
    1.8832993063402796,
    1.2425418557179484,
    1.2211421679296086,
    1.207643254065203,
    1.102612355123907,
    1.0929877389520684,
    1.086326675042094,
    1.055947139720455,
    1.0497070889455202,
    1.0440793646780473,
    0.9948987189395911,
    0.9894340268060482,
    0.9849804068188871,
    0.9412535411241556,
    0.9356652380589888,
    0.9327630707005549,
    0.8957120545305576,
    0.8895219160413831,
    0.8870623067326607,
    0.849060319211452,
    0.8439923605883366,
    0.8417238926088344,
    0.8291936743192833,
    0.8255689217391626,
    0.8222878376642863,
    0.7855421912958724,
    0.7831633370681848,
    0.78000037075199,
    0.7608913121054737,
    0.7583159808784001,
    0.7566021766298532,
    0.7236636693917173,
    0.7203570279107191,
    0.718123262265985,
    0.6983685402452835,
    0.693234401042235,
    0.6917246372562103,
    0.6743361431571137,
    0.6693865975410135,
    0.6682770233358529,
    0.6491175749004442,
    0.6452066635286342,
    0.6440176405498214,
    0.6507691395793325,
    0.6482518128842615,
    0.6471900663562327,
    0.6107868362405446,
    0.6097971832508038,
    0.6077398138339293,
    0.6101019018411192,
    0.6074829141520921,
    0.6066534706778145,
    0.5830339130076616,
    0.5800803226021637,
    0.5792690200290644,
    0.5958344039526288,
    0.5939480922075623,
    0.593448025554252,
    0.5752428281684605,
    0.5745991775887417,
    0.573221813589057,
    0.5565167647722269,
    0.5560449924548911,
    0.5537870589581282,
    0.5583453378197867,
    0.5555874094838759,
    0.5547734783126433,
    0.5240116300307617,
    0.5232004075964958,
    0.5233873420254478,
    0.5347530437803357,
    0.5336149049648804,
    0.5329195047890007,
    0.5198672882782458,
    0.5173428924945036,
    0.5178518245340059,
    0.5312980625993491,
    0.5315652178319473,
    0.5300361660050724,
    0.5015934117457498,
    0.49863414213866053,
    0.4975796501729741
  ],
  "train_contrastive_loss": [
    1.9349895595838238,
    1.894917120036688,
    1.8832993063402796,
    1.2425418557179484,
    1.2211421679296086,
    1.207643254065203,
    1.102612355123907,
    1.0929877389520684,
    1.086326675042094,
    1.055947139720455,
    1.0497070889455202,
    1.0440793646780473,
    0.9948987189395911,
    0.9894340268060482,
    0.9849804068188871,
    0.9412535411241556,
    0.9356652380589888,
    0.9327630707005549,
    0.8957120545305576,
    0.8895219160413831,
    0.8870623067326607,
    0.849060319211452,
    0.8439923605883366,
    0.8417238926088344,
    0.8291936743192833,
    0.8255689217391626,
    0.8222878376642863,
    0.7855421912958724,
    0.7831633370681848,
    0.78000037075199,
    0.7608913121054737,
    0.7583159808784001,
    0.7566021766298532,
    0.7236636693917173,
    0.7203570279107191,
    0.718123262265985,
    0.6983685402452835,
    0.693234401042235,
    0.6917246372562103,
    0.6743361431571137,
    0.6693865975410135,
    0.6682770233358529,
    0.6491175749004442,
    0.6452066635286342,
    0.6440176405498214,
    0.6507691395793325,
    0.6482518128842615,
    0.6471900663562327,
    0.6107868362405446,
    0.6097971832508038,
    0.6077398138339293,
    0.6101019018411192,
    0.6074829141520921,
    0.6066534706778145,
    0.5830339130076616,
    0.5800803226021637,
    0.5792690200290644,
    0.5958344039526288,
    0.5939480922075623,
    0.593448025554252,
    0.5752428281684605,
    0.5745991775887417,
    0.573221813589057,
    0.5565167647722269,
    0.5560449924548911,
    0.5537870589581282,
    0.5583453378197867,
    0.5555874094838759,
    0.5547734783126433,
    0.5240116300307617,
    0.5232004075964958,
    0.5233873420254478,
    0.5347530437803357,
    0.5336149049648804,
    0.5329195047890007,
    0.5198672882782458,
    0.5173428924945036,
    0.5178518245340059,
    0.5312980625993491,
    0.5315652178319473,
    0.5300361660050724,
    0.5015934117457498,
    0.49863414213866053,
    0.4975796501729741
  ],
  "train_reconstruction_loss": [
    0.010780147776299015,
    0.010516487918724783,
    0.010513152287201176,
    0.010513239267873587,
    0.01051319018353186,
    0.01051310449491777,
    0.010513074432449412,
    0.010513163201191793,
    0.010513037068550814,
    0.010513090847660155,
    0.010513157141524987,
    0.010513124883424636,
    0.010513185121091274,
    0.010513168986838179,
    0.010513231924819991,
    0.010513155180024368,
    0.010513071830989706,
    0.010513099255577923,
    0.010513086655841416,
    0.010513203785697508,
    0.010513005330742405,
    0.010513145089829323,
    0.010513088107455932,
    0.010513156978500178,
    0.010513023669299022,
    0.01051316868680316,
    0.010513052835130935,
    0.010513134382221175,
    0.010513190143642812,
    0.010513157021857839,
    0.010513160729805073,
    0.010513115941340474,
    0.01051299319580003,
    0.010513126825847883,
    0.010513166015971196,
    0.010513199769043722,
    0.010513104009311958,
    0.010513149874780876,
    0.010513054000584884,
    0.0105131042347718,
    0.010513197125960662,
    0.010513048563534098,
    0.01051301659506293,
    0.010513139928533267,
    0.01051308731661218,
    0.010513080049868069,
    0.010513216893585812,
    0.010513089902463128,
    0.010513159149851879,
    0.010513115278835403,
    0.010513140861590149,
    0.010513249227995645,
    0.010513174238318171,
    0.010513152051335496,
    0.010513144297251266,
    0.010513098759566273,
    0.010513131054087058,
    0.010513155762751343,
    0.010513094272915434,
    0.010513206437452101,
    0.010513234515873857,
    0.010513289772612311,
    0.010513190004898294,
    0.010513096891718204,
    0.010513202687881513,
    0.010513189614679338,
    0.010513175936204206,
    0.010513128069345623,
    0.010513154023241952,
    0.010513119923308131,
    0.010513145273665809,
    0.010513099727309284,
    0.01051315330697338,
    0.010513113716225273,
    0.010513078234049195,
    0.010513216539787292,
    0.010513046360964881,
    0.010513176841512184,
    0.01051318659698608,
    0.010513054718587763,
    0.01051302584238503,
    0.010513083823718948,
    0.010513082420665015,
    0.010513030556230017
  ],