{
  "epoch": [
    1,
    2,
    3
  ],
  "train_loss": [
    1.9349895595838238,
    1.894917120036688,
    1.8832993063402796
  ],
  "train_contrastive_loss": [
    1.9349895595838238,
    1.894917120036688,
    1.8832993063402796
  ],
  "train_reconstruction_loss": [
    0.010780147776299015,
    0.010516487918724783,
    0.010513152287201176
  ],
  "val_loss": [
    1.8937274237584802,
    1.878344644159356,
    1.8680142519416312
  ],
  "val_contrastive_loss": [
    1.8937274237584802,
    1.878344644159356,
    1.8680142519416312
  ],
  "val_reconstruction_loss": [
    0.010527783531341806,
    0.010513276616163428,
    0.010513142420731664
  ],
  "learning_rate": [
    0.0001,
    0.0001,
    0.0001
  ],
  "train_separation_ratio": [
    1.6244651891968467,
    2.155716982754794,
    2.375515265898271
  ],
  "val_separation_ratio": [
    2.1912656534095496,
    2.4703042502731805,
    2.6777356945158606
  ]
}