{
  "epoch": [
    1
  ],
  "train_loss": [
    1.9317890316858415
  ],
  "train_contrastive_loss": [
    1.9317890316858415
  ],
  "train_reconstruction_loss": [
    0.0020067519189623396
  ],
  "val_loss": [
    1.908076549153532
  ],
  "val_contrastive_loss": [
    1.908076549153532
  ],
  "val_reconstruction_loss": [
    0.0017636733611324175
  ],
  "learning_rate": [
    0.0001
  ],
  "train_separation_ratio": [
    1.6195756576277993
  ],
  "val_separation_ratio": [
    1.8967519894214537
  ]
}