{
  "epoch": [
    1,
    2,
    3,
    4,
    5,
    6,
    7,
    8,
    9,
    10,
    11,
    12,
    13
  ],
  "train_loss": [
    1.9317890316858415,
    1.9111801840961535,
    1.9059536983180978,
    1.437702924845605,
    1.4279218021939808,
    1.417774005753146,
    1.356493745880198,
    1.348782550245246,
    1.3415241911868587,
    1.2946664976230102,
    1.287912935740011,
    1.2814069893107067,
    1.2444295605689675
  ],
  "train_contrastive_loss": [
    1.9317890316858415,
    1.9111801840961535,
    1.9059536983180978,
    1.437702924845605,
    1.4279218021939808,
    1.417774005753146,
    1.356493745880198,
    1.348782550245246,
    1.3415241911868587,
    1.2946664976230102,
    1.287912935740011,
    1.2814069893107067,
    1.2444295605689675
  ],
  "train_reconstruction_loss": [
    0.0020067519189623396,
    0.0017590017688375668,
    0.0017587343559061044,
    0.0017587485529388712,
    0.0017587548220231852,
    0.0017587931705742824,
    0.0017587561984121578,
    0.0017587674646837778,
    0.0017587795124772512,
    0.0017587834402478303,
    0.0017587466237397112,
    0.001758727163303595,
    0.0017587646386313844
  ],
  "val_loss": [
    1.908076549153532,
    1.9029690005037816,
    1.899361154442615,
    1.4204759211513582,
    1.4096085994159264,
    1.4007978184041143,
    1.3375769092162006,
    1.3298375955063093,
    1.3185049843743748,
    1.2691409314810898,
    1.2614490346535625,
    1.2553175332603952,
    1.21476084493392
  ],
  "val_contrastive_loss": [
    1.908076549153532,
    1.9029690005037816,
    1.899361154442615,
    1.4204759211513582,
    1.4096085994159264,
    1.4007978184041143,
    1.3375769092162006,
    1.3298375955063093,
    1.3185049843743748,
    1.2691409314810898,
    1.2614490346535625,
    1.2553175332603952,
    1.21476084493392
  ],
  "val_reconstruction_loss": [
    0.0017636733611324175,
    0.0017586287741464333,
    0.0017587639158591628,
    0.0017587800386224767,
    0.0017587782778678326,
    0.0017587909430744095,
    0.001758782261353007,
    0.00175877254186597,
    0.0017587810191559974,
    0.001758796047138352,
    0.0017587782648605342,
    0.0017587807967311927,
    0.0017587486411717128
  ],
  "learning_rate": [
    0.0001,
    0.0001,
    0.0001,
    0.0001,
    0.0001,
    0.0001,
    0.0001,
    0.0001,
    0.0001,
    0.0001,
    0.0001,
    0.0001,
    0.0001
  ],
  "train_separation_ratio": [
    1.6195756576277993,
    1.829104114662517,
    1.8795866045084866,
    1.9733098095113581,
    2.0149201208894905,
    2.121129193089225,
    2.1332039074464277,
    2.2692749717018823,
    2.33009858564897,
    2.354017983783375,
    2.4154552221298218,
    2.493404572660273,
    2.5438563390211626
  ],
  "val_separation_ratio": [
    1.8967519894214537,
    1.9567044857937974,
    2.0072005110302005,
    2.078993060069377,
    2.1596505124697694,
    2.245325331137389,
    2.3459252121284244,
    2.4304893416399396,
    2.537256452180376,
    2.619319988584607,
    2.691683372305758,
    2.7964169091130544,
    2.8475070758904826
  ]
}