{
  "epoch": [
    1,
    2,
    3
  ],
  "train_loss": [
    1.9317890316858415,
    1.9111801840961535,
    1.9059536983180978
  ],
  "train_contrastive_loss": [
    1.9317890316858415,
    1.9111801840961535,
    1.9059536983180978
  ],
  "train_reconstruction_loss": [
    0.0020067519189623396,
    0.0017590017688375668,
    0.0017587343559061044
  ],
  "val_loss": [
    1.908076549153532,
    1.9029690005037816,
    1.899361154442615
  ],
  "val_contrastive_loss": [
    1.908076549153532,
    1.9029690005037816,
    1.899361154442615
  ],
  "val_reconstruction_loss": [
    0.0017636733611324175,
    0.0017586287741464333,
    0.0017587639158591628
  ],
  "learning_rate": [
    0.0001,
    0.0001,
    0.0001
  ],
  "train_separation_ratio": [
    1.6195756576277993,
    1.829104114662517,
    1.8795866045084866
  ],
  "val_separation_ratio": [
    1.8967519894214537,
    1.9567044857937974,
    2.0072005110302005
  ]
}