{
  "epoch": [
    1,
    2,
    3,
    4,
    5,
    6,
    7,
    8,
    9,
    10,
    11,
    12,
    13,
    14,
    15,
    16,
    17,
    18,
    19,
    20
  ],
  "train_loss": [
    1.9317890316858415,
    1.9111801840961535,
    1.9059536983180978,
    1.437702924845605,
    1.4279218021939808,
    1.417774005753146,
    1.356493745880198,
    1.348782550245246,
    1.3415241911868587,
    1.2946664976230102,
    1.287912935740011,
    1.2814069893107067,
    1.2444295605689675,
    1.2378431179004008,
    1.234251141770148,
    1.217921395097587,
    1.213690027400324,
    1.2099827983081897,
    1.155404972630506,
    1.1515637076766798
  ],
  "train_contrastive_loss": [
    1.9317890316858415,
    1.9111801840961535,
    1.9059536983180978,
    1.437702924845605,
    1.4279218021939808,
    1.417774005753146,
    1.356493745880198,
    1.348782550245246,
    1.3415241911868587,
    1.2946664976230102,
    1.287912935740011,
    1.2814069893107067,
    1.2444295605689675,
    1.2378431179004008,
    1.234251141770148,
    1.217921395097587,
    1.213690027400324,
    1.2099827983081897,
    1.155404972630506,
    1.1515637076766798
  ],
  "train_reconstruction_loss": [
    0.0020067519189623396,
    0.0017590017688375668,
    0.0017587343559061044,
    0.0017587485529388712,
    0.0017587548220231852,
    0.0017587931705742824,
    0.0017587561984121578,
    0.0017587674646837778,
    0.0017587795124772512,
    0.0017587834402478303,
    0.0017587466237397112,
    0.001758727163303595,
    0.0017587646386313844,
    0.0017587561609077804,
    0.001758782758448599,
    0.001758803862140096,
    0.0017587707960697193,
    0.001758770221580701,
    0.0017587217477148527,
    0.0017587925923998628
  ],
  "val_loss": [
    1.908076549153532,
    1.9029690005037816,
    1.899361154442615,
    1.4204759211513582,
    1.4096085994159264,
    1.4007978184041143,
    1.3375769092162006,
    1.3298375955063093,
    1.3185049843743748,
    1.2691409314810898,
    1.2614490346535625,
    1.2553175332603952,
    1.21476084493392,
    1.2087970987600543,
    1.2054316524686761,
    1.1846537885275188,
    1.1805767253790487,
    1.174730992184005,
    1.1187426506696023,
    1.113262818734295
  ],
  "val_contrastive_loss": [
    1.908076549153532,
    1.9029690005037816,
    1.899361154442615,
    1.4204759211513582,
    1.4096085994159264,
    1.4007978184041143,
    1.3375769092162006,
    1.3298375955063093,
    1.3185049843743748,
    1.2691409314810898,
    1.2614490346535625,
    1.2553175332603952,
    1.21476084493392,
    1.2087970987600543,
    1.2054316524686761,
    1.1846537885275188,
    1.1805767253790487,
    1.174730992184005,
    1.1187426506696023,
    1.113262818734295
  ],
  "val_reconstruction_loss": [
    0.0017636733611324175,
    0.0017586287741464333,
    0.0017587639158591628,
    0.0017587800386224767,
    0.0017587782778678326,
    0.0017587909430744095,
    0.001758782261353007,
    0.00175877254186597,
    0.0017587810191559974,
    0.001758796047138352,
    0.0017587782648605342,
    0.0017587807967311927,
    0.0017587486411717128,
    0.0017587646932620382,
    0.0017587373102971766,
    0.0017587597693491804,
    0.0017587474581579117,
    0.0017587423757728002,
    0.0017587594823214594,
    0.0017587707477259263
  ],
  "learning_rate": [
    0.0001,
    0.0001,
    0.0001,
    0.0001,
    0.0001,
    0.0001,
    0.0001,
    0.0001,
    0.0001,
    0.0001,
    0.0001,
    0.0001,
    0.0001,
    0.0001,
    0.0001,
    0.0001,
    0.0001,
    0.0001,
    0.0001,
    0.0001
  ],
  "train_separation_ratio": [
    1.6195756576277993,
    1.829104114662517,
    1.8795866045084866,
    1.9733098095113581,
    2.0149201208894905,
    2.121129193089225,
    2.1332039074464277,
    2.2692749717018823,
    2.33009858564897,
    2.354017983783375,
    2.4154552221298218,
    2.493404572660273,
    2.5438563390211626,
    2.585584131154147,
    2.6231010176918725,
    2.6815242117101494,
    2.7452010891654273,
    2.7817000692540947,
    2.8786121064966377,
    2.8206084099682895
  ],
  "val_separation_ratio": [
    1.8967519894214537,
    1.9567044857937974,
    2.0072005110302005,
    2.078993060069377,
    2.1596505124697694,
    2.245325331137389,
    2.3459252121284244,
    2.4304893416399396,
    2.537256452180376,
    2.619319988584607,
    2.691683372305758,
    2.7964169091130544,
    2.8475070758904826,
    2.9587118550163853,
    2.9897418674809972,
    3.06715675883231,
    3.1946821465838555,
    3.2626969938615624,
    3.3175618391019226,
    3.418760565184126
  ]
}