{
  "epoch": [
    1,
    2,
    3,
    4,
    5,
    6,
    7,
    8,
    9,
    10,
    11,
    12,
    13,
    14,
    15,
    16,
    17,
    18,
    19,
    20,
    21,
    22,
    23,
    24,
    25,
    26,
    27,
    28,
    29,
    30,
    31,
    32,
    33,
    34,
    35,
    36,
    37,
    38,
    39,
    40,
    41,
    42,
    43,
    44,
    45,
    46,
    47,
    48,
    49,
    50,
    51,
    52,
    53,
    54,
    55,
    56,
    57,
    58,
    59,
    60,
    61,
    62
  ],
  "train_loss": [
    1.9317890316858415,
    1.9111801840961535,
    1.9059536983180978,
    1.437702924845605,
    1.4279218021939808,
    1.417774005753146,
    1.356493745880198,
    1.348782550245246,
    1.3415241911868587,
    1.2946664976230102,
    1.287912935740011,
    1.2814069893107067,
    1.2444295605689675,
    1.2378431179004008,
    1.234251141770148,
    1.217921395097587,
    1.213690027400324,
    1.2099827983081897,
    1.155404972630506,
    1.1515637076766798,
    1.1481790342810434,
    1.1639590076894069,
    1.160074726163342,
    1.1585560344450967,
    1.1267636235199827,
    1.124777983242795,
    1.1235532931553363,
    1.1137116772280502,
    1.1102907690921975,
    1.1093442309058135,
    1.0985772474296045,
    1.0941424898151135,
    1.0937520658503697,
    1.0392453866963947,
    1.0368343355269405,
    1.0360236035822934,
    1.0438035742086627,
    1.0423035637182452,
    1.0402677435448715,
    1.053809706947213,
    1.0521679238678134,
    1.049988888828448,
    1.0322817429705926,
    1.0313809698298435,
    1.0289281407992046,
    1.0133945689965005,
    1.0123567688842503,
    1.0089342261159886,
    0.9927622243012796,
    0.9927016487778676,
    0.9896159102130868,
    0.9987048262546404,
    0.9983983845684116,
    0.9962201802202221,
    0.9820478386497142,
    0.9801252072527866,
    0.9783892028824577,
    0.9776173630240244,
    0.9772665324157843,
    0.9760202230465923,
    0.9582123784157595,
    0.957571469982687
  ],
  "train_contrastive_loss": [
    1.9317890316858415,
    1.9111801840961535,
    1.9059536983180978,
    1.437702924845605,
    1.4279218021939808,
    1.417774005753146,
    1.356493745880198,
    1.348782550245246,
    1.3415241911868587,
    1.2946664976230102,
    1.287912935740011,
    1.2814069893107067,
    1.2444295605689675,
    1.2378431179004008,
    1.234251141770148,
    1.217921395097587,
    1.213690027400324,
    1.2099827983081897,
    1.155404972630506,
    1.1515637076766798,
    1.1481790342810434,
    1.1639590076894069,
    1.160074726163342,
    1.1585560344450967,
    1.1267636235199827,
    1.124777983242795,
    1.1235532931553363,
    1.1137116772280502,
    1.1102907690921975,
    1.1093442309058135,
    1.0985772474296045,
    1.0941424898151135,
    1.0937520658503697,
    1.0392453866963947,
    1.0368343355269405,
    1.0360236035822934,
    1.0438035742086627,
    1.0423035637182452,
    1.0402677435448715,
    1.053809706947213,
    1.0521679238678134,
    1.049988888828448,
    1.0322817429705926,
    1.0313809698298435,
    1.0289281407992046,
    1.0133945689965005,
    1.0123567688842503,
    1.0089342261159886,
    0.9927622243012796,
    0.9927016487778676,
    0.9896159102130868,
    0.9987048262546404,
    0.9983983845684116,
    0.9962201802202221,
    0.9820478386497142,
    0.9801252072527866,
    0.9783892028824577,
    0.9776173630240244,
    0.9772665324157843,
    0.9760202230465923,
    0.9582123784157595,
    0.957571469982687
  ],
  "train_reconstruction_loss": [
    0.0020067519189623396,
    0.0017590017688375668,
    0.0017587343559061044,
    0.0017587485529388712,
    0.0017587548220231852,
    0.0017587931705742824,
    0.0017587561984121578,
    0.0017587674646837778,
    0.0017587795124772512,
    0.0017587834402478303,
    0.0017587466237397112,
    0.001758727163303595,
    0.0017587646386313844,
    0.0017587561609077804,
    0.001758782758448599,
    0.001758803862140096,
    0.0017587707960697193,
    0.001758770221580701,
    0.0017587217477148527,
    0.0017587925923998628,
    0.0017587696854632132,
    0.001758791095693379,
    0.0017587969511455998,
    0.0017587603642162998,
    0.0017587943986800518,
    0.0017587283296246962,
    0.0017587429457092641,
    0.0017587815466019528,
    0.0017587683882019734,
    0.00175875716593838,
    0.0017587738653585953,
    0.0017587120520745298,
    0.00175876164218338,
    0.0017587697064916793,
    0.0017587989909067972,
    0.001758760022557925,
    0.0017587898136073206,
    0.0017587363969680317,
    0.0017587401920641655,
    0.0017587583062448843,
    0.0017587711865054633,
    0.0017587873966344659,
    0.0017587874772797168,
    0.001758802016404435,
    0.0017587647864810109,
    0.0017587536680590174,
    0.0017587827417558993,
    0.0017587582314529176,
    0.001758758523033193,
    0.0017587785269575994,
    0.0017587450394507505,
    0.001758749691511069,
    0.0017587685911158305,
    0.0017587847843353447,
    0.0017587469235579422,
    0.0017587577024894441,
    0.0017587882063387992,
    0.001758754018172136,
    0.0017587761273278094,
    0.001758804941095509,
    0.0017587457962587364,
    0.0017587543680684665
  ],
  "val_loss": [
    1.908076549153532,
    1.9029690005037816,
    1.899361154442615,
    1.4204759211513582,
    1.4096085994159264,
    1.4007978184041143,
    1.3375769092162006,
    1.3298375955063093,
    1.3185049843743748,
    1.2691409314810898,
    1.2614490346535625,
    1.2553175332603952,
    1.21476084493392,
    1.2087970987600543,
    1.2054316524686761,
    1.1846537885275188,
    1.1805767253790487,
    1.174730992184005,
    1.1187426506696023,
    1.113262818734295,
    1.1100953264609394,
    1.125095923297676,
    1.1225236640962142,
    1.1165462703456204,
    1.0843911572763596,
    1.0822521952055464,
    1.078871361148202,
    1.066998902645857,
    1.0652564233463793,
    1.0631473816972872,
    1.0511096294143791,
    1.0468424291140097,
    1.0462650086182679,
    0.9889535352282462,
    0.9891910659534305,
    0.9856308797440272,
    0.9926303996942119,
    0.9911239875317508,
    0.9889872461501891,
    1.0008133556589733,
    1.00020026794359,
    0.9977255535747308,
    0.9774579898605134,
    0.9755397848576807,
    0.9756208134319085,
    0.9583885934987769,
    0.9591326077557143,
    0.9553753617089554,
    0.9356344173518417,
    0.9349619013637138,
    0.9320071223061844,
    0.9422486130307729,
    0.9415337397843544,
    0.9390999703655918,
    0.9207278248096089,
    0.9215185154971686,
    0.9203197205754854,
    0.9175759230912065,
    0.917168954675202,
    0.9174055462664954,
    0.9011708482461712,
    0.8959187154885333
  ],