{
  "epoch": [
    1,
    2
  ],
  "train_loss": [
    1.9317890316858415,
    1.9111801840961535
  ],
  "train_contrastive_loss": [
    1.9317890316858415,
    1.9111801840961535
  ],
  "train_reconstruction_loss": [
    0.0020067519189623396,
    0.0017590017688375668
  ],
  "val_loss": [
    1.908076549153532,
    1.9029690005037816
  ],
  "val_contrastive_loss": [
    1.908076549153532,
    1.9029690005037816
  ],
  "val_reconstruction_loss": [
    0.0017636733611324175,
    0.0017586287741464333
  ],
  "learning_rate": [
    0.0001,
    0.0001
  ],
  "train_separation_ratio": [
    1.6195756576277993,
    1.829104114662517
  ],
  "val_separation_ratio": [
    1.8967519894214537,
    1.9567044857937974
  ]
}