{
  "epoch": [
    1,
    2,
    3,
    4,
    5,
    6,
    7,
    8,
    9,
    10,
    11,
    12,
    13,
    14,
    15,
    16,
    17,
    18,
    19,
    20,
    21,
    22,
    23,
    24,
    25,
    26,
    27,
    28,
    29,
    30,
    31,
    32,
    33,
    34,
    35,
    36
  ],
  "train_loss": [
    1.9317890316858415,
    1.9111801840961535,
    1.9059536983180978,
    1.437702924845605,
    1.4279218021939808,
    1.417774005753146,
    1.356493745880198,
    1.348782550245246,
    1.3415241911868587,
    1.2946664976230102,
    1.287912935740011,
    1.2814069893107067,
    1.2444295605689675,
    1.2378431179004008,
    1.234251141770148,
    1.217921395097587,
    1.213690027400324,
    1.2099827983081897,
    1.155404972630506,
    1.1515637076766798,
    1.1481790342810434,
    1.1639590076894069,
    1.160074726163342,
    1.1585560344450967,
    1.1267636235199827,
    1.124777983242795,
    1.1235532931553363,
    1.1137116772280502,
    1.1102907690921975,
    1.1093442309058135,
    1.0985772474296045,
    1.0941424898151135,
    1.0937520658503697,
    1.0392453866963947,
    1.0368343355269405,
    1.0360236035822934
  ],
  "train_contrastive_loss": [
    1.9317890316858415,
    1.9111801840961535,
    1.9059536983180978,
    1.437702924845605,
    1.4279218021939808,
    1.417774005753146,
    1.356493745880198,
    1.348782550245246,
    1.3415241911868587,
    1.2946664976230102,
    1.287912935740011,
    1.2814069893107067,
    1.2444295605689675,
    1.2378431179004008,
    1.234251141770148,
    1.217921395097587,
    1.213690027400324,
    1.2099827983081897,
    1.155404972630506,
    1.1515637076766798,
    1.1481790342810434,
    1.1639590076894069,
    1.160074726163342,
    1.1585560344450967,
    1.1267636235199827,
    1.124777983242795,
    1.1235532931553363,
    1.1137116772280502,
    1.1102907690921975,
    1.1093442309058135,
    1.0985772474296045,
    1.0941424898151135,
    1.0937520658503697,
    1.0392453866963947,
    1.0368343355269405,
    1.0360236035822934
  ],
  "train_reconstruction_loss": [
    0.0020067519189623396,
    0.0017590017688375668,
    0.0017587343559061044,
    0.0017587485529388712,
    0.0017587548220231852,
    0.0017587931705742824,
    0.0017587561984121578,
    0.0017587674646837778,
    0.0017587795124772512,
    0.0017587834402478303,
    0.0017587466237397112,
    0.001758727163303595,
    0.0017587646386313844,
    0.0017587561609077804,
    0.001758782758448599,
    0.001758803862140096,
    0.0017587707960697193,
    0.001758770221580701,
    0.0017587217477148527,
    0.0017587925923998628,
    0.0017587696854632132,
    0.001758791095693379,
    0.0017587969511455998,
    0.0017587603642162998,
    0.0017587943986800518,
    0.0017587283296246962,
    0.0017587429457092641,
    0.0017587815466019528,
    0.0017587683882019734,
    0.00175875716593838,
    0.0017587738653585953,
    0.0017587120520745298,
    0.00175876164218338,
    0.0017587697064916793,
    0.0017587989909067972,
    0.001758760022557925
  ],
  "val_loss": [
    1.908076549153532,
    1.9029690005037816,
    1.899361154442615,
    1.4204759211513582,
    1.4096085994159264,
    1.4007978184041143,
    1.3375769092162006,
    1.3298375955063093,
    1.3185049843743748,
    1.2691409314810898,
    1.2614490346535625,
    1.2553175332603952,
    1.21476084493392,
    1.2087970987600543,
    1.2054316524686761,
    1.1846537885275188,
    1.1805767253790487,
    1.174730992184005,
    1.1187426506696023,
    1.113262818734295,
    1.1100953264609394,
    1.125095923297676,
    1.1225236640962142,
    1.1165462703456204,
    1.0843911572763596,
    1.0822521952055464,
    1.078871361148202,
    1.066998902645857,
    1.0652564233463793,
    1.0631473816972872,
    1.0511096294143791,
    1.0468424291140097,
    1.0462650086182679,
    0.9889535352282462,
    0.9891910659534305,
    0.9856308797440272
  ],
  "val_contrastive_loss": [
    1.908076549153532,
    1.9029690005037816,
    1.899361154442615,
    1.4204759211513582,
    1.4096085994159264,
    1.4007978184041143,
    1.3375769092162006,
    1.3298375955063093,
    1.3185049843743748,
    1.2691409314810898,
    1.2614490346535625,
    1.2553175332603952,
    1.21476084493392,
    1.2087970987600543,
    1.2054316524686761,
    1.1846537885275188,
    1.1805767253790487,
    1.174730992184005,
    1.1187426506696023,
    1.113262818734295,
    1.1100953264609394,
    1.125095923297676,
    1.1225236640962142,
    1.1165462703456204,
    1.0843911572763596,
    1.0822521952055464,
    1.078871361148202,
    1.066998902645857,
    1.0652564233463793,
    1.0631473816972872,
    1.0511096294143791,
    1.0468424291140097,
    1.0462650086182679,
    0.9889535352282462,
    0.9891910659534305,
    0.9856308797440272
  ],
  "val_reconstruction_loss": [
    0.0017636733611324175,
    0.0017586287741464333,
    0.0017587639158591628,
    0.0017587800386224767,
    0.0017587782778678326,
    0.0017587909430744095,
    0.001758782261353007,
    0.00175877254186597,
    0.0017587810191559974,
    0.001758796047138352,
    0.0017587782648605342,
    0.0017587807967311927,
    0.0017587486411717128,
    0.0017587646932620382,
    0.0017587373102971766,
    0.0017587597693491804,
    0.0017587474581579117,
    0.0017587423757728002,
    0.0017587594823214594,
    0.0017587707477259263,
    0.0017587790940758153,
    0.0017587482648272089,
    0.0017587602005411265,
    0.0017588046371583,
    0.0017587555272355537,
    0.0017587595876805775,
    0.0017587879800118047,
    0.0017587731783564448,
    0.0017587704052003984,
    0.0017587371867278407,
    0.0017587419029574988,
    0.001758774641677529,
    0.0017587629221015554,
    0.0017587278522568403,
    0.001758763052608117,
    0.0017587678056917876
  ],
  "learning_rate": [
    0.0001,
    0.0001,
    0.0001,
    0.0001,
    0.0001,
    0.0001,
    0.0001,
    0.0001,
    0.0001,
    0.0001,
    0.0001,
    0.0001,
    0.0001,
    0.0001,
    0.0001,
    0.0001,
    0.0001,
    0.0001,
    0.0001,
    0.0001,
    0.0001,
    0.0001,
    0.0001,
    0.0001,
    0.0001,
    0.0001,
    0.0001,
    0.0001,
    0.0001,
    0.0001,
    0.0001,
    0.0001,
    0.0001,
    0.0001,
    0.0001,
    0.0001
  ],
  "train_separation_ratio": [
    1.6195756576277993,
    1.829104114662517,
    1.8795866045084866,
    1.9733098095113581,
    2.0149201208894905,
    2.121129193089225,
    2.1332039074464277,
    2.2692749717018823,
    2.33009858564897,
    2.354017983783375,
    2.4154552221298218,
    2.493404572660273,
    2.5438563390211626,
    2.585584131154147,
    2.6231010176918725,
    2.6815242117101494,
    2.7452010891654273,
    2.7817000692540947,
    2.8786121064966377,
    2.8206084099682895,
    2.8889727158979936,
    2.952414534308694,
    2.9724165092815054,
    2.945033474401994,
    2.9926581491123545,
    2.9995440569790928,
    3.0482564839449795,
    3.08617225560275,
    3.1387739073146474,
    3.1301498629830102,
    3.1739417639645664,
    3.2169817144220527,
    3.251933683048595,
    3.2956581874327227,
    3.2877445220947266,
    3.317747647112066
  ],