{
  "epoch": [
    1,
    2,
    3,
    4,
    5
  ],
  "train_loss": [
    1.9317890316858415,
    1.9111801840961535,
    1.9059536983180978,
    1.437702924845605,
    1.4279218021939808
  ],
  "train_contrastive_loss": [
    1.9317890316858415,
    1.9111801840961535,
    1.9059536983180978,
    1.437702924845605,
    1.4279218021939808
  ],
  "train_reconstruction_loss": [
    0.0020067519189623396,
    0.0017590017688375668,
    0.0017587343559061044,
    0.0017587485529388712,
    0.0017587548220231852
  ],
  "val_loss": [
    1.908076549153532,
    1.9029690005037816,
    1.899361154442615,
    1.4204759211513582,
    1.4096085994159264
  ],
  "val_contrastive_loss": [
    1.908076549153532,
    1.9029690005037816,
    1.899361154442615,
    1.4204759211513582,
    1.4096085994159264
  ],
  "val_reconstruction_loss": [
    0.0017636733611324175,
    0.0017586287741464333,
    0.0017587639158591628,
    0.0017587800386224767,
    0.0017587782778678326
  ],
  "learning_rate": [
    0.0001,
    0.0001,
    0.0001,
    0.0001,
    0.0001
  ],
  "train_separation_ratio": [
    1.6195756576277993,
    1.829104114662517,
    1.8795866045084866,
    1.9733098095113581,
    2.0149201208894905
  ],
  "val_separation_ratio": [
    1.8967519894214537,
    1.9567044857937974,
    2.0072005110302005,
    2.078993060069377,
    2.1596505124697694
  ]
}