{
  "epoch": [
    1
  ],
  "train_loss": [
    1.9322678998417917
  ],
  "train_contrastive_loss": [
    1.9322678998417917
  ],
  "train_reconstruction_loss": [
    0.0019826470673503962
  ],
  "val_loss": [
    1.908649838614508
  ],
  "val_contrastive_loss": [
    1.908649838614508
  ],
  "val_reconstruction_loss": [
    0.0017613011221115232
  ],
  "learning_rate": [
    0.0001
  ],
  "train_separation_ratio": [
    1.6022062680938027
  ],
  "val_separation_ratio": [
    1.8928552861542232
  ]
}