{
  "epoch": [
    1,
    2,
    3,
    4,
    5
  ],
  "train_loss": [
    1.9322678998417917,
    1.9117231788581976,
    1.9061588528435989,
    1.4380938038923665,
    1.4245431345490327
  ],
  "train_contrastive_loss": [
    1.9322678998417917,
    1.9117231788581976,
    1.9061588528435989,
    1.4380938038923665,
    1.4245431345490327
  ],
  "train_reconstruction_loss": [
    0.0019826470673503962,
    0.0017584741240873711,
    0.0017587353719929078,
    0.0017587823279070177,
    0.0017587321229865238
  ],
  "val_loss": [
    1.908649838614508,
    1.903261291914146,
    1.8999617814573717,
    1.4192486772768103,
    1.408046558582583
  ],
  "val_contrastive_loss": [
    1.908649838614508,
    1.903261291914146,
    1.8999617814573717,
    1.4192486772768103,
    1.408046558582583
  ],
  "val_reconstruction_loss": [
    0.0017613011221115232,
    0.001758602738520911,
    0.0017587566090092146,
    0.001758789371575959,
    0.0017587974209258648
  ],
  "learning_rate": [
    0.0001,
    0.0001,
    0.0001,
    0.0001,
    0.0001
  ],
  "train_separation_ratio": [
    1.6022062680938027,
    1.8289455825632268,
    1.896578078920191,
    1.9628168669613926,
    2.063368244604631
  ],
  "val_separation_ratio": [
    1.8928552861542232,
    1.9522213480770032,
    2.0014932794943867,
    2.0849848488411644,
    2.176048956769805
  ]
}