{
  "epoch": [
    1,
    2,
    3
  ],
  "train_loss": [
    1.9322678998417917,
    1.9117231788581976,
    1.9061588528435989
  ],
  "train_contrastive_loss": [
    1.9322678998417917,
    1.9117231788581976,
    1.9061588528435989
  ],
  "train_reconstruction_loss": [
    0.0019826470673503962,
    0.0017584741240873711,
    0.0017587353719929078
  ],
  "val_loss": [
    1.908649838614508,
    1.903261291914146,
    1.8999617814573717
  ],
  "val_contrastive_loss": [
    1.908649838614508,
    1.903261291914146,
    1.8999617814573717
  ],
  "val_reconstruction_loss": [
    0.0017613011221115232,
    0.001758602738520911,
    0.0017587566090092146
  ],
  "learning_rate": [
    0.0001,
    0.0001,
    0.0001
  ],
  "train_separation_ratio": [
    1.6022062680938027,
    1.8289455825632268,
    1.896578078920191
  ],
  "val_separation_ratio": [
    1.8928552861542232,
    1.9522213480770032,
    2.0014932794943867
  ]
}