{
  "epoch": [
    1,
    2,
    3,
    4,
    5,
    6,
    7,
    8,
    9,
    10,
    11,
    12,
    13,
    14,
    15,
    16
  ],
  "train_loss": [
    1.9322678998417917,
    1.9117231788581976,
    1.9061588528435989,
    1.4380938038923665,
    1.4245431345490327,
    1.4144485185488198,
    1.3477425202311084,
    1.3380119567476838,
    1.3316208101961644,
    1.299522337966791,
    1.2943198814072423,
    1.2875565967524296,
    1.2381595617344037,
    1.2336517239416112,
    1.2296574817245456,
    1.2058171564418287
  ],
  "train_contrastive_loss": [
    1.9322678998417917,
    1.9117231788581976,
    1.9061588528435989,
    1.4380938038923665,
    1.4245431345490327,
    1.4144485185488198,
    1.3477425202311084,
    1.3380119567476838,
    1.3316208101961644,
    1.299522337966791,
    1.2943198814072423,
    1.2875565967524296,
    1.2381595617344037,
    1.2336517239416112,
    1.2296574817245456,
    1.2058171564418287
  ],
  "train_reconstruction_loss": [
    0.0019826470673503962,
    0.0017584741240873711,
    0.0017587353719929078,
    0.0017587823279070177,
    0.0017587321229865238,
    0.0017588084810318033,
    0.0017587718561645493,
    0.0017587479970936474,
    0.0017587380668883745,
    0.0017587766710328878,
    0.0017587564869573967,
    0.0017587720194061458,
    0.0017587858548360135,
    0.0017587795436947678,
    0.0017587866073082335,
    0.0017587887639183295
  ],
  "val_loss": [
    1.908649838614508,
    1.903261291914146,
    1.8999617814573717,
    1.4192486772768103,
    1.408046558582583,
    1.3960843636780922,
    1.325622511975592,
    1.3150156918406708,
    1.3078140752941536,
    1.2752012567147197,
    1.2685993845458359,
    1.2623827075603067,
    1.207589884266063,
    1.202752760002733,
    1.1984636559388713,
    1.171883296478172
  ],
  "val_contrastive_loss": [
    1.908649838614508,
    1.903261291914146,
    1.8999617814573717,
    1.4192486772768103,
    1.408046558582583,
    1.3960843636780922,
    1.325622511975592,
    1.3150156918406708,
    1.3078140752941536,
    1.2752012567147197,
    1.2685993845458359,
    1.2623827075603067,
    1.207589884266063,
    1.202752760002733,
    1.1984636559388713,
    1.171883296478172
  ],
  "val_reconstruction_loss": [
    0.0017613011221115232,
    0.001758602738520911,
    0.0017587566090092146,
    0.001758789371575959,
    0.0017587974209258648,
    0.001758763068000087,
    0.0017587594877411673,
    0.0017587252256496908,
    0.0017587495768300538,
    0.001758749381937364,
    0.0017587639232299653,
    0.0017588085016266926,
    0.0017587726944849394,
    0.0017587897637460095,
    0.001758790237862041,
    0.0017587565420216272
  ],
  "learning_rate": [
    0.0001,
    0.0001,
    0.0001,
    0.0001,
    0.0001,
    0.0001,
    0.0001,
    0.0001,
    0.0001,
    0.0001,
    0.0001,
    0.0001,
    0.0001,
    0.0001,
    0.0001,
    0.0001
  ],
  "train_separation_ratio": [
    1.6022062680938027,
    1.8289455825632268,
    1.896578078920191,
    1.9628168669613926,
    2.063368244604631,
    2.1034694747491316,
    2.170128096233715,
    2.262635588645935,
    2.3643095276572486,
    2.418748519637368,
    2.4262833053415473,
    2.456192363392223,
    2.532444964755665,
    2.5585961666974155,
    2.6177183389663696,
    2.6890290758826514
  ],
  "val_separation_ratio": [
    1.8928552861542232,
    1.9522213480770032,
    2.0014932794943867,
    2.0849848488411644,
    2.176048956769805,
    2.278491790068216,
    2.368487556997402,
    2.4695967096190214,
    2.5255924447732707,
    2.628725352899988,
    2.6930499294394665,
    2.765066728467604,
    2.8462975815465774,
    2.9435111890292034,
    2.976589965198737,
    3.085444794020839
  ]
}