{
  "epoch": [
    1,
    2,
    3,
    4,
    5,
    6,
    7,
    8,
    9,
    10,
    11,
    12,
    13,
    14,
    15,
    16,
    17,
    18,
    19,
    20,
    21,
    22,
    23,
    24,
    25,
    26,
    27,
    28,
    29,
    30,
    31,
    32,
    33,
    34,
    35,
    36,
    37,
    38,
    39,
    40,
    41,
    42,
    43,
    44,
    45,
    46,
    47,
    48,
    49,
    50,
    51,
    52,
    53,
    54,
    55,
    56,
    57,
    58,
    59,
    60,
    61,
    62,
    63,
    64,
    65,
    66,
    67,
    68,
    69,
    70,
    71,
    72,
    73,
    74,
    75,
    76,
    77,
    78,
    79,
    80,
    81,
    82,
    83,
    84,
    85,
    86,
    87,
    88,
    89
  ],
  "train_loss": [
    1.9322678998417917,
    1.9117231788581976,
    1.9061588528435989,
    1.4380938038923665,
    1.4245431345490327,
    1.4144485185488198,
    1.3477425202311084,
    1.3380119567476838,
    1.3316208101961644,
    1.299522337966791,
    1.2943198814072423,
    1.2875565967524296,
    1.2381595617344037,
    1.2336517239416112,
    1.2296574817245456,
    1.2058171564418287,
    1.2018574680473995,
    1.1985543624426844,
    1.1801652839507915,
    1.1770727805363177,
    1.172773934387406,
    1.1317016230393167,
    1.1292181669888772,
    1.1264618937085682,
    1.1305608638394034,
    1.127638738914575,
    1.1265296363297788,
    1.1032414247647788,
    1.1001875820106635,
    1.098098186363277,
    1.078754121586819,
    1.0771168767850936,
    1.0754418073419751,
    1.0604091827207882,
    1.0589160761575682,
    1.0583471585918405,
    1.054819443594366,
    1.0511599506079818,
    1.0496032041544354,
    1.0307292105765316,
    1.0301541648319537,
    1.0285359999543018,
    1.0120997477732112,
    1.008216424250292,
    1.0081941459875976,
    1.0253439788711805,
    1.0255063807720135,
    1.0239335704782155,
    0.9834426932272743,
    0.9812723027483267,
    0.9790094051947141,
    0.9952458492870437,
    0.993172417361865,
    0.9920393016529261,
    0.9931010758188628,
    0.9919727574513612,
    0.9903440576469876,
    0.9702370793903784,
    0.9694769935234965,
    0.9681910113249411,
    0.9630375543342178,
    0.9616005933484552,
    0.9618465772776187,
    0.9565307113933386,
    0.9567180899712404,
    0.9558674860710983,
    0.9465970544619711,
    0.9448949895535546,
    0.943785310346543,
    0.9431808054780161,
    0.9425135229330933,
    0.942580634433242,
    0.9417134090508829,
    0.9411185122956999,
    0.9398871368314079,
    0.924754908297981,
    0.9244357801460465,
    0.9232402269622689,
    0.9431347851424687,
    0.9410975043778091,
    0.9400831828348242,
    0.926828005016405,
    0.925202740859275,
    0.9232835655327838,
    0.9247176266471323,
    0.9237073488963605,
    0.9227071505463101,
    0.9024956660341729,
    0.9032904158313403
  ],
  "train_contrastive_loss": [
    1.9322678998417917,
    1.9117231788581976,
    1.9061588528435989,
    1.4380938038923665,
    1.4245431345490327,
    1.4144485185488198,
    1.3477425202311084,
    1.3380119567476838,
    1.3316208101961644,
    1.299522337966791,
    1.2943198814072423,
    1.2875565967524296,
    1.2381595617344037,
    1.2336517239416112,
    1.2296574817245456,
    1.2058171564418287,
    1.2018574680473995,
    1.1985543624426844,
    1.1801652839507915,
    1.1770727805363177,
    1.172773934387406,
    1.1317016230393167,
    1.1292181669888772,
    1.1264618937085682,
    1.1305608638394034,
    1.127638738914575,
    1.1265296363297788,
    1.1032414247647788,
    1.1001875820106635,
    1.098098186363277,
    1.078754121586819,
    1.0771168767850936,
    1.0754418073419751,
    1.0604091827207882,
    1.0589160761575682,
    1.0583471585918405,
    1.054819443594366,
    1.0511599506079818,
    1.0496032041544354,
    1.0307292105765316,
    1.0301541648319537,
    1.0285359999543018,
    1.0120997477732112,
    1.008216424250292,
    1.0081941459875976,
    1.0253439788711805,
    1.0255063807720135,
    1.0239335704782155,
    0.9834426932272743,
    0.9812723027483267,
    0.9790094051947141,
    0.9952458492870437,
    0.993172417361865,
    0.9920393016529261,
    0.9931010758188628,
    0.9919727574513612,
    0.9903440576469876,
    0.9702370793903784,
    0.9694769935234965,
    0.9681910113249411,
    0.9630375543342178,
    0.9616005933484552,
    0.9618465772776187,
    0.9565307113933386,
    0.9567180899712404,
    0.9558674860710983,
    0.9465970544619711,
    0.9448949895535546,
    0.943785310346543,
    0.9431808054780161,
    0.9425135229330933,
    0.942580634433242,
    0.9417134090508829,
    0.9411185122956999,
    0.9398871368314079,
    0.924754908297981,
    0.9244357801460465,
    0.9232402269622689,
    0.9431347851424687,
    0.9410975043778091,
    0.9400831828348242,
    0.926828005016405,
    0.925202740859275,
    0.9232835655327838,
    0.9247176266471323,
    0.9237073488963605,
    0.9227071505463101,
    0.9024956660341729,
    0.9032904158313403
  ],
  "train_reconstruction_loss": [
    0.0019826470673503962,
    0.0017584741240873711,
    0.0017587353719929078,
    0.0017587823279070177,
    0.0017587321229865238,
    0.0017588084810318033,
    0.0017587718561645493,
    0.0017587479970936474,
    0.0017587380668883745,
    0.0017587766710328878,
    0.0017587564869573967,
    0.0017587720194061458,
    0.0017587858548360135,
    0.0017587795436947678,
    0.0017587866073082335,
    0.0017587887639183295,
    0.0017587512263722953,
    0.0017587817081092427,
    0.001758756331303391,
    0.0017587821262938905,
    0.0017587736873753937,
    0.0017587628772263754,
    0.0017587416640567823,
    0.0017587791812247154,
    0.0017587613482184334,
    0.0017587672264334265,
    0.0017587684697143776,
    0.0017587771245540298,
    0.0017587582037040142,
    0.001758786187172491,
    0.0017587858973265222,
    0.001758792966576484,
    0.0017587540136195816,
    0.0017587603273622873,
    0.001758777608425535,
    0.0017587409271933208,
    0.0017587924066122822,
    0.0017587595584141558,
    0.001758751384194184,
    0.0017587656987262145,
    0.0017587995504374221,
    0.0017587464468404512,
    0.0017587864191359814,
    0.0017587571557493293,
    0.001758770285533252,
    0.0017587390125189774,
    0.001758773370214098,
    0.0017588006857577954,
    0.0017587579823631508,
    0.001758774820527884,
    0.0017587694287858557,
    0.0017587623317869903,
    0.001758785295522177,
    0.0017587889325796336,
    0.0017587993113199177,
    0.0017587835553624222,
    0.0017587770471606035,
    0.0017587564654953543,
    0.0017587757939073903,
    0.0017587717677149193,
    0.0017587506408270734,
    0.001758794381987352,
    0.0017587803599027503,
    0.001758828102541633,
    0.0017587408528349309,
    0.0017587798398275977,
    0.001758780905775712,
    0.001758784887743368,
    0.0017587404402867792,
    0.0017587715383528886,
    0.0017587944684858872,
    0.0017587699195945868,
    0.0017587900045978207,
    0.0017587643208197236,
    0.001758755801255976,
    0.0017587413111254157,
    0.0017587937624063655,
    0.001758761347134492,
    0.001758741247389653,
    0.0017587514208314084,
    0.0017588140110847727,
    0.0017587766779701137,
    0.0017587894901591639,
    0.0017588134290081635,
    0.0017587789238969929,
    0.0017587188089325386,
    0.0017587869374768278,
    0.0017587898333350567,
    0.0017587943737493964
  ],