{
  "epoch": [
    1,
    2,
    3,
    4,
    5,
    6,
    7,
    8,
    9
  ],
  "train_loss": [
    1.9322678998417917,
    1.9117231788581976,
    1.9061588528435989,
    1.4380938038923665,
    1.4245431345490327,
    1.4144485185488198,
    1.3477425202311084,
    1.3380119567476838,
    1.3316208101961644
  ],
  "train_contrastive_loss": [
    1.9322678998417917,
    1.9117231788581976,
    1.9061588528435989,
    1.4380938038923665,
    1.4245431345490327,
    1.4144485185488198,
    1.3477425202311084,
    1.3380119567476838,
    1.3316208101961644
  ],
  "train_reconstruction_loss": [
    0.0019826470673503962,
    0.0017584741240873711,
    0.0017587353719929078,
    0.0017587823279070177,
    0.0017587321229865238,
    0.0017588084810318033,
    0.0017587718561645493,
    0.0017587479970936474,
    0.0017587380668883745
  ],
  "val_loss": [
    1.908649838614508,
    1.903261291914146,
    1.8999617814573717,
    1.4192486772768103,
    1.408046558582583,
    1.3960843636780922,
    1.325622511975592,
    1.3150156918406708,
    1.3078140752941536
  ],
  "val_contrastive_loss": [
    1.908649838614508,
    1.903261291914146,
    1.8999617814573717,
    1.4192486772768103,
    1.408046558582583,
    1.3960843636780922,
    1.325622511975592,
    1.3150156918406708,
    1.3078140752941536
  ],
  "val_reconstruction_loss": [
    0.0017613011221115232,
    0.001758602738520911,
    0.0017587566090092146,
    0.001758789371575959,
    0.0017587974209258648,
    0.001758763068000087,
    0.0017587594877411673,
    0.0017587252256496908,
    0.0017587495768300538
  ],
  "learning_rate": [
    0.0001,
    0.0001,
    0.0001,
    0.0001,
    0.0001,
    0.0001,
    0.0001,
    0.0001,
    0.0001
  ],
  "train_separation_ratio": [
    1.6022062680938027,
    1.8289455825632268,
    1.896578078920191,
    1.9628168669613926,
    2.063368244604631,
    2.1034694747491316,
    2.170128096233715,
    2.262635588645935,
    2.3643095276572486
  ],
  "val_separation_ratio": [
    1.8928552861542232,
    1.9522213480770032,
    2.0014932794943867,
    2.0849848488411644,
    2.176048956769805,
    2.278491790068216,
    2.368487556997402,
    2.4695967096190214,
    2.5255924447732707
  ]
}