{
  "epoch": [
    1,
    2,
    3,
    4,
    5,
    6,
    7,
    8,
    9,
    10,
    11,
    12,
    13,
    14,
    15,
    16,
    17,
    18,
    19,
    20,
    21,
    22,
    23,
    24,
    25,
    26,
    27,
    28,
    29,
    30,
    31,
    32,
    33,
    34,
    35
  ],
  "train_loss": [
    1.9322678998417917,
    1.9117231788581976,
    1.9061588528435989,
    1.4380938038923665,
    1.4245431345490327,
    1.4144485185488198,
    1.3477425202311084,
    1.3380119567476838,
    1.3316208101961644,
    1.299522337966791,
    1.2943198814072423,
    1.2875565967524296,
    1.2381595617344037,
    1.2336517239416112,
    1.2296574817245456,
    1.2058171564418287,
    1.2018574680473995,
    1.1985543624426844,
    1.1801652839507915,
    1.1770727805363177,
    1.172773934387406,
    1.1317016230393167,
    1.1292181669888772,
    1.1264618937085682,
    1.1305608638394034,
    1.127638738914575,
    1.1265296363297788,
    1.1032414247647788,
    1.1001875820106635,
    1.098098186363277,
    1.078754121586819,
    1.0771168767850936,
    1.0754418073419751,
    1.0604091827207882,
    1.0589160761575682
  ],
  "train_contrastive_loss": [
    1.9322678998417917,
    1.9117231788581976,
    1.9061588528435989,
    1.4380938038923665,
    1.4245431345490327,
    1.4144485185488198,
    1.3477425202311084,
    1.3380119567476838,
    1.3316208101961644,
    1.299522337966791,
    1.2943198814072423,
    1.2875565967524296,
    1.2381595617344037,
    1.2336517239416112,
    1.2296574817245456,
    1.2058171564418287,
    1.2018574680473995,
    1.1985543624426844,
    1.1801652839507915,
    1.1770727805363177,
    1.172773934387406,
    1.1317016230393167,
    1.1292181669888772,
    1.1264618937085682,
    1.1305608638394034,
    1.127638738914575,
    1.1265296363297788,
    1.1032414247647788,
    1.1001875820106635,
    1.098098186363277,
    1.078754121586819,
    1.0771168767850936,
    1.0754418073419751,
    1.0604091827207882,
    1.0589160761575682
  ],
  "train_reconstruction_loss": [
    0.0019826470673503962,
    0.0017584741240873711,
    0.0017587353719929078,
    0.0017587823279070177,
    0.0017587321229865238,
    0.0017588084810318033,
    0.0017587718561645493,
    0.0017587479970936474,
    0.0017587380668883745,
    0.0017587766710328878,
    0.0017587564869573967,
    0.0017587720194061458,
    0.0017587858548360135,
    0.0017587795436947678,
    0.0017587866073082335,
    0.0017587887639183295,
    0.0017587512263722953,
    0.0017587817081092427,
    0.001758756331303391,
    0.0017587821262938905,
    0.0017587736873753937,
    0.0017587628772263754,
    0.0017587416640567823,
    0.0017587791812247154,
    0.0017587613482184334,
    0.0017587672264334265,
    0.0017587684697143776,
    0.0017587771245540298,
    0.0017587582037040142,
    0.001758786187172491,
    0.0017587858973265222,
    0.001758792966576484,
    0.0017587540136195816,
    0.0017587603273622873,
    0.001758777608425535
  ],
  "val_loss": [
    1.908649838614508,
    1.903261291914146,
    1.8999617814573717,
    1.4192486772768103,
    1.408046558582583,
    1.3960843636780922,
    1.325622511975592,
    1.3150156918406708,
    1.3078140752941536,
    1.2752012567147197,
    1.2685993845458359,
    1.2623827075603067,
    1.207589884266063,
    1.202752760002733,
    1.1984636559388713,
    1.171883296478172,
    1.1684690394215078,
    1.1658729783205568,
    1.143063772990051,
    1.139460109465615,
    1.135369261771829,
    1.0927672468306189,
    1.0891919322519994,
    1.0852114978893288,
    1.087161802268783,
    1.0877137190802804,
    1.0823843110651055,
    1.0576130506934622,
    1.054660335599377,
    1.0528067567938977,
    1.0325684301014053,
    1.0299162572766594,
    1.0286756543029842,
    1.012555080419146,
    1.010144395424223
  ],
  "val_contrastive_loss": [
    1.908649838614508,
    1.903261291914146,
    1.8999617814573717,
    1.4192486772768103,
    1.408046558582583,
    1.3960843636780922,
    1.325622511975592,
    1.3150156918406708,
    1.3078140752941536,
    1.2752012567147197,
    1.2685993845458359,
    1.2623827075603067,
    1.207589884266063,
    1.202752760002733,
    1.1984636559388713,
    1.171883296478172,
    1.1684690394215078,
    1.1658729783205568,
    1.143063772990051,
    1.139460109465615,
    1.135369261771829,
    1.0927672468306189,
    1.0891919322519994,
    1.0852114978893288,
    1.087161802268783,
    1.0877137190802804,
    1.0823843110651055,
    1.0576130506934622,
    1.054660335599377,
    1.0528067567938977,
    1.0325684301014053,
    1.0299162572766594,
    1.0286756543029842,
    1.012555080419146,
    1.010144395424223
  ],
  "val_reconstruction_loss": [
    0.0017613011221115232,
    0.001758602738520911,
    0.0017587566090092146,
    0.001758789371575959,
    0.0017587974209258648,
    0.001758763068000087,
    0.0017587594877411673,
    0.0017587252256496908,
    0.0017587495768300538,
    0.001758749381937364,
    0.0017587639232299653,
    0.0017588085016266926,
    0.0017587726944849394,
    0.0017587897637460095,
    0.001758790237862041,
    0.0017587565420216272,
    0.0017587549078713555,
    0.0017587532260276558,
    0.001758777625985388,
    0.0017587720634141726,
    0.0017587540296619165,
    0.0017587937546019864,
    0.00175876243692932,
    0.0017587746483979667,
    0.001758758360875538,
    0.0017587277566531961,
    0.0017587665418159473,
    0.001758793446112223,
    0.0017587521648488843,
    0.0017587487031731693,
    0.0017587988265812592,
    0.001758762136243936,
    0.0017587378514007956,
    0.001758772177444823,
    0.0017587905433167682
  ],
  "learning_rate": [
    0.0001,
    0.0001,
    0.0001,
    0.0001,
    0.0001,
    0.0001,
    0.0001,
    0.0001,
    0.0001,
    0.0001,
    0.0001,
    0.0001,
    0.0001,
    0.0001,
    0.0001,
    0.0001,
    0.0001,
    0.0001,
    0.0001,
    0.0001,
    0.0001,
    0.0001,
    0.0001,
    0.0001,
    0.0001,
    0.0001,
    0.0001,
    0.0001,
    0.0001,
    0.0001,
    0.0001,
    0.0001,
    0.0001,
    0.0001,
    0.0001
  ],
  "train_separation_ratio": [
    1.6022062680938027,
    1.8289455825632268,
    1.896578078920191,
    1.9628168669613926,
    2.063368244604631,
    2.1034694747491316,
    2.170128096233715,
    2.262635588645935,
    2.3643095276572486,
    2.418748519637368,
    2.4262833053415473,
    2.456192363392223,
    2.532444964755665,
    2.5585961666974155,
    2.6177183389663696,
    2.6890290758826514,
    2.63202149217779,
    2.764274076981978,
    2.761831836266951,
    2.779515027999878,
    2.801531748338179,
    2.8818011934107,
    2.9475264982743696,
    2.9654315276579424,
    2.996180447665128,
    3.001576846296137,
    3.071672623807734,
    3.1362692334435205,
    3.0902183814482256,
    3.086699680848555,
    3.1599850871346216,
    3.1876496510072188,
    3.22346690568057,
    3.269639416174455,
    3.263054511763833
  ],
  "val_separation_ratio": [
    1.8928552861542232,
    1.9522213480770032,
    2.0014932794943867,
    2.0849848488411644,
    2.176048956769805,
    2.278491790068216,
    2.368487556997402,
    2.4695967096190214,
    2.5255924447732707,
    2.628725352899988,
    2.6930499294394665,
    2.765066728467604,
    2.8462975815465774,
    2.9435111890292034,
    2.976589965198737,
    3.085444794020839,
    3.1154715717393815,
    3.186054503229521,
    3.272970055734645,
    3.3783327383258044,
    3.4244541589108257,
    3.4482381801143482,
    3.549572841193201,
    3.562311152506141,
    3.706618766766909,
    3.656613264225937,
    3.8178953591671734,
    3.897023193441068,
    3.9410742709978557,
    3.9532634865638263,
    4.023908419760024,
    4.163560515231483,
    4.148744266126409,
    4.209809384088499,
    4.247353982215043
  ]
}