{
  "epoch": [
    1,
    2
  ],
  "train_loss": [
    1.9346057640551633,
    1.8928680118013805
  ],
  "train_contrastive_loss": [
    1.9346057640551633,
    1.8928680118013805
  ],
  "train_reconstruction_loss": [
    0.0,
    0.0
  ],
  "val_loss": [
    1.8926099900648803,
    1.8757156082593751
  ],
  "val_contrastive_loss": [
    1.8926099900648803,
    1.8757156082593751
  ],
  "val_reconstruction_loss": [
    0.0,
    0.0
  ],
  "learning_rate": [
    0.0001,
    0.0001
  ],
  "train_separation_ratio": [
    1.61764564297416,
    2.1800852472131904
  ],
  "val_separation_ratio": [
    2.2007992704931363,
    2.5280677113453103
  ]
}