{
  "epoch": [
    1,
    2,
    3,
    4,
    5,
    6,
    7,
    8,
    9,
    10,
    11,
    12,
    13,
    14
  ],
  "train_loss": [
    1.9346057640551633,
    1.8928680118013805,
    1.881289735852673,
    1.212336740680247,
    1.1889693612714942,
    1.1751544930637439,
    1.0694172238060438,
    1.060490457483288,
    1.051946457204872,
    1.0181152991520404,
    1.011719541287733,
    1.007256404647614,
    0.9464439292415783,
    0.9405511869620566
  ],
  "train_contrastive_loss": [
    1.9346057640551633,
    1.8928680118013805,
    1.881289735852673,
    1.212336740680247,
    1.1889693612714942,
    1.1751544930637439,
    1.0694172238060438,
    1.060490457483288,
    1.051946457204872,
    1.0181152991520404,
    1.011719541287733,
    1.007256404647614,
    0.9464439292415783,
    0.9405511869620566
  ],
  "train_reconstruction_loss": [
    0.0,
    0.0,
    0.0,
    0.0,
    0.0,
    0.0,
    0.0,
    0.0,
    0.0,
    0.0,
    0.0,
    0.0,
    0.0,
    0.0
  ],
  "val_loss": [
    1.8926099900648803,
    1.8757156082593751,
    1.8657050752106992,
    1.1670373840260995,
    1.1500471539559534,
    1.1368823186867285,
    1.0269350489424593,
    1.0194877850054807,
    1.007295596088999,
    0.9722582667899531,
    0.9632237851064742,
    0.9576554962154651,
    0.891801995272077,
    0.8847846590828852
  ],
  "val_contrastive_loss": [
    1.8926099900648803,
    1.8757156082593751,
    1.8657050752106992,
    1.1670373840260995,
    1.1500471539559534,
    1.1368823186867285,
    1.0269350489424593,
    1.0194877850054807,
    1.007295596088999,
    0.9722582667899531,
    0.9632237851064742,
    0.9576554962154651,
    0.891801995272077,
    0.8847846590828852
  ],
  "val_reconstruction_loss": [
    0.0,
    0.0,
    0.0,
    0.0,
    0.0,
    0.0,
    0.0,
    0.0,
    0.0,
    0.0,
    0.0,
    0.0,
    0.0,
    0.0
  ],
  "learning_rate": [
    0.0001,
    0.0001,
    0.0001,
    0.0001,
    0.0001,
    0.0001,
    0.0001,
    0.0001,
    0.0001,
    0.0001,
    0.0001,
    0.0001,
    0.0001,
    0.0001
  ],
  "train_separation_ratio": [
    1.61764564297416,
    2.1800852472131904,
    2.403281092643738,
    2.532356858253479,
    2.7187489813024346,
    2.8246206370267,
    2.9064415259794756,
    3.0669226104562934,
    3.179409536448392,
    3.2321382761001587,
    3.2247340462424536,
    3.3387765776027334,
    3.363173549825495,
    3.5238297310742466
  ],
  "val_separation_ratio": [
    2.2007992704931363,
    2.5280677113453103,
    2.7369117363871145,
    2.9709777641118795,
    3.1647038202268005,
    3.3291001710589816,
    3.4949635251718303,
    3.6354562175118503,
    3.7996791572322173,
    3.8956956588134197,
    4.04712194393023,
    4.152178406049419,
    4.2358584004407485,
    4.363754758621727
  ]
}