{
  "epoch": [
    1
  ],
  "train_loss": [
    1.9351650241144986
  ],
  "train_contrastive_loss": [
    1.9351650241144986
  ],
  "train_reconstruction_loss": [
    0.0
  ],
  "val_loss": [
    1.9125877327981164
  ],
  "val_contrastive_loss": [
    1.9125877327981164
  ],
  "val_reconstruction_loss": [
    0.0
  ],
  "learning_rate": [
    0.0001
  ],
  "train_separation_ratio": [
    1.5947216857563367
  ],
  "val_separation_ratio": [
    1.8925541754763442
  ]
}