{
  "epoch": [
    1,
    2,
    3,
    4,
    5,
    6,
    7,
    8,
    9,
    10,
    11,
    12,
    13,
    14,
    15,
    16
  ],
  "train_loss": [
    1.9351650241144986,
    1.916137931733158,
    1.9106233395233723,
    1.4428619401636957,
    1.4299196397792027,
    1.42172304744827,
    1.3419552588596024,
    1.333806728517543,
    1.3262321263052232,
    1.2860417516981868,
    1.2802084191551422,
    1.2738433259381485,
    1.257655294469837,
    1.2526095295307578,
    1.2465659566431737,
    1.209042402397099
  ],
  "train_contrastive_loss": [
    1.9351650241144986,
    1.916137931733158,
    1.9106233395233723,
    1.4428619401636957,
    1.4299196397792027,
    1.42172304744827,
    1.3419552588596024,
    1.333806728517543,
    1.3262321263052232,
    1.2860417516981868,
    1.2802084191551422,
    1.2738433259381485,
    1.257655294469837,
    1.2526095295307578,
    1.2465659566431737,
    1.209042402397099
  ],
  "train_reconstruction_loss": [
    0.0,
    0.0,
    0.0,
    0.0,
    0.0,
    0.0,
    0.0,
    0.0,
    0.0,
    0.0,
    0.0,
    0.0,
    0.0,
    0.0,
    0.0,
    0.0
  ],
  "val_loss": [
    1.9125877327981164,
    1.907534553352015,
    1.9033289745977249,
    1.4254116166237347,
    1.4138041173057627,
    1.4050452762475893,
    1.322674841410177,
    1.309973131344971,
    1.3014831221081469,
    1.2617336549350446,
    1.2540562286057286,
    1.2465975217979048,
    1.2269333485562486,
    1.2216887862544707,
    1.2176703580930912,
    1.1745765442288787
  ],
  "val_contrastive_loss": [
    1.9125877327981164,
    1.907534553352015,
    1.9033289745977249,
    1.4254116166237347,
    1.4138041173057627,
    1.4050452762475893,
    1.322674841410177,
    1.309973131344971,
    1.3014831221081469,
    1.2617336549350446,
    1.2540562286057286,
    1.2465975217979048,
    1.2269333485562486,
    1.2216887862544707,
    1.2176703580930912,
    1.1745765442288787
  ],
  "val_reconstruction_loss": [
    0.0,
    0.0,
    0.0,
    0.0,
    0.0,
    0.0,
    0.0,
    0.0,
    0.0,
    0.0,
    0.0,
    0.0,
    0.0,
    0.0,
    0.0,
    0.0
  ],
  "learning_rate": [
    0.0001,
    0.0001,
    0.0001,
    0.0001,
    0.0001,
    0.0001,
    0.0001,
    0.0001,
    0.0001,
    0.0001,
    0.0001,
    0.0001,
    0.0001,
    0.0001,
    0.0001,
    0.0001
  ],
  "train_separation_ratio": [
    1.5947216857563367,
    1.7871348532763394,
    1.8830018043518066,
    1.9664080955765464,
    2.067572236061096,
    2.099530740217729,
    2.183970505541021,
    2.253963817249645,
    2.3008763031526045,
    2.3337163708426734,
    2.3990771120244805,
    2.4659004428169946,
    2.5116689205169678,
    2.550900470126759,
    2.6526890342885796,
    2.68123553015969
  ],
  "val_separation_ratio": [
    1.8925541754763442,
    1.9450056823716262,
    2.016664017290154,
    2.1103150409471167,
    2.1887336381098854,
    2.277277650779852,
    2.3401487473003026,
    2.45354621281615,
    2.5484173506553836,
    2.6213202245630587,
    2.7275510131757796,
    2.7830334140379778,
    2.8888379679489846,
    2.9635143093556664,
    3.024580869816757,
    3.1085378439954763
  ]
}