{
  "epoch": [
    1,
    2,
    3,
    4,
    5
  ],
  "train_loss": [
    1.9351650241144986,
    1.916137931733158,
    1.9106233395233723,
    1.4428619401636957,
    1.4299196397792027
  ],
  "train_contrastive_loss": [
    1.9351650241144986,
    1.916137931733158,
    1.9106233395233723,
    1.4428619401636957,
    1.4299196397792027
  ],
  "train_reconstruction_loss": [
    0.0,
    0.0,
    0.0,
    0.0,
    0.0
  ],
  "val_loss": [
    1.9125877327981164,
    1.907534553352015,
    1.9033289745977249,
    1.4254116166237347,
    1.4138041173057627
  ],
  "val_contrastive_loss": [
    1.9125877327981164,
    1.907534553352015,
    1.9033289745977249,
    1.4254116166237347,
    1.4138041173057627
  ],
  "val_reconstruction_loss": [
    0.0,
    0.0,
    0.0,
    0.0,
    0.0
  ],
  "learning_rate": [
    0.0001,
    0.0001,
    0.0001,
    0.0001,
    0.0001
  ],
  "train_separation_ratio": [
    1.5947216857563367,
    1.7871348532763394,
    1.8830018043518066,
    1.9664080955765464,
    2.067572236061096
  ],
  "val_separation_ratio": [
    1.8925541754763442,
    1.9450056823716262,
    2.016664017290154,
    2.1103150409471167,
    2.1887336381098854
  ]
}