{
  "epoch": [
    1,
    2,
    3,
    4,
    5,
    6,
    7,
    8,
    9,
    10
  ],
  "train_loss": [
    1.9351650241144986,
    1.916137931733158,
    1.9106233395233723,
    1.4428619401636957,
    1.4299196397792027,
    1.42172304744827,
    1.3419552588596024,
    1.333806728517543,
    1.3262321263052232,
    1.2860417516981868
  ],
  "train_contrastive_loss": [
    1.9351650241144986,
    1.916137931733158,
    1.9106233395233723,
    1.4428619401636957,
    1.4299196397792027,
    1.42172304744827,
    1.3419552588596024,
    1.333806728517543,
    1.3262321263052232,
    1.2860417516981868
  ],
  "train_reconstruction_loss": [
    0.0,
    0.0,
    0.0,
    0.0,
    0.0,
    0.0,
    0.0,
    0.0,
    0.0,
    0.0
  ],
  "val_loss": [
    1.9125877327981164,
    1.907534553352015,
    1.9033289745977249,
    1.4254116166237347,
    1.4138041173057627,
    1.4050452762475893,
    1.322674841410177,
    1.309973131344971,
    1.3014831221081469,
    1.2617336549350446
  ],
  "val_contrastive_loss": [
    1.9125877327981164,
    1.907534553352015,
    1.9033289745977249,
    1.4254116166237347,
    1.4138041173057627,
    1.4050452762475893,
    1.322674841410177,
    1.309973131344971,
    1.3014831221081469,
    1.2617336549350446
  ],
  "val_reconstruction_loss": [
    0.0,
    0.0,
    0.0,
    0.0,
    0.0,
    0.0,
    0.0,
    0.0,
    0.0,
    0.0
  ],
  "learning_rate": [
    0.0001,
    0.0001,
    0.0001,
    0.0001,
    0.0001,
    0.0001,
    0.0001,
    0.0001,
    0.0001,
    0.0001
  ],
  "train_separation_ratio": [
    1.5947216857563367,
    1.7871348532763394,
    1.8830018043518066,
    1.9664080955765464,
    2.067572236061096,
    2.099530740217729,
    2.183970505541021,
    2.253963817249645,
    2.3008763031526045,
    2.3337163708426734
  ],
  "val_separation_ratio": [
    1.8925541754763442,
    1.9450056823716262,
    2.016664017290154,
    2.1103150409471167,
    2.1887336381098854,
    2.277277650779852,
    2.3401487473003026,
    2.45354621281615,
    2.5484173506553836,
    2.6213202245630587
  ]
}