{
  "epoch": [
    1,
    2
  ],
  "train_loss": [
    1.9351650241144986,
    1.916137931733158
  ],
  "train_contrastive_loss": [
    1.9351650241144986,
    1.916137931733158
  ],
  "train_reconstruction_loss": [
    0.0,
    0.0
  ],
  "val_loss": [
    1.9125877327981164,
    1.907534553352015
  ],
  "val_contrastive_loss": [
    1.9125877327981164,
    1.907534553352015
  ],
  "val_reconstruction_loss": [
    0.0,
    0.0
  ],
  "learning_rate": [
    0.0001,
    0.0001
  ],
  "train_separation_ratio": [
    1.5947216857563367,
    1.7871348532763394
  ],
  "val_separation_ratio": [
    1.8925541754763442,
    1.9450056823716262
  ]
}