index,premise,hypothesis,concatenation_spectral_k2,concatenation_gmm_k2,concatenation_hierarchical_k2,concatenation_spectral_k3,concatenation_gmm_k3,concatenation_hierarchical_k3,concatenation_spectral_k4,concatenation_gmm_k4,concatenation_hierarchical_k4,concatenation_spectral_k5,concatenation_gmm_k5,concatenation_hierarchical_k5,concatenation_spectral_k10,concatenation_gmm_k10,concatenation_hierarchical_k10,semantic_coherence_spectral_k2,semantic_coherence_gmm_k2,semantic_coherence_hierarchical_k2,semantic_coherence_spectral_k3,semantic_coherence_gmm_k3,semantic_coherence_hierarchical_k3,semantic_coherence_spectral_k4,semantic_coherence_gmm_k4,semantic_coherence_hierarchical_k4,semantic_coherence_spectral_k5,semantic_coherence_gmm_k5,semantic_coherence_hierarchical_k5,semantic_coherence_spectral_k10,semantic_coherence_gmm_k10,semantic_coherence_hierarchical_k10
0,A young couple posing on a couch.,A couple dance together at prom.,0,0,0,2,0,2,0,0,2,2,0,2,9,6,4,0,0,0,0,0,0,0,0,0,0,0,0,1,3,0
1,"One man runs with a rugby ball, while another tries to tackle him from behind his left shoulder, on a sand field.",People are playing soccer.,0,0,0,2,0,2,2,0,2,1,0,2,3,0,7,0,0,0,0,0,0,0,3,0,0,0,0,9,3,0
2,A girl with bright red-hair and black clothes is posing on a tree trunk.,A girl sits on a curb.,0,1,0,1,2,1,2,3,0,4,2,1,2,4,6,0,1,0,0,0,0,0,3,0,0,0,0,6,5,6
3,A woman in a gray top gestures next to a woman with a knit had holding a wineglass.,The two women are in seperate rooms,0,0,0,2,0,1,0,3,0,2,3,1,2,9,5,0,0,1,0,2,1,0,0,1,0,4,4,1,8,4
4,A bearded man in jeans and a blue shirt is outdoors holding a rainbow elephant painted on poster board.,A bearded man is outdoors holding a giraffe\,0,1,0,1,1,1,1,1,0,0,1,0,1,8,0,0,1,0,0,1,2,0,1,2,0,1,2,7,1,2
5,A man in a black hat walks down the street.,The man is sleeping.,0,1,0,1,1,1,1,1,0,0,1,0,1,8,2,0,0,1,0,2,1,0,2,1,0,2,4,7,6,9
6,A stadium full of people watch a game.,People eating bananas,0,0,0,2,0,2,0,0,2,2,0,2,9,6,7,0,0,1,0,2,1,0,0,1,0,4,4,1,8,4
7,A man with a skateboard performs a trick.,The man is eating at the table.,0,1,0,1,1,1,1,1,0,0,1,0,1,8,0,0,0,1,0,2,1,0,2,1,0,2,4,7,6,9
8,A couple posing in wigs,The people's bodies are in no way touching any surface or object or substance except the ground they are standing on.,0,0,0,2,0,2,0,0,2,2,0,2,9,6,1,0,0,0,0,0,0,0,0,0,0,0,0,1,8,8
9,A little dark-haired girl in a blue dress is playing with a pink Hula Hoop.,A girl is playing with pom poms.,0,1,0,1,2,1,2,3,0,4,2,1,2,4,6,0,1,0,0,1,0,0,1,0,0,0,0,6,5,6
10,"Two people sitting on the grass, presumably lovers, with a heart shape behind them.",Two lover on a hot air balloon.,0,0,0,2,0,2,0,0,2,2,0,2,9,6,1,0,1,0,0,1,0,0,1,0,0,1,0,1,0,0
11,Small children enjoy themselves sledding.,The children are enjoying themselves as they perform activities typically associated with hot summer days.,0,0,1,2,0,0,2,0,1,4,2,4,0,7,8,0,1,0,2,0,0,2,3,0,2,0,1,5,3,7
12,A man in a British shirt is standing with a cane.,A woman in a cuban hat is swimming with a cane.,0,1,0,1,2,1,1,3,0,0,3,0,2,4,0,0,0,1,0,2,1,0,2,1,0,4,4,7,2,4
13,A Chinese olympian lifting weights in a competition.,A man is sleeping.,0,1,0,1,1,1,1,1,0,0,1,0,1,8,2,0,0,1,0,2,1,0,2,1,0,4,4,7,4,4
14,"From one girl tackling another, I say hold on to your drink!",A boy eats a snack.,0,1,0,1,0,1,2,0,0,4,2,0,0,2,0,0,0,1,0,2,1,0,2,1,0,4,4,7,2,4
15,A dog is jumping across an obstacle.,A dog is sleeping in a cage.,1,1,1,0,2,0,3,2,3,3,4,3,5,3,3,1,0,0,1,2,0,1,2,3,1,4,3,2,9,3
16,A child climbing up a set of cement stairs.,A child climbing on a jungle gym.,0,1,1,1,2,0,2,1,1,4,2,4,0,2,9,0,1,0,0,1,2,0,1,2,0,3,2,1,7,2
17,Hockey players prepare for a face off before a crowd in an arena.,Players are in the lockerroom,0,0,0,2,0,2,2,0,2,1,0,2,3,0,7,0,1,0,0,0,0,0,0,0,0,0,0,9,0,0
18,A man is banging on pots and pans in his kitchen.,The man hasn't made any noise all day.,0,1,0,1,1,1,1,1,0,0,1,0,1,8,0,0,0,1,0,2,1,0,2,1,0,2,4,7,6,9
19,A man carving a wooden statue with a chainsaw.,A woman carving a wooden statue with a chainsaw.,0,1,0,1,2,1,1,3,0,0,3,0,1,4,0,0,1,0,0,1,2,0,1,2,0,1,2,7,7,2
20,"A player watches the tennis ball he hit go flying, as the crowd watches.",No one is watching the tennis player.,0,1,0,2,1,2,2,1,2,1,1,2,3,5,7,0,1,0,0,0,2,0,3,2,0,0,2,9,3,2
21,A security officer is monitoring the crowd across the water.,Paul Blart eats a hot dog.,0,1,0,1,1,1,0,1,0,2,1,0,9,1,0,0,0,1,0,2,1,0,2,1,0,4,4,7,2,4
22,A man dressed in a light shirt and coveralls attempting to work on a train locomotive.,The man is riding a train.,0,1,0,1,1,1,1,1,0,0,1,0,1,8,0,0,1,0,0,1,2,0,3,2,0,2,2,7,1,2
23,Two cyclists cross the street on a very breezy California day.,a group of people swimming,0,0,0,2,0,2,0,0,2,2,0,2,9,6,1,0,0,1,0,2,1,0,2,1,0,4,4,1,8,4
24,This guy in the green shirt is showing how easy it is to jump and act a fool on wet surface.,A man is swimming in the ocean.,0,1,0,1,1,2,1,1,2,0,1,2,1,8,1,0,0,1,0,2,1,0,2,1,0,4,4,7,6,4
25,A woman in pink is standing alone in the middle of the street.,The woman is wearing black.,0,1,0,1,2,1,1,3,0,0,3,1,2,4,5,0,0,0,0,0,0,0,0,0,0,0,0,1,8,1
26,A young boy is sitting in front of a computer and typing words onto the screen.,The boy is cleaning his room.,0,1,1,1,1,0,2,1,1,4,2,4,0,2,9,0,0,0,0,0,0,0,3,0,0,3,1,0,3,5
27,An elderly man swims with others.,A woman playing bridge.,0,1,0,2,2,1,0,3,0,2,3,0,2,4,0,0,0,1,0,2,1,0,2,1,0,4,4,7,2,4
28,Woman in pink shirt holding little boy.,a man holds a boy,0,1,0,1,1,1,2,1,0,4,2,0,0,2,0,0,1,0,0,1,0,0,1,0,0,3,1,1,7,5
29,A white dog with orange ribbons is jumping up to see a countertop.,A white dog eats from the bowl.,1,1,0,0,2,1,3,2,0,3,4,0,5,3,0,1,0,0,1,0,0,1,3,3,1,3,3,2,9,3
30,Black dog jumps for white ball.,The dog is sleeping.,1,1,1,0,2,0,3,2,3,3,4,3,5,3,3,1,0,0,1,2,0,1,2,3,1,4,3,2,9,3
31,A bike rider in the air above a ramp.,A bike rider standing at the opening gate.,0,1,0,1,1,1,1,1,0,0,1,0,8,1,0,0,1,0,0,1,0,0,1,0,0,3,0,8,7,0
32,A bride stands on the curb looking down the road.,the bride stayed in the hotel all day due to the rain,0,1,0,1,2,1,0,3,0,2,3,0,9,9,2,0,0,0,0,2,0,0,2,0,0,4,0,7,2,0
33,A man holds on to the tree while holding a yellow container.,A man sits at a kitchen table.,0,1,0,1,1,1,1,1,0,0,1,0,1,8,0,0,0,1,0,2,1,0,2,1,0,2,4,7,6,9
34,A bunch of businessmen are gathered for a meeting.,A group of businessmen are playing hockey indoors.,0,0,0,2,0,2,0,0,2,2,0,2,9,0,1,0,1,0,0,1,2,0,1,2,0,0,2,1,0,2
35,A crowd of villagers in colorful hats surrounding packages made from an old truck in a jungle.,The group is taking a tour of historical downtown London.,0,0,0,2,0,2,0,0,2,2,0,2,9,6,1,0,0,1,0,2,1,0,2,1,0,4,4,1,2,4
36,A lone person leans over the railing of a pier while enjoying a bag of chips.,A person is carrying women over to the bench where is dog 'Chips' is sitting and wagging his tail.,0,1,0,1,2,1,1,3,0,0,3,0,9,1,0,0,1,1,0,0,1,0,3,1,0,0,4,1,3,4
37,A group of people are standing together.,The people are sitting on the sidewalk far apart.,0,0,0,2,0,2,0,0,2,2,0,2,9,6,1,0,0,0,0,2,0,0,2,0,0,4,0,1,8,8
38,Two men in brown robes walk away from a columned building.,Two men were walking away from the nuclear blast that killed everyone else on earth.,0,0,0,2,0,2,0,0,2,2,0,2,9,0,1,0,0,0,0,0,2,0,0,2,0,0,2,1,3,2
39,Two men are sitting on the floor under a staircase playing guitars.,Two men are sitting and doing nothing.,0,0,0,2,0,2,0,0,2,2,0,2,9,0,1,0,0,0,0,0,0,0,0,0,0,0,0,1,3,0
40,soccer players stand on the field.,the field is ready for football.,0,0,0,2,0,2,2,0,2,1,0,2,3,0,7,0,1,0,0,1,0,0,1,0,0,0,0,9,0,0
41,A group of men and women are in the carnival ride.,The carnival is full of alien killer clowns.,0,0,0,1,0,1,1,0,0,0,0,0,1,6,0,0,1,0,0,1,2,0,1,2,0,1,2,1,0,2
42,A brown and black dog leaps through the freshly mown grass.,A person playing around on a sunny day.,0,1,0,1,2,1,2,2,0,4,4,0,0,3,0,1,0,0,1,0,0,1,3,3,1,3,3,2,9,3
43,Five ladies wearing leotards and ballerina shoes practicing in a studio.,Everyone is wearing Victorian dresses.,0,0,0,2,0,1,0,0,0,2,0,1,9,9,5,0,0,0,0,0,0,0,0,0,0,0,0,1,3,1
44,A man and a woman are standing in the middle of the highway looking at motorcycles on the road as traffic is passing.,The man is shooting laser beams from his eyes.,0,0,0,1,1,1,1,0,0,0,0,0,1,8,0,0,0,1,0,2,1,0,2,1,0,4,4,7,2,4
45,"A man is skating with his t-shirt tucked in his back pant which says ""Just Love me"".",A woman is sitting in a cafe.,0,1,0,1,2,1,1,3,0,0,3,0,2,4,0,0,0,1,0,2,1,0,2,1,0,4,4,7,2,4
46,A woman stands next to a worn vintage vehicle in a field.,A woman driving a truck through a field.,0,1,0,1,2,1,1,3,0,0,3,1,2,4,5,0,1,0,0,1,2,0,1,2,0,0,2,1,0,2
47,Two young men stand in front of a sign advertising a website.,3 men are in front of a victorias secret,0,0,0,2,0,2,0,0,2,2,0,2,9,0,1,0,0,0,0,0,0,0,0,0,0,0,0,1,3,0
48,A male is sitting in a chair with a blue surgical mask on.,A man stands to put on a mask.,0,1,0,1,1,1,1,1,0,0,1,0,1,8,0,0,1,0,0,1,2,0,3,2,0,2,2,7,1,2
49,A woman performing a dance move in an empty swimming pool with nike shoes on her feet.,she is dancing in her studio,0,1,0,1,2,1,1,3,0,0,3,1,2,4,5,0,1,0,0,0,2,0,3,2,0,0,2,1,3,2
50,Three women are crossing a street,The three women are driving to a store.,0,0,0,2,0,2,0,0,2,2,3,2,2,9,1,0,0,1,0,0,1,0,3,1,0,0,4,1,3,4
51,A man wearing a white shirt taking a nap with a green hat over his eyes.,The man is playing basketball.,0,1,0,1,1,1,1,1,0,0,1,0,1,8,0,0,0,1,0,2,1,0,2,1,0,2,4,7,6,9
52,An Asian woman in a skimpy top and g-string inspects her appearance while standing behind glass in a room.,The woman is wearing frumpy clothes.,0,1,0,1,2,1,1,3,0,0,3,1,2,4,5,0,1,0,0,0,2,0,0,2,0,0,2,1,3,2
53,A woman in a black skirt and dark red sweater with holes in the sleeves sitting on a trunk to put on red flame tights.,The lady wasn't ready to perform yet,0,1,0,1,2,1,1,3,0,0,3,1,2,4,5,0,0,0,0,0,0,0,0,0,0,0,0,1,3,1
54,"Two athletes, one with red shorts and shirt and the other with blue shorts jumping through hurdles with cameramen behind them snapping photos.",Two athleates chase some cameramen away from the hurdles.,0,0,0,2,0,2,0,0,2,2,0,2,9,0,7,0,1,0,0,1,2,0,1,2,0,1,2,1,0,2
55,A young man with a v-neck considers a water jug while standing next to a black motorcycle.,The young man is folding laundry,0,1,0,1,1,1,1,1,0,0,1,0,1,8,0,0,0,1,0,0,1,0,3,1,0,2,4,7,6,9
56,A child and dog are shown silohuetted in afternoon sun in front of a lake or pond.,A kid and his rat are in new york,0,1,0,2,2,1,2,2,0,4,2,0,0,2,0,0,0,0,0,0,0,0,0,0,0,3,1,7,3,5
57,Rock climber without a rope.,A rock climber is climbing his rope.,0,1,0,1,1,1,1,1,0,0,1,0,8,1,0,0,1,0,0,1,2,0,1,2,0,1,2,7,7,2
58,A group of people waiting in a train station.,There are no people at the train station.,0,0,0,2,0,1,0,0,0,2,0,0,9,5,0,0,0,0,0,0,2,0,3,2,0,3,2,1,3,2
59,A man is skateboarding in front of a group of people.,A man rides a surfboard on the back of a killer whale.,0,1,0,1,1,1,1,1,0,0,1,0,8,8,0,0,0,1,0,0,1,0,3,1,0,2,4,8,6,9
60,A man in costume looks rather amusing.,A man is naked,0,1,0,1,1,1,1,1,0,0,1,0,1,8,0,0,0,0,0,2,0,0,2,0,0,2,0,7,6,0
61,"An elderly Asian women, pushes a cart with bags on it, through the street.",The woman is white,0,1,0,1,2,1,1,3,0,0,3,0,2,4,0,0,0,0,0,0,0,0,0,0,0,0,0,1,8,1
62,An woman sits on a gray bench in front of a concrete wall with graffiti.,A young couple dances in a meadow.,0,1,0,2,2,2,0,3,2,2,3,2,9,6,1,0,0,1,0,2,1,0,2,1,0,4,4,7,2,4
63,A little boy is standing on a rock in front of a lake his arms flung wide.,A young boy takes a nap.,0,1,1,1,1,0,2,1,1,4,2,4,0,2,9,0,0,0,0,2,0,0,2,0,0,4,1,0,8,5
64,People sit in a lit alcove off a dark street.,People standing on the roof are dancing.,0,0,0,2,0,2,0,0,2,2,0,2,9,6,4,0,0,0,0,2,0,0,2,0,0,4,0,1,8,8
65,A cyclist leaning hard to make a sharp turn.,The cyclist is running,0,1,0,1,1,1,1,1,0,0,1,0,8,1,0,0,1,0,0,1,0,0,1,0,0,3,0,8,0,0
66,A hockey player is laying on the ice in front of the goal.,A baseball player is hitting a homerun.,0,1,0,2,1,2,2,1,2,1,1,2,3,1,7,0,0,0,0,2,0,0,2,0,0,4,0,9,6,0
67,A boy jumping a rail on his skateboard.,A boy is playing video games.,0,1,1,1,1,0,2,1,1,4,2,4,0,2,9,0,0,0,0,0,0,0,3,0,0,3,1,0,3,5
68,A girl is looking at a tripod.,the girls is looking at the moon,0,1,0,1,2,2,2,3,2,4,2,2,2,4,1,0,0,0,0,0,0,0,0,0,0,0,0,6,5,6
69,Smoke has filled the air and the buildings preventing the firefighter from entering the building.,The firefighter is at the station taking a nap.,0,1,0,1,1,1,1,1,0,0,1,0,1,5,2,0,0,0,0,2,0,0,2,0,0,4,0,7,3,0
70,A woman and young girl are sitting at a table and dipping fruit in liquid chocolate.,They are eating tacos.,0,0,0,2,0,1,0,0,0,2,0,0,9,6,0,0,0,1,0,0,1,0,0,1,0,0,4,7,8,4
71,The young ladie takes a goalie kick during a soccer match.,The young ladie prepares to step onto the ice,0,1,0,2,2,1,2,3,0,4,2,0,0,2,0,0,1,0,0,0,0,0,3,0,0,3,0,1,3,0
72,Small children romping through a park.,The children were all sleeping.,0,0,1,2,0,0,2,0,1,4,2,4,0,7,8,0,0,0,2,2,0,2,0,0,2,4,1,5,8,7
73,The lake looks very shallow.,The lake is fifty feet deep.,0,1,0,1,2,1,0,0,0,2,0,0,9,1,0,0,1,0,0,1,2,0,1,2,0,1,2,1,0,2
74,A large gray dog carrying a ball in its mouth runs across the grass towards the camera.,A large gray cat carrying a ball in its mouth runs across the grass towards the camera.,1,1,1,0,2,0,3,2,3,3,4,3,7,3,3,0,1,0,0,1,2,0,1,2,0,1,2,1,7,2
75,Two gentlemen outside beside a log.,The men are on a bed.,0,0,0,2,0,1,0,0,0,2,0,0,9,0,2,0,0,0,0,0,0,0,0,0,0,0,0,1,8,0
76,A group of children playing in the water fountain.,A group of children are sleeping.,0,0,1,2,0,0,2,0,1,4,2,4,0,7,8,0,1,0,2,0,0,2,0,0,2,0,1,5,3,7
77,Seniors gathered around a table.,The children are gathered around a table.,0,0,0,2,0,2,0,0,2,2,0,2,9,6,1,0,1,0,0,1,2,0,1,2,0,1,2,1,0,2
78,Three men in an auditorium prepare to tape something.,The shot only shows some women swimming.,0,0,0,2,0,2,0,0,2,2,0,2,9,0,1,0,0,1,0,2,1,0,2,1,0,4,4,1,2,4
79,A crowd of people waiting for the light.,people are eating food at a restaurant.,0,0,0,2,0,2,0,0,2,2,0,2,9,6,1,0,0,0,0,0,0,0,0,0,0,4,0,1,8,8
80,A woman stands next to a coastline in a blue sweatshirt and jeans holding a camera.,The woman is swimming in the ocean.,0,1,0,1,2,2,0,3,2,2,3,2,2,9,1,0,0,1,0,2,1,0,2,1,0,4,4,7,8,4
81,A greyhound wearing a muzzle and the number six on a yellow jacket is running on a dog track.,The dog is laying down.,1,1,1,0,2,0,3,2,3,3,4,3,5,3,3,1,0,0,1,0,0,1,3,3,1,3,3,2,9,3
82,A man holds multiple flags while standing in a town square.,A man is holding nothing while standing in a square.,0,1,0,1,1,1,1,1,0,0,1,0,1,5,0,0,1,0,0,1,2,0,3,2,0,3,2,1,1,2
83,Men discuss something while in front of stand.,The men are fighting,0,0,0,2,0,2,0,0,2,2,0,2,9,0,1,0,0,0,0,0,0,0,0,0,0,0,0,1,8,0
84,two males from the green team tackles the other members from black team for the ball in a game of rugby.,They are playing hockey.,0,0,0,2,0,2,2,0,2,1,0,2,3,0,7,0,0,0,0,0,0,0,0,0,0,0,0,9,3,0
85,A girl with blond-hair is holding a bottle and wearing a blue and green floral bikini on a boat.,The girl has brown hair and is on the back of a pickup truck.,0,1,0,1,2,1,2,3,0,4,3,1,2,4,6,0,0,0,0,0,0,0,0,0,0,0,0,6,5,6
86,A young girl with a pink headband hits a dish and pan with chopsticks.,the girls is asleep,0,1,0,1,2,1,2,3,0,4,2,1,2,5,6,0,0,0,0,2,0,0,0,0,0,4,0,6,5,6
87,Two older people drinking coffee outside.,Two kids are drinking soda inside.,0,0,0,2,0,2,0,0,2,2,0,2,9,7,1,0,0,1,0,2,1,0,0,1,0,4,4,1,8,4
88,"Two male bicyclists wearing racing suits, goggles, and helmets pedal along a path marked with metal barricades.",The guys were watching a bike race on tv.,0,0,0,1,0,1,1,0,0,0,0,0,8,0,0,0,0,0,0,0,0,0,3,0,0,0,0,8,3,0
89,A woman and a little boy with a backpack walking with an umbrella in the city.,Two people in the country are sitting down.,0,0,0,2,0,2,0,0,2,2,0,2,9,6,1,0,0,1,0,0,1,0,0,1,0,0,4,1,8,4
90,People walking down the street and past an open bus.,People on the bus use make shit fans to cool themselves after the air conditioning system failed.,0,0,0,2,0,1,0,0,0,2,0,0,9,6,0,0,1,0,0,0,2,0,3,2,0,0,2,1,3,2
91,a man sleeping on a bench outside with a white and black dog sitting next to him.,A man is seen petting his dog,0,1,0,1,1,1,1,2,0,0,1,0,1,8,0,0,1,0,0,0,2,0,3,2,0,2,2,7,1,2
92,A young boy tilted forward in a child's swing.,A young boy tilted backward in a child's swing.,0,1,1,1,1,0,2,1,1,4,2,4,0,2,9,0,1,0,0,1,2,0,1,2,0,1,2,0,7,2
93,"Woman wearing a black sunhat, black dress and black Ugg clogs, walking in a city square.",The woman is wearing a white dress.,0,1,0,1,2,1,1,3,0,0,3,0,2,9,0,0,0,0,0,0,0,0,0,0,0,0,0,1,8,1
94,"Two women, one sitting in a chair, the other standing, appear to be injured.",Two woman are sitting at the park.,0,0,0,2,0,2,0,0,2,2,3,2,2,9,1,0,0,0,0,0,0,0,0,0,0,0,0,1,3,1
95,Two women in a light blue and a dark blue jacket walking in a crosswalk and a fake giant rat is on the sidewalk behind them.,The men cheer at the television screen.,0,0,0,2,0,1,0,0,0,2,0,0,9,0,0,0,0,1,0,2,1,0,2,1,0,4,4,7,2,4
96,A surfer with a large white surfboard and tether line is standing on the beach on an overcast day.,A man loads his surfboard onto his jeep.,0,1,0,1,1,1,1,1,0,0,1,0,8,1,0,0,0,0,0,0,2,0,3,2,0,3,2,7,3,2
97,"A guy on skateboard, doing a trick.",Hitler riding a skateboard.,0,1,0,1,1,1,1,1,0,0,1,0,8,1,0,0,1,0,0,1,2,3,3,2,4,3,2,8,1,2
98,Young man with glasses and two small pigtails on front of his hair with bloody face appears to be in Emergency room waiting area.,A perfectly healthy person with a crew cut is walking into the hospital.,0,1,0,1,1,1,1,1,0,0,1,0,1,8,0,0,0,1,0,0,1,0,3,1,0,0,4,7,3,9
99,Picture of a hotdog vendor in the street.,A man is cooking a hamburger in a bathroom.,0,1,0,1,1,1,1,1,0,0,1,0,1,8,0,0,0,1,0,2,1,0,2,1,0,4,4,7,2,4
100,"Man wearing a white short-sleeved t-shirt, red apron, and a black baseball cap shucking a clam at a restaurant stand.",A man is shucking ears of corn for the patrons.,0,1,0,1,1,1,1,1,0,0,1,0,1,8,0,0,0,0,0,0,0,0,3,0,0,2,0,7,1,0
101,a windsurfer is making a big splash in the ocean whilst riding a red windsurf.,The surfer is performing surgeory.,0,1,0,1,1,1,1,1,0,0,1,0,8,1,0,0,1,0,0,0,2,0,3,2,0,3,2,1,3,2
102,children ride bikes in what appears to be an impoverished nation.,The children are sitting on a couch.,0,0,1,2,0,0,2,0,1,4,2,4,0,7,8,0,0,0,2,0,0,2,0,0,2,0,1,5,8,7
103,A group of women in a red and black outfit with a red star on the helmet skating in a competition.,Multiple men are lazy and do not work hard.,0,0,0,2,0,2,0,0,2,2,0,2,9,0,7,0,0,1,0,2,1,0,2,1,0,4,4,7,2,4
104,Two women walking down the street wearing flip-flops.,two men shooting pool,0,0,0,2,0,2,0,0,2,2,0,2,9,0,1,0,0,1,0,2,1,0,2,1,0,4,4,7,2,4
105,A boy in a dirty shirt is walking through knee-high ocean water.,This is how to take a bath.,0,1,1,1,1,0,2,1,1,4,2,4,0,2,9,0,0,0,0,0,0,0,3,0,0,4,0,7,3,0
106,The scruffy young man smokes a cigarette on a busy street.,A man is hanging out inside.,0,1,0,1,1,1,1,1,0,0,1,0,1,8,0,0,0,1,0,2,1,0,2,1,0,2,4,7,6,9
107,"There is a young man running towards the camera, in the street, and his friend is cheering him on.",A man takes a picture of his friends jeering at the slowest runners.,0,0,0,1,1,2,0,1,2,0,1,2,9,1,7,0,1,0,0,1,2,0,3,2,0,1,2,1,0,2
108,A group of men watch television.,A group of children watch television.,0,0,0,2,0,1,2,0,0,4,0,0,0,7,0,0,1,0,0,1,2,0,1,2,0,1,2,1,7,2
109,Two people show off their matching skull tattoos while two other people look on.,The couple is showing off their motorcycles to the people.,0,0,0,2,0,2,0,0,2,2,0,2,9,6,1,0,1,0,0,0,0,0,0,0,0,0,0,1,0,0
110,"Soldiers stand in formation outside of a building, and one man dressed in street clothes stands near them.",They are currently marching.,0,0,0,2,0,2,0,0,2,2,0,2,9,6,1,0,1,0,0,0,0,0,0,0,0,0,0,1,0,0
111,A young boy skateboarding down some stairs in front of a silver wall,the boy is riding a bike.,0,1,1,1,1,0,2,1,1,4,2,4,0,2,9,0,0,0,0,0,0,0,3,0,0,3,1,0,3,5
112,the two boys playing guitar,Two girls are singing a duet.,0,0,0,2,0,2,0,0,2,2,0,2,6,7,4,0,0,1,0,0,1,0,0,1,0,4,4,1,8,4
113,A person walks with an artistic contraption in front of the Ocean Blue Company.,An artist inside a building.,0,1,0,1,1,1,1,1,0,0,1,0,1,1,0,0,1,0,0,0,0,0,3,0,0,2,0,7,1,0
114,"A tall, dark-haired man in white sport coat and black slacks is walking along a tiled mosaic crosswalk of various colors and designs beside a woman with short, dark hair who is also wearing a white sport coat but with blue jeans.",Two dctors in white coats are working in a lab.,0,0,0,2,0,1,0,0,0,2,0,0,9,0,0,0,0,1,0,0,1,0,0,1,0,0,4,1,8,4
115,Blond girl in white top with stars standing beside brunette woman in blue top with stars.,Two girls are sitting on a bench.,0,0,0,2,0,1,0,0,0,2,0,1,2,7,6,0,0,0,0,2,0,0,0,0,0,4,0,1,8,1
116,Four dirt bike riders are riding on a dirt road.,Three men drive cars in a line.,0,0,0,2,0,1,0,0,0,2,0,0,9,0,0,0,0,0,0,2,0,0,0,0,0,4,0,1,8,0
117,a black dog has caught a bird in its mouth.,The bird is taunting the dog and flying away.,1,1,1,0,2,0,3,2,3,3,4,3,5,3,3,1,1,0,1,0,2,1,3,2,1,3,2,2,3,2
118,A dark-haired man in his twenties drinks a green liquid from a plastic mug.,The man is eating a bagel.,0,1,0,1,1,1,1,1,0,0,1,0,1,8,0,0,0,1,0,2,1,0,2,1,0,2,4,7,6,9
119,Lady in short skirt plays music outdoors.,The lady in short skirt plays music indoors.,0,1,0,1,2,1,1,3,0,0,3,1,2,4,5,0,1,0,0,1,2,0,1,2,0,1,2,1,7,2
120,The boy drinks from a plastic glass while sitting at a table with food on it.,A boy is drinking a bottle of root beer.,0,1,0,1,1,1,2,1,0,4,2,0,0,2,0,0,1,0,0,1,0,0,3,0,0,3,1,0,3,5
121,A man is vacuuming a bedroom while barefoot.,A man is vaccuming the kitchen.,0,1,0,1,1,1,1,1,0,0,1,0,1,8,0,0,1,0,0,1,2,0,3,2,0,1,2,7,3,2
122,Three men sitting on steps.,Three men are standing by the bus stop.,0,0,0,2,0,2,0,0,2,2,0,2,9,0,1,0,0,0,0,0,0,0,0,0,0,0,0,1,8,0
123,A small girl is wearing a costume and a festive hat and looking thoughtful.,A girl is wearing normal school clothing.,0,1,0,1,2,1,2,3,0,4,2,1,2,4,6,0,1,0,0,0,0,0,0,0,0,0,0,6,5,6
124,A man is standing in the doorway holding a bag while talking to another man.,Two women discuss the shoes one of them bought.,0,0,0,2,0,1,0,0,0,2,0,1,9,0,5,0,0,0,0,0,2,0,0,2,0,0,2,1,3,2
125,Four boys play in the mud.,Four boys are sitting at a table.,0,0,1,2,0,0,2,0,1,4,2,4,0,7,8,0,1,0,2,1,0,2,1,0,2,3,1,5,7,7
126,People trying to stay dry with umbrellas in the city.,A nice sunny day outside.,0,0,0,2,0,2,0,0,2,2,0,2,9,6,1,0,0,0,0,2,2,0,2,2,0,4,2,1,8,2
127,A man in an orange jacket is speaking with a cashier.,A man is in a black jacket.,0,1,0,1,1,1,1,1,0,0,1,0,1,8,0,0,1,0,0,1,2,0,3,2,0,2,2,7,1,2
128,Young cyclists prepare for a race.,Young cyclist are eating at a dennys restaurant.,0,0,0,1,0,1,1,0,0,0,0,0,8,0,0,0,1,0,0,0,0,0,3,0,0,0,0,8,3,0
129,A boy skateboarding on a pier during sunset.,A kid is playing volleyball at the beach.,0,1,1,1,1,0,2,1,1,4,2,4,0,2,9,0,0,0,0,0,0,0,0,0,0,3,1,0,3,5
130,The blonde tennis player is wearing a white shirt and a green tennis skirt.,The brunette tennis player is wearing red.,0,1,0,1,2,2,2,3,2,0,3,2,2,4,7,0,1,0,0,1,2,0,1,2,0,0,2,9,0,2
131,A martial arts competition between a blue and red belt.,The band is playing at the marching band competition.,0,0,0,2,0,1,0,0,0,2,0,0,6,0,0,0,1,0,0,0,0,0,0,0,0,0,0,7,5,0
132,Some people riding scooters in the street.,Dogs riding scooters in the street.,0,0,0,2,0,1,0,0,0,2,0,0,9,6,0,0,1,0,0,1,2,0,1,2,0,1,2,1,7,2
133,A shirtless man is playing a red set of drums.,Everyone is fully clothed.,0,0,0,2,0,2,0,0,2,2,0,2,9,0,1,0,0,1,0,2,1,0,2,1,0,4,4,7,2,4
134,"A man, wearing a green coat and tan tuque, sorts through a crate of tomatoes.",The man is looking through peas.,0,1,0,1,1,1,1,1,0,0,1,0,1,8,0,0,1,0,0,1,2,0,3,2,0,2,2,7,1,2
135,Four musicians perform on stage.,People are writing music in a studio.,0,0,0,2,0,2,0,0,2,2,0,2,6,0,4,0,1,0,0,0,0,0,0,0,0,0,0,1,0,0
136,A bride and groom slow-dancing while the wedding guests watch.,A newly wed couple is driving off in a limo.,0,0,0,2,0,2,0,0,2,2,0,2,9,6,1,0,0,0,0,0,0,0,0,0,0,0,0,1,3,0
137,A woman is cooking food in a kitchen.,A woman reading in the kitchen.,0,1,0,1,2,1,1,3,0,0,3,0,2,4,0,0,1,0,0,1,2,0,1,2,0,1,2,1,7,2
138,Two women looks over an item at a Chinese convenience store.,Two men are in a gas station,0,0,0,2,0,2,0,0,2,2,0,2,9,0,1,0,0,1,0,0,1,0,0,1,0,3,4,1,3,4
139,A girl in a blue shirt walking with a man.,The girl is sleep.,0,1,0,1,2,1,2,3,0,4,2,1,2,5,6,0,0,0,0,2,0,0,2,0,0,4,0,6,5,6
140,A group of people running on a beach at dawn.,A group of people are walking along the beach in the afternoon.,0,0,0,2,0,2,0,0,2,2,0,2,9,6,1,0,1,0,0,1,2,0,1,2,0,1,2,1,0,2
141,A mother stands in a kitchen holding a small baby.,A mother is clapping her hands.,0,1,0,1,2,1,1,3,0,0,3,1,2,4,5,0,1,0,0,1,2,0,1,2,0,1,2,1,3,2
142,"Two young girls, one in sunglasses, play with a large soap bubble in the park.",Two kids are jumping rope.,0,0,0,2,0,1,2,0,0,4,2,0,0,7,0,0,0,0,2,2,0,2,2,0,2,4,1,5,8,7
143,A man with a green motorized bike looks across the lake at a city.,A man pushes his bike into a lake.,0,1,0,1,1,1,1,1,0,0,1,0,8,1,0,0,1,0,0,1,0,0,3,0,0,3,0,8,3,0
144,People hanging out and talking about their interests.,The people are silent.,0,0,0,2,0,2,0,0,2,2,0,2,9,5,1,0,0,0,0,0,0,0,0,0,0,0,0,1,8,8
145,Donkey pulled cart parked in front of small shops.,Motorized cart driving through the streets.,0,1,0,1,1,1,0,1,0,2,1,0,9,1,0,0,1,0,0,1,2,0,1,2,0,3,2,1,7,2
146,White man sits on the floor among scattered clothing and bags.,Nobody is sitting.,0,1,0,2,1,1,0,1,0,2,1,0,9,5,2,0,0,1,0,2,1,0,2,1,0,4,4,7,2,4
147,A person wearing a cone-shaped hat is walking down the street with many bags.,A man carries a tuba.,0,1,0,1,1,1,1,1,0,0,1,0,1,1,0,0,0,0,0,2,0,0,2,0,0,4,0,7,6,0
148,"Man in dark business suit, sitting by a marble water fountain, wearing eyeglasses and talking on his cellphone with newspaper on his lap.",A man is at his desk in front of a computer.,0,1,0,1,1,1,1,1,0,0,1,0,1,8,0,0,0,0,0,0,2,0,3,2,0,2,2,7,6,2
149,indian ladies dancing in front of crowd,Indian ladies are sitting around playing cards,0,0,0,2,0,1,0,0,0,2,0,1,9,9,5,0,1,0,0,0,0,0,3,0,0,0,0,1,0,1
150,Three boys in the middle of a squirt gun battle.,the boys are playing with bottle rockets,0,0,1,2,0,0,2,0,1,4,2,4,0,7,8,0,1,0,0,0,0,0,3,0,0,3,1,1,3,7
151,A semi truck with a cement mixer on the trailer attached to it is parked on the street near a driveway.,A woman goes for a run.,0,1,0,1,2,1,1,3,0,0,3,1,2,4,5,0,0,1,0,2,1,0,2,1,0,4,4,7,2,4
152,A man in a red striped shirt talks in to a microphone.,A man is reading in the library.,0,1,0,1,1,1,1,1,0,0,1,0,1,8,0,0,0,1,0,2,1,0,2,1,0,4,4,7,6,9
153,Cowboy being thrown off bucking horse.,The man is driving his car to the stadium.,0,1,0,1,1,1,1,1,0,0,1,0,1,1,0,0,0,1,0,2,1,0,2,1,0,4,4,7,2,4
154,Boston Bruins and Pittsburgh Penguins playing ice hockey.,They are in the middle of a grassy field.,0,0,0,2,0,2,2,0,2,1,0,2,3,0,1,0,0,1,0,2,1,0,0,1,0,4,4,1,8,4
155,Two people sit in an old run down building at night.,The people are running in the streets.,0,0,0,2,0,2,0,0,2,2,0,2,9,6,1,0,0,1,0,2,1,0,0,1,0,4,4,1,8,4
156,People walking on dirt road with two trucks,dog sleeps in a chair,1,0,0,0,0,1,3,2,0,3,4,0,5,3,2,0,0,1,0,2,1,0,2,1,0,4,4,7,2,4
157,Three young men standing in a field behind a barbecue smiling each giving the two handed thumbs up sign,Three women stand in a field behind a barbecue smile at each other,0,0,0,2,0,2,0,0,2,2,0,2,9,0,1,0,1,0,0,1,2,0,1,2,0,1,2,1,0,2
158,A man in a hat with a green scooter is standing by the water in a park.,The man is standing on the scooter.,0,1,0,1,1,1,1,1,0,0,1,0,8,8,0,0,1,0,0,1,2,0,3,2,0,1,2,7,1,2
159,A little tan dog with large ears running through the grass.,The dog is seated on the bench.,1,1,1,0,2,0,3,2,3,3,4,3,5,3,3,1,0,0,1,2,0,1,2,3,1,4,3,2,9,3
160,In a martial arts demonstration a man with two swords faces a woman with a Chinese spear.,Two women are doing yoga.,0,0,0,2,0,2,0,0,2,2,0,2,9,9,1,0,0,1,0,0,1,0,0,1,0,4,4,1,8,4
161,There is an old woman in front of a window.,The woman is asleep in her bed.,0,1,0,1,2,1,1,3,0,0,3,0,1,9,2,0,0,1,0,2,1,0,2,1,0,4,4,7,8,4
162,A blond woman in a cowboy hat is carrying a multicolored messenger bag.,woman sitting in a cafe,0,1,0,1,2,1,1,3,0,0,3,0,2,9,0,0,0,0,0,2,0,0,0,0,0,4,0,1,8,1
163,Skier in midair with forest in background.,The skier is in midair with a desert in the background.,0,1,0,1,1,1,1,1,0,0,1,0,8,1,0,0,1,0,0,1,2,3,1,2,4,1,2,4,7,2
164,"this Black Dude, in the Brown Shirt, is singing a song.",Adele is singing.,0,1,0,2,2,2,0,3,2,2,3,2,6,4,4,0,0,0,0,0,2,0,0,2,0,0,2,7,3,2
165,A brown dog is shaking off the snow.,A white dog is swimming.,1,1,1,0,2,0,3,2,3,3,4,3,5,3,3,1,0,0,1,0,0,1,2,3,1,4,3,2,9,3
166,Three men in orange vests are pulling a jeep out of a ravine while another man sits inside.,The jeep is being pulled out by babies.,0,0,0,2,0,1,0,0,0,2,0,0,9,0,0,0,1,0,0,1,2,0,3,2,0,0,2,1,0,2
167,A woman in a white shirt is running with a dog in the grass.,A woman is petting a cat in her lap.,1,1,1,0,2,0,3,3,3,3,3,3,1,9,3,0,0,1,0,2,1,0,2,1,0,4,4,7,8,4
168,"A skinny shirtless man wearing sunglasses, a tiger scarf around his neck and a black belt and jeans is hammering on a metal rod.",Man pushing a rod.,0,1,0,1,1,1,1,1,0,0,1,0,1,8,0,0,1,0,0,1,2,0,3,2,0,2,2,7,1,2
169,A person is show upside down on his bicycle over a large field.,An old woman is upside down on her bicycle.,0,1,0,1,2,1,1,3,0,0,3,0,8,1,0,0,1,0,0,1,0,0,1,0,0,1,0,8,7,0
170,A large white bird pulling a fish out of the water.,someone is eating a bird,1,1,0,0,2,1,3,2,0,3,4,0,5,3,0,1,1,0,1,0,0,1,3,0,1,3,0,2,3,0
171,A mid sized mixed gender choir sings while the director motions to keep beat.,There is an all female choir.,0,0,0,2,0,2,0,0,2,2,0,2,6,9,4,0,1,0,0,1,0,0,1,0,0,1,0,1,0,0
172,A guy is communicating with someone in a car.,A guy is communicating with someone in a plane.,0,1,0,1,1,1,1,1,0,0,1,0,1,8,0,0,1,0,0,1,2,0,1,2,0,1,2,1,0,2
173,A redheaded girl offers the peace sign as she swims in the pool with floaties.,A brunette girl sits in a law chair reading a book.,0,1,0,1,2,1,2,3,0,4,2,1,2,4,6,0,0,0,0,2,0,0,0,0,0,4,0,6,5,6
174,A man child carries two loaves of bread through the store.,A man is stealing a car.,0,1,0,1,1,1,1,1,0,0,1,0,1,8,0,0,0,1,0,2,1,0,2,1,0,4,4,7,2,4
175,Guy drilling near a lamp post.,A person cutting down a tree.,0,1,0,1,1,1,1,1,0,0,1,0,1,1,0,0,1,0,0,0,0,0,3,0,0,2,0,7,1,0
176,A group of native looking women in bright clothing.,The women are all dressed in black.,0,0,0,2,0,1,0,0,0,2,3,1,2,9,5,0,1,0,0,1,0,0,1,0,0,0,0,1,5,1
177,greyhounds racing on a track,The dogs are not racing.,1,0,1,0,0,0,3,2,3,3,4,3,4,3,3,1,1,0,1,0,0,1,3,3,3,0,3,3,3,3
178,A woman walking with a beverage in her right hand.,A woman puking in the sink.,0,1,0,1,2,1,1,3,0,0,3,1,2,9,5,0,0,0,0,0,0,0,0,0,0,0,0,1,8,1
179,A man wearing dark clothing is talk to a young boy while they are walking down the sidewalk.,A man with dark clothes in in the middle of the road.,0,1,0,1,1,1,1,1,0,0,1,0,1,8,0,0,1,0,0,0,0,0,3,0,0,2,0,7,1,0
180,Child in a blue diaper underwater in a pool with his eyes shut.,the child is on the rooftop,0,1,1,1,2,0,2,1,1,4,2,4,0,2,9,0,0,0,0,0,0,0,2,0,0,4,0,7,3,0
181,A group of men play croquet.,A group of men are playing soccer.,0,0,0,2,0,2,2,0,2,1,0,2,3,0,7,0,1,0,0,0,0,0,3,0,0,0,0,1,0,0
182,The brown and white dog is in the water.,A brown dog and a white dog are in the water.,1,0,1,0,0,0,3,2,3,3,4,3,5,3,3,1,1,0,1,1,0,1,1,3,1,1,3,2,7,3
183,A worker dressed in orange overall sprays off an ocean side road with high pressure water.,The road is dry.,0,1,0,1,1,1,0,1,0,2,1,0,9,5,0,0,0,1,0,2,1,0,2,1,0,4,4,7,2,4
184,A man in a blue shirt pulling a cart with large bags full of cans.,A man is pulling a cart filled with books in bags.,0,1,0,1,1,1,1,1,0,0,1,0,1,8,0,0,1,0,0,1,2,0,1,2,0,1,2,7,1,2
185,A person creates a tattoo of a rose on a woman's arm.,A woman gets a tattoo of a sunflower.,0,1,0,1,2,1,1,3,0,0,3,1,2,4,5,0,1,0,0,1,2,0,1,2,0,1,2,1,7,2
186,A man dressed in a funky outfit is playing guitar.,A man is wearing a funky outfit to prom.,0,1,0,1,1,1,1,1,0,0,1,0,1,8,0,0,1,0,0,1,0,0,3,0,0,2,0,7,1,0
187,Two girls posing for a picture on a path surrounded by trees.,Two girls are playing tennis.,0,0,0,2,0,1,2,0,0,4,0,1,2,7,6,0,1,0,0,0,2,0,3,2,0,0,2,6,5,2
188,A woman chats with a smiling police officer.,The police officer is frowning.,0,1,0,1,2,2,1,3,2,2,3,2,2,9,1,0,0,0,0,0,0,0,0,0,0,4,0,7,3,0
189,"Toddler in blue shirt and beige khaki shorts and brown shoes, holding a small blue shovel, walking along beach shore with two white seagulls swooping towards him.",A toddler plays in a bathtub.,0,1,1,1,2,0,2,1,1,4,2,4,0,2,9,0,0,0,0,0,0,0,3,0,0,3,1,1,3,5
190,Three children play outside of a run-down building.,There are children watching others play,0,0,1,2,0,0,2,0,1,4,2,4,0,7,8,0,1,0,2,1,0,2,1,0,2,0,1,5,3,7
191,A dog jumps and catches a Frisbee in the grass.,A cat chases a frisbee across a parking lot,1,1,1,0,2,0,3,2,3,3,4,3,7,3,3,1,1,0,1,0,2,1,3,2,0,0,2,1,3,2
192,A football player is about to catch a football.,The football player is sitting on the bench.,0,1,0,2,1,2,2,1,2,1,1,2,3,1,7,0,0,0,0,0,0,0,3,0,0,0,0,7,3,0
193,A young girl and boy play facing each other in a park.,Two children are sitting in the backseat of the car on the way home.,0,0,1,2,0,0,2,0,1,4,2,4,0,7,8,0,0,0,0,2,0,0,2,0,0,4,1,7,8,7
194,A dark-haired man wearing blue jeans is in mid jump on the ledge of a mountain area.,A dark-haired man is lying on the ledge.,0,1,0,1,1,1,1,1,0,0,1,0,1,8,0,0,1,0,0,1,2,0,3,2,0,3,2,7,1,2
195,A woman in white is holding a bouquet of roses.,A man holds a bouquet of roses.,0,1,0,1,1,1,1,1,0,0,1,1,2,8,5,0,1,0,0,1,2,0,1,2,0,1,2,1,7,2
196,A child flying a kite.,The woman crashed the kite.,0,1,0,1,2,1,1,3,0,0,2,0,8,4,0,0,1,0,0,1,2,0,1,2,0,1,2,1,7,2
197,A group of cyclists is pausing nearby a green and tan sign.,The cyclists are playing the tuba.,0,0,0,1,0,1,1,0,0,0,0,0,8,0,0,0,1,0,0,0,0,0,3,0,0,3,0,8,5,0
198,A toddler in a white and yellow outfit is reaching for a yellow paper Japanese lantern on a wooden fence.,The toddler is wearing black,0,1,1,1,2,0,2,1,1,4,2,4,0,2,9,0,1,0,0,0,0,0,3,0,0,3,1,1,3,5
199,A police officer riding a motorcycle.,There is a firefighter in a truck.,0,1,0,1,1,1,1,1,0,0,1,0,8,1,0,0,1,0,0,0,0,0,3,0,0,2,0,7,3,0
200,A blond-hair boy wearing a light blue sweater and light blue shorts walks along a dirt path.,A blonde haired boy is home sleeping.,0,1,1,1,1,0,2,1,1,4,2,4,0,2,9,0,0,0,0,0,0,0,3,0,0,3,1,7,3,5
201,Two men one playing a flute and one dancing.,The man with the axe is ready to kill the dancer.,0,1,0,2,1,1,0,1,0,2,1,0,6,0,0,0,0,1,0,0,1,0,0,1,0,4,4,7,3,4
202,"A young, fit, tanned man in bright blue Speedos adjusts his swimming goggles.",the young man is wearing the red speedos,0,1,0,1,1,1,1,1,0,0,1,0,2,8,0,0,1,0,0,1,0,0,1,0,0,0,0,1,0,0
203,"A woman sits on a bench trying on a dressy sandal, with shoe boxes visible in the background.",The woman finds it easy to stand and try on shoes.,0,1,0,1,2,1,1,3,0,0,3,1,2,4,5,0,1,0,0,1,0,0,1,0,0,0,0,1,0,1
204,A man dressed in working clothes shovels some dirt.,A women dumps sand on a beach.,0,1,0,1,2,1,1,3,0,0,3,0,1,4,0,0,0,0,0,2,0,0,2,0,0,4,0,7,8,0
205,People try to make a point about how big companies do n't care about people and only car about money.,Birds are flying in the sky.,0,0,0,1,0,1,0,0,0,2,0,0,9,6,0,0,0,1,0,2,1,0,2,1,0,4,4,7,2,4
206,A girl rides a unicycle with a child who rides a scooter.,Nobody is riding,0,0,0,2,0,1,0,0,0,2,2,0,9,5,2,0,0,0,0,0,0,0,0,0,0,0,0,7,3,0
207,Two men sit on opposite sides of an advertisement in a bus shelter.,Two men are playing chess,0,0,0,2,0,2,0,0,2,2,0,2,9,0,7,0,0,0,0,0,0,0,0,0,0,0,0,1,8,0
208,"Hockey goalie dressed in black with vaughn printed on pad, appearing to have missed the puck.",The hockey goalie is a zombie controlled by the Russians.,0,1,0,2,1,2,2,1,2,1,1,2,3,1,7,0,1,0,0,1,0,0,1,0,0,0,0,9,0,0
209,Three girls run a race in the mud.,three girls are racing inside,0,0,0,2,0,1,0,0,0,2,0,1,2,7,6,0,1,0,0,1,2,0,1,2,0,1,2,1,0,2
210,Three young women are playing softball.,Three women are watching a game of baseball on television.,0,0,0,2,0,1,2,0,0,2,3,1,3,9,6,0,1,0,0,0,0,0,3,0,0,0,0,1,0,1
211,A woman is preparing food at a table.,the lady slept in her bed,0,1,0,1,2,1,1,3,0,0,3,0,1,9,2,0,0,1,0,2,1,0,2,1,0,4,4,7,8,4
212,"A woman is singing and playing the piano, at what appears to be a concert or event.",A man is singing and playing the piano alone.,0,1,0,1,2,2,0,1,2,2,1,2,6,5,4,0,1,0,0,0,0,0,3,0,0,3,0,7,3,0
213,Some on is getting body art done by someone with a lot of body art.,Nobody making art,0,0,0,1,0,1,0,0,0,2,0,0,9,5,0,0,1,0,0,1,2,0,1,2,0,0,2,1,0,2
214,A man washing windows is suspended outside a building on a seat on a rope with a bucket hanging on the side of the seat.,A man is throwing mud at windows from the sidewalk.,0,1,0,1,1,1,1,1,0,0,1,0,1,8,0,0,1,0,0,0,2,0,3,2,0,2,2,7,1,2
215,Female wearing white earmuffs walking on a paved road.,the female is seated,0,1,0,1,2,1,1,3,0,0,3,1,2,4,5,0,0,0,0,0,0,0,0,0,0,0,0,1,8,1
216,The blacksmith checks the fire pit to see if it is hot enough.,A group of blacksmiths are finished working.,0,0,0,2,0,1,0,0,0,2,0,0,9,0,0,0,1,0,0,1,2,0,1,2,0,1,2,1,0,2
217,A man is riding a powered para-glider in the air at sunset.,The pilot is flying an airplane.,0,1,0,1,1,1,1,1,0,0,1,0,8,1,0,0,0,0,0,0,0,0,0,0,0,0,0,7,8,8
218,Two dogs meeting near the water's edge,Two dogs are sleeping cuddled up.,1,0,1,0,0,0,3,2,3,3,4,3,4,3,3,1,0,0,1,0,0,1,0,3,3,0,3,3,8,3
219,Three workers unloading flowers from a large truck.,The movers are loading furniture.,0,0,0,2,0,2,0,0,2,2,0,2,9,0,1,0,1,0,0,0,0,0,3,0,0,0,0,1,0,0
220,Unhappy looking dog under a blow dryer.,A dog romps on the grass.,1,1,1,0,2,0,3,2,3,3,4,3,5,3,3,1,1,0,1,0,0,1,3,3,1,3,3,2,9,3
221,A person is falling from the sky with a parachute with mountains and a body of water in the background.,"People jump out of a plane while it's still on the ground, on fire.",0,1,0,1,1,1,1,1,0,0,1,0,8,1,0,0,1,0,0,0,2,0,3,2,0,3,2,1,3,2
222,A woman in a plaid shirt looks at a box of food while another woman to her left in a blue shirt is texting on her phone.,The woman is looking at books.,0,1,0,1,2,1,1,3,0,0,3,1,2,9,5,0,0,0,0,0,0,0,0,0,0,0,0,1,8,1
223,An older woman in a scarf and fur-lined coat sits down across from a younger woman who is standing.,The older woman is riding a unicycle.,0,1,0,1,2,1,1,3,0,0,3,0,2,9,0,0,0,1,0,2,1,0,2,1,0,4,4,1,8,4
224,A woman and two children stand in front of a statue while random people wander the city square.,There is a group of cats climbing a tree.,0,0,1,2,0,0,0,0,3,2,0,3,9,6,3,0,0,1,0,2,1,0,2,1,0,4,4,7,2,4
225,A woman with an orange shirt selling vegetables on the street.,A woman is selling clothes,0,1,0,1,2,1,1,3,0,0,3,1,2,4,5,0,1,0,0,1,2,0,1,2,0,1,2,1,7,2
226,A man catches a decent sized fish and is taking it off the hook,A woman is unhooking a fish.,0,1,0,1,2,1,1,3,0,0,3,0,1,4,0,0,1,0,0,1,2,0,1,2,0,1,2,7,7,2
227,A little girl is getting splashed by water.,A child is resting on dry sand.,0,1,1,1,2,0,2,3,1,4,2,4,0,2,9,0,0,0,0,0,0,0,0,0,0,4,0,6,5,6
228,A small blond boy slides head first down a blue playground slide toward another blond youth.,the two boys are sliding feet first together down the slide,0,0,1,2,0,0,2,0,1,4,2,4,0,7,9,0,1,0,2,1,0,2,1,0,2,1,1,5,7,5
229,A black and white spotted dog jumps over a stream.,The cat jumps over the stream.,1,1,1,0,2,0,3,2,3,3,4,3,7,3,3,0,1,0,0,1,2,0,1,2,0,1,2,1,7,2
230,a poor looking person with white cream smeared around his eyes sitting on a backpack.,A dirty man with some product under his eyes is sitting on a pillow.,0,1,1,1,1,0,1,1,1,0,1,4,1,8,9,0,1,0,0,1,2,0,1,2,0,1,2,1,0,2
231,"Four people near a body of water, one sitting and three standing, while two people walk on a nearby sidewalk.",A group of people are inside a building.,0,0,0,2,0,2,0,0,2,2,0,2,9,6,1,0,0,0,0,0,0,0,0,0,0,0,0,1,8,8
232,Three people on two separate motorcycles pass one another on what appears to be a race in Asia.,The three people were watching the race on tv,0,0,0,2,0,1,0,0,0,2,0,0,9,6,0,0,1,0,0,0,0,0,3,0,0,0,0,1,0,0
233,A man is making pretzels.,The man is eating a hot dog.,0,1,0,1,1,1,1,1,0,0,1,0,1,8,0,0,0,1,0,2,1,0,2,1,0,2,4,7,6,9
234,A girl is observing some carvings on a stone wall.,The carvings are drawn on the wall in crayon.,0,1,0,1,2,1,1,3,0,0,2,0,2,4,0,0,1,0,0,1,2,0,1,2,0,1,2,1,0,2
235,A woman in an apron drinking a coffee drink and eating a cookie.,A woman is working in a factory,0,1,0,1,2,1,1,3,0,0,3,0,2,4,0,0,1,0,0,0,0,0,3,0,0,0,0,1,3,1
236,A man wearing a white striped top and a white hat is sitting in front of a sewing machine.,A man has a blue hat,0,1,0,1,1,1,1,1,0,0,1,0,1,8,0,0,0,0,0,0,0,0,3,0,0,2,0,7,1,0
237,Two boys and two girls jump as they have their photo taken.,Four kids are laying down for a photo,0,0,0,2,0,2,2,0,2,4,2,2,0,7,7,0,1,0,2,1,0,2,1,0,2,1,1,5,0,7
238,Two men and one woman wearing suits walking down a street.,There are four men.,0,0,0,2,0,2,0,0,2,2,0,2,9,0,1,0,1,0,0,0,0,0,0,0,0,0,0,1,0,0
239,A girl in a red shirt is sitting with a laptop on her lap.,The girl is wearing a green shirt.,0,1,0,1,2,1,2,3,0,4,2,0,2,4,0,0,0,0,0,0,0,0,0,0,0,0,0,6,5,6
240,A brown dog is running through the grass panting.,A brown dog is running through the desert.,1,1,1,0,2,0,3,2,3,3,4,3,5,3,3,1,1,0,1,1,2,1,1,2,1,1,2,2,9,2
241,A man handing a box to a group of men.,Man is sitting at home watching a TV show about men.,0,1,0,1,1,1,1,1,0,0,1,0,1,8,0,0,0,1,0,2,1,0,2,1,0,4,4,7,6,4
242,Three school-aged children in uniforms jumping rope,The people jumping rope are adults.,0,0,0,2,0,2,2,0,2,4,0,2,0,7,7,0,1,0,0,1,2,0,3,2,0,0,2,1,3,2
243,Sportscaster Jim Rome looking dapper.,An athlete is jumping.,0,1,0,2,1,1,2,1,0,1,1,0,1,1,0,0,0,1,0,0,1,0,0,1,0,4,4,7,8,4
244,A boy sitting in water.,A girl is flying a kite.,0,1,1,1,2,0,2,3,1,4,2,4,0,2,9,0,0,1,0,2,1,0,2,1,0,4,4,7,2,4
245,five children lie on a gymnasium floor holding hands while a sixth attempts to pull them all along in a chain.,Twenty dogs are eating rabbits.,0,0,0,2,0,2,2,0,2,4,0,2,0,7,1,0,0,1,0,2,1,0,2,1,0,4,4,7,2,4
246,A black and white dog has a red toy in his mouth and is jumping.,The dog is chasing a bicycle.,1,1,1,0,2,0,3,2,3,3,4,3,5,3,3,1,0,0,1,0,0,1,3,3,1,3,3,2,9,3
247,A young Asian woman in silver high heels and short skirt stands on a sidewalk.,A woman is dancing with her child.,0,1,0,1,2,1,1,3,0,0,3,1,2,4,5,0,0,0,0,2,0,0,2,0,0,4,0,1,8,1
248,Man standing by a poster of religious beliefs.,Man running on a beach.,0,1,0,1,1,1,1,1,0,0,1,0,1,8,0,0,0,1,0,2,1,0,2,1,0,2,4,7,6,4
249,A man holding a red and white flag rides a horse on the beach with a dog following beside.,Nobody has a flag,0,1,0,1,1,1,0,1,0,2,1,0,9,5,2,0,0,0,0,0,0,0,3,0,0,0,0,1,3,0
250,A black man in a t-shirt and jeans is posing in front of a firehouse.,The man is inside the firehouse.,0,1,0,1,1,1,1,1,0,0,1,0,1,8,0,0,1,0,0,1,0,0,3,0,0,3,0,7,3,0
251,A man jumps off a ramp on a snowboard.,A woman jumps off a ramp on a snowboard.,0,1,0,1,2,1,1,3,0,0,3,0,8,1,0,0,1,0,0,1,2,3,1,2,4,1,2,8,7,2
252,A woman with pink hair square next to her pink dogs to take a picture.,The dogs are hairless.,1,0,1,0,0,0,3,2,3,3,4,3,4,5,3,1,0,1,1,2,1,1,2,1,3,4,4,3,8,4
253,Older man is sitting in a car.,the older man was eating an ice cream cone,0,1,0,1,1,1,1,1,0,0,1,0,1,8,0,0,1,0,0,0,0,0,3,0,0,2,0,7,6,0
254,a man is climbing a cliff with his feet on a brown metal plate,a man is climbing a cliff with his feet on a blue metal plate,0,1,0,1,1,1,1,1,0,0,1,0,8,1,0,0,1,0,0,1,2,0,1,2,0,1,2,7,7,2
255,A man and a woman sit on a car and face the opposite way of the camera.,A rusted car is the only thing visible.,0,0,0,2,0,1,0,0,0,2,0,0,9,5,0,0,0,0,0,0,0,0,0,0,0,0,0,1,3,0
256,"A young boy runs down a field, wearing a name tag.","There is a young worker, sitting in a break room.",0,1,0,1,1,1,2,1,0,4,2,0,0,2,0,0,0,1,0,2,1,0,2,1,0,4,4,7,2,4
257,A lack dog and a brown and white dog run on a gravel surface with something red underfoot.,The dogs are hiding under the kitchen table.,1,0,1,0,0,0,3,2,3,3,4,3,4,3,3,1,0,0,1,2,0,1,0,3,3,4,3,3,8,3
258,A man pans rocks in a button-down shirt and long shorts.,A woman plays tennis.,0,1,0,2,2,2,2,3,2,0,3,2,2,4,7,0,0,1,0,2,1,0,2,1,0,4,4,7,2,4
259,"A young woman dressed in white with angel wings is balancing a bowling pin, while a man with a clowns nose is catching a bowling pen.",The angel is wearing black.,0,1,0,1,2,1,1,3,0,0,3,1,2,1,5,0,0,1,0,2,1,0,2,1,0,4,4,7,2,4
260,A little Asian girl is poking at her face and poking her lip out as if to make a funny face.,The little girl's face is stuck that way.,0,1,0,1,2,1,2,3,0,4,2,1,2,4,6,0,1,0,0,1,2,0,1,2,0,1,2,6,5,2
261,"At a naval yard, a man in a white Navy officer's uniform is standing by two older men having a discussion.",A woman drinking a bottle of Saylor Jerri rum,0,1,0,1,2,2,1,3,2,0,3,2,2,4,1,0,0,1,0,2,1,0,2,1,0,4,4,7,2,4
262,an asian girl wearing a red hat along side several others with red hats as well,The woman's hat is green.,0,1,0,1,2,1,1,3,0,0,3,0,2,4,0,0,1,0,0,0,0,0,0,0,0,0,0,7,3,6
263,A man asleep on another sleeping man's lap on a park bench.,A man is inside  eating.,0,1,0,1,1,1,1,1,0,0,1,0,1,8,0,0,0,1,0,2,1,0,2,1,0,2,4,7,6,9
264,Line of people waiting to checkout at a store.,The people are in the parking lot.,0,0,0,2,0,2,0,0,2,2,0,2,9,6,1,0,0,0,0,0,0,0,0,0,0,0,0,1,8,8
265,A man and woman are sitting close together on a green bench.,A man and dog are sitting close together on a green bench.,0,0,0,1,0,1,1,0,0,0,0,0,1,6,0,0,1,0,0,1,2,0,1,2,0,1,2,1,7,2
266,A man in a sedge hat tends to an expansive rice paddy.,A man is planting corn in a field.,0,1,0,1,1,1,1,1,0,0,1,0,1,8,0,0,0,0,0,0,0,0,0,0,0,2,0,7,6,0
267,A man is getting ready to hit a tennis ball.,A woman is hitting a baseball.,0,1,0,2,2,1,2,3,0,1,3,1,3,4,5,0,0,0,0,2,0,0,2,0,0,4,0,7,8,0
268,Two men are standing by a stop sign at a construction site.,Two women are walking their dogs in the park.,0,0,0,2,0,1,0,0,0,2,0,0,9,0,0,0,0,1,0,2,1,0,2,1,0,4,4,7,2,4
269,Girl in black bathing suit looking forward while lying down on a dock floating in water.,The girl is at the library.,0,1,0,1,2,1,2,3,0,4,2,1,2,4,6,0,0,0,0,2,0,0,0,0,0,4,0,6,5,6
270,A man sleeps on the ground in some building.,A man is lifting weights at the gym.,0,1,0,1,1,1,1,1,0,0,1,0,1,8,0,0,0,1,0,2,1,0,2,1,0,2,4,7,6,9
271,A group of uniformed children gathered in a courtyard.,children are preparing to go to work,0,0,0,2,0,2,2,0,2,4,2,2,0,7,7,0,1,0,2,1,0,2,1,0,2,0,1,5,0,7
272,Two dogs are both curious about the object on the sidewalk.,Two dogs are chasing a cat.,1,0,1,0,0,0,3,2,3,3,4,3,4,3,3,1,0,0,1,0,0,1,0,3,3,0,3,3,8,3
273,two white dogs running through the grass,The pets are sitting on the porch.,1,0,1,0,0,0,3,2,3,3,4,3,4,3,3,1,0,0,1,2,0,1,0,3,3,4,3,3,8,3
274,"Football players on a field, one player is being tackled by the other.",Two men are playing basketball.,0,0,0,2,0,2,2,0,2,1,0,2,3,0,7,0,0,0,0,2,0,0,0,0,0,4,0,9,8,0
275,Construction workers in white suits work on a scaffold.,The suits are blue,0,0,0,2,0,1,0,0,0,2,0,0,9,0,0,0,1,0,0,0,0,0,3,0,0,0,0,1,0,0
276,A couple in a boat fishing on a small river.,A couple in a boat fishing on a big river.,0,0,0,2,0,2,0,0,2,2,0,2,9,6,1,0,1,0,0,1,2,0,1,2,0,1,2,1,7,2
277,A team of men jog around orange cones.,Children do a sack race on a field.,0,0,0,2,0,2,0,0,2,2,0,2,9,7,7,0,0,0,0,0,0,0,3,0,0,0,0,1,3,0
278,A man and a boy sit next to an airport window while a large jet airplane waits outside.,A man reads to his child to put him to sleep.,0,0,1,2,1,0,0,1,1,2,2,4,9,2,9,0,0,1,0,2,1,0,2,1,0,4,4,7,8,4
279,A backpacker smiles widely as she strolls down the street.,A woman cries as she drives to her house.,0,1,0,1,2,1,1,3,0,0,3,1,2,4,5,0,0,1,0,2,1,0,2,1,0,4,4,7,2,9
280,A child in shorts sitting on a two color wall.,A child in a snowsuit is skiing.,0,1,1,1,2,0,2,1,1,4,2,4,0,2,9,0,0,0,0,0,0,0,0,0,0,3,1,1,3,5
281,Four people are sitting down on the floor and eating.,The people are cooking dinner.,0,0,0,2,0,2,0,0,2,2,0,2,9,6,1,0,0,0,0,0,2,0,0,2,0,0,2,1,0,2
282,A father standing on the side of a pond fishing as his son begins to wander off with the fishing net.,A father sitting.,0,1,0,1,1,1,1,1,0,0,1,0,1,8,0,0,0,0,0,0,2,0,3,2,0,2,2,1,1,2
283,A man dressed in a blue shirt and dark colored pants sits in front of several computer monitors.,A man is getting surgery on his back.,0,1,0,1,1,1,1,1,0,0,1,0,1,8,0,0,0,1,0,2,1,0,2,1,0,4,4,7,6,9
284,A beauty pageant contestant wearing black clothing and black high heels along with her sash poses for an outdoor picture in a desert like setting.,A beauty pageant is breaching the castle walls in a desert.,0,1,0,1,2,1,1,3,0,0,3,0,1,4,0,0,1,0,0,1,0,0,1,0,0,0,0,1,3,0
285,Some young girls in swimsuits playing volleyball on a sandy field.,The boys are in swim trunks playing basketball.,0,0,0,2,0,2,2,0,2,4,2,2,0,7,7,0,0,0,0,0,0,0,0,0,0,4,1,1,3,7
286,two hot girls playing volleyball on the beach,The beach is empty.,0,0,0,2,0,2,0,0,2,2,0,2,9,5,7,0,0,0,0,0,0,0,3,0,0,3,0,1,3,0
287,A white man going for a walk.,A black man going for a walk.,0,1,0,1,1,1,1,1,0,0,1,0,1,8,0,0,1,0,0,1,2,0,1,2,0,1,2,7,7,2
288,A soccer team is warming up on the pitch.,A basketball team is preparing for the game.,0,0,0,2,0,2,2,0,2,1,0,2,3,6,7,0,1,0,0,1,0,0,1,0,0,1,0,9,0,0
289,A woman looking at a young blond girl with pigtails.,A woman is asleep in her bed.,0,1,0,1,2,1,1,3,0,0,3,0,1,9,2,0,0,1,0,2,1,0,2,1,0,4,4,7,2,4
290,A person in a red shirt is riding a bicycle along a dirt trail.,A person in a blue shirt is riding a bicycle along a dirt trail.,0,1,0,1,1,1,1,1,0,0,1,0,8,1,0,0,1,0,0,1,0,0,1,0,0,1,0,8,7,0
291,A man with bandanna hold a rattle in his left hand while reaching for a snake with his right over a blue carpet and next to a large branch.,A man reaches for a puppy while holding a collar in his other hand,0,1,0,1,1,1,1,1,0,0,1,0,1,8,0,0,1,0,0,0,0,0,3,0,0,2,0,7,1,0
292,A young man is texting while standing in front of a poster.,A woman talks on the phone.,0,1,0,1,2,1,1,3,0,0,3,0,2,4,0,0,0,1,0,2,1,0,2,1,0,4,4,7,2,4
293,Four people in black pants stand in front of a museum.,The people are running out in the rain.,0,0,0,2,0,2,0,0,2,2,0,2,9,6,1,0,0,1,0,2,1,0,2,1,0,4,4,1,8,4
294,A snowboarder flies off of a jump which is next to a big red atomic sign.,The snow is red.,0,1,0,1,1,1,1,1,0,0,1,0,8,1,0,0,1,0,0,1,2,3,3,2,4,3,2,8,7,2
295,a young blond woman wearing a yellow shirt walking down a sidewalk.,An old man is running down the sidewalk.,0,1,0,1,2,1,1,3,0,0,1,1,2,1,5,0,0,1,0,0,1,0,2,1,0,4,4,7,3,4
296,An very nice capture of a soccer game going on between two men as the man from the team in black attempts to interrupt the red and white teams stride.,A cat walks on a fence.,1,1,1,0,1,0,3,1,3,3,1,3,7,1,3,0,0,1,0,2,1,0,2,1,0,4,4,7,2,4
297,A woman enjoys a beverage which was made inside of a large fruit.,A lady at church singing hymns,0,1,0,1,2,1,1,3,0,0,3,1,2,4,5,0,0,0,0,0,0,0,0,0,0,0,0,1,8,1
298,A middle-aged couple smiles from a round outdoor wooden jacuzzi.,The couple is old with no teeth.,0,0,0,2,0,2,0,0,2,2,0,2,9,6,1,0,0,0,0,0,0,0,0,0,0,0,0,1,3,0
299,A group of five waling down a street in suburbia.,An empty city street.,0,0,0,2,0,1,0,0,0,2,0,0,9,5,2,0,0,0,0,0,0,0,0,0,0,0,0,1,3,0
300,A girl wearing a navy blue sweatshirt is feeding a brown and white goat.,A women is feeding a dog.,0,1,0,1,2,1,1,3,0,0,3,1,2,4,5,0,1,0,0,0,2,0,3,2,0,0,2,1,3,2
301,A man plays the drums with a serious expression.,A woman is teaching piano.,0,1,0,2,2,2,0,3,2,2,3,2,6,4,4,0,0,0,0,2,0,0,0,0,0,4,0,7,8,0
302,"Three men, two dressed in white and another in black vestments with a gold cross, address a crowd.",a woman addresses a crowd,0,0,0,2,0,1,0,0,0,2,3,0,9,6,0,0,1,0,0,0,0,0,3,0,0,0,0,1,0,8
303,A brown and white dog is paddling through deep water in a blue container.,A brown and white dog naps on the floor.,1,1,1,0,2,0,3,2,3,3,4,3,5,3,3,1,1,0,1,0,0,1,3,3,1,3,3,2,9,3
304,A black and brown dog is playing with his chew toys.,A cat is playing with a string.,1,1,1,0,2,0,3,2,3,3,4,3,7,3,3,0,0,1,0,0,1,0,2,1,0,4,4,7,2,4
305,Two people sitting on grass in front of a lake looking at the sky.,A crowd of people are freezing in a snow storm.,0,0,0,2,0,2,0,0,2,2,0,2,9,6,1,0,0,1,0,2,1,0,2,1,0,4,4,1,8,4
306,A crowd wanders a city street lines with China's flags.,The city street is lined with French flags.,0,0,0,2,0,2,0,0,2,2,0,2,9,6,1,0,1,0,0,1,2,0,1,2,0,1,2,1,0,2
307,A skier in a yellow jacket is airborne above the mountains.,"A skier is on the ground, hurt by a fall waiting for help.",0,1,0,1,1,1,1,1,0,0,1,0,8,1,0,0,1,0,0,0,2,3,3,2,4,3,2,4,3,2
308,A dog leaps over a red and blue jump.,The dog is leaping over a black jump,1,1,1,0,2,0,3,2,3,3,4,3,5,3,3,1,1,0,1,1,2,1,1,2,1,1,2,2,9,2
309,Eight people enjoy the fun of rafts and the beauty of a waterfall.,The inmates are riding in a van.,0,0,0,2,0,2,0,0,2,2,0,2,9,6,1,0,0,1,0,2,1,0,2,1,0,4,4,7,2,4
310,Little league slides into plate where rival player crouches in anticipation.,The men are playing soccer.,0,0,0,2,0,2,2,0,2,1,0,2,3,0,7,0,0,0,0,2,0,0,2,0,0,4,0,9,2,0
311,A man performing a skateboard jump off the top of a ramp.,A man is performing a snowboard trick with his friends.,0,1,0,1,1,1,1,1,0,0,1,0,8,1,0,0,0,1,0,0,1,0,3,1,0,2,4,8,6,9
312,A man dressed in all red is playing his sport with an official in black watching the bounds of the play area.,No one is dressed in red.,0,1,0,2,1,1,0,1,0,2,1,0,9,5,2,0,0,1,0,2,1,0,2,1,0,4,4,7,2,4
313,Two young ladies are cleaning dishes on the grass outside of a campsite.,There are two men,0,0,0,2,0,2,0,0,2,2,0,2,9,0,1,0,0,0,0,2,0,0,0,0,0,4,0,1,8,0
314,"An adult in brightly colored clothing and hat, is weaving or beading while sitting on brightly colored rugs.",A young child playing on a bright rug.,0,1,1,1,2,0,2,1,1,4,2,4,0,2,9,0,1,0,0,1,2,0,3,2,0,3,2,1,3,2
315,A older gentlemen standing in the brush.,the man is seated,0,1,0,1,1,1,1,1,0,0,1,0,1,8,0,0,0,1,0,2,1,0,2,1,0,2,4,7,6,9
316,Women compete in a game of roller derby.,Men are racing go karts.,0,0,0,2,0,2,0,0,2,2,0,2,9,0,7,0,0,0,0,0,0,0,3,0,0,0,0,1,3,0
317,A boy in an orange shirt sitting at the edge of water on a large rock.,All of the rocks are small.,0,1,0,1,1,1,1,1,0,0,2,0,9,2,0,0,0,0,0,0,0,0,3,0,0,0,0,7,3,0
318,A woman stands with her arms out at her sides while another takes a picture.,The woman poses while her arms are folded.,0,1,0,1,2,1,1,3,0,0,3,1,2,9,5,0,1,0,0,1,0,0,1,0,0,1,0,1,7,1
319,A person dressed in brown and gray walks down a long street lined with yellow-walled buildings with tiled roofs.,No one is on a street.,0,1,0,2,1,1,0,1,0,2,1,0,9,5,2,0,0,1,0,2,1,0,2,1,0,4,4,7,2,4
320,The man with no shirt and flip-flops looks at the women in white shorts.,The man is wearing a tank-top.,0,1,0,1,1,1,1,1,0,0,1,0,1,8,0,0,0,0,0,0,0,0,3,0,0,2,0,7,1,0
321,Man welding large pipe section while wearing mask.,A man is playing checkers.,0,1,0,1,1,1,1,1,0,0,1,0,1,8,0,0,0,1,0,2,1,0,2,1,0,4,4,7,6,9
322,A girl with long hair is riding a teeter totter.,A girl climbing the monkey bars.,0,1,0,1,2,1,2,3,0,4,2,1,2,4,6,0,1,0,0,0,0,0,3,0,0,0,0,6,5,6
323,An artist wearing a red gingham scarf works on a painting of a tower.,An artist is preparing dinner.,0,1,0,1,1,1,1,1,0,0,1,0,1,4,0,0,1,0,0,1,2,0,3,2,0,0,2,1,3,2
324,A man is feeding a child food while sitting near a building with onlookers.,A man is playing guitar on the street for onlookers.,0,1,0,1,1,1,1,1,0,0,1,0,1,8,0,0,0,1,0,0,1,0,3,1,0,2,4,7,1,4
325,A man woman and three children going for a walk.,A lady is stealing bread.,0,0,0,1,2,1,1,3,0,2,3,0,2,9,0,0,0,1,0,2,1,0,2,1,0,4,4,7,2,4
326,A person with a helmet is riding a bike i the grass and dirt.,Someone riding a bike without any protective gear.,0,1,0,1,1,1,1,1,0,0,1,0,8,1,0,0,1,0,0,1,0,0,1,0,0,3,0,8,7,0
327,Two hockey teams compete.,People playing basketball.,0,0,0,2,0,2,2,0,2,1,0,2,3,0,7,0,1,0,0,0,0,0,0,0,0,0,0,9,0,0
328,Two women playing musical instruments; one plays violin and the other play a wind instrument.,Two men are playing the drums.,0,0,0,2,0,2,0,0,2,2,0,2,6,0,4,0,0,0,0,0,0,0,3,0,0,0,0,1,3,0
329,A boy wearing red swim trunks is playing in the water at the beach.,a boy is wearing a black three piece suit,0,1,1,1,1,0,2,1,1,4,2,4,0,2,9,0,0,0,0,0,0,0,3,0,0,3,1,0,3,5
330,A man in a striped shirt and two redheaded boys are posing for a picture outside.,The three males are inside.,0,0,0,2,0,2,0,0,2,2,0,2,9,0,1,0,0,0,0,0,0,0,0,0,0,0,0,1,8,0
331,A lady wearing a hat and sunglasses is painting a picture of a wooded area with a river with a brush held in her right hand.,A man sits in a tree stand holding a gun.,0,1,0,1,1,1,1,1,0,0,1,0,1,1,0,0,0,0,0,2,0,0,2,0,0,4,0,7,8,0
332,Three people diving into water.,The three people are in a boat.,0,0,0,2,0,2,0,0,2,2,0,2,9,6,1,0,1,0,0,0,0,0,0,0,0,0,0,1,0,8
333,People walking through the underpass of a bridge.,Monkeys stare through the bars at the zoo.,0,0,0,2,0,2,0,0,2,2,0,2,9,6,1,0,0,1,0,2,1,0,2,1,0,4,4,7,2,4
334,A brown dog is playing outside in a grassy area.,A dog is on the couch sleeping,1,1,1,0,2,0,3,2,3,3,4,3,5,3,3,1,0,0,1,2,0,1,2,3,1,4,3,2,9,3
335,Baseball pitcher throwing a pitch.,A batter cleans off his bat.,0,1,0,2,1,2,2,1,2,1,1,2,3,1,7,0,1,0,0,1,2,0,3,2,0,3,2,9,3,2
336,Two women in traditional Japanese clothing smile at the photographer.,Two men posing for a photo.,0,0,0,2,0,2,0,0,2,2,0,2,9,0,1,0,1,0,0,0,0,0,0,0,0,0,0,1,3,0
337,"Two bald men, one sitting at a computer and the other behind him, in front of red window curtains.",Men go for a run in the city.,0,0,0,2,0,2,0,0,2,2,0,2,9,0,1,0,0,0,0,2,0,0,0,0,0,4,0,1,8,0
338,a teenage mother is sitting on the couch with her child.,A teenager dances in the kitchen with her grandfather.,0,1,1,2,2,0,0,3,1,2,2,4,9,4,8,0,1,0,0,0,0,0,3,0,0,3,0,1,3,0
339,two men playing soccer on a wet field,Two men are playing soccer inside the house.,0,0,0,2,0,2,2,0,2,1,0,2,3,0,7,0,1,0,0,0,0,0,3,0,0,0,0,9,3,0
340,man wearing gray jacket watching family at worship.,Man is watching football on a Sunday.,0,1,0,2,1,1,2,1,0,1,1,0,3,8,0,0,0,0,0,0,2,0,3,2,0,2,2,1,6,2
341,Two motocross bikers are performing stunts coming off of a large jump.,Two people are riding unicycles.,0,0,0,1,0,1,1,0,0,0,0,0,8,0,0,0,1,0,0,0,0,0,0,0,0,0,0,8,3,0
342,A rider is being ready to ride a horse.,A horse galloping with a rider on its back.,0,1,0,1,1,1,1,1,0,0,1,0,4,1,0,0,1,0,0,1,2,0,1,2,0,1,2,1,7,2
343,Two dogs confront each other in the middle of a field,Two cats confront each other in a field.,1,0,1,0,0,0,3,2,3,3,4,3,4,3,3,1,1,0,1,1,2,1,1,2,3,1,2,3,7,2
344,An elderly woman in front of a fruit stand touching a package of strawberries.,A woman is allergic to fruit.,0,1,0,1,2,1,1,3,0,0,3,1,2,4,5,0,1,0,0,1,2,0,1,2,0,0,2,7,3,2
345,Two white and black dogs running in the grass.,The dogs are sleeping on the couch.,1,0,1,0,0,0,3,2,3,3,4,3,4,3,3,1,0,0,1,2,0,1,2,3,3,4,3,3,8,3
346,A woman in a tank and sunglasses climbs a sunny but snow-covered slope.,The children are going sledding.,0,1,1,1,2,0,1,3,1,0,2,4,8,7,9,0,0,1,0,2,1,0,2,1,0,4,4,7,2,4
347,A female wearing a short white skirt and high heels leans against the wall as people wander around the busy street.,A boy blocking the sidewalk.,0,1,1,1,2,0,1,1,1,0,2,4,1,1,9,0,0,1,0,2,1,0,2,1,0,4,4,7,2,4
348,A man in a white shirt at a stand surrounded by beverages and lots of lemons.,"A man is sitting at a picnic table, sipping a drink.",0,1,0,1,1,1,1,1,0,0,1,0,1,8,0,0,0,1,0,0,1,0,3,1,0,2,4,7,6,9
349,A woman sitting in a car next to a male driver is waving her hand.,The woman has no arms.,0,1,0,1,2,1,1,3,0,0,3,0,2,5,0,0,0,0,0,2,0,0,2,0,0,4,0,7,2,1
350,"An African American man is jumping in the air, while a boy claps.",The white man is jumping.,0,1,0,1,1,1,1,1,0,0,1,0,1,8,0,0,1,0,0,0,2,0,3,2,0,3,2,1,3,2
351,A little girl blows bubbles in a courtyard with a ship in the background.,A girls eats paste.,0,1,0,1,2,1,2,3,0,4,2,1,2,4,6,0,0,0,0,0,0,0,0,0,0,4,0,6,5,6
352,A person is standing at the top of a rocky cliff overlooking land.,An eagle is resting in its nest.,0,1,0,1,1,1,1,1,0,0,1,0,1,1,2,0,0,1,0,2,1,0,2,1,0,4,4,7,2,4
353,A young girl is hugging someone dressed in a Stitch outfit.,A girl is sleeping,0,1,0,1,2,1,2,3,0,4,2,1,2,4,6,0,0,0,0,2,0,0,0,0,0,4,0,6,5,6
354,Four young boys are talking to a street vendor in front of an old building while several other adults stand talking further down the street.,The boys are too shy to talk to the vendor.,0,0,1,2,0,0,0,0,1,2,0,4,9,7,8,0,1,1,0,0,1,0,3,1,0,3,4,1,3,4
355,A child sleeps viewed through a window of a car which is cracked slightly.,A child screams in the backseat of a truck,0,1,1,1,2,0,2,1,1,4,2,4,0,2,9,0,1,0,0,0,0,0,3,0,0,3,0,1,3,0
356,A man and a woman talk while standing next to a tree.,A cat and a dog chasing each other.,0,0,1,2,0,0,0,0,3,2,0,3,9,6,3,0,0,1,0,2,1,0,2,1,0,4,4,7,8,4
357,Man with orange dyed hair playing an electric guitar.,The mans hair is on fire.,0,1,0,1,1,1,1,1,0,0,1,0,1,8,0,0,1,0,0,0,2,0,3,2,0,2,2,7,1,2
358,A Latin woman raising her hand in front of a band in the background.,A man raising his hand in front of a band.,0,1,0,1,1,2,0,1,2,2,1,2,6,1,4,0,1,0,0,1,2,0,1,2,0,1,2,1,7,2
359,A man wearing a black sweater vest and a hat plays the bass.,A man lost his hat.,0,1,0,1,1,1,1,1,0,0,1,0,1,8,0,0,0,0,0,0,0,0,2,0,0,2,0,7,6,0
360,Two people in coats walking next to a fence.,a couple of people sit in front of a fence,0,0,0,2,0,2,0,0,2,2,0,2,9,6,1,0,1,0,0,1,2,0,1,2,0,1,2,1,1,2
361,A person on skis on a rail at night.,The woman eats a car,0,1,0,1,2,1,1,3,0,0,3,0,1,4,0,0,0,1,0,2,1,0,2,1,0,4,4,7,2,4
362,A girl in a blue beater licking a whisk used to make brownies.,A girl is currently frying eggs,0,1,0,1,2,1,2,3,0,4,2,1,2,4,6,0,1,1,0,0,1,0,0,1,0,0,4,1,5,4
363,"Four kids all hunched over together in a grassy field petting two turtles, one girl has colored face paint on her face.",A group of children are playing video games in the living room.,0,0,1,2,0,0,2,0,1,4,2,4,0,7,8,0,0,0,2,2,0,2,0,0,2,4,1,5,8,7
364,"A man plays with a little boy, holding him upside down.",the man is playing with agirl,0,1,0,1,1,1,1,1,0,0,1,0,1,8,0,0,1,0,0,1,0,0,3,0,0,2,1,0,1,5
365,a group of people gathering outside.,Dogs gathering outside.,0,0,0,2,0,2,0,0,2,2,0,2,9,6,1,0,1,0,0,1,2,0,1,2,0,1,2,1,0,2
366,A woman is bagging groceries in a store.,A man is sleeping on his bed.,0,1,0,1,2,1,1,1,0,0,1,0,1,8,2,0,0,1,0,2,1,0,2,1,0,4,4,7,2,4
367,"A young, backwards hat wearing, boy holding a professional camera.",The young boy is holding a telescope.,0,1,1,1,1,0,2,1,1,4,2,4,0,2,9,0,1,0,0,1,0,0,1,0,0,3,1,0,7,5
368,A woman in a lavender sleeveless top and a nose ring is laughing while covering the eyes of another woman wearing a yellow striped shirt with her hands.,two men tell jokes,0,0,0,2,0,2,0,0,2,2,0,2,9,0,1,0,0,1,0,0,1,0,3,1,0,0,4,1,3,4
369,Customers are waiting to get some food.,A person waits outside an empty cafe.,0,1,0,2,0,2,0,0,2,2,0,2,9,5,1,0,0,1,0,0,1,0,2,1,0,4,4,1,8,4
370,A construction worker is fixing a large machine.,The worker is wearing a tutu and ballet shoes while on stage dancing.,0,1,0,1,1,1,1,1,0,0,1,0,1,1,0,0,0,0,0,0,0,0,3,0,0,0,0,7,3,0
371,Man and woman walking up the stairs to an overpass.,A husband and wife are swimming in the ocean.,0,0,0,2,0,2,0,0,2,2,0,2,9,6,1,0,0,0,0,0,0,0,0,0,0,0,0,1,8,8
372,A defender is trying to block the shot of the opposing team during a water polo match.,Two children are fighting.,0,0,1,2,0,0,2,0,1,4,2,4,0,7,8,0,0,1,0,2,1,0,0,1,0,4,4,7,8,4
373,A man is suspended above water while holding a large ski that is shaped like a skateboard.,A man is swimming at the beach.,0,1,0,1,1,2,1,1,2,0,1,2,1,8,1,0,0,1,0,2,1,0,2,1,0,4,4,7,6,9
374,A man in a white t-shirt is walking past 2 graffiti paintings on the wall.,A man runs on a track.,0,1,0,1,1,1,1,1,0,0,1,0,1,8,0,0,0,1,0,2,1,0,2,1,0,4,4,7,6,4
375,Two people are dancing by a red couch.,People are eating.,0,0,0,2,0,1,0,0,0,2,0,0,9,6,0,0,0,0,0,2,0,0,0,0,0,4,0,1,8,8
376,"A female wearing glasses is seen from a three-quarter rear view, as she plays a horn in a musical group.",dog jumps over frog,0,1,0,2,2,2,2,3,2,4,3,2,0,4,4,0,0,1,0,2,1,0,2,1,0,4,4,7,2,4
377,A man in a dark coat and jeans and a blond woman in a tan coat with a scarf wrapped around her neck are holding hands stopping to look at something.,Two people dressed in swimsuits dive into a pool.,0,0,0,2,0,2,0,0,2,2,0,2,9,6,1,0,0,1,0,2,1,0,0,1,0,4,4,1,8,4
378,A boy in yellow trunks kneels at the ocean's edge.,A boy wearing yellow trunks is swimming in the ocean,0,1,1,1,1,0,2,1,1,4,2,4,0,2,9,0,1,0,0,1,2,0,1,2,0,3,2,0,7,2
379,Several woman walking down the street dressed in pink and other assorted people.,Several woman having dinner at a restaraunt.,0,0,0,2,0,1,0,0,0,2,3,1,2,9,5,0,0,0,0,0,0,0,0,0,0,0,0,1,3,1
380,A woman who is working try out the new yellow jacket,Nobody is working,0,1,0,1,2,1,0,3,0,2,3,0,9,5,2,0,0,0,0,2,0,0,2,0,0,4,0,7,2,0
381,A man in a green shirt and red sunglasses.,The man is wearing a blue shirt.,0,1,0,1,1,1,1,1,0,0,1,0,1,8,0,0,0,1,0,2,1,0,2,1,0,2,4,7,6,9
382,A musician with long hair performs on a stringed instrument.,The man cannot play an instrument,0,1,0,1,1,2,0,1,2,2,1,2,6,8,4,0,0,0,0,0,0,0,0,0,0,0,0,7,3,0
383,A black and brown dog eyeing a fly.,There is a pink dog chasing a bug.,1,1,1,0,2,0,3,2,3,3,4,3,5,3,3,0,1,0,0,1,0,0,3,3,0,3,3,1,9,3
384,A soccer star in white prepared to high-five a young fan.,There is no man.,0,1,0,1,1,1,0,1,0,2,1,0,9,5,2,0,0,1,0,2,1,0,2,1,0,4,4,7,2,4
385,Two boys kick around a ball in a meadow.,Two boys are swimming.,0,0,1,2,0,0,2,0,1,4,2,4,0,7,8,0,1,0,2,0,0,2,3,0,2,3,1,5,3,7
386,man with no shirt on climbing rocks,A man is rock climbing wearing a black shirt.,0,1,0,1,1,1,1,1,0,0,1,0,8,8,0,0,1,0,0,1,2,0,1,2,0,1,2,7,7,2
387,A bearded man wearing glasses and a blue shirt plays guitar.,A man is walking on the road.,0,1,0,1,1,1,1,1,0,0,1,0,1,8,0,0,0,1,0,2,1,0,2,1,0,2,4,7,6,9
388,"People are gathered at a platform on which stands a table of trophies with graduated boxes in front of the platform labeled 1, 2 and 3.",People are at a steeplechase race.,0,0,0,2,0,2,0,0,2,2,0,2,9,6,7,0,0,0,0,0,0,0,0,0,0,0,0,1,0,8
389,Two army veterans holding a sign with two young boys.,The boys standing in line.,0,0,0,2,0,2,0,0,2,2,0,2,9,7,1,0,0,0,0,0,0,0,0,0,0,0,0,1,3,0
390,A man playing a guitar on stage while a man plays drums in the background.,The guitar player is standing on the drummer' shoulders while playing.,0,0,0,2,0,2,0,0,2,2,0,2,6,0,4,0,1,0,0,1,0,0,1,0,0,1,0,1,0,0
391,"Two men in black outfits are carrying trays of food, with a third man in the background.",two men are hiking in the snow,0,0,0,2,0,2,0,0,2,2,0,2,9,0,1,0,0,0,0,0,0,0,0,0,0,4,0,1,8,0
392,A man with white shirt and blue jeans pushing a truck with a picture of a woman Edwards saying real colors never dye,Nobody is around.,0,1,0,1,1,1,0,1,0,2,1,0,9,5,2,0,0,1,0,2,1,0,2,1,0,4,4,7,2,4
393,Someone holing up a jacket.,A woman knits a sweater.,0,1,0,1,2,2,1,3,2,0,3,2,2,4,1,0,0,0,0,0,2,0,0,2,0,0,2,7,3,2
394,Five people sitting down.,Five people stand around a campfire.,0,0,0,2,0,2,0,0,2,2,0,2,9,6,1,0,1,0,0,1,0,0,1,0,0,0,0,1,0,8
395,A bearded man in a white t-shirt is riding a motorcycle.,A man is walking.,0,1,0,1,1,1,1,1,0,0,1,0,1,8,0,0,0,1,0,2,1,0,2,1,0,2,4,7,6,9
396,Two cheerleaders are doing leaps on a green field,Two girls are playing catch in a green field.,0,0,0,2,0,1,2,0,0,4,0,1,9,7,6,0,1,0,0,1,2,0,1,2,0,1,2,1,5,2
397,A dessert mountain with a man wearing a hat standing on the hillside.,A dessert mountain litered with peolple in hats.,0,1,0,1,1,1,1,1,0,0,0,0,8,1,0,0,1,0,0,1,2,0,1,2,0,1,2,1,7,2
398,A person is flying through the air attached to a board with a parachute.,Person wearing wings,0,1,0,1,1,1,1,1,0,0,1,0,8,1,0,0,1,0,0,1,2,0,1,2,0,1,2,1,7,2
399,"Two workers holding up the tree look around, while the other two work hard with their shovels.",Four lumberjacks chopping down a tree.,0,0,0,2,0,2,0,0,2,2,0,2,9,0,1,0,1,1,0,1,1,0,1,1,0,1,4,1,0,4
400,A gymnast in navy blue with a pink ribbon in her hair is performing on the balancing beam.,A gymnast chalks up her hands before getting on the uneven bars.,0,1,0,1,2,1,1,3,0,0,3,0,2,4,0,0,1,0,0,1,2,0,1,2,0,1,2,1,0,2
401,individual trying a task never done before but watching his image in the water below him.,Someone has their eyes closed.,0,1,0,1,1,1,1,1,0,0,1,0,1,1,0,0,0,1,0,0,1,0,3,1,0,2,4,7,6,9
402,A small black dog chews on fingers.,The dog is swimming in a pool.,1,1,1,0,2,0,3,2,3,3,4,3,5,3,3,1,0,1,1,2,1,1,2,1,1,4,4,2,2,4
403,A topless woman with bright red-hair watches a gay pride parade.,A woman cooks lunch for her family.,0,1,0,1,2,1,0,3,0,2,3,0,2,9,0,0,0,1,0,2,1,0,2,1,0,4,4,7,2,4
404,An older gentleman chops wood by a tree.,The man is sitting on the couch.,0,1,0,1,1,1,1,1,0,0,1,0,1,8,0,0,0,1,0,2,1,0,2,1,0,4,4,7,6,9
405,A young man shaving his beard outside in front of a garage while someone else holds a mirror for him to see.,A man shaves inside at a sink.,0,1,0,1,1,1,1,1,0,0,1,0,1,8,0,0,1,0,0,0,2,0,3,2,0,0,2,7,3,2
406,A snowboarder rides a snowboard down a railing beside a flight of steps.,A man is watching t.v. at home.,0,1,0,1,1,1,1,1,0,0,1,0,1,8,0,0,0,1,0,2,1,0,2,1,0,4,4,7,2,4
407,A man with a red shirt and yellow gloves is holding a branch with leaves to the walkway.,A man with a black shirt and orange gloves is holding a branch with leaves to the ocean.,0,1,0,1,1,1,1,1,0,0,1,0,1,8,0,0,1,0,0,1,2,0,1,2,0,1,2,7,1,2
408,Some people are standing alone on the beach in their swimsuits.,The people are shopping at a store.,0,0,0,2,0,2,0,0,2,2,0,2,9,6,1,0,0,0,0,2,0,0,0,0,0,4,0,1,8,8
409,Woman looking through microscope with gloves on.,the man with no gloves looked through the telescope,0,1,0,1,2,1,1,1,0,2,1,0,9,5,2,0,1,0,0,1,2,0,3,2,0,3,2,7,3,2
410,A large man in a red shirt is struggling to ride his bike past a shop that sells sweets.,A skinny short man is having a leisurely bike ride.,0,1,0,1,1,1,1,1,0,0,1,0,8,8,0,0,0,1,0,0,1,0,3,1,0,0,4,8,3,9
411,A man with a wall of bookshelves behind him is gesturing toward an old antique-looking striped chair.,A woman gestures towards an old chair,0,1,0,1,2,1,1,3,0,0,3,0,2,4,0,0,1,0,0,1,0,0,1,0,0,1,0,7,7,1
412,Yong man with cellphone and goatee holding Obama sign,the young man is holding a sign protesting ice cream,0,1,0,1,1,2,1,1,2,0,1,2,1,8,1,0,1,0,0,0,0,0,3,0,0,3,0,7,1,0
413,A flower girl and ring bearer watch the flower petals hit the grass.,The girl and boy watch the snow fall.,0,0,0,2,0,2,0,0,2,2,2,2,9,6,1,0,0,1,0,0,1,0,0,1,0,0,4,1,3,4
414,A group of young Asian people wave their hands in the air.,The Asians hands were on fire.,0,0,0,2,0,1,0,0,0,2,0,0,9,6,0,0,1,0,0,1,2,0,1,2,0,3,2,1,0,2
415,A man wearing a black shirt and carrying a messenger bag is walking.,The man wearing a black t-shirt is running.,0,1,0,1,1,1,1,1,0,0,1,0,1,8,0,0,1,0,0,0,2,0,3,2,0,2,2,7,1,2
416,A woman in a shirt is crossing the street on a cloudy day.,The woman is not wearing a shirt.,0,1,0,1,2,1,1,3,0,0,3,1,2,9,5,0,1,0,0,0,0,0,0,0,0,0,0,1,3,1
417,A girl drives a toy truck while a young boy plays behind her,Two adults are driving a truck.,0,0,0,2,0,1,0,0,0,2,2,0,9,7,0,0,1,0,0,0,0,0,3,0,0,3,0,1,3,0
418,A man dressed and a black shirt and pants is high jumping over a red and black pole.,The man is collecting garbage.,0,1,0,1,1,1,1,1,0,0,1,0,1,8,0,0,0,1,0,2,1,0,2,1,0,2,4,7,6,9
419,A woman on a cellphone walks past some motorbikes and bicycles.,the man is sleeping in a car,0,1,0,1,2,1,1,3,0,0,3,0,1,9,2,0,0,1,0,2,1,0,2,1,0,4,4,7,2,4
420,A man browses a busy farmer's market.,There is a man at a garage sale hoping to talk someone down on the price of a neat gadget he found.,0,1,0,1,1,1,1,1,0,0,1,0,1,8,0,0,1,0,0,0,2,0,3,2,0,2,2,7,1,2
421,A skateboarder without a shirt grabs his board in the air.,The skateboarder is wearing a shirt.,0,1,0,1,1,1,1,1,0,0,1,0,8,1,0,0,1,0,0,1,2,3,1,2,4,1,2,8,7,2
422,A black man sitting inside a postal drop box.,the drop box is empty,0,1,0,1,1,1,1,1,0,0,1,0,9,8,2,0,1,0,0,0,0,0,3,0,0,3,0,7,3,0
423,A soccer player in a red outfit is about to kick the ball while a player wearing a blue outfit looks at him while running in the background.,A person in a red outfit is holding a soccer ball.,0,1,0,2,2,2,2,1,2,1,1,2,3,1,7,0,1,0,0,1,2,0,1,2,0,1,2,9,7,2
424,"Three men sit, and one man stands, on the back of a vehicle.","Three men stand, and one man sits, on the back of a vehicle",0,0,0,2,0,2,0,0,2,2,0,2,9,0,1,0,1,0,0,1,2,0,1,2,0,1,2,1,0,2
425,"Three women and two men in swimsuits, sunbathing on lawn chairs covered by towels.",People in snowsuits are skiing down a mountain.,0,0,0,2,0,2,0,0,2,2,0,2,9,6,1,0,0,0,0,0,0,0,0,0,0,0,0,1,3,8
426,A young child dressed colorfully sits on a red platform.,A young child standing on a red platform.,0,1,1,1,2,0,2,1,1,4,2,4,0,2,9,0,1,0,0,1,2,0,1,2,0,1,2,7,7,2
427,"A man stands beneath a big bell between two pillars, another person sits to the side.",The man is ringing the bell,0,1,0,1,1,1,1,1,0,0,1,0,1,8,0,0,1,0,0,1,2,0,3,2,0,3,2,1,3,2
428,A man in a baseball cap works to spread cement behind a line of yellow caution tape.,The man is spreading chocolate pudding on the ground.,0,1,0,1,1,1,1,1,0,0,1,0,1,8,0,0,0,1,0,2,1,0,2,1,0,4,4,7,8,4
429,A worker using a broom to clean the ground.,A worker uses a vacuum cleaner to clean the ground.,0,1,0,1,1,1,1,1,0,0,1,0,1,1,0,0,1,0,0,1,2,0,1,2,0,1,2,7,7,2
430,"A group of black boys in a classroom setting wearing white shirts, listening to a speech about UNICEF.",The boys are at the racetrack and placing bets.,0,0,1,2,0,0,2,0,1,4,0,4,0,7,8,0,0,1,0,2,1,0,0,1,0,4,4,1,8,4
431,"Two men dressed in white shirts button down shirts, white hats, with blue scarves tied around their necks",Two men have necklaces around their necks.,0,0,0,2,0,2,0,0,2,2,0,2,9,0,1,0,1,0,0,1,2,0,1,2,0,1,2,1,0,2
432,The girl is hanging off of the tractor equipment.,The girl is running away,0,1,0,1,2,1,2,3,0,4,2,1,2,4,6,0,0,0,0,0,0,0,3,0,0,0,0,7,5,6
433,Woman sitting on bench and holding the leash of a large white and brown dog.,The woman is at the doctor's office by herself.,0,1,0,1,2,1,1,3,0,0,3,0,2,9,0,0,0,0,0,2,0,0,2,0,0,4,0,7,2,1
434,"The picture is of a downtown area with people crossing the street, and walking on the sidewalk.",The picture is of a downtown area after a bombing.,0,0,0,2,0,2,0,0,2,2,0,2,9,6,1,0,1,0,0,1,0,0,1,0,0,1,0,1,0,0
435,"Four people, one of whom is dressed like a clown, are sitting on a bench.",The clown is plotting murder.,0,0,0,1,0,1,1,0,0,0,0,0,1,6,0,0,1,0,0,1,2,0,1,2,0,1,2,1,0,2
436,A skier in a black top making a jump with a blue and white sign on pile of snow underneath.,A bowler makes a strike and returns to their seat.,0,1,0,1,1,2,1,1,2,0,1,2,8,1,7,0,0,1,0,2,1,0,2,1,0,4,4,7,8,4
437,Hundreds of dogs in the park are getting ready for a walk or race as people admire them.,The dogs are being walked by cats.,1,0,1,0,0,0,3,2,3,3,4,3,4,3,3,1,1,0,1,0,0,1,0,3,3,0,3,3,5,3
438,A man is laying in the sand.,A man is jumping in the snow,0,1,0,1,1,1,1,1,0,0,1,0,1,8,0,0,0,1,0,2,1,0,2,1,0,2,4,7,6,9
439,"A old man wearing red, white and bluish gray playing music on a stage using a cross-cut saw.",A pop girl band is dancing in sync.,0,0,0,2,0,2,0,0,2,2,0,2,6,4,4,0,0,1,0,2,1,0,2,1,0,4,4,7,2,4
440,A young boy in a red-bodied jacket with blue sleeves and gray pants runs with gray Crocs while his friends watch.,Nobody has a jacket on,0,0,0,2,0,1,0,0,0,2,2,0,9,5,2,0,0,0,0,2,0,0,2,0,0,4,1,7,8,5
441,"Woman with hair in low ponytail, with the number 43 on her leg, is running wearing green shoes and a green outfit.",Woman with hair in a low ponytail does not have a number on her leg.,0,1,0,1,2,1,1,3,0,0,3,1,2,4,5,0,1,0,0,1,0,0,1,0,0,0,0,1,3,1
442,Three children watching the men working outside from the window.,The children are working while the men watch from the window.,0,0,1,2,0,0,2,0,1,4,0,4,9,7,8,0,1,0,2,1,2,2,1,2,2,1,2,5,7,2
443,A group of people looking at a little baby with blond-hair.,A group of men admire a neighbor's new truck.,0,0,0,2,0,2,0,0,2,2,0,2,9,6,1,0,0,0,0,0,0,0,0,0,0,0,0,1,8,0
444,A person is standing by some stairs in colorful clothes and goggles.,A person is lighting himself on fire.,0,1,0,1,1,1,1,1,0,0,1,0,1,1,0,0,0,1,0,0,1,0,3,1,0,2,4,7,6,4
445,A man is walking through the water with a fishing net.,A man is walking through the water with a bucket.,0,1,0,1,1,1,1,1,0,0,1,0,1,8,0,0,1,0,0,1,2,0,1,2,0,1,2,7,7,2
446,People gathered around a fountain having conversations.,People are mostly silent around the fountain.,0,0,0,2,0,2,0,0,2,2,0,2,9,6,1,0,1,0,0,1,2,0,1,2,0,1,2,1,7,2
447,A woman wearing a red shirt and khaki pants carries flowers.,The woman is carrying boxes.,0,1,0,1,2,1,1,3,0,0,3,1,2,4,5,0,1,0,0,1,2,0,3,2,0,0,2,1,3,2
448,A woman sitting by a pool.,The woman is standing.,0,1,0,1,2,1,1,3,0,0,3,1,2,4,5,0,0,0,0,0,0,0,0,0,0,0,0,1,8,1
449,two men cleaning the outside windows of a yacht,The windows are getting dirtier as they clean.,0,0,0,1,0,1,0,0,0,2,0,0,9,0,0,0,1,0,0,1,2,0,1,2,0,1,2,1,7,2
450,"Two young girl jumps into a small, round area of deeper water while a young boy looks on while running past.",The boy is in a wheelchair.,0,0,1,1,0,0,2,0,1,4,2,4,0,7,9,0,0,1,0,2,1,0,2,1,0,4,4,7,2,4
451,A man wearing a blue shirt selling purses on the street.,He is wearing a black shirt.,0,1,0,1,1,1,1,1,0,0,1,0,1,8,0,0,0,0,0,0,0,0,3,0,0,2,0,7,6,0
452,Two girls at peace during a music festival.,Two girls are sking.,0,0,0,2,0,1,0,0,0,4,0,1,2,7,6,0,1,0,0,0,2,0,0,2,0,0,2,6,5,2
453,Bicyclist checking to make sure that his teammate is behind him.,The bike rider is drinking a bottle of water.,0,1,0,1,1,1,1,1,0,0,1,0,8,1,0,0,0,0,0,0,0,0,3,0,0,3,0,8,3,0
454,Four men and a woman having a discussion around a table.,Five people are dancing.,0,0,0,2,0,2,0,0,2,2,0,2,9,6,4,0,0,0,0,0,0,0,0,0,0,0,0,1,0,8
455,A person putting peanut butter on bread.,A person making a pizza,0,1,0,1,1,1,1,1,0,0,1,0,2,1,0,0,1,0,0,0,2,0,3,2,0,2,2,7,1,2
456,A group of adults and children treks through a field containing an old stone wall.,The children are playing in the park.,0,0,1,2,0,0,0,0,1,2,0,4,9,7,8,0,0,0,0,2,0,0,2,0,0,4,1,7,8,7
457,"A woman shakes hand with another woman, as they stand under a sign for a protest they are conducting.",Two women watch a protest being cunducted.,0,0,0,2,0,1,0,0,0,2,3,1,2,9,5,0,1,0,0,1,0,0,1,0,0,1,0,1,0,1
458,A guy is on the ground in a bullring near a half airborne white bull while another guy steps toward him.,The guy is alone in the bathroom.,0,1,0,1,1,1,1,1,0,0,1,0,1,8,0,0,0,1,0,2,1,0,2,1,0,4,4,7,2,4
459,blond man in a black suit with yellow shoes in jumping over a hurdle.,Person wearing boots walking down the road.,0,1,0,1,1,1,1,1,0,0,1,0,1,1,0,0,0,0,0,0,0,0,3,0,0,2,0,7,1,0
460,The pitbull returns the chewed up soccer ball in the snow.,The poodle returns the football in the rain.,1,1,1,0,2,0,3,2,3,3,4,3,5,3,3,0,1,0,1,1,0,1,3,3,0,3,3,2,9,3
461,People walk through a cobblestone intersection near a gabled building with bright green and white trim.,The people turn off the street lights.,0,0,0,2,0,1,0,0,0,2,0,0,9,6,2,0,0,0,0,0,2,0,0,2,0,0,2,1,8,2
462,A teenager wearing a baseball cap and a white tee-shirt,dog chases after truck,0,1,0,1,2,1,2,1,0,4,2,0,2,2,0,0,0,1,0,2,1,0,2,1,0,4,4,7,2,4
463,A cyclist in red and black racing gear with an aerodynamic helmet is going down a road.,A cyclist standing next to his bike.,0,1,0,1,1,1,1,1,0,0,1,0,8,1,0,0,1,0,0,0,0,0,3,0,0,3,0,8,5,0
464,A father is holding his two kids in his arms.,A guy tosses two dolls.,0,0,0,1,1,1,2,1,0,4,1,0,0,8,0,0,0,1,0,2,1,0,2,1,0,4,4,7,8,4
465,People walking on the sidewalk of a large city while traffic goes by.,There is not a single person walking in the city.,0,0,0,2,0,1,0,0,0,2,0,0,9,5,2,0,0,0,0,0,0,0,3,0,0,3,0,1,3,0
466,A lady in a pink shirt and light colored blue jeans standing outside of a yellow colored building.,The lady is taking a bath.,0,1,0,1,2,1,1,3,0,0,3,1,2,4,5,0,0,0,0,2,0,0,0,0,0,4,0,1,8,1
467,"A young, blond child looks out of a glass door.","A young, redhead child looks out of a door peephole.",0,1,0,1,2,1,2,3,0,4,2,1,0,2,6,0,1,0,0,1,0,0,1,0,0,1,1,1,7,5
468,One slender man and one stout man walk on a city sidewalk.,The two guys are at a bar.,0,0,0,2,0,2,0,0,2,2,0,2,9,0,1,0,0,0,0,0,0,0,0,0,0,0,0,1,8,0
469,Muslim walking in procession.,Muslim running down the sidewalk pell mell,0,0,0,2,0,2,0,0,2,2,0,2,9,6,1,0,1,0,0,1,2,0,1,2,0,0,2,1,0,2
470,Man in black and woman in hooded jacket looking at shirts in store.,People doing tai chi in the park.,0,0,0,2,0,2,0,0,2,2,0,2,9,6,1,0,0,1,0,2,1,0,0,1,0,4,4,1,8,4
471,Two fencers compete in match.,fencers are sleeping,0,0,0,2,0,1,0,0,0,2,0,0,4,5,2,0,1,0,0,1,2,0,3,2,0,3,2,1,3,2
472,Two children wearing sweater and pants are walking across the water on a stone path.,The young people in the picture are playing soccer.,0,0,0,2,0,2,2,0,2,4,2,2,0,7,7,0,0,0,2,0,0,2,0,0,2,0,1,5,8,7
473,Here is a woman holding out a paddle in a novelty shop with everything.,The woman is holding an apple.,0,1,0,1,2,1,1,3,0,0,3,1,2,4,5,0,0,0,0,2,0,0,0,0,0,4,0,1,8,1
474,Several people are dancing in some sand.,The people are inside a house.,0,0,0,2,0,2,0,0,2,2,0,2,9,6,1,0,0,0,0,0,0,0,0,0,0,0,0,1,8,8
475,A dark-haired girl holding a racket in one hand and showing the peace sign with the other hand.,The girl is giving the finger to the camera.,0,1,0,1,2,1,2,3,0,4,2,0,2,4,0,0,1,0,0,0,0,0,3,0,0,0,0,6,5,6
476,"A young blond boy riding a red, white, blue, and yellow bicycle with american flags on it.",A young boy is sitting in the grass.,0,1,1,1,1,0,2,1,1,4,2,4,0,2,9,0,1,0,0,0,0,0,3,0,0,3,1,0,3,5
477,Metal statues with persons riding in bicycles in walkway in front of shops.,There are brick statues of people on a boat in the walkway in front of shops.,0,0,0,2,0,2,0,0,2,2,0,2,9,6,1,0,1,0,0,1,2,0,1,2,0,1,2,1,0,2
478,"Five men, all white and somewhat old, are playing various musical instruments.",2 people are dancing in an empty room.,0,0,0,2,0,2,0,0,2,2,0,2,6,5,4,0,0,1,0,2,1,0,2,1,0,4,4,7,2,4
479,Two older women deep in conversation on the couch.,The women are brawling on the floor.,0,0,0,2,0,1,0,0,0,2,3,1,2,9,5,0,0,0,0,0,0,0,0,0,0,0,0,1,8,1
480,People shimmy along a narrow pathway.,people are sleeping for the night,0,0,0,2,0,1,0,0,0,2,0,0,9,6,2,0,0,1,0,2,1,0,2,1,0,4,4,1,8,4
481,Old man walking down a sidewalk about to pass 2 small dogs tied up outside a shop.,The dogs are running around a park.,0,0,1,2,0,0,0,2,3,2,4,3,4,3,3,0,0,1,0,2,1,0,0,1,0,4,4,1,8,4
482,Two men on a motorcycle with buckets and canisters.,The two women on the motorcycle have buckets and canisters.,0,0,0,1,0,1,0,0,0,2,0,0,8,0,0,0,1,0,0,1,0,0,1,0,0,1,0,8,7,0
483,A baseball team celebrating victory after a winning game.,The team forgot to show up for the game.,0,0,0,2,0,2,2,0,2,1,0,2,3,6,7,0,1,0,0,0,2,0,3,2,0,0,2,9,3,2
484,A blond woman applying mascara on a train.,A woman sleeping on a train.,0,1,0,1,2,1,1,3,0,0,3,0,2,4,0,0,1,0,0,1,2,0,3,2,0,0,2,1,3,2
485,Two people are standing along the side of the road looking into the distance.,Two people are walking on the beach.,0,0,0,2,0,2,0,0,2,2,0,2,9,6,1,0,0,1,0,0,1,0,0,1,0,0,4,1,8,4
486,Two tourists striking a funny pose in an airport.,two men play basketball with stern looks,0,0,0,2,0,2,0,0,2,1,0,2,3,0,7,0,0,0,0,0,0,0,0,0,0,0,0,1,8,0
487,Four friends have fun at the beach on a hot day.,Four friends watch a movie during a rain storm.,0,0,0,2,0,2,0,0,2,2,0,2,9,6,1,0,1,0,0,1,2,0,1,2,0,1,2,1,0,2
488,An older person is reading a French newspaper on a bench.,A young boy is busy building a Lego structure.,0,1,0,1,1,1,1,1,0,0,1,0,1,2,0,0,0,1,0,2,1,0,2,1,0,4,4,7,2,4
489,A young child wears a red winter hat with a big pompom on top.,A boy in a swimsuit is getting ready to jump into a pool.,0,1,1,1,1,0,2,1,1,4,2,4,0,2,9,0,0,0,0,0,0,0,0,0,0,4,1,0,8,5
490,A woman standing near water is wearing a pink jacket with Tinkerbell on it.,A woman wearing a pink jacket believes she is Tinkerbell,0,1,0,1,2,1,1,3,0,0,3,1,2,4,5,0,1,0,0,1,2,0,1,2,0,1,2,6,7,2
491,A woman in a black dress standing on the deck of a boat.,A woman in a bikini jumping from her boat.,0,1,0,1,2,1,1,3,0,0,3,1,2,4,5,0,1,0,0,0,0,0,0,0,0,0,0,1,3,1
492,Workmen dressed in orange vests are holding shovels and standing on railroad tracks.,The men are playing pool.,0,0,0,2,0,2,0,0,2,2,0,2,9,0,1,0,0,1,0,2,1,0,2,1,0,4,4,1,2,4
493,"As others wait outside the public building for the doors to open, one young Irish dancer practices her jig.",People are running indoors.,0,0,0,2,0,2,0,0,2,2,0,2,9,6,7,0,0,1,0,2,1,0,2,1,0,4,4,1,8,4
494,A female chef is presenting a pineapple and watermelon that is graced with a design on each fruit.,No food is being shown.,0,1,0,1,2,1,1,3,0,2,3,0,9,5,2,0,0,1,0,2,1,0,2,1,0,4,4,1,2,4
495,A woman sitting in a chair and painting a vase in front of people,A woman sitting in a chair eats popcorn.,0,1,0,1,2,1,1,3,0,0,3,1,2,4,5,0,1,0,0,0,0,0,0,0,0,0,0,1,3,1
496,Woman in red windbreaker looking though a rooftop binoculars at the city below.,The woman is walking with a cane because she is blind.,0,1,0,1,2,1,1,3,0,0,3,0,2,9,2,0,0,1,0,2,1,0,2,1,0,4,4,1,8,4
497,A man in an orange vest standing atop a building.,the boys were angry,0,0,0,2,0,2,0,0,2,2,0,2,9,0,1,0,0,1,0,2,1,0,2,1,0,4,4,7,2,4
498,A man is vacuuming a carpet while a toddler is pushing a toy vacuum next to him.,The man and boy are drinking milkshakes.,0,0,0,2,0,1,0,0,0,2,0,0,9,0,0,0,0,0,0,2,0,0,0,0,0,4,1,7,8,7
499,Three people singing into a microphone.,Four people are dancing to the music.,0,0,0,2,0,2,0,0,2,2,0,2,6,6,4,0,1,0,0,0,0,0,0,0,0,0,0,1,0,0
500,a sign telling you to accept jesus as your savior.,There is a person holding a sign praising Satan as they sing Ave Satani in front of a church.,0,1,0,1,1,2,0,1,2,2,1,2,9,1,1,0,1,0,0,1,0,0,3,0,0,3,0,1,3,0
501,A small child looks at a small sailboat that has been turned into a sandbox.,The sailboat is at the bottom of the ocean slowly being eaten away by algae.,0,1,0,2,2,2,0,1,2,2,2,2,9,2,1,0,0,0,0,0,0,0,0,0,0,3,0,1,3,0
502,Three people in the snow put their gear in order.,Five people play in the sandy beach.,0,0,0,2,0,2,0,0,2,2,0,2,9,6,1,0,0,0,0,2,0,0,0,0,0,4,0,1,8,8
503,A young woman in a gray shirt sweeps her doorway with a broom.,A woman sweeps her kitchen with a broom.,0,1,0,1,2,1,1,3,0,0,3,0,2,4,0,0,1,0,0,1,2,0,1,2,0,1,2,1,7,2
504,a young girl in a striped bathing suit jumping in the ocean.,A girl builds a sandcastle at the beach.,0,1,0,1,2,1,2,3,0,4,2,1,0,4,6,0,1,0,0,0,0,0,3,0,0,0,0,6,5,6
505,A young boy climbing up a rope of some playground toy.,The boy is watching tv,0,1,0,1,1,1,2,1,0,4,2,0,0,2,0,0,0,0,0,2,0,0,2,0,0,4,1,0,2,5
506,"A man in a blue shirt is holding a sign that says ""Come on now... what's gayer than tea.""",The man is wearing a pink shirt.,0,1,0,1,1,1,1,1,0,0,1,0,1,8,0,0,0,1,0,0,1,0,3,1,0,2,4,7,6,9
507,A street sweeper patrols the sidewalk.,A police officer patrols the sidewalk.,0,1,0,1,1,1,1,1,0,0,1,0,1,1,0,0,1,0,0,1,2,0,1,2,0,1,2,1,7,2
508,A lady wearing a white jacket is standing next to and looking inside of a car.,The dogs are in the river.,1,1,0,0,2,2,3,2,2,3,4,2,9,9,1,0,0,1,0,2,1,0,2,1,0,4,4,7,2,4
509,"Older men are sitting in chairs, reading newspapers.",The men are running on a treadmill,0,0,0,2,0,2,0,0,2,2,0,2,9,0,1,0,0,0,0,2,0,0,0,0,0,4,0,1,8,0
510,A child in a gray jacket is running along a leafy path.,Dick Tracy wears plaid.,0,1,0,1,1,1,2,1,0,4,2,0,0,2,0,0,0,1,0,2,1,0,2,1,0,4,4,1,2,4
511,A man in a green shirt standing on stage playing a guitar with two woman singing and playing instruments beside him.,A group of three women are playing instruments.,0,0,0,2,0,2,0,0,2,2,3,2,6,9,4,0,1,0,0,0,0,0,0,0,0,0,0,1,3,0
512,A young girl wearing a multicolored holding an orange ball in her right hand walking through bright green grass behind a house,The girl is watching TV.,0,1,0,1,2,1,2,3,0,4,2,1,0,4,6,0,0,0,0,2,0,0,0,0,0,4,0,6,5,6
513,A man is standing next to a yellow cab while holding up a sign with many little yellow street signs on it.,A water bottle is filled with turkey gravy.,0,1,0,1,1,1,1,1,0,0,1,0,1,8,0,0,0,1,0,2,1,0,2,1,0,4,4,7,2,4
514,A solitary man balanced on scaffolding high above the city.,a man balanced on very thin line on the sun.,0,1,0,1,1,1,1,1,0,0,1,0,8,1,0,0,1,0,0,1,2,0,1,2,0,2,2,7,1,2
515,Male food worker grills meat on a stick.,The woman is grilling meat.,0,1,0,1,2,1,1,3,0,0,3,0,2,4,0,0,1,0,0,1,0,0,3,0,0,3,0,7,3,0
516,a section of street with movie posters and apartment buildings in the background.,A street in with a mountain in the background.,0,1,0,2,0,1,0,0,0,2,0,0,9,1,2,0,1,0,0,1,0,0,1,0,0,1,0,1,0,0
517,A man wearing a shirt with an animal pattern on it and a purple tie is singing in a microphone.,The man is dressed very seriously.,0,1,0,1,1,1,1,1,0,0,1,0,1,8,0,0,1,0,0,0,0,0,3,0,0,2,0,7,1,0
518,A brown dog lies on a blanket in boat.,A dog jumps in the air.,1,1,1,0,2,0,3,2,3,3,4,3,5,3,3,1,0,0,1,0,0,1,3,3,1,3,3,2,9,3
519,A boy bounces on a trampoline.,An old woman is skinny dipping.,0,1,1,1,2,0,2,3,1,4,3,4,0,4,9,0,0,1,0,2,1,0,2,1,0,4,4,7,2,4
520,"Two little girls sit in front of the flower garden, playing with chalk.",two girls are swimming.,0,0,0,2,0,1,2,0,0,4,2,1,2,7,6,0,0,0,0,0,2,0,0,2,0,0,2,6,5,2
521,a man with green marker written on his arm,A woman has marker on her arm.,0,1,0,1,2,1,1,3,0,0,3,1,2,4,5,0,1,0,0,1,2,0,1,2,0,1,2,8,7,2
522,People at an affair outside under a tent.,People sit in a conference room.,0,0,0,2,0,2,0,0,2,2,0,2,9,6,1,0,0,0,0,0,0,0,0,0,0,0,0,1,0,8
523,A long distance photo of the US Capitol building with a large amount of people in the shot.,A building with no people in site of it stands in the background.,0,0,0,2,0,1,0,0,0,2,0,0,9,5,2,0,0,1,0,0,1,0,3,1,0,0,4,7,3,4
524,Many women and girls appear to be practicing movement for a dance.,Many women and girls are practicing basketball on a basketball court.,0,0,0,2,0,2,0,0,2,2,0,2,9,6,7,0,1,0,0,1,0,0,1,0,0,1,0,1,0,1
525,Several people sit at a lit table in front of a crowd,People are dancing.,0,0,0,2,0,2,0,0,2,2,0,2,9,6,4,0,0,0,0,0,0,0,0,0,0,0,0,1,8,8
526,Several people are running a race next to a vineyard.,Several people are racing up Pike's Peak.,0,0,0,2,0,2,0,0,2,2,0,2,9,6,7,0,1,0,0,0,0,0,3,0,0,0,0,1,3,0
527,2 female babies eating chips.,Two ladies paints fruit.,0,0,0,2,0,1,0,0,0,2,3,0,2,9,0,0,0,1,0,0,1,0,0,1,0,0,4,7,3,4
528,A man wades in the water and watches a waterfall.,a man wades in lava,0,1,0,1,1,1,1,1,0,0,1,0,1,8,0,0,1,1,0,1,1,0,3,1,0,2,4,7,1,9
529,A line of people walking down the street.,The people are carrying signs protesting taxes.,0,0,0,2,0,2,0,0,2,2,0,2,9,6,1,0,0,0,0,0,0,0,0,0,0,4,0,1,8,0
530,A young boy performs the tasks of a blacksmith.,a boys sleeps soundly,0,1,1,1,1,0,2,1,1,4,2,4,0,2,9,0,0,0,0,0,0,0,0,0,0,3,1,0,8,5
531,"A male gymnast in a blue tank top and black pants is upside down, while performing his routine on the ring.",the male is standing up,0,1,0,1,1,1,1,1,0,0,1,0,1,8,0,0,1,0,0,0,0,0,3,0,0,2,0,7,1,0
532,A bike rider sitting on his bike on the sidewalk.,A biker is resting in the grass next to his bike.,0,1,0,1,1,1,1,1,0,0,1,0,8,1,0,0,1,0,0,1,0,0,3,0,0,3,0,8,1,0
533,Seated man looks out at the ocean.,Nobody is sitting.,0,1,0,2,1,1,0,1,0,2,1,0,9,5,2,0,0,1,0,2,1,0,2,1,0,4,4,7,2,4
534,A white dog and a brown dog run along side each other at the beach.,the dogs are fighting,1,0,1,0,0,0,3,2,3,3,4,3,4,3,3,1,1,0,1,0,0,1,0,3,3,0,3,3,5,3
535,Children in swimming clothes in a field.,Children are wearing coats.,0,0,1,2,0,0,2,0,1,4,2,4,0,7,8,0,1,0,2,0,0,2,3,0,2,0,1,5,3,7
536,A man is falling out of his kayak as his paddles go flying.,a person came out of his car and forgot to close his door.,0,1,0,1,1,1,1,1,0,0,1,0,8,1,0,0,0,1,0,2,1,0,2,1,0,4,4,7,2,4
537,A man in sunglasses clapping his hands in front of a large group of young people surrounding him.,The boy claps for himself,0,1,0,1,1,2,2,1,2,4,2,2,0,2,7,0,1,0,0,0,0,0,3,0,0,3,0,1,3,0
538,A man is standing in the street during the evening.,Two goldfish are riding bikes in a giant pile of mashed potatoes.,0,1,0,1,1,1,1,1,0,0,1,0,9,1,0,0,0,1,0,2,1,0,2,1,0,4,4,7,2,4
539,A woman in a white shirt is looking at a paper.,The woman is wearing black.,0,1,0,1,2,1,1,3,0,0,3,1,2,4,5,0,0,0,0,0,0,0,0,0,0,0,0,1,8,1
540,A clown in a field with trees and people behind him balancing a plate on a stick on his nose.,A clown is juggling fire in front of a crowd.,0,1,0,1,1,1,1,1,0,0,1,0,1,1,0,0,1,0,0,1,2,0,1,2,0,1,2,1,7,2
541,Man in a blue shirt reading a book in a train station.,A man is at the bus stop.,0,1,0,1,1,1,1,1,0,0,1,0,1,8,0,0,1,0,0,0,2,0,3,2,0,2,2,7,1,2
542,Group of mothers and young women walking with their children.,A group of people train for a soccer match.,0,0,0,2,0,2,0,0,2,2,0,2,9,6,7,0,0,0,0,0,0,0,0,0,0,0,0,1,8,8
543,"A group of asian children in a classroom, lined up while one lays on the ground.","A group of American children in the cafeteria, lined up while one lays on the ground.",0,0,0,2,0,2,2,0,2,4,2,2,0,7,7,0,1,0,2,1,0,2,1,0,2,1,1,5,0,7
544,"A man with a sledgehammer about to strike at wood, another man seems to be trying to get away on the side.",The man with the sledgehammer is chasing the other man and the other man is afraid.,0,0,0,1,1,1,1,1,0,0,1,0,1,0,0,0,1,0,0,1,2,0,1,2,0,1,2,1,7,2
545,A white bird is standing on a wooden platform.,A bird flies through the sky,0,1,0,1,2,1,1,2,0,0,4,0,1,1,0,1,1,0,1,1,0,1,3,0,1,3,0,2,0,0
546,A man and a toddler boy in a striped shirt walk past the trunks of trees that bend over a path in the forest.,A man and a boy walk through the aisles of a grocery store.,0,0,1,2,0,0,0,0,1,2,0,4,9,6,8,0,1,0,0,0,0,0,0,0,0,0,0,1,3,0
547,A man selling different types of rolls and bread at an open market.,A man is selling cakes in a bakery.,0,1,0,1,1,1,1,1,0,0,1,0,2,8,0,0,1,0,0,1,0,0,3,0,0,2,0,7,1,0
548,High fashion ladies wait outside a tram beside a crowd of people in the city.,The women do not care what clothes they wear.,0,0,0,2,0,1,0,0,0,2,3,1,9,9,5,0,0,1,0,0,1,0,0,1,0,4,4,1,8,4
549,A male singer is raising his arms and pointing at the crowd with a mic in his hand.,A singer dives off stage.,0,1,0,1,1,1,0,1,0,0,1,0,6,1,0,0,1,0,0,0,2,0,3,2,0,0,2,1,3,2
550,A performer strikes an odd pose while on stage.,The performer was juggling flaming chainsaws.,0,1,0,1,1,1,1,1,0,0,1,0,1,1,0,0,0,1,0,0,1,0,3,1,0,0,4,7,3,9
551,A baby wearing a blue jacket is sitting in sand.,A baby wearing a yellow swimsuit swims through the breaking surf on the beach.,0,1,1,1,2,0,2,1,1,4,2,4,0,2,9,0,1,0,0,0,0,0,3,0,0,3,1,7,3,5
552,two women working on a yarn machine.,Two women are tending to patients at a hospital.,0,0,0,2,0,1,0,0,0,2,3,1,2,9,5,0,1,0,0,0,0,0,3,0,0,0,0,1,3,1
553,A man in a multicolored jacket is standing with a bicycle near a child and some ice chests.,A man is driving down the highway.,0,1,0,1,1,1,1,1,0,0,1,0,1,8,0,0,0,1,0,2,1,0,2,1,0,4,4,7,2,9
554,A family having their evening supper.,A boy lighting a cigarette.,0,1,0,2,0,1,2,0,0,4,2,0,0,2,0,0,0,1,0,2,1,0,2,1,0,4,4,7,2,4
555,A camera crew looking at a man holding a umbrella over a girl in white.,A camera crew ignore a man fighting a girl over his umbrella.,0,0,0,2,0,1,0,0,0,2,0,0,9,6,0,0,1,0,0,1,2,0,1,2,0,1,2,1,7,2
556,A group of men cleaning a floor.,a group of men are playing guitars,0,0,0,2,0,2,0,0,2,2,0,2,9,0,1,0,0,0,0,0,0,0,0,0,0,0,0,1,3,0
557,A young child leads a large dog on the shore.,The boy is blind.,0,1,1,1,1,0,2,1,1,4,2,4,0,2,9,0,0,1,0,2,1,0,2,1,0,4,4,7,2,4
558,"A boy dressed in khaki shorts and a red shirt runs on a beach with green, white and blue structures and a half moon behind him.",A boy sits on the beach sunning himself.,0,1,1,1,1,0,2,1,1,4,2,4,0,2,9,0,1,0,0,1,0,0,3,0,0,3,1,0,3,5
559,A man smiling and tying and apron.,A man puts on a tie.,0,1,0,1,1,1,1,1,0,0,1,0,1,8,0,0,1,0,0,1,0,0,1,0,0,1,0,7,1,0
560,people walking past Love Story.,The dogs run over to see the movie Love Story.,0,0,0,2,0,2,0,0,2,2,0,2,9,6,1,0,0,1,0,0,1,0,0,1,0,0,4,7,3,4
561,Two dogs are playing in a grassy field; one dog is biting the ear of the other dog.,Two bear cubs are playing in the mountain stream.,1,0,1,0,0,0,3,2,3,3,4,3,4,3,3,1,0,0,1,0,0,1,0,3,3,0,3,3,3,3
562,An elderly man working with tools around some flower pots.,A man is napping.,0,1,0,1,1,1,1,1,0,0,1,0,1,8,2,0,0,1,0,2,1,0,2,1,0,4,4,7,6,9
563,Construction workers are using a machine at night.,Construction workers are playing on the beach.,0,0,0,2,0,2,0,0,2,2,0,2,9,0,1,0,1,0,0,0,0,0,3,0,0,0,0,1,3,0
564,Little girl wearing a yellow shirt jumping over a orange cone.,A woman walks down the street.,0,1,0,1,2,1,1,3,0,0,3,0,2,4,0,0,0,1,0,2,1,0,2,1,0,4,4,7,8,4
565,Dogs play in creek.,The dogs are at the vet office.,1,0,1,0,0,0,3,2,3,3,4,3,4,3,3,1,0,0,1,0,0,1,0,3,3,4,3,3,8,3
566,A little girl looking at a brochure on train rides,The girl is sitting on the train.,0,1,0,1,2,1,1,3,0,4,2,0,2,4,0,0,1,0,0,1,0,0,1,0,0,1,0,6,5,6
567,A man with glasses is playing an electric guitar.,There is a girl that is playing the flute.,0,1,0,2,2,2,0,3,2,2,1,2,6,4,4,0,0,0,0,2,0,0,2,0,0,4,0,7,2,0
568,"A young boy, wearing shorts and a red tank top, is sliding down a mountain of snow, riding a board on his belly.",A boy walks on the beach.,0,1,1,1,1,0,2,1,1,4,2,4,0,2,9,0,0,0,0,0,0,0,3,0,0,3,1,1,3,5
569,a girl and a woman ride a camel.,A girl and a woman are riding a horse.,0,0,0,2,0,2,0,0,2,2,0,2,9,6,1,0,1,0,0,1,2,0,1,2,0,1,2,1,7,2
570,A person wearing a hat and a blue shirt carries their items on a bike in a marketplace.,the person is empty handed.,0,1,0,1,1,1,1,1,0,0,1,0,9,5,0,0,0,0,0,0,0,0,3,0,0,2,0,7,1,0
571,An audience of mainly white girls in and a prominently displayed Asian male cheer with raised hands.,a crowd devoid of asians cheer together,0,0,0,2,0,1,0,0,0,2,0,0,9,5,0,0,1,0,0,1,2,0,3,2,0,0,2,1,0,2
572,a lot of people standing around a street next to a sign,a lot of people eat croisants.,0,0,0,2,0,2,0,0,2,2,0,2,9,6,1,0,0,0,0,2,0,0,2,0,0,4,0,7,8,8
573,A man demonstrates his product to an audience.,A man buys a product.,0,1,0,1,1,1,1,1,0,0,1,0,1,8,0,0,1,0,0,0,2,0,3,2,0,2,2,7,1,2
574,People walk down steps.,People walking to park,0,0,0,2,0,2,0,0,2,2,0,2,9,6,1,0,1,0,0,0,0,0,0,0,0,0,0,1,0,8
575,Women manually turns a vintage Singer sewing machine.,A dog eats his treat.,0,1,0,1,2,1,0,3,0,2,4,0,2,9,0,0,0,1,0,2,1,0,2,1,0,4,4,7,2,4
576,"A dark-haired waitress wearing a white top, brown peddle pushers, sneakers and a red apron carrying a tray of drinks.",A waitress dressed as a traditional Geisha serves mimosas.,0,1,0,1,2,1,1,3,0,0,3,0,2,4,0,0,1,0,0,1,0,0,1,0,0,0,0,1,0,1
577,A man is about to pass a volleyball on a beach court.,The woman is about to pass a volleyball on the gymnasium court.,0,1,0,2,2,2,2,3,2,1,3,2,3,4,7,0,1,0,0,1,2,0,1,2,0,1,2,1,7,2
578,Women distributing food and clothing for some event.,The women are driving motorcycles in the desert.,0,0,0,2,0,2,0,0,2,2,3,2,2,9,1,0,0,1,0,2,1,0,2,1,0,4,4,1,2,4
579,Young boy in blue jacket learns to ride a skateboard.,Nobody has a jacket.,0,1,0,1,1,1,1,1,0,2,2,0,9,5,2,0,0,0,0,2,0,0,2,0,0,4,1,7,2,5
580,A man examining something under a magnifying lens.,The man is eating a candy bar.,0,1,0,1,1,1,1,1,0,0,1,0,1,8,0,0,0,1,0,2,1,0,2,1,0,4,4,7,6,9
581,A rodeo rider is riding a bucking horse in an arena.,The man is riding a bull.,0,1,0,1,1,1,1,1,0,0,1,0,1,1,0,0,0,0,0,0,2,0,3,2,0,3,2,7,1,2
582,A man sitting next to tires in a showroom containing race cars lined up with hoods opened.,A man is sitting next to a car.,0,1,0,1,1,1,1,1,0,0,1,0,1,8,0,0,1,0,0,1,0,0,3,0,0,2,0,7,1,0
583,Men with reflective safety jackets on are working on a street intersection with many orange reflective cones.,Men with reflective safety jackets,0,0,0,2,0,2,0,0,2,2,0,2,9,0,1,0,1,0,0,1,2,0,1,2,0,1,2,1,7,2
584,a man climbs a mountain.,A cat eats cat food from a dish.,1,1,1,1,1,0,1,1,3,0,1,3,1,1,3,0,0,1,0,2,1,0,2,1,0,4,4,7,2,4
585,Two opposing teams are playing a game of football.,Two teams are playing baseball,0,0,0,2,0,2,2,0,2,1,0,2,3,0,7,0,1,0,0,0,0,0,3,0,0,0,0,9,0,0
586,"Two teenage girls with bright colored hair, one blond with a black bow and one bright pink with white sunglasses, are waiting for the bus.",The girls are in a movie theater.,0,0,0,2,0,1,2,0,0,4,0,1,2,7,6,0,0,0,0,0,2,0,0,2,0,0,2,1,3,2
587,A softball player swinging at a pitch.,A player is in the dugout,0,1,0,2,2,2,2,1,2,1,1,2,3,1,7,0,1,0,0,1,0,0,3,0,0,3,0,9,3,0
588,A woman with glasses raised is staring with her mouth open and there is a man with a child behind her.,the woman is asleep at home,0,1,0,1,2,1,1,3,0,0,3,0,1,9,2,0,0,1,0,2,1,0,2,1,0,4,4,7,2,9
589,A few onlookers are watching a plane fly through the sky.,The onlookers are asleep.,0,0,0,1,0,1,0,0,0,2,0,0,1,5,2,0,0,0,0,0,0,0,0,0,0,0,0,7,8,0
590,"Two men, one wearing a straw cone hat, blue shirt, talking with a guy in a tan sunhat, red plaid shirt, both with baskets in front of them, sitting on the side of a dirt road.",Two men have a picnic on the side of a dirt road.,0,0,0,2,0,2,0,0,2,2,0,2,9,0,1,0,1,0,0,0,0,0,3,0,0,0,0,1,0,0
591,A car which looks to be a hatch back is on fire with a man in a fire proof suite and helmet is laying across the hood while people are watching,A car is speeding down a street,0,1,0,1,1,1,1,1,0,0,1,0,9,1,0,0,0,0,0,0,0,0,3,0,0,0,0,1,3,0
592,Kids riding on their bicycles near a mound of dirt with a hovel from a backhoe in front of the mound.,Kids riding in a car in a field.,0,0,1,2,0,0,2,0,1,4,2,4,0,7,8,0,1,0,2,1,2,2,1,2,2,0,2,5,3,2
593,A man in a sleeveless brown shirt and khaki shorts sews on a piece of cloth covering a ramshackle shade structure.,A man tearing down window curtains.,0,1,0,1,1,1,1,1,0,0,1,0,1,8,0,0,1,0,0,0,0,0,3,0,0,2,0,7,1,0
594,a group of synchronized men doing aquatic exercises,A group of men at a bar.,0,0,0,2,0,2,0,0,2,2,0,2,9,0,1,0,0,0,0,0,0,0,0,0,0,0,0,1,0,0
595,A lady in purple and a lady in blue are standing with a van behind them.,Two women are sitting in a car.,0,0,0,2,0,1,0,0,0,2,3,0,2,9,0,0,0,0,0,2,0,0,0,0,0,4,0,1,8,1
596,A guy in blue jeans with a black shirt has his hand in his pocket.,A guy is wearing pants without pockets.,0,1,0,1,1,1,1,1,0,0,1,0,1,8,0,0,1,0,0,1,0,0,1,0,0,1,0,7,1,0
597,a crowd next to a lake on a port next to a boat,a group of lobsters eating a dog,0,0,0,2,0,1,0,0,0,2,0,0,9,6,0,0,0,0,0,2,0,0,2,0,0,4,0,7,8,8
598,A man dressed in red and white plays a banjo while others look on.,A man is pounding on the drums on the stage.,0,1,0,1,1,2,0,1,2,0,1,2,6,8,4,0,0,0,0,0,0,0,3,0,0,2,0,7,6,0
599,"Many people, including a boy wearing a striped brown shirt and a man in capri pants and flip-flops, walk past a hotel with green brick walls.",A woman walks her daughter to a pizza shop.,0,0,0,2,0,1,0,0,0,2,2,0,9,6,0,0,0,1,0,2,1,0,2,1,0,4,4,7,8,4
600,People are waiting outside the tent for food.,The people are sitting down inside the tent.,0,0,0,2,0,2,0,0,2,2,0,2,9,6,1,0,1,0,0,1,0,0,3,0,0,3,0,1,0,8
601,The white dog is playing in a green field with a yellow toy.,a truck passing by,1,1,0,0,2,1,3,2,0,3,4,0,9,3,0,0,0,1,0,2,1,0,2,1,0,4,4,7,9,4
602,On older lady wearing a bash jacket is looking at lobster and clams in a white ice bin.,The lady is watching a movie.,0,1,0,1,2,1,1,3,0,0,3,0,2,4,0,0,0,0,0,0,0,0,0,0,0,0,0,1,8,1
603,A woman is standing in front of a display that has a model and numerous pairs of shoes.,The man is standing there,0,1,0,1,1,1,1,1,0,0,1,0,1,8,0,0,1,0,0,0,2,0,3,2,0,0,2,1,3,2
604,A man is placing cookie dough on cookie sheets for baking.,A man is baking brownies.,0,1,0,1,1,1,1,1,0,0,1,0,1,8,0,0,1,0,0,1,0,0,1,0,0,1,0,7,1,0
605,People with face masks sweeping the water and soap suds on the cement.,The people are sweeping poop up,0,0,0,2,0,1,0,0,0,2,0,0,9,6,0,0,1,0,0,1,2,0,1,2,0,0,2,1,0,2
606,A bride and groom are taking pictures while two men stand nearby.,Two men are stabbing a bridge and groom,0,0,0,2,0,2,0,0,2,2,0,2,9,0,1,0,0,0,0,2,0,0,2,0,0,4,0,1,8,0
607,Two little girls lie on the carpet next to an O made of wooden blocks.,Two girls are having a pillow fight.,0,0,1,2,0,0,2,0,1,4,2,4,0,7,8,0,1,0,0,0,2,0,3,2,0,0,2,6,5,2
608,Construction worker lining a house roof with materials,A person is in bed sick.,0,1,0,1,1,1,1,1,0,0,1,0,1,8,2,0,0,1,0,2,1,0,2,1,0,4,4,7,4,4
609,"A Caucasian woman wearing two pigtails is walking down a flight of stairs while, carrying a green tube across her back.",A woman is dancing in the street.,0,1,0,1,2,1,1,3,0,0,3,1,2,4,5,0,0,0,0,2,0,0,0,0,0,4,0,1,8,1
610,Two females are looking at a notebook in a lab.,Two men are sharing a copy of 50 shades of grey.,0,0,0,2,0,1,0,0,0,2,0,1,9,0,5,0,0,1,0,0,1,0,0,1,0,0,4,7,3,4
611,A large class is taught to indian women.,The indian women are at the beach.,0,0,0,2,0,1,0,0,0,2,3,1,2,9,5,0,1,0,0,0,0,0,0,0,0,0,0,1,8,1
612,There's four cheerleaders dancing at a basketball game.,A mascot at a baseball game is running around.,0,1,0,2,2,1,2,0,0,1,2,0,3,1,0,0,0,1,0,2,1,0,0,1,0,4,4,7,8,4
613,Two men in red shirts are carrying a frame across a street,Two men get hit by a van while attempting to walk across the street.,0,0,0,2,0,2,0,0,2,2,0,2,9,0,1,0,1,1,0,0,1,0,3,1,0,0,4,1,3,4
614,A girl stands on two logs as she photographs the field.,The girl is inside.,0,1,0,1,2,1,2,3,0,4,2,1,2,4,6,0,1,0,0,0,0,0,0,0,0,0,0,6,5,6
615,A man and a girl are painting crafts at a table while a woman observes.,The man and girl jump into the lake while the woman sleeps on the shore.,0,0,0,2,0,2,0,0,2,2,0,2,9,6,1,0,0,0,0,2,0,0,0,0,0,4,0,1,8,8
616,A group of men standing on the street.,Some dudes are baking a cake,0,0,0,2,0,1,0,0,0,2,0,0,9,0,0,0,0,0,0,0,0,0,0,0,0,0,0,1,8,0
617,A street scene with several archways and a two towers in the background.,A street scene with no archways.,0,0,0,2,0,1,0,0,0,2,0,0,9,5,2,0,1,0,0,1,0,0,1,0,0,1,0,1,7,0
618,A skateboarder is landing a trick from a high place.,The skateboarder is playing video games.,0,1,0,1,1,1,1,1,0,0,1,0,1,1,0,0,1,0,0,0,2,3,3,2,4,3,2,8,3,2
619,A group of young adults are relaxing in their pajamas.,Puppies play under the Christmas tree.,0,0,1,2,0,0,2,0,1,4,0,4,0,7,8,0,0,0,0,2,0,0,0,0,0,4,0,1,8,0
620,A man in a white tee-shirt is looking at a charcoal grill with a bag of charcoal sitting beside the grill.,The lady is ordering pizza.,0,1,0,1,2,1,1,3,0,0,3,0,2,4,0,0,0,1,0,2,1,0,2,1,0,4,4,7,2,4
621,People outside a house in snow.,The people are indoors.,0,0,0,2,0,2,0,0,2,2,0,2,9,6,1,0,0,0,0,0,0,0,0,0,0,0,0,1,8,8
622,The sidewalk closest to us is deserted.,Watching a wrestling match.,0,1,0,2,0,2,0,0,2,2,0,2,9,1,7,0,0,1,0,2,1,0,2,1,0,4,4,7,2,4
623,A 4 member band performing.,A man tuning his violin.,0,1,0,2,1,2,0,1,2,2,1,2,6,1,4,0,0,1,0,2,1,0,2,1,0,4,4,1,2,4
624,"A man jogs down a city street, with a line attached to his back that vanishes out of the left side of the picture; a smiling cyclist rides past.",A man is jogging on sidewalk with a fishing line attached to his back; a cyclist rides past while laughing at him.,0,1,0,1,1,2,1,1,2,0,1,2,1,1,7,0,1,0,0,1,0,0,1,0,0,1,0,1,0,0
625,A woman in a patterned skirt and black leather jacket is looking at vegetables being sold on the street.,a woman picks fruit from a tree,0,1,0,1,2,1,1,3,0,0,3,1,2,4,5,0,0,0,0,0,0,0,0,0,0,0,0,7,3,1
626,A female pole vaulter flies over the bar.,A female falls to the group when she misses the bar while pole vaulting.,0,1,0,1,2,1,1,3,0,0,3,0,8,4,0,0,1,0,0,1,2,0,1,2,0,1,2,1,7,2
627,A female child walks down a sidewalk while a male child watches.,The child is sitting down with a man sleeping across the student.,0,1,1,2,0,0,2,0,1,4,2,4,0,7,9,0,0,0,0,2,0,0,0,0,0,4,1,7,8,5
628,"A boy playing basketball, trying to block a shot.",A boy playing basketball blocks a shot while riding a unicycle.,0,1,0,2,1,2,2,1,2,4,2,2,0,2,7,0,1,0,0,1,2,0,1,2,0,1,2,0,7,2
629,A man painting a picture of a tree and a turtle with a backwards cap on.,The painting does not contain turtle and trees.,0,1,0,1,1,1,1,1,0,0,1,0,1,5,0,0,1,0,0,1,2,0,3,2,0,1,2,1,7,2
630,Construction workers add cinder blocks to the top of a structure.,The blocks were placed at the base of the structure for reinforcement.,0,0,0,2,0,2,0,0,2,2,0,2,9,0,1,0,1,0,0,1,2,0,1,2,0,1,2,1,7,2
631,"Three seated people eating and drinking near trees, with three people standing in the background.",The people are inside.,0,0,0,2,0,2,0,0,2,2,0,2,9,6,1,0,0,0,0,0,0,0,0,0,0,0,0,1,0,8
632,A man has his hands up while standing next to another man with a drink.,The man's hands are in his pockets.,0,1,0,1,1,1,1,1,0,0,1,0,1,8,0,0,0,0,0,0,0,0,3,0,0,2,0,7,1,0
633,A cowboy faces off with a bull in front of many onlookers at a rodeo.,A CLOWN IS RIDING A BULL,0,1,0,1,1,1,0,1,0,0,1,0,1,1,0,0,1,0,0,1,2,0,1,2,0,1,2,7,1,2
634,Three women are walking across a gravel surface.,People are arguing with each other.,0,0,0,2,0,2,0,0,2,2,0,2,9,6,1,0,0,1,0,2,1,0,2,1,0,4,4,1,8,4
635,A young boy is making steaks on a barbecue.,My granny does parkour.,0,1,0,1,2,1,1,3,0,0,3,0,1,4,0,0,0,1,0,2,1,0,2,1,0,4,4,7,2,4
636,Bearded man playing the bass.,A man with a mustache is playing the piano.,0,1,0,1,1,2,0,1,2,0,1,2,6,8,4,0,1,0,0,0,0,0,3,0,0,2,0,7,1,0
637,"An accordion player wearing a heavy jacket, scarf and beanie standing by a yellow telephone pole.",A guitarist is playing a summer time concert.,0,1,0,1,1,2,1,1,2,0,1,2,6,1,4,0,0,0,0,0,0,0,0,0,0,0,0,7,3,0
638,"Yellow, red, and blue flags fly in the sky as a diver extends fully in midair.",The man is on the ground,0,1,0,1,1,1,1,1,0,0,1,0,8,1,0,0,0,1,0,2,1,0,2,1,0,4,4,7,2,4
639,A man in a blue tracksuit and a man in a red sweater prepare to play curling.,two women prepare to play hockey,0,0,0,2,0,2,2,0,2,1,0,2,3,0,7,0,1,0,0,0,0,0,0,0,0,0,0,9,3,0
640,A man wearing a yarmulke standing at a table.,There is a woman wearing a dress.,0,1,0,1,2,1,1,3,0,0,3,0,2,4,0,0,0,1,0,2,1,0,2,1,0,4,4,7,2,4
641,A dog goes headfirst into the long grass from the sand.,There is a dog indoors,1,1,1,0,2,0,3,2,3,3,4,3,5,3,3,1,0,0,1,0,0,1,3,3,1,3,3,2,9,3
642,A woman holding a dog on a leash.,A man sitting on a park bench with his dog.,0,1,0,1,2,1,1,2,0,0,4,1,2,3,5,0,1,0,0,0,2,0,3,2,0,0,2,1,3,2
643,The woman in purple sweatshirt speaks while her friend in green sweatshirt listens.,The women are both talking at the same time.,0,0,0,2,0,1,0,0,0,2,3,1,2,9,5,0,1,0,0,1,0,0,1,0,0,1,0,1,0,1
644,"Two guys at the beach playing in the sand, with one friend attempting to jump-kick the other.",The guys are splitting an icecream at coldstone cremery.,0,0,0,2,0,2,0,0,2,2,0,2,9,0,7,0,0,1,0,2,1,0,2,1,0,4,4,7,8,4
645,Boy in sunglasses walking in the ocean.,The boy is using a flashlight to see in the dark.,0,1,1,1,1,0,2,1,1,4,2,4,0,2,9,0,1,0,0,0,0,0,3,0,0,3,1,0,3,5
646,"A group of people, including a barefoot woman with white shorts, a black jacket and backpack wait for a light rail train.","These people are waiting their turn to be baptized by their church's minister, looking on as another person is baptized.",0,0,0,2,0,2,0,0,2,2,0,2,9,6,1,0,0,0,0,0,0,0,0,0,0,0,0,1,8,8
647,newly married couple having their first kiss.,A man drips paint on his driveway.,0,1,0,2,1,2,0,1,2,2,1,2,9,1,1,0,0,1,0,2,1,0,2,1,0,4,4,7,2,4
648,Police are driving down the street in formation.,Police are walking and eating donuts.,0,0,0,2,0,1,0,0,0,2,0,0,9,6,0,0,1,0,0,0,0,0,3,0,0,0,0,1,3,0
649,Three kids are playing in a park while a person reads a newspaper on a bench.,Two men are shopping.,0,0,0,2,0,2,0,0,2,2,0,2,9,0,1,0,0,1,0,2,1,0,2,1,0,4,4,7,2,4
650,An asian man and two children sitting outdoors.,The asian woman sat outside alone.,0,1,0,1,0,1,0,0,0,2,0,0,9,5,0,0,0,0,0,0,0,0,3,0,0,3,0,7,3,0
651,Woman making sushi from home.,The woman was standing by the seashore hoping to catch a big fish to take home.,0,1,0,1,2,1,1,3,0,0,3,1,2,4,5,0,0,0,0,0,0,0,0,0,0,0,0,1,3,1
652,Discussing the rainy weather.,The two dogs are talking about the weather.,0,0,0,2,0,2,0,0,2,2,0,2,9,0,1,0,1,0,0,1,2,0,3,2,0,3,2,7,7,2
653,An Asian man stands in front of an abandoned Chinatown storefront.,A woman riding a horse in the park,0,1,0,1,2,1,1,3,0,2,3,0,2,4,0,0,0,1,0,2,1,0,2,1,0,4,4,7,2,4
654,Three firefighters standing in a lift.,Three strippers are standing in a lift,0,0,0,2,0,2,0,0,2,2,0,2,9,0,1,0,1,0,0,1,2,0,1,2,3,1,2,3,0,2
655,Two men in religious gear walking down the street.,Two women in religious gear walking down the street.,0,0,0,2,0,2,0,0,2,2,0,2,9,0,1,0,1,0,0,1,2,0,1,2,0,1,2,1,0,2
656,A worker is cleaning the floor of a big outdoor fountain.,The worker is not cleaning the dirty fountain.,0,1,0,1,1,1,1,1,0,0,1,0,1,5,2,0,1,0,0,1,2,0,1,2,0,3,2,7,7,2
657,Man holding a water pipe.,A man is holding bigfoot.,0,1,0,1,1,1,1,1,0,0,1,0,1,8,0,0,1,0,0,0,2,0,3,2,0,2,2,7,1,2
658,A child jumping into a lake in a wooded area while another child plays on the shore.,the children are connected to each other at the feet,0,0,1,2,0,0,2,0,1,4,2,4,0,7,8,0,1,0,2,1,0,2,1,0,2,0,1,5,3,7
659,A Chinese Art performance.,the art performance is south american in nature,0,0,0,2,0,1,0,0,0,2,0,0,9,6,0,0,1,0,0,1,2,0,1,2,0,1,2,1,0,2
660,"As others wait outside the public building for the doors to open, one young Irish dancer practices her jig.",a girl is crawling through the mud,0,1,1,1,2,0,1,3,1,4,2,4,2,4,9,0,0,1,0,2,1,0,2,1,0,4,4,7,2,4
661,A man on a half pipe doing a skateboard trick.,A woman is riding a bike on the sidewalk.,0,1,0,1,2,1,1,3,0,0,3,0,8,1,0,0,0,1,0,2,1,0,2,1,0,4,4,8,2,4
662,Two small children are talking in a field in front of a yellow caution tape.,The small children play tag in the field.,0,0,1,2,0,0,2,0,1,4,2,4,0,7,8,0,1,0,2,1,2,2,1,2,2,1,2,5,3,2
663,These two people are doing a dance.,the cat is gold,0,0,0,2,0,1,0,0,0,2,0,0,9,6,0,0,0,1,0,2,1,0,2,1,0,4,4,7,2,4
664,Naked children play in the water on the back of a water buffalo.,four men are playing a pickup game of basketball,0,0,0,2,0,2,2,0,2,1,0,2,3,7,7,0,0,1,0,2,1,0,2,1,0,4,4,7,2,4
665,A guitar band is playing on stage.,There are people on a hike.,0,0,0,2,0,2,0,0,2,2,0,2,6,6,4,0,0,1,0,2,1,0,0,1,0,4,4,1,8,4
666,Brunette woman wearing a red t-shirt lounging outside with a laptop on her lap.,a man swimming,0,1,0,1,1,1,1,1,0,0,1,0,1,8,0,0,0,1,0,2,1,0,2,1,0,4,4,7,2,4
667,The brown and white dog is running through the grass.,the dog is lapping up water from a bowl.,1,1,1,0,2,0,3,2,3,3,4,3,5,3,3,1,0,0,1,2,0,1,2,3,1,4,3,2,9,3
668,Bushes made into the shapes of animals by a lake.,Palm Trees shaped like people growing near a lake.,0,0,0,2,0,1,0,0,0,2,0,0,9,6,0,0,1,0,0,1,2,0,1,2,0,1,2,1,0,2
669,A group of cyclists headed in one direction pedaling through a deserted town on an overcast day.,The cyclists are packing up their gear and getting read to go home.,0,0,0,1,0,1,1,0,0,0,0,0,8,6,0,0,1,0,0,1,0,0,3,0,0,3,0,8,0,0
670,A group of people are completing a move with their heads slightly lowered and their arms bent and up.,A group of people are swimming at the beach.,0,0,0,2,0,2,0,0,2,2,0,2,9,6,1,0,0,0,0,0,0,0,0,0,0,0,0,1,8,8
671,The dogs are behind the fence.,The dogs are running through a field.,1,0,1,0,0,0,3,2,3,3,4,3,4,3,3,1,1,0,1,0,0,1,3,3,3,0,3,3,3,3
672,"Young male bicyclist wearing a professional orange, blue and white riders outfit looks and smiles at the spectators.",The bicyclist is naked.,0,1,0,1,1,1,1,1,0,0,1,0,1,5,0,0,0,1,0,2,1,0,2,1,0,4,4,7,2,4
673,A heavyset tourist reads the posted news article on the wall of an underground subway.,The tourist is yelling at the old man.,0,1,0,1,1,2,1,1,2,0,1,2,1,8,1,0,0,0,0,2,0,0,2,0,0,4,0,7,2,0
674,A guy doing a grind over an edge in his skateboard.,A guy is watching his friend skateboard.,0,1,0,1,1,1,1,1,0,0,1,0,8,1,0,0,1,0,0,0,2,3,3,2,4,3,2,8,1,2
675,A man on a skateboard in front of a food stand.,The man is knitting some socks for his grandmother.,0,1,0,1,1,2,1,1,2,0,1,2,1,8,1,0,0,1,0,2,1,0,2,1,0,4,4,7,6,9
676,A man is catching air while snowboarding.,A man is putting on his skis.,0,1,0,1,1,1,1,1,0,0,1,0,8,8,0,0,0,1,0,0,1,3,2,1,4,2,4,7,6,9
677,A woman is standing in a field of tulips holding onto a coat and cellphone.,A woman is sleeping in a field of tulips holding onto a coat and cellphone.,0,1,0,1,2,1,1,3,0,0,3,1,2,4,5,0,1,0,0,1,2,0,1,2,0,1,2,1,7,2
678,Three women are talking in a cafe.,There are women drinking the blood of their enemies.,0,0,0,2,0,1,0,0,0,2,3,1,2,9,5,0,0,0,0,0,0,0,0,0,0,4,0,1,8,1
679,Several individuals are in pool surrounded by fog.,It is a clear day to go swimming.,0,0,0,2,0,2,0,0,2,2,0,2,9,6,1,0,1,0,0,0,2,0,0,2,0,0,2,1,3,2
680,A young boy is looking through binoculars at a playground.,There is boy buying binoculars,0,1,1,1,1,0,2,1,1,4,2,4,0,2,9,0,1,0,0,1,0,0,1,0,0,3,1,0,7,5
681,There is a jogger jogging on a road with a car and motorcycles following him.,Nobody is jogging,0,1,0,1,1,1,0,1,0,2,1,0,9,5,2,0,0,0,0,0,0,0,3,0,0,3,0,1,3,0
682,A group of people climbing a rock while one man belays,Many people are miraculously climbing a tall mountain without any safety gear.,0,0,0,1,0,1,1,0,0,0,0,0,8,6,0,0,1,0,0,1,2,0,1,2,0,0,2,1,0,2
683,Older men look out over a balcony.,Older men are oblivious to their surroundings.,0,0,0,2,0,2,0,0,2,2,0,2,9,0,1,0,1,0,0,0,0,0,0,0,0,0,0,1,0,0
684,Two young ballet dancers are performing with the boy on his knee and the girl standing on her toes.,The two young kids are not able to dance.,0,0,1,2,0,0,2,0,1,4,2,4,0,7,8,0,0,0,2,0,0,2,0,0,2,0,1,5,3,7
685,A man in checkered pants black jacket and a checkered hat is holding a waiters tray.,a guy is smoking a cigar,0,1,0,1,1,1,1,1,0,0,1,0,1,8,0,0,0,1,0,2,1,0,2,1,0,2,4,7,6,9
686,A stadium full of soccer fans dressed in orange cheer at the 2007 UEFA Under-21 Football Championship in the Netherlands.,The group watched the soccer match on television.,0,0,0,2,0,2,2,0,2,1,0,2,3,6,7,0,0,0,0,0,2,0,0,2,0,0,2,1,3,2
687,An old grandma is looking at a woman who is holding a large white tub of food in a crowd of people.,An old woman is skiing with another woman.,0,0,0,1,2,2,1,3,2,2,3,2,2,9,1,0,0,0,0,0,0,0,0,0,0,0,0,1,3,1
688,The dog is in the water looking back.,A cat is in the water looking back.,1,1,1,0,2,0,3,2,3,3,4,3,7,3,3,1,1,0,1,1,2,1,1,2,1,1,2,2,7,2
689,A small boy sits in a ride at an amusement park.,A little boy is sitting in a lawn chair.,0,1,1,1,1,0,2,1,1,4,2,4,0,2,9,0,1,0,0,1,0,0,3,0,0,3,1,0,7,5
690,A Black woman dressed in tank top and jeans holds a leash to a brown dog.,An asian woman dressed in a winter coat holds a leash to a white dog.,0,1,0,1,2,1,1,3,0,0,3,1,2,4,5,0,1,0,0,1,2,0,1,2,0,1,2,1,7,2
691,The janitor is vacuuming the floor to make it ready for the day.,The janitor leaves everything alone.,0,1,0,1,2,1,1,1,0,0,1,0,1,5,0,0,1,0,0,1,2,0,3,2,0,3,2,7,3,2
692,A young person wearing a helmet rides a unicycle.,A person rides a bike.,0,1,0,1,1,1,1,1,0,0,1,0,8,1,0,0,1,0,0,1,0,0,3,0,0,3,0,8,3,0
693,A little boy in blue is pulling a toy car.,The boy plays with his dog.,0,1,1,1,1,0,2,2,1,4,2,4,0,2,9,0,1,0,0,0,0,0,3,0,0,3,1,0,3,5
694,A man in jean overalls looking at a train.,The man is blindfolded.,0,1,0,1,1,1,1,1,0,0,1,0,1,8,0,0,0,1,0,2,1,0,2,1,0,2,4,7,6,9
695,"A man, with a red sports jersey, looks on at a football match.",A man watches a basketball game.,0,1,0,2,1,1,2,1,0,1,1,0,3,8,0,0,1,0,0,1,2,0,3,2,0,2,2,9,1,2
696,Six People riding bikes on a trail in the forest.,The people are riding along a deserted beach.,0,0,0,2,0,2,0,0,2,2,0,2,9,5,1,0,0,0,0,0,0,0,0,0,0,0,0,1,3,0
697,4 women laughing at a table with food on it while sitting on an orange seat,There are 2 women and 2 men.,0,0,0,2,0,2,0,0,2,2,0,2,9,6,1,0,1,0,0,0,0,0,0,0,0,0,0,1,3,1
698,The sun comes beaming through the window of a large room while two men in conversation enjoy cups of coffee.,The two men are enjoying a bowl of cereal together.,0,0,0,2,0,1,0,0,0,2,0,0,9,0,0,0,0,0,0,2,0,0,0,0,0,4,0,7,8,0
699,"A woman walking on the sidewalk, in the city.",The woman is running in the suburbs.,0,1,0,1,2,1,1,3,0,0,3,1,2,9,5,0,0,1,0,0,1,0,0,1,0,0,4,1,8,4
700,Several people walking by a group of colorful buildings.,People are walking by a cornfield.,0,0,0,2,0,2,0,0,2,2,0,2,9,6,1,0,1,0,0,0,0,0,0,0,0,0,0,1,0,8
701,a crowd of people are gathered in the street waving Irish flags.,A crowd of people are waiting in a ballroom.,0,0,0,2,0,2,0,0,2,2,0,2,9,6,1,0,0,0,0,0,2,0,0,2,0,0,2,1,8,2
702,Street worker blower dirt off of sidewalk and street.,The teacher stands in front of the class.,0,1,0,1,1,1,1,1,0,0,1,0,1,1,0,0,0,1,0,2,1,0,2,1,0,4,4,7,2,4
703,A rock climber standing in a crevasse.,The rock climber is sitting in a crevasse.,0,1,0,1,1,1,1,1,0,0,1,0,1,1,2,0,1,0,0,1,2,0,1,2,0,1,2,7,7,2
704,Baby taking a nap in his crib.,The crib is empty.,0,1,1,1,2,0,1,1,1,4,2,4,1,5,9,0,1,1,0,1,1,0,1,1,0,3,4,1,3,9
705,One blue and one green water slide.,three water slides,0,0,1,2,0,0,2,0,1,4,0,4,0,0,9,0,1,0,0,1,2,0,1,2,0,1,2,1,7,2
706,"Two women with black hair are walking on the street, carrying a purple umbrella over their head.",Two women are sitting in the shade under a tree.,0,0,0,2,0,1,0,0,0,2,0,1,9,9,5,0,1,0,0,0,2,0,0,2,0,0,2,1,3,2
707,A crowd sits along side a building as a man talks to them and another group of men hang out nearby on a sidewalk.,a group of seagulls attacks a woman for french fries,0,0,0,2,0,1,0,0,0,2,0,0,9,6,0,0,0,1,0,2,1,0,2,1,0,4,4,7,2,4
708,A young child covered with white powder.,An adult runs through a stream.,0,1,0,1,2,1,1,1,0,0,2,0,1,2,0,0,0,1,0,2,1,0,2,1,0,4,4,7,2,4
709,"This skateboarder, wearing jeans and tennis shoes, grabs the board while in the air.",A skateboarder is walking away from a ramp.,0,1,0,1,1,1,1,1,0,0,1,0,8,1,0,0,1,0,0,1,2,3,3,2,4,3,2,8,7,2
710,A group of people dancing in a conga line at a party.,There are people at a meeting.,0,0,0,2,0,2,0,0,2,2,0,2,9,6,1,0,1,0,0,0,0,0,0,0,0,0,0,1,0,8
711,A man in black looks out over a snowy landscape.,A man in a purple suit looks out over the ocean,0,1,0,1,1,1,1,1,0,0,1,0,1,8,0,0,1,0,0,0,2,0,3,2,0,2,2,7,1,2
712,Students are sitting in a classroom listening to six people who are teaching.,The students combined their powers pushing the moon away from the Earth by 6 inches.,0,0,0,2,0,1,0,0,0,2,0,0,9,7,0,0,0,0,0,0,0,0,0,0,0,4,1,7,8,7
713,The man in the Snoopy jacket is drawing a picture of trees.,the man is asleep,0,1,0,1,1,1,1,1,0,0,1,0,1,8,2,0,0,1,0,2,1,0,2,1,0,4,4,7,6,9
714,The lights and confetti signaled the beginning of the event and the crowd threw up their hands in excitement and anticipation.,A crowd explodes into a million pieces,0,0,0,2,0,2,0,0,2,2,0,2,9,6,1,0,1,0,0,1,2,0,3,2,0,0,2,1,0,2
715,A boy wearing khaki pants and a sports team jersey is jumping down the stairs outside.,A dog bites the mailman.,1,1,0,1,1,1,1,2,0,0,4,0,1,3,0,0,0,1,0,2,1,0,2,1,0,4,4,7,2,4
716,"A blond woman dressed in a white skirt with pink polka dots and a ""Pink Ladies"" leather jacket and a man in a black leather jacket and sunglasses wait on a sidewalk.",A monkey dressed in a white skirt with pink polka dots,0,1,0,1,2,1,1,3,0,0,3,1,2,4,5,0,0,0,0,0,0,0,0,0,0,0,0,1,3,0
717,Two men and a woman about to get in line.,A man and his two sisters.,0,0,0,2,0,2,0,0,2,2,0,2,9,6,1,0,1,0,0,0,0,0,3,0,0,0,0,1,0,8
718,An Asian woman wearing turquoise stands near a tree and a motorcycle.,The woman sits on her motorcycle in a parking lot.,0,1,0,1,2,1,1,3,0,0,3,1,2,9,5,0,0,1,0,0,1,0,0,1,0,0,4,1,8,4
719,A lady wearing an apron is selling fish from the boxes.,A man is playing dominos.,0,1,0,1,1,1,1,1,0,0,1,0,1,8,0,0,0,1,0,2,1,0,2,1,0,4,4,7,2,4
720,Several people are walking along a narrow bridge over some water.,Several people are gathered at a church.,0,0,0,2,0,2,0,0,2,2,0,2,9,6,1,0,0,0,0,0,0,0,0,0,0,0,0,1,8,8
721,Woman being pulled on a large tricycle by several sled dogs.,A woman fell off the sled.,0,1,0,1,2,1,1,3,0,0,3,0,8,9,0,0,0,1,0,0,1,0,0,1,0,0,4,7,3,4
722,A person performing watersports gets seperated from his apparatus.,A person is napping in their bed.,0,1,0,1,1,1,1,1,0,4,1,0,1,8,2,0,0,1,0,2,1,0,2,1,0,4,4,7,4,4
723,"A man wearing a hat is working at the construction site and smiling in the camera, and the other man is standing behind.",Two men are standing in line at the unemployment office.,0,0,0,2,0,2,0,0,2,2,0,2,9,0,1,0,0,0,0,0,0,0,0,0,0,0,0,1,8,0
724,Many people sit at a table drinking and looking at the camera.,There is only 1 person sitting.,0,1,0,2,0,1,0,0,0,2,0,0,9,5,0,0,0,1,0,2,1,0,2,1,0,4,4,1,2,4
725,People attending an event in a park.,A tornado rips through the town.,0,0,0,2,0,2,0,0,2,2,0,2,9,6,1,0,0,1,0,2,1,0,2,1,0,4,4,1,2,4
726,A woman in yellow walking while a bright yellow car passes near her.,A kid is working on something.,0,1,0,1,2,1,1,3,0,0,2,1,1,2,5,0,0,1,0,2,1,0,2,1,0,4,4,7,2,4
727,A child at the top of a fake rock wall.,The child is doing a math test.,0,1,1,1,2,0,2,1,1,4,2,4,0,2,9,0,0,0,0,0,0,0,0,0,0,3,1,7,3,5
728,A newborn boy is lying in an incubator with many tubes attached.,The baby is healthy.,0,1,1,1,2,0,2,1,1,4,2,4,0,2,9,0,1,0,0,0,0,0,3,0,0,3,1,1,3,5
729,The couple is sitting outside relaxing on the concrete and wood bench.,A couple is jogging in the park.,0,0,0,2,0,2,0,0,2,2,0,2,9,6,1,0,1,0,0,0,0,0,3,0,0,0,0,1,3,0
730,A little boy in blue is pulling a toy car.,A little boy is sitting in his toy car.,0,1,1,1,1,0,2,1,1,4,2,4,0,2,9,0,1,0,0,1,0,0,1,0,0,3,1,0,7,5
731,Two young women sit on a stone staircase in front of a store shuttered with a decorative iron grate.,Two women are standing waiting for a bus to arrive.,0,0,0,2,0,1,0,0,0,2,3,1,2,9,5,0,0,0,0,0,0,0,0,0,0,0,0,1,8,1
732,Several people are in an enclosed garden space while a young Black boy and another person hold onto a wooden frame of a raised plant bed.,The young black boy is 100 years old.,0,0,0,2,0,1,2,0,0,4,2,0,0,2,0,0,0,0,0,0,0,0,3,0,0,3,0,1,3,0
733,An older man sits at a workbench while carving his art.,Someone is composing a piece of music.,0,1,0,1,1,1,1,1,0,0,1,0,1,8,0,0,1,0,0,0,0,0,3,0,0,2,0,7,1,0
734,A man in a green and silver Mardi Gras costume in a parade.,The people are sleeping.,0,0,0,1,0,1,1,0,0,2,0,0,1,5,2,0,0,1,0,2,1,0,2,1,0,4,4,7,2,9
735,A woman jogs down the rode near a rocky shore.,The man jogs down the road.,0,1,0,1,1,1,1,1,0,0,1,1,2,1,5,0,1,0,0,1,0,0,3,0,0,0,0,1,0,0
736,Clothes are hung from several racks outside ready to be sold.,Clothes being ironed.,0,1,0,1,0,1,1,0,0,0,0,0,2,6,0,0,1,0,0,1,2,0,1,2,0,1,2,1,1,2
737,a man is cleaning out a small temple.,The temple was overthrown by the pharisees seeking glory.,0,1,0,1,1,1,1,1,0,0,1,0,1,8,0,0,0,1,0,0,1,0,3,1,0,0,4,1,3,4
738,"A group of Asian people, many carrying bags, are walking along side a commuter train.",The Asians are running around crazy holding barrels full of cell phones.,0,0,0,2,0,2,0,0,2,2,0,2,9,6,1,0,0,0,0,0,2,0,0,2,0,0,2,1,3,2
739,Two children and a black dog are playing out in the snow.,The people are singing in a choir.,0,0,0,2,0,2,0,0,2,2,0,2,9,7,4,0,0,1,0,2,1,0,2,1,0,4,4,7,8,4
740,"A blond girl wearing flannel and a brunette wearing a red shirt, both in jeans, are sitting in a tree with a crowd in the background.",The girl is alone in her math class.,0,1,0,1,2,1,1,3,0,4,2,1,2,5,6,0,0,1,0,2,1,0,2,1,0,4,4,7,2,4
741,Two women and a man are all wearing black jackets and smiling.,Some people are are smiling because their black jackets are uncomfortable.,0,0,0,2,0,2,0,0,2,2,0,2,9,6,1,0,1,0,0,1,2,0,1,2,0,1,2,1,7,2
742,The two young boy are eating food.,two boys are drinking mud,0,0,1,2,0,0,2,0,1,4,2,4,0,7,8,0,1,0,2,0,0,2,3,0,2,3,1,5,3,7
743,A woman gestures at a party.,A woman is sitting alone with her hands in her lap.,0,1,0,1,2,1,1,3,0,0,3,1,2,9,5,0,0,0,0,2,0,0,2,0,0,4,0,7,8,1
744,A bride and groom being photographed on a stairway in a very public area.,The couple just got engaged.,0,0,0,2,0,2,0,0,2,2,0,2,9,6,1,0,1,0,0,1,0,0,1,0,0,1,0,1,0,0
745,An Asian man kept company by his cat is cooking in his apartment.,An Asian man is petting his cat.,0,1,0,1,1,1,1,1,0,0,1,0,1,8,0,0,1,0,0,1,2,0,1,2,0,1,2,1,7,2
746,The girl on the unicycle reaches out for the child on the scooter.,The girl is flying a helicopter in the Middle East.,0,1,0,1,2,1,2,3,0,4,2,1,2,4,6,0,0,0,0,2,0,0,2,0,0,4,1,7,2,5
747,a dog bites a stick.,A cat jumps in a pool.,1,1,1,0,2,0,3,2,3,3,4,3,7,3,3,0,0,1,0,2,1,0,2,1,0,4,4,7,2,4
748,A golfer is teeing off the green.,A golfer is riding in a cart.,0,1,0,1,1,2,1,1,2,0,1,2,1,1,7,0,1,0,0,1,2,0,1,2,0,1,2,7,7,2
749,Women playing ultimate Frisbee.,"These Amazons hurl discus at the Trojans, and are victorious.",0,0,0,2,0,2,0,0,2,2,0,2,9,9,7,0,0,1,0,0,1,0,2,1,0,2,4,7,6,4
750,Several people are rafting down a choppy river in rocky terrain.,Several people are hiking through the snowy frozen tundra.,0,0,0,2,0,2,0,0,2,2,0,2,9,6,1,0,1,0,0,0,0,0,0,0,0,0,0,1,0,8
751,Two women and a child celebrating at a nighttime party.,Three cows eat grass in a field.,0,0,0,2,0,2,0,0,2,2,0,2,9,6,1,0,0,0,0,2,0,0,2,0,0,4,0,7,2,8
752,Boy wearing a red jacket performs a handstand on the grass.,A child falling from a tree and landing on his hands.,0,1,1,1,1,0,2,1,1,4,2,4,0,2,9,0,1,0,0,0,0,0,3,0,0,3,1,0,3,5
753,The woman in the blue dress is holding out her arm at oncoming traffic.,A woman wearing a dress is sitting on a bench.,0,1,0,1,2,1,1,3,0,0,3,1,2,9,5,0,1,0,0,0,2,0,3,2,0,3,2,1,3,2
754,"A woman and girl wearing traditional clothes, sits on the front lawn, reading from a book.",two people at a restaurant at a table,0,0,0,2,0,2,0,0,2,2,0,2,9,6,1,0,0,1,0,0,1,0,0,1,0,0,4,1,8,4
755,Person snowboarding at a ski slope.,A person is ice skating.,0,1,0,1,1,1,1,1,0,0,1,0,8,1,0,0,1,0,0,1,2,3,3,2,4,3,2,8,3,2
756,A man in a black shirt talking to a woman in a black shirt in a yellow room.,the cats ate sheep,0,0,0,1,0,1,0,0,0,2,0,0,9,6,0,0,0,1,0,2,1,0,2,1,0,4,4,7,2,4
757,A kid running thought a water while having fun.,an old man in a wheelchair.,0,1,0,1,1,1,2,1,0,4,1,0,0,1,0,0,0,1,0,2,1,0,2,1,0,4,4,7,2,4
758,A man is about to walk beneath a Nescafe Ice umbrella.,A man is jogging down the street.,0,1,0,1,1,1,1,1,0,0,1,0,1,8,0,0,0,1,0,2,1,0,2,1,0,4,4,7,6,4
759,Female US soldier aiding elderly women,Two men are engaged in a brutal match of Jenga.,0,0,0,2,0,1,0,0,0,2,0,1,9,0,5,0,0,1,0,2,1,0,2,1,0,4,4,7,2,4
760,Two people sampling food at an outdoor food vendor.,Two people are eating inside a restaurant,0,0,0,2,0,2,0,0,2,2,0,2,9,6,1,0,0,1,0,0,1,0,0,1,0,0,4,1,8,4
761,People sitting on a bus at night.,There is a group of people in a car.,0,0,0,2,0,1,0,0,0,2,0,0,9,6,0,0,1,0,0,0,0,0,0,0,0,0,0,1,0,8
762,Odd child with fake eye barrows and a cut on his lip holds out his right hand.,The child is doing cartwheels.,0,1,0,1,2,1,2,1,0,4,2,0,0,2,0,0,0,0,0,2,0,0,0,0,0,4,1,7,5,5
763,Three women wearing black vests and gray shirts are talking outside of a building.,Three women are all wearing purple.,0,0,0,2,0,1,0,0,0,2,0,1,2,9,5,0,1,0,0,0,0,0,0,0,0,0,0,1,3,1
764,A boy on a swing wearing a green shirt is making hand gestures.,A boy is jumping from the swing.,0,1,1,1,1,0,2,1,1,4,2,4,0,2,9,0,1,0,0,1,2,0,1,2,0,3,2,0,7,2
765,Construction worker pauses to speak with coworker in a building undergoing construction.,A painter is talking to a coworker.,0,0,0,2,0,1,0,0,0,2,0,0,9,0,0,0,1,0,0,1,0,0,1,0,0,1,0,1,7,0
766,A white and black dog leaps through long grass in a field.,The field is barren.,0,0,0,2,2,1,0,2,0,2,4,0,9,5,2,0,0,0,0,0,2,0,0,2,0,4,2,1,3,2
767,A football player passes the football to a teammate as the crowd looks on.,A football player was sitting on the bench.,0,1,0,2,1,2,2,1,2,1,1,2,3,1,7,0,0,0,0,0,0,0,3,0,0,0,0,7,3,0
768,A dog playing with a dog toy as someone tries to pull it from its mouth.,dog biting someone,1,1,1,0,2,0,3,2,3,3,4,3,5,3,3,1,1,0,1,1,0,1,3,3,1,3,3,2,9,3
769,A man in a black NFL jersey holds a large pile of PS3 games while a man holds a boom mike over him with a crowd in the background that includes a man in a large dog costume.,The man is not wearing an NFL jersey.,0,1,0,2,1,1,0,1,0,0,1,0,1,8,0,0,0,1,0,0,1,0,3,1,0,2,4,7,1,9
770,Two people play foosball.,Four people are having a match of foosball.,0,0,0,2,0,2,2,0,2,1,0,2,3,0,7,0,1,0,0,1,2,0,1,2,0,1,2,9,7,2
771,"This is a harsh city scene with no grass or greenery, tall buildings that bring too much shade and a feeling of decrepitness.",There is a large park on the right.,0,0,0,1,0,1,0,0,0,2,0,0,9,1,0,0,0,1,0,0,1,0,2,1,0,4,4,1,3,4
772,A group of people eats dinner together.,People are swimming in the ocean.,0,0,0,2,0,2,0,0,2,2,0,2,9,6,1,0,0,0,0,2,0,0,0,0,0,4,0,1,8,8
773,An individual pushing rain off the tops of the canopy.,A person is folding up a fabric canopy.,0,1,0,1,1,1,1,1,0,0,1,0,1,1,0,0,1,0,0,1,2,0,1,2,0,1,2,1,7,2
774,"A baseball field with two males, one african american male who is sliding into the base while the white male jumps on him to tag him with the ball, as an umpire in black looks on.",A bowler celebrates after rolling a strike.,0,1,0,2,1,2,2,1,2,1,1,2,3,1,7,0,0,1,0,0,1,0,2,1,0,4,4,1,2,4
775,A man in a white hat and blue shirt is standing in a fountain with three people in the background.,A man is sitting in his room.,0,1,0,1,1,1,1,1,0,0,1,0,1,8,0,0,0,1,0,2,1,0,2,1,0,4,4,7,2,4
776,People are standing outside of a number of shops with signs that have Asian style writing.,The people are sitting,0,0,0,2,0,2,0,0,2,2,0,2,9,6,1,0,0,0,0,2,0,0,0,0,0,4,0,1,8,8
777,A street vendor selling a variety of foods.,A street vendor selling various drinkgs.,0,1,0,1,1,1,1,1,0,0,1,0,2,1,0,0,1,0,0,1,2,0,1,2,0,1,2,1,7,2
778,A boy standing on a red mat with a person upside down in the background.,Two girls are sitting in the bleachers.,0,0,0,2,0,1,0,0,0,2,2,1,9,7,6,0,0,1,0,2,1,0,2,1,0,4,4,7,2,4
779,A woman uses a spoon to serve food.,a woman serving divorce papers,0,1,0,1,2,1,1,3,0,0,3,0,2,4,0,0,1,0,0,0,0,0,0,0,0,0,0,1,3,1
780,A line of people are making their way through snow covered mountains.,The mountains are covered with spring flowers and grass.,0,0,0,1,0,1,1,0,0,0,0,0,8,6,0,0,1,0,0,1,2,0,3,2,0,3,2,1,3,2
781,A woman and a man ride bikes on a city street.,Two people walk together,0,0,0,2,0,2,0,0,2,2,0,2,9,6,1,0,0,1,0,0,1,0,0,1,0,0,4,1,8,4
782,Snow is dusted on the young boy's clothing making it appear that he has fallen several times.,It is a bright summer day,0,1,0,2,1,2,2,1,2,4,2,2,0,2,1,0,0,0,0,2,0,0,2,0,0,4,1,0,2,5
783,Dogs run out of the water toward a rocky beach.,dogs are jumping into a car,1,0,1,0,0,0,3,2,3,3,4,3,4,3,3,1,0,0,1,0,0,1,0,3,3,0,3,3,5,3
784,A group of men and women are rehearsing together on a stage.,a group sleeps quietly at a park,0,0,0,2,0,2,0,0,2,2,0,2,9,5,4,0,0,0,0,2,0,0,0,0,0,4,0,1,8,8
785,A man in a black shirt and jeans walks beside a woman in black pants and a flowery shirt in front of a refreshment stand with others walking nearby.,A man and woman sit in the park.,0,0,0,2,0,2,0,0,2,2,0,2,9,6,1,0,0,1,0,2,1,0,0,1,0,4,4,1,8,4
786,A woman with ripped jeans is laying on the ground with her forearm over her face.,The woman is running.,0,1,0,1,2,1,1,3,0,0,3,1,2,4,5,0,0,0,0,2,0,0,0,0,0,0,0,1,8,1
787,A group of male and female cheerleaders in black and yellow uniforms have thrown a female cheerleader in the air and are waiting to catch her.,The cheerleaders are forming a human pyramid.,0,0,0,2,0,2,0,0,2,2,0,2,9,6,7,0,1,0,0,0,0,0,0,0,0,0,0,1,3,0
788,"A man in a suit dozes on a park bench, with a sign for the subway in the background.",The man is fully awake.,0,1,0,1,1,1,1,1,0,0,1,0,1,8,0,0,0,1,0,0,1,0,3,1,0,2,4,7,6,9
789,A boy runs through the sand.,A boy jumping into the water.,0,1,1,1,1,0,2,1,1,4,2,4,0,2,9,0,1,0,0,0,0,0,3,0,0,3,1,0,3,5
790,A woman is riding her bike past the field.,A woman is jumping over three cars with her bike.,0,1,0,1,2,1,1,3,0,0,3,0,8,4,0,0,1,0,0,0,0,0,3,0,0,3,0,1,3,0
791,A father is helping his son climb a pole.,Two people are watching movies.,0,0,0,2,0,1,0,0,0,2,0,0,9,0,0,0,0,1,0,2,1,0,2,1,0,4,4,1,8,4
792,A infant in an incubator.,A baby crawls on the floor.,0,1,1,1,2,0,2,1,1,4,2,4,0,2,9,0,1,0,0,0,0,0,3,0,0,3,1,1,3,5
793,"A woman wearing rubber gloves is kneeling on the ground next to a few round, colorful, Chinese lanterns.",A man eats a banana.,0,1,0,1,1,1,1,1,0,0,1,0,1,8,0,0,0,1,0,2,1,0,2,1,0,4,4,7,2,4
794,Friends having fun playing in the water geyser.,School children sitting at their desks diligently working on spelling words.,0,0,1,2,0,0,2,0,1,4,0,4,0,7,8,0,0,0,2,2,0,2,0,0,2,4,1,5,6,7
795,"An old bald man is sitting in a folding chair in front of a sign on the side of the road, in front of a brick building with a window that has the sign ""BATIMENT INHABITABLE.""",An old man is dancing on a hot tin roof.,0,1,0,1,1,2,1,1,2,0,1,2,1,8,4,0,0,0,0,0,0,0,3,0,0,2,0,7,6,0
796,A hiker wearing an orange backpack is walking through long grass.,The grass is very short.,0,1,0,1,1,1,1,1,0,0,1,0,9,1,0,0,1,0,0,1,0,0,3,0,0,3,0,1,3,0
797,Two men are walking along the beach holding their guitars.,Two men are getting ready to swim.,0,0,0,2,0,2,0,0,2,2,0,2,9,0,1,0,0,0,0,0,0,0,0,0,0,0,0,1,8,0
798,Man slightly bent over has child's toy stuck between his legs.,The toy became lodged where the sun don't shine.,0,1,0,1,1,1,2,1,0,4,2,0,0,2,0,0,1,0,0,1,2,0,3,2,0,3,2,1,3,2
799,A man rides a wakeboard attached to a parachute.,A man never likes wake board.,0,1,0,1,1,1,1,1,0,0,1,0,8,8,0,0,1,0,0,0,2,0,3,2,0,3,2,7,3,2
800,A woman in a denim jumper and another woman in a navy blue jacket are overlooking a mountain range.,A group of hikers sitting at the bottom of the hillside.,0,0,0,1,0,1,0,0,0,2,0,0,9,6,0,0,0,0,0,0,0,0,0,0,0,4,0,1,3,0
801,"A golfer, wearing a white shirt, hat, and khaki pants, is celebrating a job well done by holding his hands and club in the air.",A hockey player is celebrating his win by throwing his hand in the air.,0,1,0,2,1,2,2,1,2,1,1,2,3,1,7,0,1,1,0,1,1,0,3,1,0,2,4,1,1,9
802,2 men playing a game of chess.,two women are playing chess,0,0,0,2,0,2,0,0,2,2,0,2,9,0,7,0,1,0,0,1,2,0,1,2,0,1,2,1,7,2
803,A large group of people waiting at a train station.,People are waiting at an airport.,0,0,0,2,0,1,0,0,0,2,0,0,9,6,0,0,1,0,0,0,0,0,0,0,0,0,0,1,0,8
804,Two girls walking in a parade with a sign that says riverview high school kiltie band.,Two boys are holding the Riverview High School Kiltie Band sign.,0,0,0,2,0,2,0,0,2,2,0,2,9,7,1,0,1,0,0,1,2,0,1,2,0,1,2,1,0,2
805,A boy jumping down a wet inflatable slide.,A woman slides nude.,0,1,1,1,2,0,2,3,1,4,2,4,0,2,9,0,0,0,0,0,0,0,0,0,0,4,1,7,2,5
806,A person standing on a ridge in the desert.,The person is down in a canyon.,0,1,0,1,1,1,1,1,0,0,1,0,1,1,0,0,1,0,0,1,0,0,3,0,0,3,0,1,7,0
807,A young man is using his cellphone while others around him are napping and reading.,A man uses a payphone.,0,1,0,1,1,1,1,1,0,0,1,0,1,8,0,0,0,1,0,0,1,0,3,1,0,2,4,7,6,9
808,A woman pulling her suitcase down the sidewalk approaches an intersection.,cat eats flower,1,1,1,0,2,0,3,3,3,3,3,3,7,9,3,0,0,1,0,2,1,0,2,1,0,4,4,7,2,4
809,a black motorcycle is parked in a parking lot while another comes around the hill.,Both motorcycles are in the garage.,0,0,0,1,0,1,1,0,0,0,0,0,8,0,0,0,1,0,0,1,0,0,3,0,0,3,0,1,7,0
810,A man with his shirt off sweats profusely as he takes a break by a wall.,Nobody is taking a break,0,1,0,2,1,1,0,1,0,2,1,0,9,5,2,0,0,1,0,0,1,0,3,1,0,0,4,7,3,4
811,Two men wearing fishing gear talk outside.,Two women clean the fish.,0,0,0,2,0,2,0,0,2,2,0,2,9,0,7,0,0,0,0,0,0,0,0,0,0,0,0,1,3,0
812,A bearded man plays guitar leaning against a white wall.,The woman is shaking a tambourine.,0,1,0,1,2,2,0,3,2,2,3,2,6,4,4,0,0,0,0,2,0,0,2,0,0,4,0,7,2,0
813,"A young man wearing protective eye wear, works on a tire.",The young man doesn't believe in safety precautions and refuses to wear safety glasses when he works.,0,1,0,1,1,1,1,1,0,0,1,0,1,8,0,0,0,0,0,0,0,0,3,0,0,0,0,7,3,0
814,"A man is pulling his luggage through the street, while another man is sitting down.",Two men were running.,0,0,0,1,0,2,0,0,2,2,0,2,9,0,1,0,0,1,0,0,1,0,0,1,0,0,4,1,8,4
815,Three black people dressed in african garb watching something.,The three people are white.,0,0,0,2,0,2,0,0,2,2,0,2,9,6,1,0,1,0,0,0,0,0,0,0,0,0,0,1,0,0
816,A boy in blue is blowing bubbles.,The boy is playing frisbee.,0,1,1,1,1,0,2,1,1,4,2,4,0,2,9,0,0,0,0,0,0,0,0,0,0,3,1,0,3,5
817,a skier is being filmed by a man with video camera on a jib.,A skier is not wearing any skis.,0,1,0,1,1,1,1,1,0,0,1,0,8,5,2,0,1,0,0,1,2,3,3,2,4,3,2,4,3,2
818,"A little boy wearing a vest, floaties and goggles, swims to the side of a pool.",A boy is drowning.,0,1,1,1,1,0,2,1,1,4,2,4,0,2,9,0,1,0,0,0,0,0,3,0,0,3,1,0,3,5
819,"Two girls swing on with a boy, all three are wearing blue shirts of the same shade and blue jeans.",Three kids are sliding in the park.,0,0,1,2,0,0,2,0,1,4,2,4,0,7,8,0,1,0,2,0,0,2,0,0,2,0,1,5,3,7
820,Man in camouflage shorts bending over red and black air compressor.,A women is sitting near the air compressor.,0,1,0,1,2,1,1,3,0,0,3,0,2,4,0,0,1,0,0,0,0,0,3,0,0,0,0,1,3,0
821,"One woman holds a pen, about to write on a piece of paper held by another woman.",A man is writing a tweet to another woman.,0,0,0,1,0,1,0,0,0,2,3,0,9,9,0,0,0,1,0,0,1,0,3,1,0,3,4,1,3,4
822,Man in glasses playing a TAMA drum set.,A woman playing the violin.,0,1,0,2,2,2,0,3,2,2,3,2,6,4,4,0,0,0,0,0,0,0,0,0,0,0,0,7,3,0
823,A kid is drinking juice out of a juice packet.,The adults fight over the juice packet.,0,1,0,2,2,1,0,1,0,2,2,0,9,2,0,0,1,0,0,1,0,0,1,0,0,1,1,1,0,5
824,"Hooded women at event, one seated next to a table with large glasses on it.",THe woman are wearing no hoods.,0,0,0,2,0,1,0,3,0,2,3,1,9,9,5,0,0,1,0,2,1,0,0,1,0,4,4,1,8,4
825,The large dancer is slinging her hair around.,The dancer is bald,0,1,0,1,2,1,0,3,0,2,1,0,1,5,0,0,1,0,0,1,2,0,3,2,0,3,2,1,3,2
826,A man in a blue sweatshirt and black cap holding a Polaroid picture.,A man in a red sweatshirt and blue cap holding a turkey.,0,1,0,1,1,1,1,1,0,0,1,0,1,8,0,0,1,0,0,1,2,0,3,2,0,2,2,7,1,2
827,Woman in a robe type garb reading a book in what appears to be a public location.,A woman reads a book alone in her living room.,0,1,0,1,2,1,1,3,0,0,3,1,2,9,5,0,1,0,0,0,0,0,3,0,0,0,0,1,3,1
828,A girl smiles outside of a store.,A girl is crying in her bedroom.,0,1,0,1,2,1,1,3,0,4,2,1,2,4,6,0,0,0,0,2,0,0,2,0,0,4,0,6,5,6
829,A man wearing glasses and a white dress shirt looks intensely at a glass of beer as he lifts it to drink.,Woman drinking beer topless,0,1,0,1,2,1,1,3,0,0,3,0,1,4,0,0,1,0,0,1,2,0,3,2,0,3,2,7,1,2
830,A man in a number 11 shirt ready to play soccer in the soccer field with thousands of people watching.,the man is playing football infront of his family wearing number 1 on his jersey,0,1,0,2,1,2,2,1,2,1,1,2,3,8,7,0,1,0,0,0,0,0,3,0,0,0,0,7,3,0
831,The gentleman is scanning the image that the woman in the blue shirt is providing him.,The man is typing documents for the woman.,0,1,0,1,1,1,1,1,0,0,1,0,1,8,0,0,0,1,0,0,1,0,3,1,0,0,4,1,3,4
832,Nancy Pelosi wearing a green coat shakes a man in a suit's hand in front of a crowd of young people.,A politician is debating the floor at the Senate.,0,1,0,1,2,1,1,3,0,0,3,1,2,4,5,0,0,1,0,0,1,0,0,1,0,4,4,1,8,4
833,A scared-looking child with big eyes is in a highchair looking at the camera while several people are moving around in the background.,A child is crawling on the floor while several people move around.,0,1,1,1,2,0,2,1,1,4,2,4,0,2,9,0,1,0,0,1,0,0,3,0,0,3,0,1,0,0
834,A car wash worker cleaning the interior of the wheel.,a working sleeping under a tree,0,1,0,1,1,1,1,1,0,0,1,0,1,8,2,0,0,1,0,2,1,0,2,1,0,4,4,7,8,4
835,A woman wearing a white shirt sits in a folding chair with her mouth open while several guys look on.,"A woman is singing ""These boots are made for walking"" while the guys dance.",0,0,0,2,2,1,0,3,0,2,3,1,2,4,5,0,0,1,0,2,1,0,2,1,0,4,4,7,2,4
836,A topless man passes four children who are playing on a swing.,A woman eats a steak.,0,1,0,1,2,1,0,3,0,2,3,0,2,4,0,0,0,1,0,2,1,0,2,1,0,4,4,7,2,4
837,A woman paints a design on a vase.,A woman drinks orange juice.,0,1,0,1,2,1,1,3,0,0,3,1,2,4,5,0,0,0,0,0,0,0,0,0,0,0,0,1,8,1
838,A man is sleeping on bench next to an advertisement for A-team.,The woman is shopping.,0,1,0,1,2,1,1,3,0,0,3,0,2,4,0,0,0,1,0,2,1,0,2,1,0,4,4,7,2,4
839,White dog leaping across a small body of water.,A white dog sleeps on the bed.,1,1,1,0,2,0,3,2,3,3,4,3,5,3,3,1,1,0,1,0,0,1,3,3,1,3,3,2,9,3
840,A man is seated in a chair holding a bow for his instrument in the middle of a brown floor.,Man jogging outdoors on a very sunny day.,0,1,0,1,1,1,1,1,0,0,1,0,1,8,0,0,0,1,0,2,1,0,2,1,0,4,4,7,2,4
841,A woman is checking a man's blood pressure at home.,A woman is stabbing the man in the chest.,0,1,0,1,2,1,0,3,0,2,3,1,9,9,5,0,0,1,0,2,1,0,2,1,0,4,4,7,8,4
842,a little girl holing flowers.,a girl is smoking in the sewer,0,1,0,1,2,1,2,3,0,4,2,1,2,4,6,0,0,0,0,2,0,0,2,0,0,4,1,6,5,5
843,A girl plugging her nose underwater.,There is a man plugging his nose underwater.,0,1,1,1,1,0,1,1,1,0,1,4,1,8,9,0,1,0,0,1,2,0,1,2,0,1,2,1,7,2
844,A smiling elderly Asian man irons a white shirt inside a tailoring shop with sunlight streaming into the room through the window.,A man is ironing a pair of slacks during the day.,0,1,0,1,1,1,1,1,0,0,1,0,1,8,0,0,1,0,0,1,2,0,1,2,0,1,2,1,7,2
845,A shirtless man is rock climbing on a vertical rock face.,The man is wearing a shirt.,0,1,0,1,1,1,1,1,0,0,1,0,1,8,0,0,0,0,0,0,2,0,3,2,0,2,2,7,6,2
846,"Someone holding a piece of, what looks like clear plastic, down on a hard surface while they drill a hole through it.",Someone is making dinner.,0,1,0,1,1,1,1,1,0,0,1,0,2,4,0,0,0,1,0,0,1,0,2,1,0,4,4,7,8,9
847,Two cowboys on horses wrangle a calf in a rodeo.,the cowboys are on foot,0,0,0,2,0,1,0,0,0,2,0,0,9,0,0,0,1,0,0,1,2,0,1,2,0,1,2,7,0,2
848,A hiker looks towards a snow top on a mountain.,The landscape is flat.,0,1,0,1,1,1,1,1,0,0,1,0,8,5,0,0,0,0,0,0,0,0,2,0,0,4,0,7,3,0
849,Two men with hats are sitting on horses.,Two men with hats are standing next to horses.,0,0,0,2,0,2,0,0,2,2,0,2,9,0,1,0,1,0,0,1,2,0,1,2,0,1,2,1,7,2
850,man playing a flute and smoking a cigarette at the same time.,A man had his tongue cut out by isis.,0,1,0,1,1,1,1,1,0,0,1,0,6,8,0,0,0,0,0,2,0,0,2,0,0,4,0,7,6,0
851,Two women climb on top of rocks in front of the ocean.,The women are sitting.,0,0,0,2,0,1,0,0,0,2,3,1,2,9,5,0,1,0,0,0,0,0,0,0,0,0,0,1,3,1
852,Women enjoying a day shopping in the streets.,Men shopping together.,0,0,0,2,0,2,0,0,2,2,0,2,9,6,1,0,1,1,0,0,1,0,3,1,0,0,4,1,3,4
853,A young boy is getting his haircut by a man wearing a black shirt.,A man wearing a black shirt is getting his hair cut.,0,1,0,1,1,1,1,1,0,0,1,0,1,8,0,0,1,0,0,1,2,0,1,2,0,1,2,7,7,2
854,A brown dog is on the ground growling.,a dog is on the ground licking.,1,1,1,0,2,0,3,2,3,3,4,3,5,3,3,1,1,0,1,1,0,1,3,3,1,3,3,2,9,3
855,Fat nerd with glasses and orange jacket walks through the forest.,A fat nerd with glasses plays video games on her couch,0,1,0,1,2,1,2,1,0,4,1,0,1,4,0,0,1,0,0,1,0,0,3,0,0,3,0,7,3,0
856,Children play in a water fountain.,The kids are drowning.,0,0,1,2,0,0,2,0,1,4,2,4,0,7,8,0,1,0,2,0,0,2,3,0,2,0,1,5,3,7
857,A football player charges down the field after a member of the opposite team.,Some people playing basketball.,0,0,0,2,0,2,2,0,2,1,0,2,3,0,7,0,0,0,0,0,0,0,0,0,0,0,0,9,3,0
858,An elderly man is cooking hotdogs on a grill.,A woman is cooking a steak in a frying pan.,0,1,0,1,2,1,1,3,0,0,3,0,2,4,0,0,0,0,0,0,0,0,3,0,0,0,0,7,3,0
859,A group of people hold up three fingers.,The people do not have fingers.,0,0,0,2,0,1,0,0,0,2,0,0,9,5,2,0,1,0,0,1,0,0,1,0,0,1,0,1,0,8
860,Four women sitting on green outdoor furniture on a patio with a small doghouse in the backdrop.,The women are ironing clothes at the factory,0,0,0,2,0,2,0,0,2,2,3,2,2,9,1,0,0,1,0,2,1,0,2,1,0,4,4,1,8,4
861,A boy walking through chairs and tables at Au Bon Pain.,The boy is sitting.,0,1,1,1,1,0,2,1,1,4,2,4,0,2,9,0,1,0,0,0,0,0,3,0,0,3,1,0,3,5
862,A medium sized child jumps off of a dusty bank over a creek.,A child is sleeping in his bed.,0,1,0,1,2,1,2,1,0,4,2,0,0,2,2,0,0,1,0,2,1,0,2,1,0,4,4,7,4,4
863,A dog is licking its lips while sitting beside two feeding tray.,the dog is sleeping soundly.,1,1,1,0,2,0,3,2,3,3,4,3,5,3,3,1,0,1,1,2,1,1,2,1,1,4,4,2,2,4
864,A man or older boy is standing up in a blue and white speedboat that's parked in a driveway.,A man is sleeping.,0,1,0,1,1,1,1,1,0,0,1,0,1,8,2,0,0,1,0,2,1,0,2,1,0,4,4,7,2,4
865,Two women are straightening up a dinner table.,Women are messing up a dinner table.\,0,0,0,2,0,1,0,0,0,2,3,1,9,9,5,0,1,0,0,1,2,0,1,2,0,1,2,1,0,2
866,A fat old man rests his chin on his belly in a curved station bench.,the pig is green,0,1,0,1,1,1,1,1,0,0,1,0,1,8,0,0,0,1,0,2,1,0,2,1,0,4,4,7,6,4
867,A child just hit a ball while playing t-ball.,A boy is reading.,0,1,1,1,1,0,2,1,1,4,2,4,0,2,9,0,0,0,0,0,0,0,2,0,0,4,1,0,3,5
868,A little boy with a blue shirt on sitting on the ground playing with legos.,The girl is playing with a doll.,0,1,1,1,2,0,2,3,1,4,2,4,0,2,9,0,0,0,0,0,0,0,0,0,0,0,0,6,5,6
869,Two persons embrace outside as a crowd of people mill around.,The two people are having a fist fight.,0,0,1,2,0,0,0,0,1,2,0,4,9,6,8,0,0,1,0,2,1,0,2,1,0,4,4,1,2,4
870,A little girl in a pink jacket throws leaves over her head in front of a fence.,The girl isn't wearing a jacket,0,1,0,1,2,1,2,3,0,4,2,1,2,5,6,0,1,0,0,0,0,0,0,0,0,0,0,6,5,6
871,"A large crowd of people walk, casually, across an elevated road or bridge.",A single person stands on solid ground.,0,1,0,1,0,1,0,0,0,2,0,0,9,5,0,0,0,1,0,2,1,0,2,1,0,4,4,7,2,4
872,Two women and a young man play a game around a table.,Everyone is watching a movie.,0,0,0,2,0,2,0,0,2,2,0,2,9,6,7,0,0,1,0,2,1,0,2,1,0,4,4,1,8,4
873,a middle-aged man is standing next to a white wall underneath some catholic theme pictures.,A woman stands next to a blue wall.,0,1,0,1,2,1,1,3,0,0,3,1,2,4,5,0,1,0,0,0,2,0,3,2,0,3,2,1,3,2
874,Numerous people dressed in t-shirts and shorts are walking through a city park.,The park is empty.,0,0,0,2,0,1,0,0,0,2,0,0,9,5,2,0,0,1,0,2,1,0,2,1,0,4,4,1,8,4
875,A man is sleeping on a chair on the side of the street in front of a few books.,The man is awake.,0,1,0,1,1,1,1,1,0,0,1,0,1,8,0,0,0,1,0,0,1,0,3,1,0,2,4,7,6,9
876,A man with helmet and backpack standing on dirt bike in a hilly grassy area.,A man sits at a park bench.,0,1,0,1,1,1,1,1,0,0,1,0,1,8,0,0,0,1,0,2,1,0,2,1,0,2,4,7,6,9
877,"A black dog walks through a rocky, grassy landscape under a blue, cloudy sky.",The dog is taking a nap by the bush.,1,1,1,0,2,0,3,2,3,3,4,3,5,3,3,1,0,0,1,2,0,1,2,3,1,4,3,2,9,3
878,Man sitting on a red rock.,Man avoiding lava flow on red rock.,0,1,0,1,1,1,1,1,0,0,1,0,1,8,0,0,1,0,0,1,2,0,1,2,0,1,2,7,1,2
879,A man and woman is hanging decorations in a hallway.,A man and woman planting a garden.,0,0,0,2,0,2,0,0,2,2,0,2,9,6,1,0,1,0,0,0,0,0,0,0,0,0,0,1,0,0
880,A young lady with an umbrella is walking by while two women are adoring the adorable puppy one gentleman was walking.,A group of people wait in line at an amusement park.,0,0,0,2,0,2,0,0,2,2,0,2,9,6,1,0,0,1,0,2,1,0,2,1,0,4,4,7,2,4
881,Two people are walking up the bleachers of a baseball stadium.,They are at a tennis match,0,0,0,2,0,2,2,0,2,1,0,2,3,6,7,0,0,0,0,0,0,0,0,0,0,0,0,9,8,0
882,A tractor sits on the road with people with in bright vests standing by.,People are sleeping indoors.,0,0,0,1,0,1,0,0,0,2,0,0,1,5,2,0,0,0,0,2,0,0,2,0,0,4,0,7,2,8
883,Two men on opposite sides of the photo look towards a large arrangement of flowers and balloons that stands outside.,there is a pinata,0,0,0,2,0,2,0,0,2,2,0,2,9,6,1,0,0,0,0,0,0,0,3,0,0,2,0,7,3,0
884,"A man in a dark, blue shirt is using a wheelbarrow to dump dirt next to a fence.",A man in a pink shirt is riding in a wheelbarrow while his friend pushes.,0,1,0,1,1,1,1,1,0,0,1,0,1,8,0,0,1,0,0,0,2,0,3,2,0,3,2,7,1,2
885,People dressed as pirates are having a good time in their cardboard boat.,People dressed as spelunkers pretend to explore a cave.,0,0,0,2,0,2,0,0,2,2,0,2,9,6,1,0,1,0,0,1,0,0,1,0,0,0,0,1,0,8
886,woman in white top jumping on a deck,Woman in black standing on a boardwalk.,0,1,0,1,2,1,1,3,0,0,3,1,2,4,5,0,0,0,0,0,0,0,0,0,0,0,0,1,8,1
887,A young man finishes up his golf swing on the golf course.,The young man is on his computer in his room,0,1,0,1,1,1,1,1,0,0,1,0,1,8,0,0,0,1,0,2,1,0,2,1,0,4,4,7,6,9
888,A medical personnel is reading from a set of monitors hooked-up to a patient in surgery.,The family member reads from a set of monitors.,0,1,0,1,1,1,0,1,0,2,1,0,9,6,0,0,1,0,0,1,2,0,1,2,0,1,2,1,0,2
889,A man with an umbrella takes photos during a very snowy day.,A family is gathered around a fireplace.,0,1,0,2,1,2,0,1,2,2,1,2,9,6,1,0,0,1,0,2,1,0,2,1,0,4,4,7,2,4
890,The skier in the green jacket and white pants appears to almost fly into the sky.,an american having a family time,0,1,0,1,1,1,1,1,0,0,1,0,8,1,0,0,0,0,0,2,0,0,2,0,0,4,1,7,2,5
891,Five women working on a craft together.,Women working separately on a craft.,0,0,0,2,0,1,0,0,0,2,3,1,9,9,5,0,1,0,0,1,0,0,1,0,0,1,0,1,7,1
892,Police in full riot gear run towards where they are needed.,A group of policemen are sitting in a circle discussing politics.,0,0,0,2,0,1,0,0,0,2,0,0,9,6,0,0,0,0,0,0,0,0,0,0,0,0,0,1,3,0
893,"A crowd forms on a city street, waving red flags.",The crowd of people are holding balloons.,0,0,0,2,0,2,0,0,2,2,0,2,9,6,1,0,1,0,0,1,2,0,3,2,0,3,2,1,0,2
894,a man wearing makeup and wearing a skimpy vest,A man is sleeping.,0,1,0,1,1,1,1,1,0,0,1,0,1,8,2,0,0,1,0,2,1,0,2,1,0,4,4,7,6,9
895,"2 Men in a classroom, one standing and one sitting while participating in a discussion.",Two men sit down and read a book.,0,0,0,2,0,2,0,0,2,2,0,2,9,0,1,0,0,0,0,0,0,0,0,0,0,0,0,1,8,0
896,A black man with black hair laughing.,The man is crying.,0,1,0,1,1,1,1,1,0,0,1,0,1,8,0,0,0,1,0,2,1,0,2,1,0,2,4,7,6,9
897,Sunglasses wearing young white boy is standing in a field of white flowers and holding a soccer ball.,A boy is playing soccer indoors.,0,1,1,1,1,0,2,1,1,4,2,4,0,2,9,0,1,0,0,0,0,0,3,0,0,3,1,0,3,5
898,Two players hustle during a soccer game.,two basketball players hustle during a game,0,0,0,2,0,2,2,0,2,1,0,2,3,0,7,0,1,0,0,1,0,0,1,0,0,1,0,9,0,0
899,A kid is holding a rubber mallet.,The mallet is made of metal.,0,1,0,1,1,1,1,1,0,0,2,0,1,2,0,0,1,0,0,1,2,0,1,2,0,1,2,6,7,2
900,A woman is working with wine.,The woman is holding a soda.,0,1,0,1,2,1,1,3,0,0,3,1,2,4,5,0,0,0,0,0,0,0,0,0,0,0,0,1,8,1
901,Two ladies are walking on the road.,There are two men swing dancing in a ballroom.,0,0,0,2,0,2,0,0,2,2,0,2,9,0,1,0,0,1,0,2,1,0,2,1,0,4,4,1,8,4
902,"A woman in a white jacket and pink shorts is sitting down, reading a book with her head resting on her right hand.",A woman is standing up doing curls,0,1,0,1,2,1,1,3,0,0,3,1,2,4,5,0,0,0,0,2,0,0,0,0,0,4,0,1,8,1
903,A man hands a child to another man as they exit a boat,A child falls into the water.,0,1,1,1,1,0,2,1,1,4,2,4,0,2,9,0,0,0,0,0,0,0,0,0,0,3,0,1,3,0
904,"A surfboarder emerging from the ocean with his board, as the waves crash ashore behind him.",A surfer is swimming out to sea.,0,1,0,1,1,1,1,1,0,0,1,0,8,1,0,0,1,0,0,1,2,0,1,2,0,1,2,1,7,2
905,a woman is sitting on a bench with a latte in her lap and a white dog on a blue leash to her side.,Woman talking her dog for a walk while drinking coffee,0,1,0,1,2,1,1,3,0,0,3,1,2,4,5,0,1,0,0,1,2,0,1,2,0,1,2,1,7,2
906,A group of children and adults are cleaning up some debris.,The people are sitting in their homes.,0,0,0,1,0,1,1,0,0,2,0,0,1,6,2,0,0,0,0,2,0,0,0,0,0,4,0,7,8,8
907,A little boy wearing a cars pajama is frying and flipping eggplants.,The little boy is jumping on a trampoline.,0,1,1,1,1,0,2,1,1,4,2,4,0,2,9,0,0,1,0,0,1,0,3,1,0,3,4,7,3,4
908,An older lady wearing a green dress is sweeping her sidewalk.,A young lady wearing a blue dress is sweeping her sidewalk.,0,1,0,1,2,1,1,3,0,0,3,0,2,4,0,0,1,0,0,1,2,0,1,2,0,1,2,1,7,2
909,A crowd of people gather for a meal indoors.,The crowd went outside to enjoy their meal outdoors.,0,0,0,2,0,2,0,0,2,2,0,2,9,6,1,0,1,0,0,1,0,0,1,0,0,1,0,1,0,8
910,"A man, who wears a blue shirt, sits, hunched over on a bench while a woman in a yellow dress carrying a red shopping bag walks behind him on an urban sidewalk.",The man is laying on the ground.,0,1,0,1,1,1,1,1,0,0,1,0,1,8,0,0,0,1,0,2,1,0,2,1,0,4,4,7,6,4
911,A man in a blue suit sits at a table with a laptop.,A man skydives.,0,1,0,1,1,1,1,1,0,0,1,0,1,8,0,0,0,1,0,2,1,0,2,1,0,4,4,7,6,4
912,Three men playing soccer outdoors.,"Three men are inside, watching a soccer game on TV.",0,0,0,2,0,2,0,0,2,2,0,2,9,0,7,0,0,0,0,0,0,0,3,0,0,0,0,1,3,0
913,Two brown dog grapple each other in a sandy area.,The two dogs are fighting for the souls of the first born daughters.,1,0,1,0,0,0,3,2,3,3,4,3,4,3,3,1,0,1,1,0,1,1,0,1,3,0,4,3,3,4
914,A brown-haired man wearing a gold band on his right hand sips a glass of iced tea while looking at a menu.,The man has blond hair.,0,1,0,1,1,1,1,1,0,0,1,0,1,8,0,0,0,0,0,0,0,0,3,0,0,2,0,7,6,0
915,4 people stand outside a photography store,There is no one at the photography store as it is closed.,0,0,0,2,0,1,0,0,0,2,0,0,9,5,2,0,0,1,0,0,1,0,0,1,0,3,4,7,3,4
916,Three men with reflectors on their clothing are searching in the field.,Three men with reflectors on their clothing are relaxing on the beach.,0,0,0,2,0,2,0,0,2,2,0,2,9,0,1,0,1,0,0,1,0,0,1,0,0,1,0,1,0,0
917,A young woman wearing a pink tank top jumps on her skateboard.,The tank top is purple.,0,1,0,1,2,1,1,3,0,0,3,0,2,4,0,0,1,0,0,0,2,0,3,2,0,0,2,1,5,2
918,A redheaded woman works a booth for craftzine.com with colorful crafting materials.,There is a woman cooking.,0,1,0,1,2,1,1,3,0,0,3,0,2,4,0,0,0,0,0,0,0,0,0,0,0,0,0,1,8,1
919,Two men loading very bright blue colored containers on to a ship.,Men are unloading red containers.,0,0,0,2,0,2,0,0,2,2,0,2,9,0,1,0,1,0,0,1,0,0,3,0,0,0,0,1,0,0
920,A brindle-coated dog is growling at a jumping brown dog with purple collar inside a park enclosure.,the cat sits inside the house,1,1,1,0,2,0,3,2,3,3,4,3,7,3,3,0,0,1,0,2,1,0,2,1,0,4,4,7,2,4
921,A boy in green and yellow dress is learning boxing.,A boy in a bathing suit is swimming in a river.,0,1,1,1,1,0,2,1,1,4,2,4,0,2,9,0,0,0,0,0,0,0,0,0,0,3,1,0,3,5
922,A man in a red and white striped shirt runs a hotdog stand across the street from a pizza parlor.,A woman is running a burger stand.,0,1,0,1,2,1,1,3,0,0,3,0,2,4,0,0,1,1,0,0,1,0,3,1,0,0,4,1,3,4
923,Two young boys wearing heavy winter clothing shovel snow near some concrete steps.,The boys are smoking.,0,0,1,2,0,0,2,0,1,4,0,4,0,7,8,0,1,0,2,0,0,2,0,0,2,0,1,5,3,7
924,A couple walks down the street while wearing cowboy hats.,A couple crawls down the street while wearing cowboy hats.,0,0,0,2,0,2,0,0,2,2,0,2,9,6,1,0,1,0,0,1,0,0,1,0,0,1,0,1,0,0
925,A group of teams competing in loggers sports in British Columbia.,individuals are competing,0,0,0,2,0,2,0,0,2,1,0,2,9,0,7,0,1,0,0,1,0,0,1,0,0,0,0,9,0,0
926,A woman in a black dress and flat shoes holds her head as she waits to cross the street.,The woman is wearing high heels.,0,1,0,1,2,1,1,3,0,0,3,1,2,4,5,0,1,0,0,0,0,0,0,0,0,0,0,1,3,1
927,A man in orange shorts and knee pads is in a blurry picture.,A woman is wearing shorts.,0,1,0,1,2,1,1,3,0,0,3,0,2,4,0,0,1,0,0,1,2,0,3,2,0,3,2,1,3,2
928,African American man wearing all black with a white hat prepares food.,A white woman is eating dinner.,0,1,0,1,2,1,1,3,0,0,3,0,2,4,0,0,0,1,0,2,1,0,2,1,0,4,4,7,2,4
929,There is a train accident and the medical team is there to help with the victims while spectators look on.,The medical team is leaving the scene.,0,0,0,2,0,1,0,0,0,2,0,0,9,6,0,0,1,0,0,0,2,0,3,2,0,0,2,1,3,2
930,A chinese man wearing a traditional Chinese rice hat carries a balanced load across his shoulder with the use of a long stick.,a japanese woman plows fields,0,1,0,1,2,1,1,3,0,0,3,0,2,4,0,0,0,1,0,2,1,0,0,1,0,4,4,7,8,4
931,A young person wearing a pink one-piece swimsuit and goggles about to complete a leap into a swimming pool.,There is a man snowboarding.,0,1,0,1,1,1,1,1,0,0,1,0,8,1,0,0,0,1,0,2,1,0,2,1,0,4,4,7,2,4
932,The man with sunglasses and a striped shirt is walking down the street with three cases of beer.,The man is loading beer onto a truck.,0,1,0,1,1,1,1,1,0,0,1,0,1,8,0,0,0,0,0,0,2,0,3,2,0,2,2,7,1,2
933,A hallway is littered with ladders and fabric during construction.,Outside of a building there's a dog barking.,0,1,0,1,2,2,0,2,2,2,4,2,9,1,1,0,0,1,0,2,1,0,2,1,0,4,4,7,2,4
934,Man is laying down on red lounge chair.,The man sleeping in his bed.,0,1,0,1,1,1,1,1,0,0,1,0,1,8,2,0,0,1,0,0,1,0,0,1,0,2,4,7,6,9
935,An Indian male is out shopping for some fruit.,A guy is stealing tv from a shopping center.,0,1,0,1,1,1,1,1,0,0,1,0,1,8,0,0,0,1,0,2,1,0,2,1,0,4,4,7,6,4
936,A man in a white shirt is approaching a seagull.,A man in a green shirt is chasing a dog.,0,1,0,1,1,1,1,1,0,0,1,0,1,8,0,0,0,1,0,0,1,0,3,1,0,2,4,7,6,9
937,Seven people are wading in a natural pool.,There are eight people in the pool,0,0,0,2,0,2,0,0,2,2,0,2,9,6,1,0,1,0,0,1,2,0,1,2,0,1,2,1,0,2
938,Two men in teal scrubs stand in front of a cafe with an open sign.,Two men play soccer in the country.,0,0,0,2,0,2,0,0,2,2,0,2,9,0,7,0,0,0,0,2,0,0,0,0,0,4,0,1,8,0
939,A runner with a turtle backpack looking exhausted at a street race.,The person just woke up and is refreshed.,0,1,0,1,1,1,1,1,0,0,1,0,1,1,0,0,0,1,0,0,1,0,3,1,0,0,4,7,3,9
940,A large amount of people crowded into a subway system.,The people are walking down the sidewalk.,0,0,0,2,0,2,0,0,2,2,0,2,9,6,1,0,0,1,0,2,1,0,2,1,0,4,4,1,8,4
941,A man wearing glasses with aluminum cans lined up in front of him.,The woman carries a trash bag.,0,1,0,1,2,1,1,3,0,0,3,0,1,4,0,0,0,1,0,2,1,0,2,1,0,4,4,7,2,4
942,"There are four children, two male, two female, in formal clothing taking a candid picture.",Four children in overalls swing on a swingset.,0,0,0,2,0,2,2,0,2,4,2,2,0,7,7,0,1,0,2,0,0,2,0,0,2,0,1,5,3,7
943,A man in mostly leather clothing stands in a nighttime entertainment area.,The man is sleeping in his bedroom.,0,1,0,1,1,1,1,1,0,0,1,0,1,8,2,0,0,1,0,2,1,0,2,1,0,4,4,7,2,9
944,Large woman in pink shirt putting on red lipstick.,Small woman in pink shirt putting on red lipstick.,0,1,0,1,2,1,1,3,0,0,3,1,2,4,5,0,1,0,0,1,2,0,1,2,0,1,2,1,7,2
945,A young hunter wearing an orange vest holding a pheasant in a field.,A woman holding a purse in an orange field.,0,1,0,1,2,1,1,3,0,0,3,1,2,4,5,0,1,0,0,0,2,0,3,2,0,0,2,1,3,2
946,A dark-haired gentleman with a mustache and wearing a sweater is simultaneously pressing buttons on an old-fashioned computer monitor and the keyboard.,a man sleeps in a chair,0,1,0,1,1,1,1,1,0,0,1,0,1,8,2,0,0,1,0,2,1,0,2,1,0,2,4,7,6,4
947,A group of pedestrians walk down a city street.,The people are running in a race.,0,0,0,2,0,2,0,0,2,2,0,2,9,6,7,0,0,0,0,0,0,0,0,0,0,0,0,1,8,8
948,"People walking, playing, sleeping in the park.",People are at home watching television.,0,0,0,1,0,1,1,0,0,0,0,0,1,6,0,0,0,1,0,2,1,0,2,1,0,4,4,7,2,4
949,A woman and a man cutting dough into small pieces.,A man and a woman are cutting up vegetables.,0,0,0,1,0,2,0,0,2,2,0,2,9,6,1,0,1,0,0,1,0,0,3,0,0,0,0,1,0,0
950,"Middle-aged female wearing a white sunhat and white jacket, slips her hand inside a man's pants pocket.",A woman pick pockets the unsuspecting gentlemen's wallet.,0,1,0,1,2,1,1,3,0,0,3,0,2,4,0,0,1,1,0,0,1,0,3,1,0,0,4,1,3,4
951,Construction worker bending over,A cat is coughing up a furball,1,1,1,0,1,0,3,1,3,3,1,3,7,1,3,0,0,1,0,2,1,0,2,1,0,4,4,7,2,4
952,A woman is watching a man dance.,The woman is dancing.,0,1,0,1,2,1,1,3,0,0,3,1,2,4,5,0,1,0,0,1,2,0,1,2,0,1,2,1,7,2
953,a dog jumps over another dog as both animals are trying to catch the same ball.,The dogs are asleep on the couch.,1,0,1,0,0,0,3,2,3,3,4,3,4,3,3,1,0,0,1,2,0,1,2,3,3,4,3,3,2,3
954,No male construction workers in a work area in a city.,Men working construction in a work zone.,0,0,0,2,0,2,0,0,2,2,0,2,9,0,1,0,1,0,0,0,0,0,3,0,0,0,0,1,0,0
955,Female cyclist in red and black helmet leaning to the curve of a track with onlookers in the background.,The cyclist is male.,0,1,0,1,1,1,1,1,0,0,1,0,8,1,0,0,1,0,0,1,0,0,3,0,0,3,0,8,3,0
956,A dog jumps over a hurdle.,There is a dog sitting,1,1,1,0,2,0,3,2,3,3,4,3,5,3,3,1,0,0,1,0,0,1,3,3,1,3,3,2,9,3
957,A young child looking at a toy railroad setup.,A boy stares at an unopened present,0,1,1,1,1,0,2,1,1,4,2,4,0,2,9,0,1,0,0,1,2,0,1,2,0,1,2,0,7,2
958,"A man and woman are holding a sign that reads, ""Teaching Children for peace"".",There are a pair of identical twins playing a hand clapping game.,0,0,0,2,0,2,0,0,2,2,0,2,9,6,1,0,0,1,0,2,1,0,2,1,0,4,4,7,8,4
959,A woman walking her dog along a street of residences.,The woman is asleep.,0,1,0,1,2,1,1,3,0,0,3,0,1,9,2,0,0,1,0,2,1,0,0,1,0,4,4,7,8,4
960,A girl peers into a window.,A girl standing in line at a toy store.,0,1,0,1,2,1,2,3,0,4,2,1,2,4,6,0,1,0,0,0,0,0,3,0,0,0,0,6,5,6
961,A woman sits with a boy in an orange hat with a cookie in his hand as he makes a funny face.,The boy holding a cookie is not wearing a hat.,0,1,1,1,1,0,1,1,1,4,2,4,1,2,9,0,1,0,0,0,0,0,3,0,0,3,1,0,3,5
962,Boy riding a horse.,a horse walks up to the boy,0,1,0,1,1,1,2,1,0,4,2,0,0,2,0,0,1,0,0,1,2,0,1,2,0,1,2,0,7,2
963,A man in a suit is smoking and talking on the phone.,The man is wearing nothing and holding his breath.,0,1,0,1,1,1,1,1,0,0,1,0,1,5,0,0,0,1,0,2,1,0,2,1,0,4,4,7,6,9
964,A woman wearing orange is putting a bowl into a dishwasher next to another woman that is reaching for dish soap.,A woman away clean clothes.,0,1,0,1,2,1,1,3,0,0,3,0,2,9,0,0,1,0,0,0,2,0,0,2,0,0,2,1,3,2
965,A boy in black pants and green t-shirt jumps high with his skateboard.,Nobody has a skateboard.,0,1,0,1,1,1,1,1,0,0,2,0,9,5,2,0,0,0,0,0,2,3,3,2,4,3,2,8,3,2
966,A man with crazy hair is sitting with his fingers in his ears.,A man with crazy hair is having a conversation with someone.,0,1,0,1,1,1,1,1,0,0,1,0,1,8,0,0,1,0,0,1,2,0,1,2,0,1,2,7,1,2
967,A young man in a white shirt cutting tomatoes.,A man is cutting onions.,0,1,0,1,1,1,1,1,0,0,1,0,1,8,0,0,1,0,0,0,0,0,3,0,0,2,0,7,1,0
968,An Amish woman in purple is attached a buggy to a horse.,A young Amish girl attaches a horse to a buggy.,0,1,0,1,2,1,1,3,0,0,3,0,2,4,0,0,1,0,0,1,2,0,1,2,0,1,2,1,7,2
969,A little kid playing GameCube at McDonald's.,A little girl playing Sonic on the SEGA at Burger King's.,0,1,0,1,2,1,2,1,0,4,2,1,0,2,6,0,1,0,0,1,2,0,1,2,0,1,2,1,7,2
970,A man and woman sharing a laugh at the dinner table.,A man sitting alone in a restaurant.,0,1,0,1,1,1,1,1,0,0,1,0,1,8,0,0,0,1,0,2,1,0,2,1,0,4,4,7,6,9
971,A group of people are riding on a tour bus and viewing something interesting out the window.,A group of people are swimming in a pool.,0,0,0,2,0,2,0,0,2,2,0,2,9,6,1,0,0,0,0,2,0,0,0,0,0,4,0,1,8,8
972,"A woman wearing a blue top, brushes the hair of another woman, wearing a green top.",womans are brush their hair,0,0,0,1,0,1,0,3,0,2,3,1,2,9,5,0,1,0,0,1,2,0,1,2,0,1,2,1,7,2
973,"a man wearing a dark blue button up shirt, cowboy hat, and chaps rides a bucking bronco in a rodeo.",A train conductor plays around with a sock puppet.,0,1,0,1,1,1,1,1,0,0,1,0,1,8,0,0,0,1,0,0,1,0,3,1,0,2,4,7,6,4
974,"Two men, one in a Circuit City T-shirt, the other in an M &Ms T-shirt, operate video game guns.",Two men are drinking beer at a lakers game,0,0,0,2,0,2,0,0,2,2,0,2,9,0,1,0,0,0,0,2,0,0,2,0,0,4,0,1,8,0
975,Young people lean between wood beams in front of a brick and concrete wall.,Young people are walking to class.,0,0,0,2,0,2,0,0,2,2,0,2,9,7,1,0,0,0,0,0,0,0,0,0,0,0,0,1,8,8
976,An Asian woman eating rice in front of a yellow building.,A woman is eating cereal.,0,1,0,1,2,1,1,3,0,0,3,0,2,4,0,0,1,0,0,0,0,0,3,0,0,0,0,1,3,0
977,A man about to get inside a small blue compact car.,the man is at home sleeping,0,1,0,1,1,1,1,1,0,0,1,0,1,8,2,0,0,1,0,2,1,0,2,1,0,4,4,7,2,4
978,Six people in hard hats are walking through the snow.,Six people in hard hats are drinking coffee,0,0,0,2,0,2,0,0,2,2,0,2,9,6,1,0,1,0,0,1,0,0,1,0,0,1,0,1,0,8
979,Young black kids playing with a bike in sand.,the kids are making chocolate chip cookies at grandmas house,0,0,1,2,0,0,2,0,1,4,2,4,0,7,8,0,0,1,0,2,1,0,2,1,0,4,4,7,2,4
980,Man in field conversing with cows.,The man is standing inside by the sink.,0,1,0,1,1,1,1,1,0,0,1,0,1,8,0,0,0,1,0,2,1,0,2,1,0,4,4,7,2,4
981,A man pours champagne into a glass.,A woman pours beer into a glass.,0,1,0,1,2,1,1,3,0,0,3,0,1,4,0,0,1,0,0,1,2,0,1,2,0,1,2,1,7,2
982,Boys in a cart and some older men linger in the streets while opening their shops in an Arabic-speaking city.,The streets of the Arabic speaking city are empty and quiet.,0,0,0,2,0,1,0,0,0,2,0,0,9,5,2,0,0,1,0,0,1,0,0,1,0,0,4,1,3,4
983,"A young girl holds a younger boy, possibly her brother, surrounded by adults, in a public place.",A girl is eating a baby.,0,0,0,2,0,1,2,0,0,4,2,1,2,7,5,0,0,1,0,2,1,0,2,1,0,4,4,7,2,4
984,People putting out a fire.,The man is cooking on the grill.,0,0,0,1,1,1,1,1,0,0,1,0,1,8,0,0,0,0,0,2,0,0,2,0,0,4,0,7,2,0
985,A bunch of shirtless guys with their hands up in the air.,All of the men are wearing winter coats.,0,0,0,2,0,2,0,0,2,2,0,2,9,0,1,0,0,1,0,0,1,0,0,1,0,0,4,1,3,4
986,A man with a beer and hammer in his hands strikes something on a round platform in front of him.,The woman is drinking a beer and hammering a nail.,0,1,0,1,2,1,1,1,0,0,1,0,1,4,0,0,1,0,0,1,2,0,3,2,0,3,2,7,1,2
987,A group of people play instruments and sing.,the man played the drum alone,0,0,0,2,0,2,0,0,2,2,0,2,6,5,4,0,0,1,0,2,1,0,2,1,0,4,4,7,2,4
988,"There are 3 people in this picture, a man who is looking through some object, another looking at something else perhaps not in the picture, and a little girl with her mouth open wide.",There is no photograph.,0,1,0,1,1,1,0,1,0,2,0,0,9,5,0,0,0,1,0,2,1,0,2,1,0,4,4,7,2,4
989,One person does a flip in the middle of the field while their friend takes a picture.,A person takes a selfie while doing a flip.,0,1,0,1,1,1,1,1,0,0,1,0,8,1,0,0,1,0,0,1,2,0,1,2,0,1,2,1,7,2
990,Two little girls in front of the Build a Bear workshop.,Two little girls inside of the Build a Bear Workshop.,0,0,1,2,0,0,2,0,1,4,2,4,2,7,8,0,1,0,2,1,2,2,1,2,2,1,2,5,7,2
991,A woman and a child are sitting in the snow amongst ski gear.,The woman and child are standing.,0,0,0,1,0,1,1,3,0,2,3,1,2,6,5,0,1,0,0,0,0,0,0,0,0,0,1,1,8,5
992,a group of people and camels walking in the desert.,A group of people and dogs walking.,0,0,0,2,0,2,0,0,2,2,0,2,9,6,1,0,1,0,0,1,2,0,1,2,0,1,2,1,0,2
993,Two men stand at an outdoor market.,Two men are shopping at their local Walmart.,0,0,0,2,0,2,0,0,2,2,0,2,9,0,1,0,0,0,0,0,0,0,0,0,0,2,0,1,8,0
994,Men standing on a railing.,The men are sitting down,0,0,0,2,0,2,0,0,2,2,0,2,9,0,1,0,0,0,0,0,0,0,0,0,0,0,0,1,8,0
995,Two blond dogs sniff one another.,The dogs are attacking one another.,1,0,1,0,0,0,3,2,3,3,4,3,4,3,3,1,0,1,1,0,1,1,0,1,3,0,4,3,3,4
996,a girl on a horse trying to catch a bull with a rope,The girl is riding a cow.,0,1,0,1,2,1,1,3,0,0,2,0,1,4,0,0,1,0,0,0,0,0,3,0,0,3,0,6,5,6
997,Man and woman standing at grand canyon looking out.,The man and woman are standing at the beach.,0,0,0,2,0,2,0,0,2,2,0,2,9,6,1,0,0,0,0,0,0,0,0,0,0,0,0,1,8,0
998,At the rodeo a cowboy rides a horse.,The person is flying a plane.,0,1,0,1,1,1,1,1,0,0,1,0,1,1,0,0,0,1,0,2,1,0,2,1,0,4,4,7,6,4
999,A guy is flinging water out of a pale into a fountain.,A man is at a well in the country.,0,1,0,1,1,1,1,1,0,0,1,0,1,8,0,0,0,1,0,0,1,0,3,1,0,2,4,7,6,9
1000,A blond little girl enjoying a burrito.,The brunette girl didn't like the buritto.,0,1,0,1,2,1,2,3,0,4,2,1,2,4,6,0,1,0,0,0,2,0,0,2,0,0,2,1,5,2
1001,A man with a dog is sitting on a bench.,A man with a cat is relaxing on a bench.,0,1,0,1,1,1,1,1,0,0,1,0,1,8,0,0,1,0,0,1,2,0,1,2,0,1,2,7,1,2
1002,A skateboarder midair with his skateboard.,A skateboarder is sleeping with his skateboard.,0,1,0,1,1,1,1,1,0,0,1,0,1,1,0,0,1,0,0,0,2,3,3,2,4,3,2,8,4,2
1003,A guy in a barber shop getting shaved.,A man gets his hair styled outdoors.,0,1,0,1,1,1,1,1,0,0,1,0,1,8,0,0,1,0,0,1,2,0,3,2,0,2,2,7,1,2
1004,Children play on a giant work of art.,Kids are seated at their desks in school.,0,0,1,2,0,0,2,0,1,4,2,4,0,7,8,0,0,0,2,0,0,2,0,0,2,0,1,5,8,7
1005,There are 4 men working on the roof of a house.,There are 4 men sleeping on the lawn.,0,0,0,2,0,1,0,0,0,2,0,0,9,0,2,0,1,1,0,0,1,0,0,1,0,0,4,1,3,4
1006,a woman showing a powerpoint presentation on a large projector screen.,a woman is drawing on a chalkboard.,0,1,0,1,2,1,1,3,0,0,3,0,2,4,0,0,0,0,0,0,0,0,0,0,0,0,0,1,8,1
1007,Two children swinging on swings,Two children swing from a tree branch.,0,0,1,2,0,0,2,0,1,4,2,4,0,7,8,0,1,0,2,1,2,2,1,2,2,1,2,5,7,2
1008,A man wearing a blue shirt kicks a soccer ball along a green field.,A man is wearing a football helmet.,0,1,0,2,1,2,2,1,2,1,1,2,3,8,7,0,0,1,0,0,1,0,2,1,0,2,4,7,6,9
1009,"A young girl, wearing blue goggles, riding a floatie in a pool.",A young girl is playing soccer.,0,1,0,1,2,1,2,3,0,4,2,1,2,4,6,0,0,0,0,0,0,0,0,0,0,0,0,6,5,6
1010,A woman wearing a black shawl walking out of a building.,The woman is swimming.,0,1,0,1,2,1,1,3,0,0,3,1,2,9,5,0,0,0,0,0,0,0,0,0,0,4,0,1,8,1
1011,Women walks down mall entrance with Spanish writing.,A woman is driving.,0,1,0,1,2,1,1,3,0,0,3,1,2,9,5,0,0,1,0,0,1,0,0,1,0,4,4,1,8,4
1012,Boy in black shirt jumps onto bed from dresser.,A boy stares intently at his TV as he plays video games.,0,1,1,1,1,0,2,1,1,4,2,4,0,2,9,0,0,0,0,0,0,0,3,0,0,3,1,0,3,5
1013,People on a chair lift at a snow-covered location.,People lounge on a sunny beach.,0,0,0,2,0,2,0,0,2,2,0,2,9,6,1,0,0,0,0,0,0,0,0,0,0,4,0,1,8,8
1014,Two men on a snowy and rocky mountainside cook a meal while their teammates sit a little way away.,The men are inside watching TV.,0,0,0,2,0,1,0,0,0,2,0,0,1,0,0,0,0,0,0,2,0,0,2,0,0,4,0,7,8,0
1015,"A man is standing in front of a party, with several children and party decorations (including balloons) also in the shot.",A woman is standing in front of a party with several children and balloons.,0,1,0,1,2,2,0,3,2,2,3,2,9,6,1,0,1,0,0,1,2,0,1,2,0,1,2,1,7,2
1016,"Cyclists race down a street, entering a turn in front of the camera.",The cyclist are taking a break.,0,0,0,1,0,1,1,0,0,0,0,0,8,0,0,0,1,0,0,1,0,0,3,0,0,3,0,8,0,0
1017,"Snowboarder balances on low, wooden structure in snow.","Skier balances on low, wooden structure in snow.",0,1,0,1,1,1,1,1,0,0,1,0,8,1,0,0,1,0,0,1,2,3,1,2,4,1,2,8,7,2
1018,A group of children in a field.,Some teenagers are in the field.,0,0,1,2,0,0,2,0,1,4,2,4,9,7,8,0,1,0,2,1,2,2,1,2,2,1,2,1,0,2
1019,A man in a yellow shirt and light colored pants sits next to a woman wearing a light colored hat in front of a camper while a young boy in a yellow shirt and jeans tosses rocks.,the camper is safely parked in the middle of the lake,0,1,0,2,0,1,0,0,0,2,2,0,9,5,0,0,0,1,0,2,1,0,2,1,0,4,4,7,2,4
1020,A couple are dancing while others are watching a concert in a bandstand.,A couple is eating dinner.,0,0,0,2,0,2,0,0,2,2,0,2,9,6,1,0,0,0,0,0,0,0,0,0,0,0,0,1,8,0
1021,A woman in blue in a kitchen with a tea kettle of steaming hot water in her hand.,A woman is running toward kitchen,0,1,0,1,2,1,1,3,0,0,3,0,2,4,0,0,1,0,0,0,2,0,3,2,0,0,2,1,5,2
1022,"Two dogs, one holding something in its mouth, in the snow.",Two horses in the snow.,1,0,1,0,0,0,3,2,3,3,4,3,4,3,3,1,1,0,1,1,2,1,1,2,3,1,2,3,7,2
1023,A soccer player about to kick the ball.,The cat is climbing the tree,0,1,1,2,2,0,2,1,3,4,1,3,1,1,3,0,0,1,0,2,1,0,2,1,0,4,4,7,2,4
1024,People standing in front of a subway train.,Nobody is standing,0,0,0,2,0,1,0,0,0,2,0,0,9,5,2,0,0,1,0,2,1,0,2,1,0,4,4,1,2,4
1025,A kid is looking through blinds at a truck outside.,A kid watches television and ignores his surroundings.,0,1,0,1,2,1,2,1,0,4,2,0,0,2,0,0,0,0,0,0,0,0,3,0,0,3,0,1,3,0
1026,Little boys play soccer outside.,Little boys swimming.,0,0,1,2,0,0,2,0,1,4,2,4,0,7,8,0,1,0,2,1,0,2,3,0,2,3,1,5,3,7
1027,A woman in a blue shirt and a girl in a pink dress sit on folding chairs in the street.,A woman and a girl are spelunking.,0,0,0,2,0,2,0,0,2,2,0,2,9,6,1,0,1,1,0,0,1,0,0,1,0,0,4,1,3,4
1028,"Two women with signs that say ""Free hugs"".",They are singing opera.,0,0,0,2,0,2,0,0,2,2,0,2,9,9,1,0,0,1,0,2,1,0,2,1,0,4,4,7,6,4
1029,Three people are using a net on a beach.,Three people are sitting in chairs.,0,0,0,2,0,2,0,0,2,2,0,2,9,6,1,0,1,0,0,0,0,0,0,0,0,0,0,1,0,8
1030,A little boy playing with his toy.,the dog ran  after the  car.,0,1,1,1,2,0,2,2,3,4,2,3,0,2,3,0,0,1,0,2,1,0,2,1,0,4,4,7,2,4
1031,There are three girls with headscarves in front of a worn down building and a family walking in the background.,Three girls look out a window.,0,0,0,2,0,1,0,0,0,4,0,1,2,7,6,0,1,0,0,1,2,0,1,2,0,0,2,6,0,2
1032,An Asian cute girl in an ash color outfit with a bag color bag give a beautiful smile.,The girl is wearing blue.,0,1,0,1,2,1,2,3,0,4,2,1,2,4,6,0,1,0,0,0,0,0,3,0,0,0,0,6,5,6
1033,Black woman sweeping in front of massive wooden doors.,The woman is sitting on a bench.,0,1,0,1,2,1,1,3,0,0,3,1,2,9,5,0,0,0,0,2,0,0,0,0,0,4,0,1,8,1
1034,A woman in a white t-shirt and gold necklace cleaning a rail with a yellow towel.,The towel is green,0,1,0,1,2,1,1,3,0,0,3,0,2,4,0,1,1,0,1,1,2,1,1,2,1,1,2,2,9,2
1035,Two teenagers are playing Nintendo Wii while other teens look on.,Two teenagers are playing the wii in a room alone.,0,0,1,2,0,0,2,0,1,4,2,4,0,7,8,0,1,0,0,1,0,0,1,0,0,1,0,1,7,0
1036,"Three dogs, one white and two brown, are running together on a field of grass.",The dogs are waiting to be sheared.,1,0,1,0,0,0,3,2,3,3,4,3,4,3,3,1,1,0,1,0,0,1,3,3,3,0,3,3,3,3
1037,"On a street in Korea a man is pulling a two-wheeled cart, piled high with a chair and cardboard and other things while behind him are a car and a truck and a street level billboard.",A man is riding in a limo during evening hours.,0,1,0,1,1,1,1,1,0,0,1,0,1,8,0,0,0,1,0,2,1,0,2,1,0,4,4,7,6,9
1038,two children are standing next to each other in front of a wall that has photographs on it.,The two children can walk thru walls.,0,0,1,2,0,0,2,0,1,4,2,4,0,7,8,0,1,0,2,1,0,2,1,0,2,1,1,5,7,7
1039,A man and a woman both wearing white standing next to each other.,Two people attend a Black Sabbath concert.,0,0,0,2,0,2,0,0,2,2,0,2,9,6,1,0,0,0,0,0,0,0,0,0,0,0,0,1,8,0
1040,A skier skiing and having fun.,A skiier is angry.,0,1,0,1,1,1,1,1,0,0,1,0,8,1,0,0,1,0,0,1,2,3,1,2,4,3,2,4,7,2
1041,Two people standing on the side of a city street.,Two people are driving down a road.,0,0,0,2,0,1,0,0,0,2,0,0,9,6,0,0,0,1,0,0,1,0,0,1,0,0,4,1,8,4
1042,A man on the phone dressed in hard has standing next to a white van.,A man on the phone is eating a burger.,0,1,0,1,1,1,1,1,0,0,1,0,1,8,0,0,0,1,0,0,1,0,0,1,0,2,4,7,5,9
1043,A boy on the beach in an orange jacket with his arm stretched out.,A boy is diggin a hole in the snow.,0,1,1,1,1,0,2,1,1,4,2,4,0,2,9,0,0,0,0,0,0,0,3,0,0,3,1,0,3,5
1044,A man in a black jacket facing a dinosaur sign.,A man is wearing a purple jacket.,0,1,0,1,1,1,1,1,0,0,1,0,1,8,0,0,1,0,0,1,2,0,3,2,0,2,2,7,1,2
1045,A bunch of people sitting around tables with drinks.,The people are standing around the table.,0,0,0,2,0,2,0,0,2,2,0,2,9,6,1,0,1,0,0,1,2,0,1,2,0,1,2,1,0,2
1046,A man doing a trick on a bicycle in a wooded area.,The man is sitting inside,0,1,0,1,1,1,1,1,0,0,1,0,1,8,0,0,0,1,0,2,1,0,2,1,0,2,4,7,6,9
1047,A group of people are sitting on park benches beneath trees with purple blossoms.,A group of people are playing tag in a park.,0,0,0,2,0,2,0,0,2,2,0,2,9,6,1,0,1,0,0,1,2,0,3,2,0,0,2,1,0,2
1048,A man with tattoos is lounging on a couch holding a pencil.,the man is standing near a tree,0,1,0,1,1,1,1,1,0,0,1,0,1,8,0,0,0,1,0,2,1,0,2,1,0,2,4,7,6,9
1049,Firemen gathered around a firetruck on a roadside.,the men sitting in a park,0,0,0,2,0,2,0,0,2,2,0,2,9,0,1,0,0,0,0,2,0,0,0,0,0,4,0,1,8,8
1050,"Teams assemble on a soccer field wearing blue, red, and yellow uniforms.",There is only one team on a soccer field.,0,0,0,2,0,2,2,0,2,1,0,2,3,5,7,0,1,0,0,1,0,0,3,0,0,0,0,9,0,0
1051,A hockey player guards the goal.,A hockey player sat on the bench.,0,1,0,2,1,2,2,1,2,1,1,2,3,1,7,0,1,0,0,1,2,0,1,2,0,1,2,9,0,2
1052,A dog jumps off the stairs.,A cat is napping in the sun on the windowsill.,1,1,1,0,2,0,3,2,3,3,4,3,5,3,3,0,0,1,0,2,1,0,2,1,0,4,4,7,2,4
1053,A man in a bowler hat sitting next to a speaker and a figure playing a saxophone.,His bald head was sunburned.,0,1,0,1,1,1,1,1,0,0,1,0,1,8,0,0,0,0,0,2,0,0,2,0,0,2,0,7,6,0
1054,Woman walking in summer attire.,A woman is bundled up in a heavy coat.,0,1,0,1,2,1,1,3,0,0,3,1,2,9,5,0,0,0,0,0,0,0,0,0,0,0,0,1,8,1
1055,The woman in the blue shirt sits on a bench in a museum as others pass her by.,There isn't anyone else but the woman in the museum.,0,1,0,1,2,1,1,3,0,2,3,0,2,9,0,0,1,0,0,0,0,0,3,0,0,0,0,1,3,1
1056,A man selling pin-wheels.,A man is selling pink flowers.,0,1,0,1,1,1,1,1,0,0,1,0,1,8,0,0,1,0,0,1,2,0,3,2,0,1,2,1,1,2
1057,Children serving at a community dinner.,Children are playing baseball.,0,0,0,2,0,2,2,0,2,1,2,2,3,7,7,0,0,0,2,0,0,2,0,0,2,0,1,5,3,7
1058,"A man dressed in blue and white is suspended in air with his motorbike, while two other men in white and black helmets stand below.",a man drives a semi truck,0,1,0,1,1,1,1,1,0,0,1,0,1,8,0,0,0,1,0,2,1,0,2,1,0,2,4,7,6,9
1059,"Pedestrians walking on a crowded street in an asian city, seen from the back.",Two men are eating hot dogs while watching TV.,0,0,0,1,0,1,0,0,0,2,0,0,9,6,0,0,0,1,0,2,1,0,2,1,0,4,4,7,2,4
1060,"A room full of children raise their hands, fingers extended, to the sky.",There is a room with a single child.,0,1,1,2,0,0,0,0,1,2,2,4,9,7,8,0,0,0,0,0,0,0,0,0,0,4,1,1,3,5
1061,Small band playing at front of pub.,A man is walking around,0,1,0,1,1,1,1,1,0,0,1,0,1,8,0,0,0,1,0,2,1,0,2,1,0,4,4,7,2,4
1062,A man on a boat feeding many water birds and two parents in chairs with their little girl on the side.,A man ice skates across a frozen pond while 3 others watch.,0,1,0,1,1,1,1,1,0,0,1,0,1,8,0,0,0,0,0,0,0,0,3,0,0,2,0,1,6,0
1063,A man in ice climbing gear holds a rope.,A woman and a shark go to the movies.,0,1,0,1,1,1,1,1,0,0,1,0,1,1,0,0,0,1,0,2,1,0,2,1,0,4,4,7,2,4
1064,Closeup of a male's hands steaming milk.,A male is white.,0,1,0,1,1,1,1,1,0,0,1,0,1,8,0,0,1,0,0,0,0,0,3,0,0,2,0,7,1,0
1065,A traveler sits on a bridge next to his pack.,A traveler lays down on the bridge to block traffic.,0,1,0,1,1,1,1,1,0,0,1,0,1,1,0,0,1,0,0,1,2,0,1,2,0,3,2,1,7,2
1066,Fisherman at the market weighing their catch at the end of a long day.,They men are singing in a club,0,0,0,2,0,2,0,0,2,2,0,2,9,0,4,0,0,1,0,2,1,0,2,1,0,4,4,7,2,4
1067,a tennis player wearing a green shirt about to hit a ball with his racquet.,The tennis player is a girl.,0,1,0,2,2,2,2,3,2,0,3,2,3,4,7,0,1,0,0,0,2,0,0,2,0,0,2,1,5,2
1068,a boy in a blue t-shirt is airborne on a skateboard in a skate park.,A man is sleeping.,0,1,0,1,1,1,1,1,0,0,1,0,1,8,2,0,0,1,0,2,1,0,2,1,0,4,4,7,4,4
1069,"Protesters holding picket signs up, man in center with a blue I<3NY shirt.",people are having coffee in a shop,0,0,0,2,0,2,0,0,2,2,0,2,9,6,1,0,0,1,0,2,1,0,2,1,0,4,4,7,2,4
1070,"A rock band performing on a stage a guitarist, singer and a drummer",A rock band is tap dancing.,0,0,0,2,0,2,0,0,2,2,0,2,6,6,4,0,1,0,0,1,0,0,3,0,0,0,0,1,0,0
1071,A biker pumps up the air in his bike tires while the bike is attached to his car.,A biker pumps up his pool outside.,0,1,0,1,1,1,1,1,0,0,1,0,8,1,0,0,1,0,0,1,0,0,1,0,0,1,0,8,7,0
1072,A girl in a pink jacket is walking through a large puddle.,girl enjoying the dry day,0,1,0,1,2,1,2,3,0,4,2,1,2,4,6,0,0,0,0,0,0,0,0,0,0,0,0,6,5,6
1073,A guy performing a bicycle jump trick for an audience.,tony hawk is performing a skating trick,0,1,0,1,1,1,1,1,0,0,1,0,8,1,0,0,1,0,0,0,2,0,3,2,0,3,2,8,3,2
1074,"Two women walk towards a fire hydrant, painted with a face on it.",Two women swim in a water fountain.,0,0,0,2,0,1,0,0,0,2,0,1,9,9,5,0,1,0,0,0,0,0,0,0,0,0,0,1,5,1
1075,Two females from different teams playing basketball.,Two woman play backgammon.,0,0,0,2,0,2,2,0,2,1,3,2,3,9,7,0,1,0,0,0,0,0,3,0,0,0,0,1,1,1
1076,An African woman in a brightly colored dress is playing her drum.,The lady is fighting.,0,1,0,1,2,1,1,3,0,0,3,1,2,4,5,0,0,0,0,0,0,0,0,0,0,0,0,1,8,1
1077,A man in a black striped shirt is erasing a chalkboard while facing it.,A man in a black striped shirt is walking along the street.,0,1,0,1,1,1,1,1,0,0,1,0,1,8,0,0,1,0,0,0,2,0,3,2,0,2,2,7,1,2
1078,A large group of what appear to be Indian women and children stand for a photo outside of a building.,A large group of chinese people are eating at a buffet.,0,0,0,2,0,2,0,0,2,2,0,2,9,6,1,0,0,0,0,2,0,0,0,0,0,4,0,1,8,8
1079,A group of people walk down a city street at night.,A man combs his hair for a date.,0,0,0,1,1,1,0,1,0,2,0,0,9,6,0,0,0,1,0,2,1,0,2,1,0,4,4,7,2,4
1080,A woman pushes a child in a stroller with several people on bikes behind.,There is a child pushing a stroller filled with stuffed animals across a driveway.,0,1,0,1,2,1,1,3,0,0,2,1,9,1,5,0,1,0,0,0,0,0,3,0,0,3,1,1,3,5
1081,A woman in a black short-sleeved shirt smiles at the camera as she mixes a drink.,A woman in a white shirt smiles as she makes a drink.,0,1,0,1,2,1,1,3,0,0,3,0,2,4,0,0,1,0,0,1,0,0,1,0,0,1,0,1,0,1
1082,"Three women and one young girl, all with white flowers in their hair, are sitting facing forward.",Three men and one boy are sitting.,0,0,0,2,0,2,0,0,2,2,0,2,9,6,1,0,1,0,0,1,0,0,1,0,0,0,0,1,0,8
1083,Three females are sitting on the ground while one has device in her right hand.,Three women at standing up to leave,0,0,0,2,0,1,0,3,0,2,3,1,2,9,5,0,0,0,0,0,0,0,0,0,0,0,0,1,8,1
1084,"Four elementary-aged children, two boys and two girls, play on a green lawn with a tree and a building in the background.","4 kids are inside their house, reading a book in front of the fireplace.",0,0,1,2,0,0,2,0,1,4,2,4,0,7,8,0,0,0,2,0,0,2,0,0,2,0,1,5,3,7
1085,A woman and a man standing on a busy city street smiling.,The woman and the man are frowning.,0,0,0,2,0,2,0,0,2,2,0,2,9,6,1,0,0,1,0,2,1,0,2,1,0,4,4,1,8,4
1086,Three people sit on a bench under palm trees.,A tornado is sweeping the people away,0,0,0,2,0,2,0,0,2,2,0,2,9,6,1,0,0,1,0,2,1,0,2,1,0,4,4,7,2,4
1087,A dog is playing catch on the grassy plain,A dog is playing by himself indoors.,1,1,1,0,2,0,3,2,3,3,4,3,5,3,3,1,0,0,1,0,0,1,3,3,1,4,3,2,9,3
1088,"A group of people, some of whom are standing and using chopsticks, surround a table which is laden with plates of food.",A group of people surrounding a table which has no more food left.,0,0,0,2,0,2,0,0,2,2,0,2,9,6,1,0,1,0,0,1,2,0,1,2,0,1,2,1,0,2
1089,A woman enjoying the breeze of a primitive fan.,The woman is running down the road.,0,1,0,1,2,1,1,3,0,0,3,1,2,9,5,0,0,0,0,2,0,0,2,0,0,4,0,7,8,1
1090,A man who is wearing a black coat is on the back of a four seat bicycle with three children riding on the seats in front of him.,The man in the coat was driving a car.,0,1,0,1,1,1,1,1,0,0,1,0,1,8,0,0,0,1,0,0,1,0,2,1,0,2,4,7,6,9
1091,Food workers sort through new stock while wearing blue gloves.,The workers are not wearing gloves.,0,0,0,2,0,1,0,0,0,2,0,0,9,5,2,0,1,0,0,1,0,0,3,0,0,3,0,1,3,0
1092,Two men sit on a bench in front of a three tier fountain.,A woman combs her hair.,0,0,0,1,2,1,1,3,0,0,3,0,2,4,0,0,0,1,0,2,1,0,2,1,0,4,4,7,2,4
1093,An old man is playing a stringed instrument on a small stage while some people sit at tables listening and other people pass by.,An old man is playing a stringed instrument in a large theater.,0,1,0,1,1,2,0,1,2,0,1,2,6,8,4,0,1,0,0,1,0,0,1,0,0,1,0,7,0,0
1094,A middle Eastern woman wearing green is sitting on a stone step holding a box of cigarettes.,A woman is standing outside in a red dress.,0,1,0,1,2,1,1,3,0,0,3,1,2,4,5,0,0,0,0,0,0,0,0,0,0,4,0,1,8,1
1095,A young girl sporting a pink and brown shirt blows a bubble with gum.,A young girl is eating a banana.,0,1,0,1,2,1,2,3,0,4,2,1,2,4,6,0,0,0,0,0,0,0,0,0,0,0,0,6,5,6
1096,Man performing stunts with his motorcycle.,A man is sitting in his car.,0,1,0,1,1,1,1,1,0,0,1,0,1,8,0,0,0,1,0,2,1,0,2,1,0,2,4,7,6,9
1097,Onlookers looking upon a play being performed.,An audience awaits for a play to begin.,0,0,0,2,0,2,0,0,2,2,0,2,9,6,7,0,1,0,0,1,2,0,1,2,0,1,2,1,0,2
1098,Three young girls are taking part in martial arts.,Three young girls are baking a cake.,0,0,0,2,0,1,2,0,0,4,0,1,2,7,6,0,1,0,0,1,2,0,1,2,0,0,2,1,0,2
1099,A woman with a red and orange apron makes paper-mache orbs while her friend leans into the frame.,All of them are men,0,0,0,2,0,1,0,0,0,2,0,1,9,9,5,0,0,1,0,2,1,0,2,1,0,4,4,7,2,9
1100,a midget jumps over another midget.,The full grown men play rock paper scissors,0,0,0,2,0,2,0,0,2,2,0,2,9,0,7,0,0,1,0,2,1,0,2,1,0,4,4,1,8,4
1101,A person and a dog run on a paved road near a forest.,A man and a dog running from a horde of zombies.,1,1,1,0,1,0,3,2,3,3,4,3,1,3,3,0,1,0,0,0,2,0,3,2,0,3,2,1,3,2
1102,A woman in a batik dress walking on the beach.,woman lies in bed,0,1,0,1,2,1,1,3,0,0,3,0,2,9,2,0,0,1,0,2,1,0,2,1,0,4,4,7,8,4
1103,Two kids slide down a giant inflatable slide.,Kids are eating cake.,0,0,0,2,0,1,2,0,0,4,2,0,0,7,0,0,1,0,2,0,0,2,0,0,2,0,1,5,3,7
1104,A boy in blue runs towards the waves in the ocean.,A man wearing a tuxedo cries.,0,1,1,1,1,0,2,1,1,4,1,4,0,2,9,0,0,1,0,2,1,0,2,1,0,4,4,7,6,4
1105,The white dog with pointed ears is running on the dirt.,The dog ran away,1,1,1,0,2,0,3,2,3,3,4,3,5,3,3,1,1,0,1,0,0,1,3,3,1,3,3,2,9,3
1106,"A man is standing in the road, smiling.",A man is sad when he goes to bed.,0,1,0,1,1,1,1,1,0,0,1,0,1,8,0,0,0,1,0,2,1,0,2,1,0,4,4,7,6,9
1107,A woman puts the firewood in order.,The woman sits by the warm fire.,0,1,0,1,2,1,1,3,0,0,3,1,2,4,5,0,1,0,0,1,0,0,0,0,0,0,0,1,3,1
1108,"A man in a green t-shirt walks down a beach, carrying his tennis shoes.",The woman in blue walked down the beach in tennis shoes.,0,1,0,1,2,2,1,3,2,0,3,2,1,4,1,0,1,0,0,1,0,0,1,0,0,0,0,1,3,0
1109,Two men are working in a field by a den as their dog is about to walk up on them.,The women are petting the cat.,1,0,1,0,0,0,3,2,3,3,4,3,4,0,3,0,0,1,0,2,1,0,2,1,0,4,4,7,2,4
1110,Five children are being sprayed by a water fountain,Six children are sitting in class at school.,0,0,1,2,0,0,2,0,1,4,2,4,0,7,8,0,0,0,2,0,0,2,0,0,2,0,1,5,3,7
1111,A vendor selling things outside of a building.,A dog selling things outside of a building.,0,1,0,1,1,1,1,1,0,0,1,0,2,1,0,0,1,0,0,1,2,0,1,2,0,1,2,1,7,2
1112,A group of workers wearing orange vest painting in a British rail station.,Some guys are purchasing some paint.,0,0,0,2,0,2,0,0,2,2,0,2,9,0,1,0,1,0,0,0,2,0,3,2,0,3,2,1,3,2
1113,A man with a chainsaw is carving a bird out of wood.,A man is carving a dog out of ice.,0,1,0,1,1,1,1,1,0,0,1,0,1,8,0,0,1,0,0,1,0,0,3,0,0,2,0,7,1,0
1114,A girl is doing a back flip in the air while several other girls wait to catch her.,The girl is doing a cartwheel.,0,1,0,1,2,1,2,3,0,4,2,0,0,4,0,0,1,0,0,0,0,0,3,0,0,0,0,6,5,6
1115,A man and a woman sitting on a dock.,two people standing in a field.,0,0,0,2,0,2,0,0,2,2,0,2,9,6,1,0,0,1,0,0,1,0,0,1,0,0,4,1,8,4
1116,Workers in neon green vests work in front of large buildings.,Pele lives on an iceberg.,0,0,0,2,0,2,0,0,2,2,0,2,9,0,1,0,0,1,0,2,1,0,2,1,0,4,4,7,2,4
1117,A woman in a red skirt is walking on the street with graffiti in the background.,A woman in a spring dress walks her dog through a nice little neighborhood.,0,1,0,1,2,1,1,3,0,0,3,1,2,4,5,0,0,0,0,0,0,0,0,0,0,0,0,1,8,1
1118,Two baseball players trying to catch a ball in the outfield.,One baseball player already caught a ball in the outfield.,0,0,0,2,0,2,2,0,2,1,0,2,3,0,7,0,1,0,0,1,2,0,1,2,0,1,2,9,7,2
1119,"There are two swimmers in the ocean holding onto a rope, which has a balloon at the end of it.",The men are sunbathing on the beach.,0,0,0,2,0,2,0,0,2,2,0,2,9,0,1,0,0,0,0,2,0,0,2,0,0,4,0,7,8,0
1120,A white dog standing on leaves on the ground.,A dog is entering the house.,1,1,1,0,2,0,3,2,3,3,4,3,5,3,3,1,0,0,1,2,0,1,2,3,1,4,3,2,9,3
1121,Elderly man plays saxophone in a white shirt and white hat sitting in a chair a booth.,A young man plays a trombone.,0,1,0,1,1,2,1,1,2,0,1,2,6,8,4,0,1,0,0,0,0,0,3,0,0,2,0,7,6,0
1122,A guy riding a motorcycle on one wheel.,A girl is playing with her dog.,0,1,0,1,2,1,1,3,0,0,1,1,0,1,6,0,0,1,0,2,1,0,2,1,0,4,4,7,2,4
1123,Three girls are walking along the sidewalk together and the one in the middle is bouncing a basketball.,Three girls are running along the sidewalk together.,0,0,0,2,0,1,0,0,0,2,0,1,2,7,6,0,1,0,0,1,2,0,1,2,0,1,2,1,7,2
1124,Two women and a man dressed in Victorian era clothing; the man is gesturing to the women in the red dress.,Three people are dressed in steam punk clothing.,0,0,0,2,0,2,0,0,2,2,0,2,9,6,1,0,1,0,0,1,2,0,1,2,0,0,2,1,0,2
1125,A man wearing a blue cap holds a rifle.,The man believes that guns are violent.,0,1,0,1,1,1,1,1,0,0,1,0,1,8,0,0,1,0,0,1,2,0,1,2,0,2,2,7,1,2
1126,A boy poses for the camera at a party.,The boy takes a picture.,0,1,1,1,1,0,2,1,1,4,2,4,0,2,9,0,1,0,0,1,0,0,1,0,0,3,1,0,0,5
1127,Some people at the farm working and a man pulling a cart.,No one is at the farm,0,0,0,2,0,1,0,0,0,2,0,0,9,5,2,0,1,0,0,0,2,0,3,2,0,0,2,1,3,2
1128,A white puppy walks down a dirt path trailing his leash on the ground behind him.,The puppy is indoors.,1,1,1,0,2,0,3,2,3,3,4,3,5,3,3,1,1,0,1,0,0,1,3,3,1,3,3,2,9,3
1129,A man wearing glasses is reading his cellphone and holding a drink in the other hand.,A guy is reading a paperback and drinking a martini.,0,1,0,1,1,1,1,1,0,0,1,0,1,8,0,0,1,1,0,1,1,0,3,1,0,2,4,7,1,9
1130,Old bald man with a beard sitting down playing the flute.,Old man singing at a karaoke bar.,0,1,0,1,1,2,1,1,2,0,1,2,6,8,4,0,0,0,0,0,0,0,3,0,0,2,0,7,6,0
1131,"A group of workers in the desert, two with wheel barrels and two just standing around.",The men are drinking beer at the bar.,0,0,0,2,0,2,0,0,2,2,0,2,9,0,1,0,0,1,0,2,1,0,2,1,0,4,4,7,2,4
1132,A group is letting their political opinion be known.,The people are saying their religious beliefs.,0,0,0,2,0,2,0,0,2,2,0,2,9,6,1,0,1,0,0,1,0,0,1,0,0,1,0,1,0,8
1133,A boy takes a flying leap into the water.,Boy is reading a book,0,1,1,1,1,0,2,1,1,4,2,4,0,2,9,0,0,0,0,0,0,0,3,0,0,3,1,0,3,5
1134,Two kids play soccer in a field.,Two kids are throwing a football in a field.,0,0,1,2,0,0,2,0,1,4,2,4,0,7,8,0,1,0,2,1,2,2,1,2,2,1,2,5,7,2
1135,"Kids doing a soccer drill in the soccer field, they are all dress in soccer uniforms except for one boy which is wearing casual clothing.",A woman bakes bread.,0,1,0,2,2,1,1,3,0,2,3,0,2,4,0,0,0,1,0,2,1,0,2,1,0,4,4,7,2,4
1136,Several groups of people are in sculling boats on a river.,The cruise ship was on the ocean.,0,0,0,2,0,2,0,0,2,2,0,2,9,6,1,0,0,0,0,2,0,0,2,0,0,4,0,1,8,0
1137,A soaked dog is playing in the water.,The dog is dead.,1,1,1,0,2,0,3,2,3,3,4,3,5,3,3,1,0,0,1,0,0,1,3,3,1,3,3,2,9,3
1138,A man in a green tie talking to two woman over drinks.,The people are sleeping.,0,0,0,2,0,1,0,0,0,2,0,0,9,5,2,0,0,0,0,2,0,0,2,0,0,4,0,7,2,8
1139,A couple of boys looking in a tan container while a man wearing a large hat and a woman wearing a plaid shirt look to the right.,A snake charmer lulls a snake to sleep at an outdoor carnival.,0,0,0,2,0,1,0,0,0,2,0,0,9,6,0,0,0,1,0,2,1,0,2,1,0,4,4,7,2,4
1140,"Two professional soccer players attempt to reach the ball first, with the fans in the stands looking on from the background.",Two professional hockey players are fighting for the puck.,0,0,0,2,0,2,2,0,2,1,0,2,3,0,7,0,1,0,0,0,0,0,0,0,0,0,0,9,0,0
1141,Two men in wife beaters sit in front of a bunch of dead birds.,Two men pet a dog.,0,0,0,2,0,1,0,0,0,2,0,0,9,0,0,0,0,1,0,0,1,0,0,1,0,0,4,7,8,4
1142,A dancer performing with her panties showing.,The singer is wearing a three piece suit.,0,1,0,1,2,1,1,3,0,0,1,0,6,4,0,0,0,0,0,0,0,0,0,0,0,0,0,1,3,1
1143,A woman in an orange top is demonstrating a karate kick.,The woman kicked a spoon to the moon.,0,1,0,1,2,1,1,3,0,0,3,1,2,9,5,0,0,0,0,0,0,0,3,0,0,0,0,1,8,1
1144,"There are two football players, one wearing a blue and yellow uniform holds the ball, and the other wears a white uniform.",Two basketball players stand face to face.,0,0,0,2,0,2,2,0,2,1,0,2,3,0,7,0,1,0,0,0,0,0,0,0,0,0,0,9,0,0
1145,Cute little boy in an army shirt blowing a kiss at a small lizard.,The guy in the army shirt spit on the lizard.,0,1,0,2,1,1,2,1,0,4,2,0,0,2,0,0,1,0,0,1,0,0,1,0,0,1,1,1,7,5
1146,A redheaded child is happily swinging in park.,A redheaded child is crying on a see-saw,0,1,0,1,2,1,2,3,0,4,2,1,0,2,6,0,0,0,0,0,0,0,0,0,0,3,1,1,5,5
1147,A person in a black jacket in the middle of the road.,The man will live forever.,0,1,0,1,1,1,1,1,0,0,1,0,1,1,0,0,0,1,0,2,1,0,2,1,0,4,4,7,2,9
1148,Three hockey players in red jerseys are standing together holding hockey sticks.,Three hockey teammates in red dresses are watching TV.,0,0,0,2,0,2,2,0,2,1,0,2,3,0,7,0,1,0,0,1,0,0,1,0,0,1,0,9,0,0
1149,A man blows into a tube while standing in front of a man at the drumset on stage.,The men are sitting down and peeling potatoes.,0,0,0,2,0,2,0,0,2,2,0,2,6,0,1,0,0,1,0,2,1,0,2,1,0,4,4,7,2,4
1150,"Rock Band star Matt Doneley rests on a microphone after a long loud concert on Monday held at the Athens center in Las Vegas, Nevada during the April event.",A boy plays a video game.,0,1,1,2,1,0,2,1,1,4,2,4,0,2,9,0,0,1,0,2,1,0,2,1,0,4,4,7,2,4
1151,A shaven head young man wears headphones and works with a mixing board.,The young man is doing laundry.,0,1,0,1,1,1,1,1,0,0,1,0,1,8,0,0,0,1,0,0,1,0,3,1,0,2,4,7,6,9
1152,Group of women with headscarves.,womens fighting for some money,0,0,0,2,0,1,0,0,0,2,3,1,2,9,5,0,1,0,0,0,0,0,3,0,0,0,0,1,0,1
1153,People in a subway station waiting for their train.,People are waiting at the airport gate for the plane.,0,0,0,2,0,1,0,0,0,2,0,0,9,6,0,0,1,0,0,0,0,0,0,0,0,0,0,1,0,8
1154,A person pulls a camel loaded with plants along a road.,A person is sleeping.,0,1,0,1,1,1,1,1,0,0,1,0,1,5,2,0,0,1,0,2,1,0,2,1,0,4,4,7,2,4
1155,Two shirtless men and one fully clothed woman are standing in a body of water in winter.,The water is boiling hot.,0,0,0,2,0,2,0,0,2,2,0,2,9,6,1,0,0,1,0,0,1,0,0,1,0,0,4,1,3,4
1156,A snowboarder jumps off a large ramp in the mountains.,There is no snow,0,1,0,1,1,1,1,1,0,0,1,0,8,5,0,0,0,0,0,2,2,3,2,2,4,4,2,8,3,2
1157,Photographers take pictures of a girl sitting in a street.,The girl is standing.,0,1,0,1,2,1,2,3,0,4,2,1,2,4,6,0,0,0,0,0,0,0,0,0,0,0,0,6,5,6
1158,Two girls are sitting together on a spinning platform.,the girls are standing,0,0,0,2,0,1,0,0,0,4,0,1,2,7,6,0,1,0,0,0,2,0,0,2,0,0,2,6,5,2
1159,A man in a white sweatshirt and dark pants stands close to a girl in a pink sweatshirt and blue jeans on an escalator.,A father and daughter are walking to their car.,0,0,0,2,0,2,0,0,2,2,0,2,9,6,1,0,0,0,0,0,2,0,0,2,0,0,2,1,8,2
1160,Nine men in their swimming gear are in a large pool performing swimming exercises.,A woman sings into a microphone.,0,0,0,2,2,2,0,3,2,2,3,2,6,4,4,0,0,1,0,2,1,0,2,1,0,4,4,7,2,4
1161,A woman with a blue jacket and black pants is under a black and yellow tent,A woman in a green dress is in line to buy popcorn at a movie theater.,0,1,0,1,2,1,1,3,0,0,3,0,2,4,0,0,0,0,0,2,0,0,0,0,0,4,0,7,8,0
1162,An elderly man sitting on a bench near the water,An elderly man is lying in the grass.,0,1,0,1,1,1,1,1,0,0,1,0,1,8,0,0,1,1,0,1,1,0,3,1,0,2,4,7,1,9
1163,Two African-American children playing with water bottles.,The children in the photo are Asian.,0,0,1,2,0,0,2,0,1,4,2,4,0,7,8,0,1,0,2,1,0,2,1,0,2,0,1,5,3,7
1164,An attractive woman in boots is walking and holding a pink umbrella in the rain.,A woman is sleeping on a bench.,0,1,0,1,2,1,1,3,0,0,3,1,2,9,5,0,0,1,0,2,1,0,2,1,0,4,4,7,8,4
1165,a group of surfers catching a wave,Surfers are on the beach.,0,0,0,1,0,1,1,0,0,0,0,0,9,6,0,0,1,0,0,1,2,0,1,2,0,1,2,1,7,2
1166,Tourists board a Vietnamese skiff for a river tour.,the tourists are at home,0,0,0,1,0,2,0,0,2,2,0,2,1,5,1,0,0,0,0,0,0,0,0,0,0,0,0,1,3,0
1167,A band performing on stage while the crowd observes with there hands in the air.,A band performs for nobody at all.,0,0,0,2,0,2,0,0,2,2,0,2,6,5,4,0,1,0,0,0,0,0,0,0,0,0,0,1,0,0
1168,"A little boy is in a swimming pool with goggles on, covering his mouth and nose with his hands just above the surface of the water.",Nobody has goggles.,0,1,0,1,1,1,1,1,0,2,2,0,9,5,2,0,0,0,0,0,0,0,0,0,0,0,1,1,3,5
1169,A beautifully dressed little girl poses in the forest with her walking stick.,The little girl is swinging on the swing.,0,1,0,1,2,1,2,3,0,4,2,1,2,4,6,0,1,0,0,0,0,0,0,0,0,0,0,6,5,6
1170,A man wearing denim plays a bass against a dun wall.,a woman is sleeping,0,1,0,1,2,1,1,3,0,0,3,0,1,4,2,0,0,1,0,2,1,0,2,1,0,4,4,7,2,9
1171,A young man wearing a green T-shirt and a backpack is waiting with some other people for transportation.,A young man is wearing a blue T-shirt.,0,1,0,1,1,1,1,1,0,0,1,0,1,8,0,0,1,1,0,0,1,0,3,1,0,2,4,7,1,9
1172,Two white girls holding up signs advertising for a car wash fundraiser.,Two black girls are holding up a sign advertising a car wash.,0,0,0,2,0,2,0,0,2,2,0,2,2,0,1,0,1,0,0,1,2,0,1,2,0,1,2,1,7,2
1173,A woman reading her paper while waiting for the train.,The women is reading a long novel waiting for the train.,0,1,0,1,2,1,1,3,0,0,3,1,2,9,5,0,1,0,0,1,0,0,1,0,0,1,0,1,1,1
1174,A young man parasailing on the ocean.,The man is water skiing.,0,1,0,1,1,1,1,1,0,0,1,0,1,8,0,0,0,1,0,0,1,0,3,1,0,2,4,7,6,9
1175,There are many young people climbing stairs with one guy in blue jeans and t-shrt looking back at the cameraman.,The people are sitting at a a table.,0,0,0,2,0,2,0,0,2,2,0,2,9,6,1,0,0,1,0,2,1,0,2,1,0,4,4,7,8,4
1176,Two women sit on blocks underneath an umbrella.,No person in the frame is standing underneath anything at all.,0,0,0,2,0,1,0,0,0,2,0,0,9,5,2,0,0,1,0,2,1,0,2,1,0,4,4,1,8,4
1177,A woman smokes a cigarette besides an electrical box and a billboard advertising church,A woman smoking a cigar near a restaurant.,0,1,0,1,2,1,1,3,0,0,3,1,2,4,5,0,1,0,0,1,0,0,1,0,0,1,0,1,7,0
1178,"A man is about to catch something, next to the pool, at a pool party.",the woman is at the market,0,1,0,1,2,1,1,3,0,0,3,0,2,4,0,0,0,0,0,2,0,0,2,0,0,4,0,7,2,1
1179,A boy wearing a red shirt and white and aqua surf shorts is looking at a soccer ball on the beach.,The boy is shirtless,0,1,1,1,1,0,2,1,1,4,2,4,0,2,9,0,1,0,0,0,0,0,3,0,0,3,1,0,3,5
1180,A man is standing by a table in a banquet room filled with people and tables.,A man is sitting by a table in a bathroom filled with people and tables.,0,1,0,1,1,1,1,1,0,0,1,0,1,8,0,0,1,0,0,1,2,0,1,2,0,1,2,1,0,2
1181,Some boys playing soccer in the sand,The boys are playing football.,0,0,1,2,0,0,2,0,1,4,2,4,0,7,8,0,1,0,2,1,0,2,3,0,2,3,1,5,3,7
1182,Three males are sitting on a sofa with beers on a table in front of them.,Three guys are building a house.,0,0,0,2,0,2,0,0,2,2,0,2,9,0,1,0,0,0,0,0,0,0,0,0,0,0,0,1,3,0
1183,A man and children work on the engine of an old truck.,A man and children are walking in a park.,0,0,0,2,0,1,0,0,0,2,0,0,9,6,0,0,0,0,0,0,0,0,0,0,0,0,0,1,8,8
1184,Five men playing an interesting sport.,The men are watching a movie together.,0,0,0,2,0,2,0,0,2,2,0,2,9,0,7,0,0,0,0,0,0,0,0,0,0,0,0,1,8,0
1185,A girl laying on a sidewalk.,a girl running down the sidewalk,0,1,0,1,2,1,1,3,0,4,2,1,2,4,6,0,1,0,0,1,0,0,1,0,0,1,0,6,5,6
1186,A yellow gloved diver with a snorkel and mask swims underwater carrying a box with a handle.,a man skydives,0,1,0,1,1,1,1,1,0,0,1,0,1,8,0,0,0,1,0,2,1,0,2,1,0,4,4,7,8,4
1187,Little boy in his bathing suit tentatively preparing to step in the rocky-lined stream.,A little boy is preparing to step into an igloo.,0,1,1,1,1,0,2,1,1,4,2,4,0,2,9,0,1,0,0,0,0,0,3,0,0,3,1,0,3,5
1188,A young woman with her face painted plays the cello.,A woman is playing a trombone.,0,1,0,1,2,1,1,3,0,0,3,1,6,4,5,0,1,0,0,0,0,0,0,0,0,0,0,1,8,0
1189,"There are two men on a ladder one is at the top handing down to the other guy the number ""O"" as this what they do for a living.",Two women work on a ladder.,0,0,0,1,0,2,0,0,2,2,0,2,9,0,1,0,1,0,0,0,2,0,3,2,0,3,2,1,3,2
1190,Two doctor working on a person in the operating room.,The doctors are working on a person in an ambulance.,0,0,0,2,0,1,0,0,0,2,0,0,9,0,0,0,1,0,0,1,2,0,1,2,0,1,2,1,0,2
1191,A woman wearing a pink shirt jumps in the air with her arms and legs spread to her sides.,The woman is crawling.,0,1,1,1,2,0,1,3,1,0,3,4,2,4,9,0,0,0,0,0,0,0,0,0,0,0,0,1,8,1
1192,An old man walking a ferrett through the street on a leash.,A young woman is walking next to a dog that isn't on a leash.,0,1,0,1,2,1,1,2,0,0,4,1,2,3,5,0,1,0,0,0,2,0,3,2,0,3,2,1,9,2
1193,"A young woman wearing a black and red striped shirt stands in front of a microphone, across stage from a guitar player.",Nobody is wearing black,0,1,0,2,2,1,0,3,0,2,3,0,9,5,2,0,0,1,0,2,1,0,2,1,0,4,4,1,2,4
1194,A woman wearing a pale shirt and jeans is sitting on a couch next to a man in a maroon shirt.,A can of pop explodes.,0,1,0,1,2,2,0,3,2,2,3,2,9,6,1,0,0,1,0,2,1,0,2,1,0,4,4,7,2,4
1195,A man wearing dark green shirt and sweatpants is showing off a stuffed toy,A man is showing his bike to his friends.,0,1,0,1,1,2,1,1,2,0,1,2,1,8,1,0,0,0,0,0,0,0,3,0,0,2,0,7,1,0
1196,"There is a little boy in a red shirt and orange shorts riding a bicycle that has been decorated with red, white, and blue items.",The boy is playing video games at home.,0,1,1,1,1,0,2,1,1,4,2,4,0,2,9,0,0,0,0,2,0,0,2,0,0,4,1,7,2,5
1197,"A man walks through a clearing and carries a rifle along his back, casually holding it by the muzzle.",A man is walking and carrying a fishing pole.,0,1,0,1,1,1,1,1,0,0,1,0,1,8,0,0,1,0,0,1,0,0,3,0,0,2,0,1,1,0
1198,"Men and women view cows, guns and symbols in pieces in a art gallery.",People are screaming at eachtoehr,0,0,0,2,0,2,0,0,2,2,0,2,9,6,4,0,0,0,0,2,0,0,2,0,0,4,0,7,8,8
1199,White dog in the water.,The dog is very dry.,1,1,1,0,2,0,3,2,3,3,4,3,5,3,3,1,1,0,1,0,0,1,3,3,1,3,3,2,9,3
1200,A girl and a toddler are looking in different directions on a sidewalk.,A girl and a toddler are looking at each other on a sidewalk.,0,0,0,2,0,2,2,0,2,4,2,2,0,7,1,0,1,0,0,1,2,0,1,2,0,1,2,1,7,2
1201,A little girl wearing a black swimming suit holding a shovel at a beach.,The girl is in a forest,0,1,0,1,2,1,2,3,0,4,2,1,2,4,6,0,0,0,0,0,0,0,0,0,0,0,0,6,5,6
1202,The group of young people are in a bubble bath enjoying themselves.,One adult bathes alone.,0,0,0,2,0,2,0,0,2,2,0,2,9,5,1,0,0,0,0,0,2,0,3,2,0,3,2,7,3,2
1203,A crowd of people are running in a race.,They monkeys throw bowling balls at each other,0,0,0,2,0,2,0,0,2,2,0,2,9,6,7,0,0,0,0,2,0,0,0,0,0,0,0,1,8,8
1204,A clown with a red nose and theatrical makeup is wearing a colorful striped shirt and squirting water out of his eye.,The clown is dead and buried at a cemetery.,0,1,0,1,1,1,1,1,0,0,1,0,1,8,0,0,0,0,0,0,2,0,3,2,0,0,2,1,3,2
1205,"A woman in a black shirt and apron is busy weighing fish on a scale at a fish market, with a variety of fish meats on display in front of her.",the woman is naked,0,1,0,1,2,1,1,3,0,0,3,0,1,9,0,0,0,1,0,2,1,0,2,1,0,4,4,7,8,4
1206,Several street performers beat tribal drums and dance while wearing matching white and red garb.,The performers are singing.,0,0,0,2,0,2,0,0,2,2,0,2,6,6,4,0,1,0,0,0,0,0,0,0,0,0,0,1,0,0
1207,A traveler is walking down a road.,There is a traveler sitting in the road.,0,1,0,1,1,1,1,1,0,0,1,0,1,1,0,0,1,0,0,1,2,0,1,2,0,1,2,1,7,2
1208,A group of people are carrying flags.,People are walking along the beach.,0,0,0,2,0,2,0,0,2,2,0,2,9,6,1,0,0,0,0,0,0,0,0,0,0,0,0,1,8,8
1209,The guy on the bicycle is doing a very high jump on a track.,A lady on a bike rides quietly.,0,1,0,1,2,1,1,3,0,0,3,0,8,1,0,0,0,0,0,2,0,0,2,0,0,4,0,8,2,0
1210,Two brown dogs with blue collars are running in the grass.,The dogs are sitting by the pond.,1,0,1,0,0,0,3,2,3,3,4,3,4,3,3,1,0,0,1,0,0,1,0,3,3,0,3,3,8,3
1211,A man hits a volleyball on a beach volleyball court while spectators look on.,"A man is in the shower, washing off the grime from work.",0,1,0,1,1,2,2,1,2,0,1,2,1,8,7,0,0,1,0,2,1,0,2,1,0,4,4,7,6,9
1212,Some men work to paint and a sand a cement area.,There are no men,0,0,0,2,0,1,0,0,0,2,0,0,9,5,2,0,0,0,0,2,0,0,2,0,0,4,0,1,2,0
1213,A young women with long blond-hair is planting in a garden.,A short haired woman picking berries.,0,1,0,1,2,1,1,3,0,0,3,1,2,4,5,0,1,0,0,0,0,0,0,0,0,0,0,1,3,1
1214,A bearded man is riding a bicycle on the beach.,A man is lying on the beach,0,1,0,1,1,1,1,1,0,0,1,0,1,8,0,0,1,0,0,0,2,0,3,2,0,3,2,1,3,2
1215,A man in an Ozzy t-shirt looks at his breakfast of poached eggs and toast with coffee on the side.,The man is wearing an Iron Maiden shirt,0,1,0,1,1,1,1,1,0,0,1,0,1,8,0,0,0,0,0,0,0,0,3,0,0,2,0,7,6,0
1216,An older man is seen carrying a basket of what some kind of paper over his shoulder.,A young boy delivering news papers.,0,1,0,1,1,1,1,1,0,0,1,0,1,8,0,0,1,1,0,0,1,0,3,1,0,3,4,7,3,4
1217,The man is mushing his dogs on a snow trail,The woman is mushing her dogs on a snow trail.,0,0,1,1,0,0,1,2,3,0,4,3,8,3,3,0,1,0,0,1,2,0,1,2,0,1,2,1,7,2
1218,People are standing on a sidewalk.,The people are driving,0,0,0,2,0,1,0,0,0,2,0,0,9,6,0,0,0,1,0,2,1,0,0,1,0,4,4,1,8,4
1219,A red metal sculpture is surrounded by a large number of people.,No one is near the red sculpture.,0,0,0,2,0,1,0,0,0,2,0,0,9,5,2,0,1,0,0,0,2,0,3,2,0,3,2,1,3,2
1220,"A person wearing a white suit is riding their bike through a dense forest, on a trail.",A person is sitting in his car driving to work.,0,1,0,1,1,1,1,1,0,0,1,0,1,1,0,0,0,1,0,2,1,0,2,1,0,4,4,7,2,9
1221,Two men are sitting on a bench looking at a water fountain,the men are standing in front of a water fountain.,0,0,0,2,0,2,0,0,2,2,0,2,9,0,1,0,1,0,0,1,0,0,1,0,0,1,0,1,5,0
1222,"This is a scene of several people walking outside during the day, including a woman with two coffee urns.",The scene consists of a rainy night where the streets are completely dead.,0,0,0,2,0,1,0,0,0,2,0,0,9,5,2,0,0,1,0,2,1,0,2,1,0,4,4,7,2,4
1223,Man in a red shirt riding his bicycle around water.,A shirtless man thinks about his life.,0,1,0,1,1,1,1,1,0,0,1,0,8,8,0,0,0,1,0,2,1,0,2,1,0,2,4,7,6,9
1224,A man in a hat and coat is talking on the phone next to a building with a sign that is in a foreign language.,Man attacked as he throws banana at stray cats,0,1,0,1,1,1,1,1,0,0,1,0,1,8,0,0,0,1,0,2,1,0,2,1,0,4,4,7,6,4
1225,A child gets her face painted by a older woman.,The child gets a balloon animal made by the old lady.,0,1,0,1,2,1,1,3,0,0,2,1,2,4,5,0,1,0,0,0,2,0,3,2,0,0,2,1,3,2
1226,A man in winter clothing playing an instrument on the street.,Two guys are performing on stage playing instruments.,0,1,0,2,1,2,0,1,2,2,1,2,6,0,4,0,0,0,0,0,0,0,3,0,0,2,0,7,6,0
1227,Two women are dancing in red and silver outfits with long veils.,Two women are standing still and thinking on the meaning of life.,0,0,0,2,0,1,0,0,0,2,0,1,2,9,5,0,0,0,0,0,0,0,0,0,0,0,0,1,8,1
1228,A man and woman are sitting at a table with a Jenga game in front of them and a few beer bottles.,A man and woman are swimming.,0,0,0,2,0,2,0,0,2,2,0,2,9,6,1,0,0,0,0,0,0,0,0,0,0,0,0,1,8,0
1229,A clown with colorful pants sitting on a bench of a old building.,The clown is standing up.,0,1,0,1,1,1,1,1,0,0,1,0,1,8,0,0,1,0,0,1,2,0,1,2,0,1,2,1,1,2
1230,A Father and son playing with a wooden train set on a city carpet.,A father and son play basketball outside.,0,0,0,2,0,2,0,0,2,1,0,2,3,0,7,0,1,0,0,0,2,0,3,2,0,0,2,1,3,2
1231,A person on a bicycle rides by another person on a small boat in a canal.,The man on the motorcycle races the cruise liner.,0,1,0,1,1,2,0,1,2,0,1,2,9,1,1,0,0,0,0,2,0,0,2,0,0,4,0,1,2,0
1232,a little girl hugging a huge egg,The boy is throwing the ball.,0,1,1,2,2,0,2,1,1,4,2,4,0,2,9,0,0,1,0,2,1,0,2,1,0,4,4,7,2,4
1233,"Two women standing in front of an open door, the older woman is helping to dress the younger one.",the men are lying on the bed,0,0,0,2,0,1,0,0,0,2,0,0,9,9,2,0,0,1,0,2,1,0,2,1,0,4,4,7,2,4
1234,"The drunk man in the gray shirt is attempting to drill into a keg of beer, while another keg awaits.",A child drinks a juice box,0,1,0,1,1,1,1,1,0,0,1,0,1,2,0,0,0,1,0,2,1,0,2,1,0,4,4,7,6,4
1235,"Several members of a wedding party, including the bride, are walking past a lamp and some park benches.",The people are laying down.,0,0,0,2,0,2,0,0,2,2,0,2,9,6,1,0,0,0,0,2,0,0,0,0,0,4,0,1,8,8
1236,A person in a white helmet is standing next to a ladder.,A person is wearing a black helmet,0,1,0,1,1,1,1,1,0,0,1,0,1,1,0,0,1,0,0,1,2,0,3,2,0,1,2,1,1,2
1237,A man in a tuxedo and a woman in a white dress holding a bouquet are standing outdoors.,A couple is standing inside.,0,0,0,2,0,2,0,0,2,2,0,2,9,6,1,0,0,0,0,0,0,0,0,0,0,0,0,1,3,0
1238,Two men dressed in Red Bull merchandise are celebrating by opening drinks together at an event.,Two men display no brand insignia as they sip their drinks.,0,0,0,2,0,2,0,0,2,2,0,2,9,0,1,0,1,0,0,0,0,0,3,0,0,0,0,1,3,0
1239,A female gymnasium in a blue leotard getting hugged by someone else in a blue jacket and black pants.,The leotard is red.,0,1,0,1,2,1,1,3,0,0,3,0,2,4,0,0,1,0,0,0,0,0,0,0,0,0,0,1,3,0
1240,People standing around in a library.,There are people on an airplane.,0,0,0,2,0,1,0,0,0,2,0,0,9,6,0,0,0,0,0,0,0,0,0,0,0,0,0,1,8,8
1241,A little boy plays a toy guitar while singing into a toy microphone.,A boy plays the drums for his friends band.,0,1,0,1,1,2,2,1,2,4,2,2,6,2,4,0,1,0,0,0,0,0,3,0,0,3,0,0,3,0
1242,A man is sleeping inside on a bench with his hat over his eyes.,The man is walking,0,1,0,1,1,1,1,1,0,0,1,0,1,8,0,0,0,1,0,2,1,0,2,1,0,4,4,7,6,9
1243,Man holding a little girl in a street.,Nothing is holding anything,0,1,0,1,1,1,1,1,0,0,0,0,9,5,2,0,0,1,0,2,1,0,2,1,0,4,4,7,6,4
1244,A military group stands at attention.,A group of soldiers are sleeping.,0,0,0,2,0,1,0,0,0,2,0,0,1,5,2,0,0,0,0,0,0,0,0,0,0,0,0,1,8,0
1245,A man in cold-weather gear holding a large camera.,A man in shorts with a video camera.,0,1,0,1,1,1,1,1,0,0,1,0,1,8,0,0,1,0,0,1,2,0,3,2,0,2,2,7,1,2
1246,"A man and a woman sit at the end of a dock which is surrounded by water, near another dock that has a wooden roof-type structure over it.",A man and woman are sitting on a dock in a dried out lake.,0,0,0,2,0,2,0,0,2,2,0,2,9,6,1,0,1,0,0,1,2,0,1,2,0,1,2,1,7,2
1247,"Two men, one on a ladder, the other on roof beams, work on constructing a structure.",A couple of men are looking at construction plans and talking.,0,0,0,2,0,2,0,0,2,2,0,2,9,0,1,0,1,0,0,0,0,0,0,0,0,0,0,1,0,0
1248,A large huddle of young people in swimwear reaching their hands toward the center of their huddle.,The basketball team lost the game.,0,0,0,2,0,2,2,0,2,1,0,2,3,6,7,0,0,1,0,2,1,0,2,1,0,4,4,7,2,4
1249,Boy in gray sweater outside with leaves.,The kid spends all his time in the house playing video games.,0,1,1,1,1,0,2,1,1,4,2,4,0,2,9,0,0,0,0,2,0,0,2,0,0,4,1,0,2,5
1250,A climber in an orange helmet is ascending attached to a rope whilst climbing a rock face.,The climber is descending from the mountain.,0,1,0,1,1,1,1,1,0,0,1,0,8,1,0,0,1,0,0,0,2,0,3,2,0,3,2,7,3,2
1251,A man in a green jacket and shorts fishes off the rocks.,A man is sleeping in a bed.,0,1,0,1,1,1,1,1,0,0,1,0,1,8,2,0,0,1,0,2,1,0,2,1,0,4,4,7,6,9
1252,Swimmers are playing an indoor game of water polo while several spectators watch.,People are watching a tennis match.,0,0,0,2,0,2,2,0,2,1,0,2,3,6,7,0,1,0,0,1,2,0,1,2,0,0,2,9,0,2
1253,Two people looking across a valley.,Two people at a movie premier.,0,0,0,2,0,1,0,0,0,2,0,0,9,6,0,0,0,1,0,0,1,0,0,1,0,0,4,1,8,4
1254,A young girl is laying in the grass posing for the camera,A young girl runs around in a grassy park.,0,1,0,1,2,1,2,3,0,4,2,1,2,4,6,0,1,0,0,1,0,0,1,0,0,0,0,6,5,6
1255,A US Army chief warrant officer shakes hand with a woman as others watch on.,A woman is getting punished by the US Army officer.,0,1,0,1,2,1,0,3,0,2,3,1,2,9,5,0,0,1,0,0,1,0,3,1,0,3,4,7,3,4
1256,a kid wearing snowshoes and laying on his back on snow,It is summer time.,0,1,0,2,1,2,2,1,2,4,2,2,0,2,1,0,0,0,0,0,0,0,0,0,0,3,1,7,3,5
1257,A disabled combat veteran sells hotdogs and pretzels on the sidewalk.,A veteran sells food in a restaurant.,0,1,0,1,1,1,1,1,0,0,1,0,2,1,0,0,1,0,0,1,2,0,1,2,0,1,2,1,7,2
1258,Two paramedics are tending to an injured person.,Some people are sleeping.,0,0,0,2,0,1,0,0,0,2,0,0,9,5,2,0,0,0,0,2,0,0,2,0,0,4,0,7,8,8
1259,A young man is concentrating on playing with a notebook.,A young woman is concentrating on playing with a notebook.,0,1,0,1,2,1,1,3,0,0,3,0,2,4,0,0,1,0,0,1,2,0,1,2,0,1,2,1,7,2
1260,Two women sitting on the beach having a chat.,"Two guys jog silently along the beach, not sparing breath for conversation.",0,0,0,2,0,2,0,0,2,2,0,2,9,0,7,0,1,0,0,0,0,0,3,0,0,0,0,1,3,0
1261,A group of young boys play a basketball game.,A group of children are playing soccer.,0,0,0,2,0,2,2,0,2,4,2,2,0,7,7,0,1,0,2,1,0,2,1,0,2,0,1,5,3,7
1262,"A woman sunbathing on the roof of a building in a black bathing suit, with other buildings in the distance.",cat looks down hole,0,1,1,1,2,0,1,3,3,0,3,3,2,4,3,0,0,1,0,2,1,0,2,1,0,4,4,7,2,4
1263,Two people climbing up a snowy mountain.,Two friends are seen relaxing at the foot of a mountain.,0,0,0,2,0,1,0,0,0,2,0,0,9,6,0,0,1,0,0,0,2,0,0,2,0,0,2,1,3,2
1264,A man dressed in orange looks like he is playing an instrument.,The woman is singing,0,1,0,2,2,2,0,3,2,2,3,2,6,4,4,0,0,1,0,2,1,0,2,1,0,4,4,7,2,4
1265,A man dressed all in black talks with a lady wearing a light blue dress and a white headscarf.,The man is pushing a wheelbarrow on a tightrope.,0,1,0,1,1,1,1,1,0,0,1,0,1,8,0,0,0,1,0,2,1,0,2,1,0,4,4,7,2,9
1266,A group of protesters holding sings and raising their arms up in the air,The people are very somber.,0,0,0,2,0,2,0,0,2,2,0,2,9,6,1,0,0,1,0,2,1,0,0,1,0,4,4,1,8,4
1267,There is a white and black dog jumping off the ground trying to catch a ball.,There is a red dog lying on the ground by a ball,1,1,1,0,2,0,3,2,3,3,4,3,5,3,3,1,1,0,1,0,0,1,3,3,1,3,3,2,9,3
1268,A poverty stricken housing area with a lady in black with white headdress in the distance.,rich people partying on a yacht,0,0,0,2,0,2,0,0,2,2,0,2,9,6,1,0,0,1,0,2,1,0,2,1,0,4,4,1,2,4
1269,A person is skiing in a race.,A person is riding a jet ski down a mountain.,0,1,0,1,1,1,1,1,0,0,1,0,8,1,0,0,1,0,0,1,2,3,1,2,4,1,2,4,7,2
1270,Woman waitress at a restaurant.,The waitress is a man.,0,1,0,1,2,1,1,3,0,0,3,0,2,4,0,0,1,0,0,1,0,0,1,0,0,1,0,1,7,1
1271,A brown dog on the sand.,A dog is sleeping in a cage.,1,1,1,0,2,0,3,2,3,3,4,3,5,3,3,1,0,0,1,2,0,1,2,3,1,4,3,2,9,3
1272,A toddler is grasping pawns on a chessboard.,The toddler is sleeping on its mother.,0,1,1,1,2,0,2,3,1,4,2,4,0,2,9,0,0,0,0,0,2,0,3,2,0,3,2,7,3,2
1273,"Students, and their teachers in a classroom going over material.",A class dismissing.,0,0,0,2,0,1,0,0,0,2,0,0,9,6,0,0,1,0,0,1,2,0,1,2,0,1,2,1,0,2
1274,A man with a beard and long hair plays the guitar.,A clean-shaven man plays a guitar.,0,1,0,1,1,2,1,1,2,0,1,2,6,8,4,0,1,0,0,1,0,0,1,0,0,1,0,7,1,0
1275,A father feeding his child on the street.,The man is riding a horse.,0,1,0,1,1,1,1,1,0,0,1,0,1,8,0,0,0,1,0,2,1,0,2,1,0,2,4,7,6,9
1276,A girl with glasses listening to earbuds.,The music was loud.,0,1,0,2,2,2,0,3,2,2,3,2,6,4,4,0,0,1,0,2,1,0,2,1,0,4,4,7,2,9
1277,"Several people sitting, relaxing in the snow.",Some people are laying on the beach.,0,0,0,2,0,2,0,0,2,2,0,2,9,6,1,0,0,0,0,0,0,0,0,0,0,0,0,1,8,8
1278,A girl wearing a colorful hat sits on a woven mat.,A woman is standing under an umbrella.,0,1,0,1,2,1,1,3,0,0,3,1,2,4,5,0,0,1,0,2,1,0,2,1,0,4,4,7,8,4
1279,Two men kayaking in rough waters.,Two sisters ride in an offroad vehicle,0,0,0,2,0,2,0,0,2,2,0,2,9,0,7,0,0,0,0,2,0,0,2,0,0,4,0,7,8,0
1280,"One woman with a pink top, one with an orange top, one with a black top along with their children are walking to a boat",A man and a woman eat lunch in a bar.,0,0,0,2,0,2,0,0,2,2,0,2,9,6,1,0,0,0,0,2,0,0,2,0,0,4,0,7,2,8
1281,A young girl in dark shorts and a blue tank top runs on the grass near an orange cone and tape.,A young girl is lying in the dirt wearing a raincoat near a McDonalds.,0,1,0,1,2,1,2,3,0,4,2,1,2,4,6,0,0,0,0,0,0,0,0,0,0,0,0,6,5,6
1282,A man with a black hat is walking with a riffle.,The hat is blue,0,1,0,1,1,1,1,1,0,0,1,0,1,1,0,0,1,0,0,0,0,0,3,0,0,2,0,7,1,0
1283,Three people stand on a stark black stage next to a black chair and a guitar.,the circus is on stage,0,0,0,2,0,1,0,0,0,2,0,0,6,6,0,0,1,0,0,0,0,0,0,0,0,0,0,1,0,8
1284,A woman in a red apron is preparing food.,The person is wearing a blue apron.,0,1,0,1,2,1,1,3,0,0,3,0,2,4,0,0,1,0,0,1,2,0,1,2,0,1,2,1,3,2
1285,Men picket in a city street.,The men are building a bridge.,0,0,0,2,0,2,0,0,2,2,0,2,9,0,1,0,0,1,0,2,1,0,2,1,0,4,4,1,8,4
1286,A puppy is playing with a tennis ball on a well-kept path lined with groomed bushes.,A lion is playing with a tennis ball on a well-kept path lined with groomed bushes.,1,1,1,0,2,0,3,2,3,3,4,3,7,3,3,1,1,0,1,1,2,1,1,2,1,1,2,2,7,2
1287,man dragging a boat through the mud.,A man paddling his boat.,0,1,0,1,1,2,1,1,2,0,1,2,1,8,1,0,1,1,0,1,1,0,3,1,0,2,4,7,1,9
1288,A young boy smiles while playing with a soccer ball.,A teenage girl is kicking a football.,0,1,0,2,2,1,2,3,0,4,2,0,0,2,0,0,0,0,0,0,0,0,0,0,0,0,0,7,8,0
1289,A woman wearing a blue coat in a lake fishing.,Woman wearing a bikini dances in a lake.,0,1,0,1,2,1,1,3,0,0,3,1,2,4,5,0,1,0,0,0,2,0,0,2,0,0,2,1,3,2
1290,A man wearing denim plays a bass against a dun wall.,A man fishes for bass at a lake.,0,1,0,1,1,1,1,1,0,0,1,0,1,8,0,0,0,1,0,0,1,0,3,1,0,2,4,7,6,9
1291,An infant in stroller wears a stethoscope and plays with latex gloves.,The infant is crawling around outside the stroller.,0,1,1,1,2,0,2,1,1,4,2,4,0,2,9,0,1,0,0,1,0,0,3,0,0,3,1,1,3,5
1292,"Man in blue and gray sweater, blue jeans and blue shoes with blue socks, sitting on a white foldable chair, sleeping.",A man is cooking breakfast.,0,1,0,1,1,1,1,1,0,0,1,0,1,8,0,0,0,1,0,2,1,0,2,1,0,2,4,7,6,9
1293,A group of people eating on a picnic table at a park.,The people are are playing water polo in the pool.,0,0,0,2,0,2,0,0,2,2,0,2,9,6,1,0,0,0,0,2,0,0,2,0,0,4,0,1,8,8
1294,Glossy red apples lay stacked in a metal bowl.,The apples are green.,0,0,0,1,0,1,1,0,0,0,0,0,2,6,0,0,1,0,0,1,2,0,1,2,0,1,2,1,7,2
1295,"Four young men on a dock, two standing, two sitting, with one playing a guitar.",A group of girls singing.,0,0,0,2,0,2,0,0,2,2,0,2,6,0,4,0,0,1,0,2,1,0,2,1,0,4,4,1,2,4
1296,Two basketball players in action.,They are on a baseball field.,0,0,0,2,0,2,2,0,2,1,0,2,3,0,7,0,1,0,0,0,0,0,0,0,0,0,0,9,0,0
1297,A white and brown dog runs in a field with a tennis ball in its mouth.,A black dog sits still in the woods.,1,1,1,0,2,0,3,2,3,3,4,3,5,3,3,1,0,0,1,2,0,1,2,3,1,4,3,2,9,3
1298,"A group of kids, sitting on the floor, in an art museum listening to an older lady.",There are no kids.,0,0,1,2,0,0,0,0,1,2,2,4,9,5,8,0,0,1,0,2,1,0,2,1,0,4,4,7,8,4
1299,A man looks through produce at a Farmers' Market.,A man is in a sports store.,0,1,0,1,1,1,1,1,0,0,1,0,1,8,0,0,1,0,0,0,2,0,3,2,0,2,2,7,1,2
1300,A little boy and girl hugging each other.,a older man and woman hug each other,0,0,0,2,0,2,0,0,2,2,0,2,9,6,1,0,1,0,0,1,0,0,1,0,0,0,0,1,3,0
1301,A dog running though a grassy field.,The dog is walking,1,1,1,0,2,0,3,2,3,3,4,3,5,3,3,1,1,0,1,0,0,1,3,3,1,3,3,2,9,3
1302,"A man, wearing a striped shirt, is sitting at a glass table, working on a Toshiba laptop.",A woman is by her macbook,0,1,0,1,2,1,1,3,0,0,3,0,2,4,0,0,0,0,0,0,2,0,3,2,0,0,2,1,3,2
1303,A plane is flying over a group of people.,A plan crashes into people.,0,0,0,1,0,1,1,0,0,0,0,0,9,6,0,0,1,0,0,1,0,0,1,0,0,0,0,1,0,8
1304,"There is a man with a moustache, cap and backpack standing by a bridge that running crosses water.",Some ducks eat bread.,0,1,0,1,1,1,1,1,0,0,1,0,1,8,0,0,0,1,0,2,1,0,2,1,0,4,4,7,2,4
1305,The black dog is by a soccer ball and the brown dog is running.,Dogs are asleep in their doghouses.,1,0,1,0,0,0,3,2,3,3,4,3,4,3,3,1,0,0,1,2,0,1,2,3,3,4,3,3,8,3
1306,Two boys in a wrestling match.,There are boys eating lunch.,0,0,0,2,0,1,2,0,0,4,2,0,0,7,0,0,0,0,2,0,0,2,3,0,2,3,1,5,3,7
1307,A man in a white shirt sitting beside the road on a pole.,The man is laying in the middle of the road.,0,1,0,1,1,1,1,1,0,0,1,0,1,8,0,0,0,1,0,0,1,0,0,1,0,2,4,7,6,4
1308,Two motorcyclist neck-to-neck about to take a turn,A motorcycle collision.,0,0,0,1,0,1,1,0,0,0,0,0,8,0,0,0,1,0,0,1,0,0,3,0,0,3,0,8,3,0
1309,Small black and white dog wearing a red harness is running around with a ball in its mouth.,a dog runs with a stick,1,1,1,0,2,0,3,2,3,3,4,3,5,3,3,1,0,0,1,0,0,1,3,3,1,3,3,2,9,3
1310,Three people are shoveling sand.,A cat is sitting on top of a jeep.,0,0,1,2,0,0,0,0,3,2,0,3,9,6,3,0,0,1,0,2,1,0,2,1,0,4,4,7,2,4
1311,A blond boy with a navy blue uniform kicks a soccer ball in an open field.,The field is packed with people,0,1,0,2,0,2,2,1,2,1,2,2,3,1,7,0,0,0,0,0,2,0,2,2,0,4,2,1,8,2
1312,Looks like a girl wearing a white shirt and white shorts doing a flip in midair.,A naked girl is showing off her body.,0,1,0,1,2,1,1,3,0,4,2,0,2,4,0,0,1,0,0,1,0,0,1,0,0,0,0,6,5,6
1313,A man in a black shirt and blue jeans stands in front of a shop window next to a open cellar.,two ladies explore a haunted cellar,0,1,0,2,2,1,0,3,0,2,3,0,9,4,0,0,0,0,0,0,0,0,0,0,0,4,0,7,3,0
1314,Two Vancouver policemen riding bikes on a busy street.,Two policemen are walking indoors,0,0,0,2,0,1,0,0,0,2,0,0,9,0,0,0,1,0,0,0,0,0,0,0,0,0,0,1,3,0
1315,"A woman in a cowboy hat walks followed by a man in a blue baseball cap, a boy in a blue t-short and a woman in a green top.",A woman in a hat is sitting alone in a park.,0,1,0,1,2,2,1,3,2,2,3,2,2,9,1,0,0,1,0,2,1,0,2,1,0,4,4,7,8,4
1316,Two men are taking pictures while standing beside an automobile.,Two men driving cars next to each other.,0,0,0,2,0,1,0,0,0,2,0,0,9,0,0,0,1,0,0,0,0,0,0,0,0,0,0,1,0,0
1317,A person dressed in a red hoodie sitting on a bench with their head down and hand over their face.,A person in a black hoodie is chasing a dog down the street.,0,1,0,1,1,1,1,1,0,0,1,0,2,1,0,0,0,1,0,0,1,0,3,1,0,0,4,7,3,4
1318,A child sleeping in peace.,A child is eating bacon.,0,1,1,1,2,0,2,1,1,4,2,4,0,2,9,0,0,1,0,0,1,0,0,1,0,4,4,7,5,9
1319,"A large, golden colored dog is walking through water.",A dog is laying on the back porch.,1,1,1,0,2,0,3,2,3,3,4,3,5,3,3,1,0,0,1,2,0,1,2,3,1,3,3,2,9,3
1320,"While seated outdoors, a man wearing a harlequin shirt and jeans puts white makeup around his eyes.",The man is sitting in his living room.,0,1,0,1,1,1,1,1,0,0,1,0,1,8,0,0,0,1,0,2,1,0,2,1,0,4,4,7,2,4
1321,A white woman is giving a speech under a tent.,A black man giving a speech.,0,1,0,1,1,1,1,1,0,0,1,0,2,1,0,0,1,0,0,0,0,0,3,0,0,0,0,1,3,0
1322,A short-haired woman speaks passionately to a group of younger women wearing traditional Indian dress.,A long-haired woman speaks dismissively about younger women's hip clothing.,0,0,0,2,2,1,0,3,0,2,3,1,2,9,5,0,1,0,0,1,0,0,3,0,0,0,0,1,1,1
1323,A man examines eyepieces with another man and an amused child.,Three elderly women are examining eyepieces.,0,0,0,2,0,2,0,0,2,2,0,2,9,0,1,0,1,0,0,1,2,0,1,2,0,1,2,1,0,2
1324,Outside there are people and traffic by the corner.,The streets are deserted.,0,0,0,2,0,1,0,0,0,2,0,0,9,5,2,0,0,0,0,2,0,0,2,0,0,4,0,1,2,0
1325,People shaping pieces of stone into bricks.,A group of people throw bricks at each other.,0,0,0,2,0,2,0,0,2,2,0,2,9,6,1,0,1,0,0,1,2,0,1,2,0,1,2,1,0,2
1326,Three people are climbing rocks near a small waterfall.,Nobody is climbing.,0,0,0,1,0,1,0,0,0,2,0,0,9,5,2,0,0,1,0,2,1,0,2,1,0,4,4,1,2,4
1327,People waiting in line for their favorite beverage.,People are waiting for hot food.,0,0,0,2,0,2,0,0,2,2,0,2,9,6,1,0,1,0,0,1,0,0,1,0,0,1,0,1,0,8
1328,A group of people running on a beach at dawn.,Running on the beach at midnight.,0,0,0,2,0,2,0,0,2,2,0,2,9,6,1,0,1,0,0,1,2,0,1,2,0,1,2,1,0,2
1329,A young boy wearing rubber boots dark shorts and a checkered shirt is lying down sleeping on stacks of yellow metal guard rails.,A boy wearing sandals sleeps on a stack of guard rails.,0,1,1,1,1,0,2,1,1,4,2,4,0,2,9,0,1,0,0,1,0,0,1,0,0,1,1,0,7,5
1330,A person in bed reads People Magazine.,The person is on the couch.,0,1,0,1,1,1,1,1,0,0,1,0,1,4,0,0,1,0,0,0,0,0,3,0,0,0,0,1,3,0
1331,A child is performing a skateboard trick while another child with a skateboard leans on a wall.,Two girls are playing with dolls inside.,0,0,1,2,0,0,2,0,1,4,2,4,0,7,8,0,0,0,0,0,0,0,0,0,0,0,1,1,5,7
1332,Toddler standing near a pole with an orange life jacket at his feet.,A grown man wades into some water.,0,1,0,1,1,1,1,1,0,0,1,0,1,8,0,0,0,1,0,2,1,0,2,1,0,4,4,7,2,4
1333,A man in a gray shirt climbs a large rock wall.,A man in a gray shirt is sitting on a couch in a room.,0,1,0,1,1,1,1,1,0,0,1,0,1,8,0,0,1,0,0,1,2,0,3,2,0,3,2,7,1,2
1334,A bunch of people outdoors and some of them are wearing hard hats.,There are people working inside a warehouse.,0,0,0,2,0,2,0,0,2,2,0,2,9,6,1,0,0,0,0,0,0,0,0,0,0,0,0,1,8,8
1335,Two musicians are playing music in a barn.,Three musicians are playing music in a barn.,0,0,0,2,0,2,0,0,2,2,0,2,6,0,4,0,1,0,0,1,2,0,1,2,0,1,2,1,7,2
1336,A man is holding onto handles in the air.,The man is a paraplegic.,0,1,0,1,1,1,1,1,0,0,1,0,1,8,0,0,1,1,0,0,1,0,3,1,0,2,4,7,1,9
1337,two men cleaning the outside windows of a yacht,Two men are cleaning the windows of a skyscraper.,0,0,0,2,0,1,0,0,0,2,0,0,9,0,0,0,1,0,0,1,2,0,1,2,0,1,2,1,7,2
1338,A child holding some shoes.,The child is tying the shoelaces on his shoes.,0,1,1,1,2,0,2,1,1,4,2,4,0,2,9,0,1,0,0,1,2,0,1,2,0,1,2,1,7,2
1339,The number five is painted on the steps.,A sidewalk runs directly up to the front door of a house.,0,1,0,2,2,2,0,1,2,2,1,2,9,1,1,0,0,0,0,0,0,0,3,0,0,3,0,7,3,0
1340,Person wearing a yellow helmet is riding a dirt bike with a crowd watching.,The person's helmet is blue,0,1,0,1,1,1,1,1,0,0,1,0,8,1,0,0,1,0,0,0,2,0,3,2,0,3,2,1,3,2
1341,A dog playing outside in the grass.,a dog is sleeping inside the garage,1,1,1,0,2,0,3,2,3,3,4,3,5,3,3,1,0,0,1,2,0,1,2,3,1,4,3,2,9,3
1342,A person with a helmet is jumping a bike over something in a wooded area.,The person is wearing a fedora.,0,1,0,1,1,1,1,1,0,0,1,0,8,1,0,0,0,0,0,0,0,0,0,0,0,4,0,7,8,0
1343,A basketball player hanging in the hoop is attempting to high-five the referee.,The basketball player is sitting on the bench.,0,1,0,2,1,2,2,1,2,1,1,2,3,1,7,0,0,0,0,2,0,0,2,0,0,4,0,7,8,0
1344,Woman in black dress holds a piece of paper in her hands as she talks into a microphone.,woman is making a grilled cheese,0,1,0,1,2,1,1,3,0,0,3,0,2,9,0,0,0,0,0,0,0,0,0,0,0,4,0,1,8,1
1345,Man taking his board out for a walk,The man stays inside and watches TV.,0,1,0,1,1,1,1,1,0,0,1,0,1,8,0,0,0,1,0,2,1,0,2,1,0,4,4,7,2,4
1346,Three people are looking at sculptures made of rocks located on a body of water.,Three people looking at the sky.,0,0,0,2,0,2,0,0,2,2,0,2,9,6,1,0,1,0,0,0,2,0,0,2,0,0,2,1,0,2
1347,Policemen are gathered around a glass building.,Policemen running down a track.,0,0,0,2,0,1,0,0,0,2,0,0,9,6,0,0,1,0,0,0,0,0,0,0,0,0,0,1,0,0
1348,A man on a thatched-roof boat with an oar in the back is busy as the boat sits on bluish-green water.,The man is on solid land.,0,1,0,1,1,1,1,1,0,0,1,0,1,8,0,0,0,1,0,0,1,0,3,1,0,2,4,7,1,9
1349,Two people with blue pants and yellow safety vests sit at an open gate on a red and blue wall.,Two people sit on a closed gate.,0,0,0,2,0,2,0,0,2,2,0,2,9,6,1,0,1,0,0,1,2,0,1,2,0,1,2,1,0,2
1350,A man wearing a reflective vest and a hard hat holds a flag in the road,A cat chases a mouse.,1,1,1,0,1,0,3,1,3,3,1,3,7,1,3,0,0,1,0,2,1,0,2,1,0,4,4,7,2,4
1351,A young girl is inspecting a flower outside.,The older lady is planting a garden.,0,1,0,1,2,1,1,3,0,4,3,1,2,4,5,0,0,0,0,0,0,0,3,0,0,0,0,1,3,0
1352,A person is walking while carrying two objects.,The man is laying on the couch asleep.,0,1,0,1,1,1,1,1,0,0,1,0,1,8,2,0,0,1,0,2,1,0,2,1,0,4,4,7,4,4
1353,"A man is running in snowshoes across a snow covered field, with mountains in the background.",The man is ice skating.,0,1,0,1,1,1,1,1,0,0,1,0,8,8,0,0,0,1,0,0,1,0,3,1,0,2,4,7,6,9
1354,The man in the striped apron is dancing with the woman in the polka dotted apron.,no one is in a room filled with cotton candy,0,1,0,2,0,1,0,0,0,2,0,0,9,5,0,0,0,1,0,2,1,0,2,1,0,4,4,7,2,4
1355,A man in a green shirt is doing a trick on a skateboard.,The man is sitting on a bench in the park.,0,1,0,1,1,1,1,1,0,0,1,0,1,8,0,0,0,1,0,2,1,0,2,1,0,4,4,7,6,4
1356,a blond child is sleeping in a stroller.,The blond child is awake.,0,1,1,1,2,0,2,1,1,4,2,4,0,2,9,0,1,0,0,1,0,0,1,0,0,1,1,1,7,5
1357,Woman in white shirt and blue track pants raking leaves.,A woman pulls weeds.,0,1,0,1,2,1,1,3,0,0,3,1,2,4,5,0,1,0,0,1,0,0,1,0,0,1,0,1,3,1
1358,Two women in a crowd are smiling together.,The women are alone sitting in the park.,0,0,0,2,0,2,0,0,2,2,0,2,2,9,1,0,0,1,0,2,1,0,2,1,0,4,4,1,8,4
1359,Two older men and a young woman sit on a bench with a triangle and two half spheres making up the top of the bench.,Some people stand near a road.,0,0,0,2,0,2,0,0,2,2,0,2,9,6,1,0,0,0,0,0,0,0,0,0,0,0,0,1,8,8
1360,Several Asians eat food outdoors.,The people are sleeping.,0,0,0,2,0,1,0,0,0,2,0,0,9,5,2,0,0,0,0,2,0,0,2,0,0,4,0,7,8,8
1361,"A goal has just been scored in a soccer game between two teams, one wearing red and the other wearing yellow.",The teams are playing field hockey.,0,0,0,2,0,2,2,0,2,1,0,2,3,0,7,0,0,0,0,0,0,0,0,0,0,0,0,9,8,0
1362,A black and white dog is walking with a blue Frisbee in its mouth.,a cat playing with yarn,1,1,1,0,2,0,3,2,3,3,4,3,7,3,3,0,0,1,0,2,1,0,2,1,0,4,4,7,2,4
1363,A man wearing a green shirt and carrying a shopping bag is reading the newspaper on a city corner while a woman looks on.,A man is telling a joke to a woman at their dinner table.,0,1,0,1,1,2,0,1,2,2,1,2,9,8,1,0,0,1,0,2,1,0,2,1,0,4,4,7,2,4
1364,A pitcher is getting ready to throw a ball during a baseball game.,A man plays baseball on his video game system,0,1,0,2,1,2,2,1,2,1,1,2,3,1,7,0,1,0,0,1,2,0,3,2,0,3,2,9,1,2
1365,A young boy in a gray beanie is flipping a skateboard off of a curb in an area with graffited walls.,A young boy in a gray beanie is flipping a spaceship off of a curb.,0,1,1,1,1,0,2,1,1,4,2,4,0,2,9,0,1,0,0,1,0,0,1,0,0,1,1,0,7,5
1366,"At some sort of large gathering, a group of men who appear to be chefs stand in a circle sharing some kind of food.",The chefs are sitting down in a circle protesting the fact that they have to share food with everyone,0,0,0,2,0,2,0,0,2,2,0,2,9,6,1,0,1,0,0,1,2,0,3,2,0,0,2,1,0,2
1367,Tourists entering a building in a foreign country.,Some people eating food in a field.,0,0,0,2,0,2,0,0,2,2,0,2,9,6,1,0,0,0,0,2,0,0,0,0,0,4,0,1,8,8
1368,A man wearing a green jacket and hat is snowboarding.,A lady skis.,0,1,0,1,2,1,1,3,0,0,3,0,8,1,0,0,0,0,0,2,2,3,2,2,4,4,2,7,2,2
1369,Group of children surround and pet white dog with blue collar on grass.,The children are sitting on a school bus.,0,0,1,2,0,0,2,0,1,4,2,4,0,7,8,0,0,0,2,2,0,2,0,0,2,4,1,5,8,7
1370,A window artist stops for a quick break as she decides on her next set of strokes.,A woman is running,0,1,0,1,2,1,1,3,0,0,3,1,2,4,5,0,0,1,0,2,1,0,2,1,0,4,4,7,8,4
1371,"A man in a white hat is playing a red and white electric guitar while sitting at a synthesizer with multiple keyboards supported by white PVC pipes, with a blue railing in the background.",the man is at home sleeping,0,1,0,1,1,1,1,1,0,0,1,0,1,8,2,0,0,1,0,2,1,0,2,1,0,4,4,7,2,9
1372,A girl in a red shirt colors as she stands at her desk.,A boy drums his pencil against his head.,0,1,0,1,2,2,1,1,2,0,2,2,1,2,4,0,0,1,0,2,1,0,2,1,0,4,4,7,2,4
1373,A man is jumping a rock on an orange dirt bike.,A man is reading a book.,0,1,0,1,1,1,1,1,0,0,1,0,1,8,0,0,0,1,0,2,1,0,2,1,0,2,4,7,6,9
1374,An older man in safety orange holds a piece of wood next to another older man with gray hair.,Two men walk past each other.,0,0,0,2,0,2,0,0,2,2,0,2,9,0,1,0,0,0,0,0,0,0,0,0,0,2,0,1,8,0
1375,Woman rolling a ball down a bowling alley.,The lady is playing baseball.,0,1,0,2,2,1,2,3,0,1,3,1,3,4,5,0,1,0,0,0,0,0,0,0,0,0,0,1,3,1
1376,A referee tries to break up a fight between two players at a hockey game.,People watching football,0,0,0,2,0,2,2,0,2,1,0,2,3,0,7,0,1,0,0,0,2,0,0,2,0,0,2,9,0,2
1377,A man is drinking his wine while surrounded by food and a huge mess.,A guy drinks water in a clean room.,0,1,0,1,1,1,1,1,0,0,1,0,1,8,0,0,0,1,0,0,1,0,3,1,0,3,4,7,3,9
1378,a chinese motorcyclist smokes a cigarette in traffic.,The motorcyclist is racing down the empty highway.,0,1,0,1,1,1,0,1,0,2,1,0,9,5,2,0,0,0,0,2,0,0,2,0,0,4,0,1,3,0
1379,White dogs stand near a sheep or llama.,Black dogs chase a stork through a river.,1,0,1,0,0,0,3,2,3,3,4,3,4,3,3,1,0,1,1,0,1,1,0,1,3,4,4,3,8,4
1380,a man donates to a panhandler.,A man steals money from an old panhandler.,0,1,0,1,1,1,1,1,0,0,1,0,1,8,0,0,1,0,0,1,2,0,1,2,0,1,2,1,1,2
1381,A group of people are in the water.,A person sitting on dry ground.,0,0,0,1,0,2,1,0,2,0,0,2,9,5,1,0,0,1,0,2,1,0,2,1,0,4,4,7,2,4
1382,Three girls play in the sand.,Girls are sleeping.,0,0,0,2,0,1,2,0,0,4,0,0,2,7,2,0,1,0,0,0,2,0,3,2,0,0,2,6,5,2
1383,A man with a brown suit on is standing up while holding his hands together behind his back.,A man is arm wrestling.,0,1,0,1,1,1,1,1,0,0,1,0,1,8,0,0,1,0,0,0,2,0,3,2,0,2,2,7,1,2
1384,A man close to a red car is taking pictures.,a man is driving a tank next to a black car,0,1,0,1,1,1,1,1,0,0,1,0,9,8,0,0,1,0,0,0,0,0,3,0,0,2,0,1,1,0
1385,Three men are standing outside by the water.,Three men are sitting outside near the water.,0,0,0,2,0,2,0,0,2,2,0,2,9,0,1,0,1,0,0,1,0,0,1,0,0,1,0,1,0,0
1386,A man lifts his bicycle over his head with a smile near a rainy and busy street.,A man lifts up his scooter with a frown.,0,1,0,1,1,1,1,1,0,0,1,0,8,1,0,0,1,0,0,0,0,0,3,0,0,2,0,7,1,0
1387,A woman in torn blue jeans and a short black shirt with paper in her left hand.,A woman in formal wear holding a stick.,0,1,0,1,2,1,1,3,0,0,3,1,2,4,5,0,1,0,0,0,0,0,0,0,0,0,0,1,3,0
1388,An asian woman is jumping in celebration in a park outside the city.,An Asian woman is driving a bus.,0,1,0,1,2,1,1,3,0,0,3,1,2,9,5,0,0,0,0,0,0,0,0,0,0,0,0,1,8,8
1389,"Two men, one wearing a teal shirt and shin guards lay horizontally on logs with their backpacks in sight.",The two men are playing soccer.,0,0,0,2,0,2,0,0,2,1,0,2,3,0,7,0,0,0,0,0,0,0,0,0,0,0,0,1,8,0
1390,Two women are playing keyboards under a lit tent at night.,The two women are cleaning the keyboards.,0,0,0,2,0,1,0,0,0,2,0,1,2,9,5,0,1,0,0,1,0,0,3,0,0,3,0,1,3,1
1391,A toddler is sitting while holding some corn in his hands.,A toddler is swimming,0,1,1,1,2,0,2,1,1,4,2,4,0,2,9,0,1,0,0,0,0,0,3,0,0,3,1,1,3,5
1392,A cyclist is rounding a corner on a wet road.,A man is driving a car around a corner on a dry road.,0,1,0,1,1,1,1,1,0,0,1,0,9,1,0,0,1,0,0,1,0,0,3,0,0,3,0,1,5,0
1393,"On a cloudy day, a man in black clothing and a black hat walks toward a River Valley Metro bus.",The man in black is near a subway.,0,1,0,1,1,1,1,1,0,0,1,0,1,8,0,0,1,0,0,1,2,0,3,2,0,2,2,7,1,2
1394,A rock band with a female vocalist performs in the street with a white van in the background.,A male vocalist sitting in a chair.,0,1,0,2,1,2,0,1,2,2,1,2,6,1,4,0,0,1,0,2,1,0,2,1,0,4,4,7,2,4
1395,Two children swing on a tire swing on a snowy day.,Kids swinging on a tire swing over a creek before swimming .,0,0,1,2,0,0,2,0,1,4,2,4,0,7,8,0,1,0,2,1,2,2,1,2,2,1,2,5,7,2
1396,A skinny brown dog walks across a large piece of fallen tree.,A skinny brown dog is sleeping on a couch.,1,1,1,0,2,0,3,2,3,3,4,3,5,3,3,1,1,0,1,1,0,1,3,3,1,3,3,2,9,3
1397,A girl is holding plastic wrap around her head.,The girl's hands are filled with papers.,0,1,0,1,2,1,2,3,0,4,2,1,2,4,6,0,1,0,0,1,0,0,1,0,0,0,0,6,5,6
1398,Two women are reading informational signs: one of them is wearing a red shirt.,Two women cant read.,0,0,0,2,0,1,0,0,0,2,3,1,2,9,5,0,1,0,0,1,0,0,3,0,0,0,0,1,1,1
1399,"A young girl on a blue and yellow merry-go-round, with a blurry background.",Her dress is purple.,0,1,0,1,2,1,1,3,0,4,3,0,2,4,0,0,0,0,0,0,0,0,0,0,0,0,0,7,5,0
1400,A hiker dressed in a t-shirt and shorts rests and admires the orange and red sands surrounding him in the desert.,The hiker is in the forest,0,1,0,1,1,1,1,1,0,0,1,0,1,1,0,0,1,0,0,1,0,0,3,0,0,3,0,1,3,0
1401,A man in a gray shirt holding a camera.,"There is finally evidence of bigfoot, UFO's and the lockness monster and it's all undeniable photographic evidence taken with the man's camera.",0,1,0,1,1,1,1,1,0,0,1,0,1,8,0,0,0,0,0,0,0,0,3,0,0,2,0,7,6,0
1402,A girl is talking on the phone while sitting on a wall,A girl chases a dog.,0,1,0,1,2,1,2,3,0,4,3,1,2,4,6,0,0,0,0,0,0,0,0,0,0,0,0,6,5,6
1403,A person is laying in the grass in front of the ocean.,The person is sitting in a house.,0,1,0,1,1,1,1,1,0,0,1,0,1,1,0,0,0,1,0,2,1,0,2,1,0,4,4,7,2,4
1404,"A soccer player, in a blue uniform, prepares to put the ball back in play, while keeping it away from a player in a red uniform.",The blue team and the red team are playing tennis.,0,0,0,2,0,2,2,0,2,1,0,2,3,0,7,0,1,0,0,0,0,0,0,0,0,0,0,9,3,0
1405,A man is standing beside a ladder facing it with tree debris all around him.,the man is wearing a dress.,0,1,0,1,1,1,1,1,0,0,1,0,1,8,0,0,0,1,0,2,1,0,2,1,0,2,4,7,6,9
1406,"Boy wearing a blue, white, and yellow baseball uniform about to hit a ball.",The person is in a coma.,0,1,0,1,1,1,1,1,0,0,1,0,1,1,0,0,0,1,0,2,1,0,2,1,0,4,4,7,2,4
1407,White male squirting lighter fluid on charcoal grill coals while drinking a beer and smoking a cigarette in the woods.,A man is ignites the burner on a stove in his house.,0,1,0,1,1,1,1,1,0,0,1,0,1,8,0,0,0,0,0,0,0,0,3,0,0,2,0,7,6,0
1408,Two young children Bounce on a short trampoline.,The kids are in the swimming pool.,0,0,1,2,0,0,2,0,1,4,2,4,0,7,8,0,0,0,2,0,0,2,0,0,2,0,1,5,3,7
1409,A younger man with a fedora has two empty bottles held up to his mouth.,The man holds a full water bottle.,0,1,0,1,1,1,1,1,0,0,1,0,1,8,0,0,1,0,0,1,0,0,3,0,0,2,0,7,1,0
1410,Woman sitting in the grass under a tree overlooking a field of grass and holding a large pad of white paper.,"A woman sits on a beach, overlooking the sea.",0,1,0,1,2,1,1,3,0,0,3,1,2,4,5,0,1,0,0,1,0,0,0,0,0,0,0,1,3,1
1411,Construction workers with a big stencil about to stencil on the road.,Construction workers are eating lunch beside the road.,0,0,0,2,0,2,0,0,2,2,0,2,9,0,1,0,0,1,0,0,1,0,0,1,0,0,4,1,3,4
1412,An older man and a younger man are wearing jackets.,The men are naked.,0,0,0,1,0,1,1,0,0,2,0,0,1,0,0,0,0,1,0,2,1,0,2,1,0,4,4,7,8,4
1413,Children playing an impromptu game of soccer in the nice outdoor weather.,The children are indoors.,0,0,1,2,0,0,2,0,1,4,2,4,0,7,8,0,1,0,2,0,0,2,0,0,2,0,1,5,3,7
1414,Police on rollerblades talk with a homeless man.,The police are sitting on horses at the park.,0,0,0,2,0,2,0,0,2,2,0,2,9,0,1,0,0,0,0,0,0,0,0,0,0,0,0,1,3,0
1415,A man with a beard is talking on a phone in front of a bookcase.,A man is waiting in the restaurant.,0,1,0,1,1,1,1,1,0,0,1,0,1,8,0,0,0,1,0,2,1,0,2,1,0,2,4,7,6,9
1416,A rodeo rider tries to stay on a bull while another man runs toward him and several spectators watch from behind a gate.,He is going to get gored by the cow.,0,1,0,1,1,1,0,1,0,0,1,0,1,1,0,0,0,1,0,0,1,0,3,1,0,3,4,7,3,4
1417,The man is performing a trick high in the air with a bicycle.,A girl is riding a bike.,0,1,0,1,2,1,1,3,0,0,1,0,8,1,0,0,0,0,0,0,0,0,3,0,0,3,0,8,3,0
1418,"A person is walking on the bridge over a canal, and buildings are bright under sun and clear sky.",The person is riding their bike up the hill.,0,1,0,1,2,1,1,1,0,0,1,0,8,1,0,0,0,0,0,2,0,0,2,0,0,4,0,7,8,0
1419,A person does a trick in the air on a skateboard.,A person carries his skateboard outside.,0,1,0,1,1,1,1,1,0,0,1,0,8,1,0,0,1,0,0,1,2,3,1,2,4,1,2,8,7,2
1420,A man holds a basketball while he leaps through the air to put the ball in the hoop while many people watch from the stands.,A woman is playing golf.,0,1,0,2,2,2,2,3,2,0,3,2,1,4,7,0,0,1,0,2,1,0,2,1,0,4,4,7,2,4
1421,A large group of what appear to be Indian women and children stand for a photo outside of a building.,A large group of Indian women and children sitting in a field.,0,0,0,2,0,2,0,0,2,2,0,2,9,6,1,0,1,0,0,1,0,0,1,0,0,1,0,1,0,1
1422,The little boy wearing no shirt is running by a crowd of people.,The boy is wearing a dress.,0,1,0,1,1,1,2,1,0,4,2,0,0,2,0,0,0,0,0,0,0,0,3,0,0,3,1,0,3,5
1423,A man in a Hawaiian shirt is playing an orange electric guitar on a stage.,A lady is shopping at the mall.,0,1,0,1,2,1,1,3,0,0,3,0,6,4,0,0,0,1,0,2,1,0,2,1,0,4,4,7,2,4
1424,"Two children, an older boy and a younger girl, are walking down a sidewalk wearing their winter coats.",Two children are sitting.,0,0,1,2,0,0,2,0,1,4,2,4,0,7,8,0,1,0,2,0,0,2,0,0,2,0,1,5,3,7
1425,A child standing near a sand pyramid,Jill went up the hill.,0,1,0,1,2,1,1,3,0,0,2,0,2,4,0,0,0,1,0,2,1,0,2,1,0,4,4,7,2,4
1426,Two man finish wrapping a billboard sign on a building that advertises Lombardi sports.,Two men are using sewing machines.,0,0,0,2,0,2,0,0,2,2,0,2,9,0,1,0,0,0,0,0,0,0,0,0,0,4,0,1,8,0
1427,"In this plaza, we see a green VW beetle, a white sports coupe and many people looking at the autos.",There is a bicycle in an empty street,0,1,0,2,0,1,0,0,0,2,0,0,9,5,2,0,0,1,0,2,1,0,2,1,0,4,4,1,2,4
1428,Three people of various ages are relaxing near a log in a grassy area.,The people are sitting on a couch.,0,0,0,2,0,1,0,0,0,2,0,0,9,6,0,0,0,0,0,2,0,0,2,0,0,4,0,1,8,8
1429,Woman sitting by a fountain reading.,A woman is reading a romance novel on a train and getting wierd sideways glances from the other passengers.,0,1,0,1,2,1,1,3,0,0,3,1,2,9,5,0,1,0,0,0,0,0,0,0,0,0,0,1,3,1
1430,A man putting shingles on a roof.,A man is chopping down a tree.,0,1,0,1,1,1,1,1,0,0,1,0,1,8,0,0,0,0,0,0,0,0,3,0,0,2,0,7,6,0
1431,A nice outside nativity scene being viewed by people driving and walking by.,The nativity scene is inside.,0,0,0,2,0,2,0,0,2,2,0,2,9,6,1,0,1,0,0,1,0,0,1,0,0,1,0,1,0,0
1432,several people waiting to get on a train,They are in thier offices.,0,0,0,2,0,1,0,0,0,2,0,0,9,6,0,0,0,0,0,2,0,0,0,0,0,4,0,1,8,8
1433,A street vendor in a red shirt and white hat selling Italian Ices from his cart.,A vendor is selling t shirts,0,1,0,1,1,1,1,1,0,0,1,0,2,1,0,0,1,0,0,1,2,0,1,2,0,1,2,1,1,2
1434,A police officer is standing patrol at the corner near a red fire hydrant.,A police officer enjoys a donut inside.,0,1,0,1,1,1,1,1,0,0,1,0,9,1,0,0,1,0,0,0,0,0,3,0,0,3,0,1,3,0
1435,Two girls in white dresses holding hands and leaning on each another while standing on the shoreline of a calm sea.,The girls are standing next to the river.,0,0,0,2,0,1,0,0,0,2,0,1,2,7,6,0,1,0,0,1,2,0,1,2,0,0,2,6,5,2
1436,A man and a woman are walking on the grass with the American flags on either side of them,A man desecrates a grave.,0,1,0,2,1,1,0,1,0,2,1,0,9,8,0,0,0,1,0,2,1,0,2,1,0,4,4,7,2,4
1437,A woman with dark curly hair and a dark dress is singing and holding a guitar.,A person in a dress is performing before a group of aliens.,0,1,0,1,2,2,1,3,2,0,3,2,2,4,4,0,1,0,0,0,0,0,0,0,0,0,0,1,3,1
1438,A baseball pitcher is throwing a pitch.,A pitcher catching the ball.,0,1,0,2,1,2,2,1,2,1,1,2,3,1,7,0,1,0,0,1,2,0,1,2,0,1,2,9,7,2
1439,A professional looking cyclist rides down a road on a summer day.,A cyclist repairing his broken bike.,0,1,0,1,1,1,1,1,0,0,1,0,8,1,0,0,1,0,0,0,0,0,3,0,0,3,0,8,5,0
1440,A group of men are at a bar having drinks.,The group of men were at the cemetery.,0,0,0,2,0,2,0,0,2,2,0,2,9,0,1,0,0,0,0,0,0,0,0,0,0,0,0,1,5,0
1441,A smiling woman wearing yellow sunglasses and a patterned halter top outdoors.,There are two men.,0,0,0,2,0,2,0,0,2,2,0,2,9,0,1,0,0,1,0,2,1,0,2,1,0,4,4,7,2,4
1442,"a woman with big earrings, holding up her prize ticket, with a huge piece of chocolate cake in front of her","a woman with big earrings, holding up her prize parrot",0,1,0,1,2,1,1,3,0,0,3,1,2,4,5,0,1,0,0,1,2,0,1,2,0,1,2,1,7,2
1443,"A girl is jumping on a trampoline with her arms in the air, while a boy in a blue shirt is bouncing on his stomach.",A girl swims in a pool with her brother.,0,0,1,2,0,0,2,0,1,4,2,4,0,7,8,0,0,0,0,0,0,0,0,0,0,0,1,1,3,7
1444,A crowd gathers in the middle of a sporting event.,No one showed up to the sporting event.,0,0,0,2,0,2,0,0,2,1,0,2,3,5,7,0,0,0,0,0,2,0,3,2,0,0,2,7,3,2
1445,3 women walking down a road,Two men surf the waves.,0,0,0,2,0,2,0,0,2,2,0,2,9,0,1,0,0,1,0,2,1,0,2,1,0,4,4,7,2,4
1446,A wet dog on a leash is running through some water.,A dog is running free through the grass.,1,1,1,0,2,0,3,2,3,3,4,3,5,3,3,1,1,0,1,0,0,1,3,3,1,3,3,2,9,3
1447,A young man is doing an ollie at a skateboard park.,A young woman at the library.,0,1,1,1,2,0,1,3,1,0,3,4,2,4,9,0,0,1,0,2,1,0,2,1,0,4,4,7,2,4
1448,A child laughs while tubing down the snowy mountain.,A child is jumping rope.,0,1,0,1,2,1,2,1,0,4,2,0,0,2,0,0,1,0,0,0,0,0,3,0,0,3,1,1,3,7
1449,A woman wearing nave and black clothing is sitting on a window seal eating a sandwich.,A woman sits on a window seal eating spaghetti.,0,1,0,1,2,1,1,3,0,0,3,1,2,4,5,0,1,0,0,1,0,0,1,0,0,1,0,1,0,0
1450,Black dog in the water shaking the water off of him.,A puppy is burying a bone.,1,1,1,0,2,0,3,2,3,3,4,3,5,3,3,1,0,0,1,0,0,1,3,3,1,3,3,2,9,3
1451,A man with a beard who wears a black knit hat and a gray vest stands by a building.,He is inside waiting on the elevator,0,1,0,1,1,1,1,1,0,0,1,0,1,8,0,0,0,1,0,2,1,0,2,1,0,2,4,7,6,9
1452,A man sits and reads a newspaper on a boat going through the water.,The man is going for a swim.,0,1,0,1,1,1,1,1,0,0,1,0,1,8,0,0,0,1,0,0,1,0,3,1,0,2,4,7,6,9
1453,oriental lady jumping in the air with joy.,A lady jumps rope with her daughter.,0,1,0,1,2,1,1,3,0,4,3,0,2,4,0,0,1,0,0,0,0,0,0,0,0,0,0,1,3,1
1454,Skateboarder doing a kick flip off of a raised platform onto a sidewalk.,Skateboarder is looking out the window at a dog chasing a squirrel.,0,1,0,1,2,1,1,1,0,0,1,0,8,1,0,0,1,0,0,0,2,3,3,2,4,3,2,8,3,2
1455,Three people with hoods on are staring at the ocean.,The people are looking at a TV.,0,0,0,2,0,1,0,0,0,2,0,0,9,6,0,0,0,0,0,0,2,0,0,2,0,0,2,1,8,2
1456,A baseball player in a gray uniform has just swung his baseball bat at home plate on a baseball field.,The baseball player is taking off his cleats and is about to take a shower in the team locker-room.,0,1,0,2,1,2,2,1,2,1,1,2,3,1,7,0,0,0,0,0,0,0,3,0,0,0,0,7,3,0
1457,A bride and groom having their pictures taken at the top of the stairs.,The man and woman just recently got divorced.,0,0,0,2,0,2,0,0,2,2,0,2,9,6,1,0,0,0,0,0,0,0,0,0,0,0,0,1,8,0
1458,Two workers with yellow hard hats and blue working clothes are cleaning a parking lot.,Three cats playing with string,1,0,1,0,0,0,3,0,3,3,0,3,7,0,3,0,0,1,0,2,1,0,2,1,0,4,4,7,2,4
1459,The young girls are listening with books in front of them.,There are only boys depicted in the photo.,0,0,1,2,0,0,2,0,1,4,2,4,0,7,8,0,0,1,0,2,1,0,0,1,0,4,4,1,8,4
1460,Girls performing ballet on an outdoor stage.,There are boys performing in a ballet on a outdoor stage.,0,0,0,2,0,2,0,0,2,2,0,2,9,7,4,0,1,0,0,1,0,0,1,0,0,1,0,1,0,0
1461,Men are playing basketball in front of a large crowd.,A group of men golf in private.,0,0,0,2,0,2,0,0,2,2,0,2,9,0,7,0,0,1,0,0,1,0,0,1,0,4,4,7,8,4
1462,Two hockey teams are shown at the goal where the white team is stopping a goal being made by the blue team.,The blue team made the goal.,0,0,0,2,0,2,2,0,2,1,0,2,3,0,7,0,1,0,0,1,0,0,1,0,0,1,0,9,0,0
1463,A woman in a crowd lifting up her camera to take a photo.,she is eating lunch,0,1,0,1,2,1,1,3,0,2,3,0,2,4,0,0,0,1,0,2,1,0,2,1,0,4,4,1,8,4
1464,"Two older women, one on a bicycle talking in front of a sign in a city with an older gentleman looking on.",The woman are both riding bikes.,0,0,0,2,0,1,0,0,0,2,3,0,2,9,0,0,1,0,0,0,0,0,3,0,0,3,0,1,3,0
1465,The man is walking towards a group of people on a long dirt road.,A woman walks on the road.,0,1,0,1,2,1,1,3,0,0,3,0,1,1,0,0,0,0,0,0,0,0,3,0,0,0,0,1,3,0
1466,A electrician fixing or replacing lights in a office building wearing jeans and a black shirt.,An electrician broke the lights in an office building.,0,1,0,1,1,1,1,1,0,0,1,0,1,8,0,0,1,0,0,1,2,0,1,2,0,1,2,1,7,2
1467,A man in a suit stands in front of a video camera.,The Man is naked in bed.,0,1,0,1,1,1,1,1,0,0,1,0,1,8,0,0,0,1,0,2,1,0,2,1,0,4,4,7,2,4
1468,The young lady with the red shirt is in front of the crowd.,There is a woman in front of a house.,0,1,0,1,2,1,1,3,0,0,3,1,2,4,5,0,0,0,0,0,0,0,0,0,0,0,0,1,8,1
1469,a small tan dog herding some sheep,A dog chases a squirrel.,1,1,1,0,2,0,3,2,3,3,4,3,5,3,3,1,0,1,1,2,1,1,2,1,0,4,4,2,8,4
1470,A lady and her coach practicing boxing in the park.,Two people get into a fight at the park,0,0,0,2,0,1,0,0,0,2,0,0,9,6,0,0,1,0,0,0,0,0,3,0,0,3,0,1,3,0
1471,A little girl holding a camera.,a young girl throws a camera at her mom,0,1,0,1,2,1,1,3,0,4,2,0,2,4,0,0,0,1,0,0,1,0,0,1,0,0,4,7,5,4
1472,A band of five young adult males performing next to a window.,Young men perform on the beach.,0,0,0,2,0,2,0,0,2,2,0,2,6,0,4,0,1,0,0,1,0,0,1,0,0,0,0,1,0,0
1473,A black dog looks up at a white ball that's in midair.,A cat plays with toys.,1,1,1,0,2,0,3,2,3,3,4,3,7,3,3,0,0,1,0,2,1,0,2,1,0,4,4,7,9,4
1474,"People are standing around an American flag that is spread out, facing the wrong direction.",People are standing around eating ice cream.,0,0,0,2,0,2,0,0,2,2,0,2,9,6,1,0,0,0,0,2,2,0,0,2,0,4,2,1,8,2
1475,A woman and child in a strawberry amusement ride.,A child screams as she rides a roller coaster.,0,1,0,1,2,1,2,3,0,4,2,0,0,2,0,0,1,0,0,1,0,0,1,0,0,3,1,1,5,5
1476,"Friends and family relax and sit on lawn chairs next to a fire, at night.",The people are sitting at the bottom of the ocean.,0,0,0,2,0,2,0,0,2,2,0,2,9,6,1,0,0,0,0,2,0,0,2,0,0,4,0,1,2,8
1477,A lady in a sequined hat with red face paint.,A bald man with red face paint.,0,1,0,1,1,1,1,1,0,0,1,1,1,1,5,0,1,0,0,1,0,0,1,0,0,1,0,7,1,0
1478,A group of girls wearing dresses and skirts gathers outside.,The group of girls are inside eating brunch.,0,0,0,2,0,1,0,0,0,4,0,1,2,7,6,0,0,1,0,0,1,0,0,1,0,0,4,7,8,4
1479,A pale tan dog with a ball in its mouth waking in grass.,A whale chases an orca away from her young,1,1,1,0,2,0,3,2,3,3,4,3,5,3,3,0,0,1,0,2,1,0,2,1,0,4,4,7,2,4
1480,"A man in a blue swimsuit and a red beanie kneels in the wet sand on the edge of a beach, making a sand castle that is as tall as he is when he is kneeling.",A man is in a snowstorm,0,1,0,1,1,1,1,1,0,0,1,0,8,8,0,0,0,1,0,2,1,0,2,1,0,2,4,7,6,9
1481,A skinny brown dog walks across a large piece of fallen tree.,A cat lickes cream off his owner's plate.,1,1,1,0,2,0,3,2,3,3,4,3,7,3,3,0,0,1,0,2,1,0,2,1,0,4,4,7,2,4
1482,Two little kids are walking in heavy winter coats down a sidewalk.,the kids are warm and cozy tucked in bed for the night,0,0,1,2,0,0,2,0,1,4,2,4,0,7,8,0,0,0,2,0,0,2,0,0,2,0,1,5,8,7
1483,A man with a beard holding an infant,The baby is crawling.,0,1,1,1,1,0,2,1,1,4,2,4,0,2,9,0,0,0,0,0,0,0,3,0,0,3,1,7,3,5
1484,An asian man is wearing a kimono while practicing his martial arts with a fellow colleague.,Nobody is practicing,0,0,0,2,0,1,0,0,0,2,0,0,9,5,2,0,0,1,0,2,1,0,2,1,0,4,4,7,2,4
1485,A man is standing on top of a tall building that overlooks the city.,A man is sitting in his house.,0,1,0,1,1,1,1,1,0,0,1,0,1,8,0,0,0,1,0,2,1,0,2,1,0,4,4,7,6,4
1486,A small dog running on a beach.,A St. Bernard is flying near the ocean.,1,1,1,0,2,0,3,2,3,3,4,3,5,3,3,1,1,0,1,0,0,1,3,3,1,3,3,2,9,3
1487,two young girls fly a kite.,One lonely teen girl plays with a puppet.,0,0,1,2,2,0,2,3,1,4,2,4,2,7,8,0,0,0,0,0,0,0,0,0,0,4,0,6,5,6
1488,A man is slicing tomatoes on a cutting board on top of a table.,A man is slicing ham.,0,1,0,1,1,1,1,1,0,0,1,0,1,8,0,0,1,0,0,0,0,0,3,0,0,2,0,7,1,0
1489,A middle-aged African-American man wearing a baseball cap and an unbuttoned blue and white plaid shirt was leaning on something near a street.,The middle-aged man was standing straight with his hands in his pockets.,0,1,0,1,1,1,1,1,0,0,1,0,1,8,0,0,0,1,0,2,1,0,2,1,0,2,4,7,6,9
1490,An Asian woman is brushing her teeth in front of a mirror.,a woman eating chocolate,0,1,0,1,2,1,1,3,0,0,3,0,2,4,0,0,0,1,0,0,1,0,0,1,0,0,4,1,8,4
1491,Five white dogs with muzzles are running towards the camera.,Dogs are sleeping,1,0,1,0,0,0,3,2,3,3,4,3,4,3,3,1,0,0,1,0,0,1,0,3,3,4,3,3,8,3
1492,A artist painting the wall covered in bamboo.,a hooligan graffitis a wall,0,1,0,1,1,1,1,1,0,0,1,0,1,1,0,0,1,0,0,0,2,0,3,2,0,3,2,1,1,2
1493,"A woman wearing a white shirt, tan pants, and boots is standing beside a vendor cart that contains various beverages.",The woman is sleeping in her bedroom.,0,1,0,1,2,1,1,3,0,0,3,0,1,9,2,0,0,1,0,2,1,0,2,1,0,4,4,7,2,9
1494,A man wearing a green t-shirt sits with his legs on a ledge and talks on the phone.,A woman calls her mother.,0,1,0,1,2,1,1,3,0,0,3,0,2,4,0,0,0,1,0,2,1,0,2,1,0,4,4,7,2,4
1495,"A man, wearing a short pink skirt, long striped socks, a pink tank top, and a hairnet, is juggling knives to the amusement of onlookers.",Preparing for church,0,1,0,1,1,2,0,1,2,2,1,2,9,1,1,0,0,1,0,2,1,0,2,1,0,4,4,7,2,4
1496,A smiling child sitting in a restaurant at the table.,A grumpy child throws a toy across the room.,0,1,0,1,2,1,2,1,0,4,2,0,0,2,0,0,0,0,0,0,0,0,0,0,0,4,1,1,8,5
1497,A man in a yellow shirt is trying to perform a trick on a bicycle.,A man driving a car down a dirt road.,0,1,0,1,1,1,1,1,0,0,1,0,8,1,0,0,0,1,0,2,1,0,2,1,0,2,4,7,6,9
1498,A man in a red safety hat stands in an orange lift while placing a giant arm on a statue.,A man is painting a picture.,0,1,0,1,1,1,1,1,0,0,1,0,1,8,0,0,0,0,0,0,0,0,3,0,0,2,0,7,6,0
1499,"Little boy in a black hockey sweater, racking in a dirt yard.",The boy is sitting at his laptop.,0,1,1,1,1,0,2,1,1,4,2,4,0,2,9,0,0,0,0,0,0,0,2,0,0,3,1,0,3,5
1500,A woman in a multicolored shirt makes a hammock.,The old man sat on the boat.,0,1,0,1,2,1,1,3,0,0,3,0,1,9,0,0,0,1,0,2,1,0,2,1,0,4,4,7,2,4
1501,A man wearing glasses holds a flip phone in his hand while a woman wearing earrings stands behind him.,The woman is standing far away from the man.,0,1,0,1,2,1,0,3,0,2,3,0,9,9,0,0,0,1,0,2,1,0,2,1,0,4,4,7,8,4
1502,A man wearing a blue uniform working on mechanics.,A man is ballroom dancing.,0,1,0,1,1,1,1,1,0,0,1,0,1,8,0,0,0,1,0,2,1,0,2,1,0,2,4,7,6,9
1503,A brown dog has a white toy in its mouth.,A cat with its tail under a rocking chair.,1,1,1,0,2,0,3,2,3,3,4,3,7,3,3,0,0,1,0,0,1,0,2,1,0,4,4,7,9,4
1504,Person is carrying a large plank near a body of water while the sun is low in the sky.,A person is laying down watching the sun set.,0,1,0,1,1,1,1,1,0,0,1,0,1,1,0,0,1,0,0,1,2,0,1,2,0,3,2,1,7,2
1505,A brown boat is packed with goods and people.,A car is full of goods.,0,1,0,1,2,1,0,0,0,2,0,0,9,6,0,0,1,0,0,1,2,0,3,2,0,0,2,1,3,2
1506,The little girl with the white hat and white shirt is painting.,The hat is red.,0,1,0,1,2,1,1,3,0,0,2,0,2,4,0,0,0,0,0,0,0,0,0,0,0,0,0,1,8,0
1507,A man playing a plastic flute while a seagull looks on.,"A man practices the bagpipes on the beach, scattering a flock of seagulls with the awful noise.",0,1,0,1,1,2,1,1,2,0,1,2,6,1,4,0,1,0,0,1,2,0,1,2,0,1,2,7,7,2
1508,Two children dressed in red looking at a red train engine,children at home asleep,0,0,1,2,0,0,2,0,1,4,2,4,0,7,8,0,0,0,2,0,0,2,0,0,2,0,1,5,8,7
1509,A boy wearing a helmet on a bicycle in a wooded area.,A boy burning ants with his magnifying glass.,0,1,1,1,1,0,2,1,1,4,2,4,0,2,9,0,0,0,0,0,0,0,0,0,0,3,1,0,8,5
1510,An individual in black and white clothing and a mask is in the foreground of a group of children.,Nobody is wearing a mask.,0,1,0,2,0,1,0,1,0,2,2,0,9,5,2,0,0,1,0,2,1,0,0,1,0,4,4,7,3,4
1511,a street vendor serving food to his customers.,The street vendor is selling balloons.,0,1,0,1,1,1,1,1,0,0,1,0,2,1,0,0,1,0,0,1,2,0,1,2,0,1,2,1,7,2
1512,Woman trying to punch man.,A woman hugging her child.,0,1,0,1,2,1,1,3,0,0,3,1,2,4,5,0,0,1,0,0,1,0,0,1,0,0,4,1,3,4
1513,Two children jump up and down in a water puddle.,The children have not a drop of water on them.,0,0,1,2,0,0,2,0,1,4,2,4,0,7,8,0,1,0,2,0,0,2,0,0,2,0,1,5,3,7
1514,A married couple walk up flights of old stone stairs.,They are going down to the basement.,0,0,0,2,0,1,0,0,0,2,0,0,9,6,0,0,0,0,0,0,0,0,0,0,0,0,0,1,8,8
1515,A brown and white dog is jumping high and catching a blue ball.,The dogs are both black.,1,0,1,0,0,0,3,2,3,3,4,3,5,3,3,1,0,0,1,0,0,1,0,3,0,0,3,7,8,3
1516,"A woman, in an apron, is standing over her sink.",A woman is sitting down knitting in her kitchen,0,1,0,1,2,1,1,3,0,0,3,0,2,9,0,0,0,0,0,0,2,0,3,2,0,0,2,1,3,2
1517,A boy windsurfs in a wetsuit while giving a thumbs up sign.,A man in a suit is giving a presentation.,0,1,0,1,1,1,1,1,0,0,1,0,1,8,0,0,0,1,0,2,1,0,2,1,0,4,4,7,2,4
1518,A man watching as one woman in a brown coat is talking to another woman in a gray coat.,Two women sunbathe on the beach,0,0,0,2,0,2,0,0,2,2,3,2,2,9,1,0,0,1,0,2,1,0,0,1,0,4,4,1,8,4
1519,Two Islamic women are making purchases at a large warehouse.,Two women are made from stone.,0,0,0,2,0,1,0,0,0,2,3,1,2,9,5,0,0,1,0,0,1,0,0,1,0,0,4,1,8,4
1520,A man riding a horse and leading other horses through beautiful scenery.,a woman riding a man,0,1,0,1,0,1,1,0,0,0,3,0,1,1,0,0,0,1,0,2,1,0,2,1,0,4,4,1,3,4
1521,A man smiling with a helmet on his head.,A man is frowning.,0,1,0,1,1,1,1,1,0,0,1,0,1,8,0,0,0,1,0,2,1,0,2,1,0,4,4,7,6,9
1522,A man is seemingly running with only one snow ski on.,A lady skis effortlessly.,0,1,0,1,2,1,1,3,0,0,3,0,8,1,0,0,1,0,0,0,2,3,3,2,4,3,2,4,3,2
1523,A couple kissing on the train station platform.,A couple is riding on the train together.,0,0,0,2,0,2,0,0,2,2,0,2,9,6,1,0,1,0,0,1,0,0,1,0,0,1,0,1,0,0
1524,A chef in a white uniform mixes popcorn with a large wooden utensil.,A chef is preparing a fresh squid risotto.,0,1,0,1,1,1,1,1,0,0,1,0,2,8,0,0,1,0,0,0,2,0,3,2,0,3,2,1,3,2
1525,A baby girl in a light blue and pink dress leaning on a stone platform outdoors.,The girl is sleeping inside.,0,1,0,1,2,1,2,3,0,4,2,1,2,5,6,0,0,0,0,2,0,0,2,0,0,4,0,6,4,6
1526,A woman wearing a red coat begins to take a picture.,The woman is throwing pebbles into the water.,0,1,0,1,2,1,1,3,0,0,3,1,2,9,5,0,0,1,0,2,1,0,2,1,0,4,4,7,8,4
1527,A girl is doing a trick on a blue trampoline and is in the air.,A girl goes for a run with her dog in the park.,0,1,0,1,2,1,2,3,0,4,3,1,2,4,6,0,0,0,0,0,0,0,0,0,0,0,0,6,5,1
1528,a young man with a black striped shirt on skateboarding on a wall.,A young man with a blue shirt on is sitting by the wall.,0,1,0,1,1,1,1,1,0,0,1,0,1,8,0,0,1,0,0,1,2,0,3,2,0,3,2,7,1,2
1529,A boy is standing next to a car in front of a clothesline.,The kid is in a movie theater.,0,1,1,1,1,0,2,1,1,4,2,4,0,2,9,0,0,1,0,2,1,0,2,1,0,4,4,0,2,4
1530,A woman is sitting at a table waiting to tell a customer's fortune.,A skiier crashes into a tree.,0,1,0,1,2,2,1,3,2,0,3,2,1,4,1,0,0,0,0,2,0,0,2,0,0,4,0,7,2,0
1531,A pretty girl is working at a stand on a bright sunny day.,The girl is working on a rainy day.,0,1,0,1,2,1,2,3,0,4,3,1,2,4,6,0,1,0,0,1,0,0,1,0,0,0,0,6,5,6
1532,A young woman with red highlights in her hair is applying eyeshadow with a Q-tip in front of a mirror.,A man is shaving in the mirror.,0,1,0,1,1,1,1,1,0,0,1,0,1,8,0,0,0,0,0,0,2,0,3,2,0,0,2,1,3,2
1533,"An African-American man wearing a purple shirt, white shoes and blue jeans is playing a saxophone while standing inside of a building which has many archways and a red and gray tiled floor.",A man is driving a car.,0,1,0,1,1,1,1,1,0,0,1,0,1,8,0,0,0,1,0,2,1,0,2,1,0,4,4,7,6,9
1534,"A girl with wet hair wearing swim goggles and a striped bathing suit, sitting on an inflatable float in the water.",The girl is inside the trash can.,0,1,0,1,2,1,2,3,0,4,2,1,2,4,6,0,0,0,0,0,0,0,0,0,0,0,0,6,5,6
1535,Two men are singing and playing guitars outside a cement structure with spectators sitting on steps on their left.,Two men are on a train.,0,0,0,2,0,2,0,0,2,2,0,2,9,0,1,0,0,0,0,2,0,0,0,0,0,4,0,1,8,0
1536,A man is outside standing on sand with a bright blue sky around him.,the woman is indoors,0,1,0,1,2,1,1,3,0,0,3,0,2,4,0,0,0,1,0,2,1,0,2,1,0,4,4,7,2,4
1537,Two women reading in the shade.,The women are sleeping on the grass.,0,0,0,2,0,1,0,0,0,2,3,0,2,9,2,0,0,0,0,0,2,0,0,2,0,0,2,1,8,2
1538,"Many people are in the bicycle racing, including one man in a three-wheeled bike.",A bunch of cars race around a track.,0,0,0,2,0,1,0,0,0,2,0,0,9,6,0,0,1,0,0,0,0,0,3,0,0,0,0,1,3,0
1539,"A crowd of children in white shirts, black shorts and white hats jumping rope.",A group of adults playing with a jump rope.,0,0,0,2,0,2,2,0,2,4,0,2,0,7,7,0,1,0,2,1,2,2,1,2,2,1,2,5,0,2
1540,Telephone wires are visible.,The post and its' contents are covered.,0,1,0,1,0,2,1,0,2,0,0,2,1,1,1,0,0,1,0,2,1,0,2,1,0,4,4,7,2,4
1541,"A man wearing a long white robe and a white cap, stands over a group of seated people.",The man was seated at the back of the room,0,1,0,1,1,1,1,1,0,0,1,0,1,8,0,0,0,1,0,0,1,0,3,1,0,2,4,7,6,4
1542,A woman wearing a burgundy shirt and a man wearing black prepare a tray of cups of wine,The woman eats superman's cloak,0,1,0,1,2,1,0,3,0,2,3,0,2,9,0,0,0,1,0,2,1,0,2,1,0,4,4,7,8,4
1543,"Two people in colorful clothes are standing in a field, bent over to look at the ground.",The people are stopped in a parking lot.,0,0,0,2,0,2,0,0,2,2,0,2,9,6,1,0,0,0,0,0,0,0,0,0,0,0,0,1,8,8
1544,"Group of people holding umbrellas, while walking in the rain.",The group of people are outside on a sunny day.,0,0,0,2,0,2,0,0,2,2,0,2,9,6,1,0,1,0,0,0,2,0,0,2,0,0,2,1,0,2
1545,A man in a hat is steering a boat while a passenger reads the paper.,A passenger assists a man in steering a boat.,0,1,0,1,1,2,1,1,2,0,1,2,1,1,1,0,1,0,0,1,0,0,1,0,0,1,1,1,7,5
1546,Gold and white dog catching a tennis ball in its mouth.,A dog drinking from a river.,1,1,1,0,2,0,3,2,3,3,4,3,5,3,3,1,0,0,1,0,0,1,3,3,1,3,3,2,9,3
1547,A baseball player is on the field in fronmt of an audience.,Fans crowd around the player to get his autograph.,0,1,0,2,1,2,2,1,2,1,1,2,3,1,7,0,1,0,0,0,0,0,3,0,0,0,0,9,3,0
1548,Two men with no shirts are on a rooftop.,A young lady is vaccuuming the carpet indoors.,0,1,0,1,2,1,1,3,0,0,3,0,2,4,0,0,0,1,0,2,1,0,2,1,0,4,4,7,2,4
1549,"A balding man in a pink shirt who is holding a basket is waiting in a line, outside of an establishment.",A man is eating pudding at home.,0,1,0,1,1,1,1,1,0,0,1,0,1,8,0,0,0,1,0,2,1,0,2,1,0,4,4,7,2,4
1550,Old woman missing teeth stands with metal object in hand.,The young man is playing basketball.,0,1,0,1,1,1,1,1,0,0,1,0,1,8,0,0,0,1,0,2,1,0,2,1,0,4,4,7,2,4
1551,its a distorted lens (almost fish eye) of a teenage boy skateboarding on a concrete block.,The boy is practicing the piano in the living room.,0,1,1,1,1,0,2,1,1,4,2,4,0,2,9,0,0,1,0,2,1,0,2,1,0,4,4,7,2,4
1552,"Two young boys with no shirt on, wearing shorts, and blue Crocs on a rock.",Two boys are in a rock.,0,0,1,2,0,0,2,0,1,4,2,4,0,7,8,0,1,0,2,1,0,2,1,0,2,1,1,5,7,7
1553,Several children standing in front of a building.,A couple of children are in a ball pit at the park.,0,0,1,2,0,0,2,0,1,4,2,4,0,7,8,0,0,0,2,0,0,2,0,0,2,0,1,5,3,7
1554,Two men on a motorcycle with buckets and canisters.,The men are riding a camel.,0,0,0,2,0,1,0,0,0,2,0,0,9,0,0,0,0,1,0,0,1,0,0,1,0,0,4,1,8,4
1555,Two motorcyclist racing on an inclined track.,Two motorcyclists are standing near their bikes.,0,0,0,1,0,1,1,0,0,0,0,0,8,0,0,0,1,0,0,1,0,0,1,0,0,0,0,8,0,0
1556,"Two guys working out on a heavy bag, one is wearing a white shirt and the other a gray shirt.",Nobody is working out,0,0,0,2,0,1,0,0,0,2,0,0,9,5,2,0,0,1,0,0,1,0,0,1,0,0,4,1,3,4
1557,A young man in a red shirt dries a white car with two cloths.,The man in the red shirt is driving a car on the highway.,0,1,0,1,1,1,1,1,0,0,1,0,1,8,0,0,0,1,0,0,1,0,3,1,0,2,4,7,6,4
1558,A man kisses a bride as they walk down the street.,A bride tried to eat her husband.,0,1,0,2,2,2,0,3,2,2,3,2,9,6,1,0,0,0,0,0,0,0,3,0,0,0,0,1,3,0
1559,A mountaineer sits in the snow in front of a yellow tent under clear blue sky.,a guy has a blue tent.,0,1,0,1,1,1,1,1,0,0,1,0,1,1,0,0,1,0,0,1,2,0,1,2,0,3,2,7,1,2
1560,A man is putting up a poster in front of a shop.,The man is indoors.,0,1,0,1,1,1,1,1,0,0,1,0,1,8,0,0,0,0,0,0,0,0,3,0,0,2,0,7,6,0
1561,Three young children are covered in foam.,A horse is walking near a school house.,0,0,0,2,0,2,2,0,2,4,2,2,0,7,1,0,0,0,0,2,0,0,2,0,0,4,0,7,2,8
1562,A white and black bird stretches its wings in midair.,A multi colored bird is swimming in the lake.,1,1,0,0,2,1,3,2,0,3,4,0,5,3,0,1,0,0,1,0,0,1,3,0,1,0,0,2,3,0
1563,A brown and white dog is running.,A brown and white dog is sleeping.,1,1,1,0,2,0,3,2,3,3,4,3,5,3,3,1,1,0,1,1,0,1,3,3,1,3,3,2,9,3
1564,Two men in black shirts play Guitar Hero.,a couple of guys are playing outdoors,0,0,0,2,0,2,0,0,2,2,0,2,9,0,4,0,1,0,0,1,0,0,1,0,0,0,0,1,0,0
1565,A skateboarder jumping on a graffiti-covered ramp.,the dog eats shrimp,0,1,0,1,2,1,1,1,0,0,1,0,1,1,0,0,0,1,0,2,1,0,2,1,0,4,4,7,2,4
1566,Two young girls are building wooden toys at a table.,Three boys are in a field kicking a ball.,0,0,1,2,0,0,2,0,1,4,2,4,9,7,8,0,0,1,0,2,1,0,2,1,0,4,4,7,2,4
1567,A group of people talking and one man is looking at his laptop.,"The group are sitting quietly, reflecting on something that just happened.",0,0,0,2,0,2,0,0,2,2,0,2,9,6,1,0,0,0,0,0,0,0,0,0,0,0,0,1,8,8
1568,A young Asian man sits behind a set chessboard waiting for the other player to arrive.,A young man is on Mars.,0,1,0,1,1,1,1,1,0,0,1,0,1,8,0,0,0,1,0,2,1,0,2,1,0,4,4,7,6,4
1569,A person is jumping using rollerblades.,The person is riding a horse.,0,1,0,1,1,1,1,1,0,0,1,0,1,1,0,0,0,0,0,2,0,0,0,0,0,4,0,1,8,0
1570,A skateboarder jumps off his skateboard in midair in hopes of landing back on it.,Girl jumps off bike to perform tricks,0,1,0,1,2,1,1,3,0,0,2,0,8,1,0,0,1,0,0,0,2,0,3,2,0,3,2,8,5,2
1571,Someone is riding a motorcycle down a racetrack during daylight hours.,Someone is riding a bike at night.,0,1,0,1,1,1,1,1,0,0,1,0,8,1,0,0,1,0,0,1,0,0,1,0,0,3,0,8,7,0
1572,Young boy dressed in green holds baby goat in arms.,A boy is holding a baby deer.,0,1,0,1,1,1,2,1,0,4,2,0,0,2,0,0,1,0,0,1,0,0,1,0,0,3,1,0,7,5
1573,Men are standing around looking at a red and white race car.,A group of men and women chat over afternoon tea.,0,0,0,2,0,2,0,0,2,2,0,2,9,6,1,0,0,1,0,2,1,0,0,1,0,4,4,1,8,4
1574,A young man with a red uniform on practicing his soccer kick.,A young woman is practicing her basketball skills,0,1,0,2,2,1,2,3,0,4,3,0,2,4,0,0,1,0,0,0,0,0,3,0,0,3,0,1,3,0
1575,Two female cyclists kissing each other.,A man is reading a book.,0,0,0,1,0,1,1,0,0,0,0,0,1,1,0,0,0,1,0,2,1,0,2,1,0,4,4,7,2,4
1576,what appears to be a group of men removing ice from a barrel.,A woman does a keg stand.,0,1,0,1,2,1,1,3,0,0,3,0,1,4,0,0,0,1,0,2,1,0,2,1,0,4,4,7,2,4
1577,A dog is going through a slalom style obstacle course.,The dog is sleeping.,1,1,1,0,2,0,3,2,3,3,4,3,5,3,3,1,0,0,1,2,0,1,2,3,1,4,3,2,9,3
1578,A young girl dances while the band plays.,a dog is chasing his tail.,0,1,0,1,2,1,2,2,0,4,4,0,2,3,0,0,0,1,0,2,1,0,2,1,0,4,4,7,2,4
1579,The couple is sitting near the water in lawn chairs.,People are walking on the grass.,0,0,0,2,0,2,0,0,2,2,0,2,9,6,1,0,0,0,0,0,2,0,0,2,0,0,2,1,8,2
1580,One of the members of KISS playing a white electric guitar in front of a black background.,The background was white.,0,1,0,1,1,1,1,1,0,0,1,0,1,1,0,0,1,0,0,0,2,0,3,2,0,0,2,1,3,2
1581,A boy doing a back flip into a swimming pool.,A boy sleeps in his bed.,0,1,0,1,1,1,2,1,0,4,2,0,0,2,2,0,0,1,0,2,1,0,2,1,0,4,4,0,4,4
1582,A young boy sits next to a wind sculpture.,A boy sits next to a statue of a dog.,0,1,0,1,1,1,2,1,0,4,2,0,0,2,0,0,1,0,0,1,0,0,1,0,0,1,1,0,7,5
1583,Man sitting inside of a van looking out the window.,a woman looks out a window,0,1,0,1,2,1,1,3,0,0,3,1,2,4,5,0,1,0,0,0,0,0,3,0,0,3,0,7,3,0
1584,"In the background, there are 3 people on the shore among several canoes, and the young man in the foreground is paddling through the water, while wearing a life jacket and smiling.",A group of people white water rafts down a raging river.,0,0,0,2,0,2,0,0,2,2,0,2,9,6,1,0,0,0,0,0,0,0,0,0,0,0,0,1,3,0
1585,One dog biting at another dog's face in a grassy field.,Two dogs are cuddling each other in a grass field.,1,0,1,0,0,0,3,2,3,3,4,3,4,3,3,1,1,0,1,1,0,1,1,3,3,1,3,3,7,3
1586,"Two dark-haired people are seated on a bench reading magazines, and looking around.",two people are dancing,0,0,0,2,0,2,0,0,2,2,0,2,9,6,4,0,0,0,0,2,0,0,0,0,0,4,0,1,8,8
1587,Some men wearing formal clothes stand around a wedding cake.,the women are by the cake,0,0,0,2,0,1,0,0,0,2,0,0,9,0,0,0,1,0,0,1,2,0,1,2,0,1,2,1,0,2
1588,There is a blond female office and a male brown headed officer standing in front of a pole talking.,The two officers are putting a suspect in their squad car.,0,0,0,2,0,2,0,0,2,2,0,2,9,0,1,0,0,1,0,2,1,0,2,1,0,4,4,7,2,4
1589,A man in blue pants is jumping while band plays music.,A man plays world of warcraft in silence,0,1,0,1,1,1,1,1,0,0,1,0,1,8,2,0,0,1,0,2,1,0,2,1,0,4,4,7,6,9
1590,Two little dogs are lying on the green grass and a larger dog looks down on them.,"A trio of alley cats is lined up along the fence, yowling at the moon.",1,0,1,0,0,0,3,2,3,3,4,3,4,3,3,0,0,0,0,0,0,0,0,3,0,0,3,1,3,3
1591,A slim woman is walking a wet street holding a red umbrella.,A woman jogs a street with umbrellas.,0,1,0,1,2,1,1,3,0,0,3,1,2,4,5,0,1,0,0,1,2,0,1,2,0,1,2,1,7,2
1592,A child plays with a toy on a playground.,a man is at a playground,0,1,1,1,1,0,2,1,1,4,2,4,0,2,9,0,1,0,0,1,0,0,1,0,0,1,1,0,7,5
1593,"A man is holding a large, water-spraying hose while another man watches.",A man is writing a letter alone.,0,1,0,1,1,1,1,1,0,0,1,0,1,8,0,0,0,1,0,2,1,0,2,1,0,4,4,7,2,4
1594,Two people standing on the curve looking at people run up the street.,Two people sipping tea on a couch.,0,0,0,2,0,2,0,0,2,2,0,2,9,6,1,0,0,1,0,2,1,0,0,1,0,4,4,1,8,4
1595,A boy wearing a knit cap is laying the grass.,the boy is running and playing,0,1,1,1,1,0,2,1,1,4,2,4,0,2,9,0,1,0,0,0,0,0,3,0,0,3,1,0,3,5
1596,A dog is jumping over a hurdle.,The dog is sitting under a tree.,1,1,1,0,2,0,3,2,3,3,4,3,5,3,3,1,0,0,1,2,0,1,2,3,1,4,3,2,8,3
1597,A black dog running in grass.,The black dog is taking a bath.,1,1,1,0,2,0,3,2,3,3,4,3,5,3,3,1,1,0,1,0,2,1,3,2,0,3,2,7,3,2
1598,Two policemen in yellow and black uniforms are riding bikes.,Policemen relaxing in a restaurant.,0,0,0,2,0,1,0,0,0,2,0,0,9,0,0,0,1,0,0,0,0,0,0,0,0,0,0,1,3,0
1599,A female dressed in a peace-sign patterned coat and goggles is standing outside in the snow.,The girl is playing a computer game on the couch.,0,1,0,1,2,1,1,3,0,4,3,0,2,4,2,0,0,0,0,2,0,0,2,0,0,4,0,7,2,1
1600,"A child in a blue shirt sitting on a forest floor, looking through binoculars.",A child is in a red shirt,0,1,1,1,2,0,2,1,1,4,2,4,0,2,9,0,1,0,0,0,0,0,3,0,0,3,1,1,3,5
1601,A woman in a black long-sleeve shirt runs a fruit and vegetable stand.,The woman is running a magazine stand.,0,1,0,1,2,1,1,3,0,0,3,1,2,9,5,0,1,0,0,0,2,0,0,2,0,0,2,1,3,2
1602,There is staging and men working on platform 2 at the Burnt Oak underground stop.,There is staging and men working on their autobiographies.,0,0,0,2,0,2,0,0,2,2,0,2,9,0,1,0,0,0,0,0,0,0,0,0,0,0,0,1,3,8
1603,Two young boys are climbing over the seat in a vehicle.,Two boys standing near a car,0,0,1,2,0,0,2,0,1,4,2,4,0,7,8,0,1,0,2,0,0,2,3,0,2,3,1,5,3,7
1604,Three policemen are on horses.,The men are sitting on a chair.,0,0,0,2,0,2,0,0,2,2,0,2,9,0,1,0,0,0,0,0,2,0,0,2,0,0,2,1,3,2
1605,A man standing on scaffolding next to a white ladder and a burning bin.,A woman combing her hair.,0,1,0,1,2,1,1,3,0,0,3,0,2,4,0,0,0,1,0,2,1,0,2,1,0,4,4,7,2,4
1606,Adult man holds toddler.,A man carries groceries.,0,1,0,1,1,2,1,1,2,0,1,2,1,8,1,0,0,1,0,2,1,0,2,1,0,2,4,7,6,9
1607,Musicians playing their instruments at a table.,The musicians did not have their instruments.,0,0,0,2,0,2,0,0,2,2,0,2,6,5,4,0,1,0,0,1,0,0,1,0,0,0,0,1,0,0
1608,Dark nightclub with chairs.,The bouncers escorted a belligerent patron from the bar.,0,0,0,2,0,2,0,0,2,2,0,2,9,6,1,0,0,1,0,0,1,0,0,1,0,4,4,1,3,4
1609,Kids are driving toy carts around a track with the assistance of parents.,Parents are ignoring the kids.,0,0,1,2,0,0,2,0,1,4,2,4,0,7,8,0,0,0,2,0,0,2,0,0,2,0,1,5,3,7
1610,A woman is sitting at a table with raw meat.,The woman gets ready to eat her cooked steak dinner.,0,1,0,1,2,1,1,3,0,0,3,0,2,4,0,0,1,0,0,1,0,0,3,0,0,0,0,1,3,1
1611,Some people are playing in a field next to a net.,The people are dead.,0,0,0,2,0,2,0,0,2,2,0,2,9,6,1,0,0,0,0,0,0,0,0,0,0,0,0,1,8,8
1612,A child is trying to keep from falling off of a sheep in the rodeo ring.,The child is riding a horse.,0,1,0,1,2,1,1,1,0,0,2,0,1,2,0,0,1,0,0,0,0,0,3,0,0,3,1,1,3,5
1613,Four school aged kids are playing dodgeball in the gym,Kids are playing scocer.,0,0,0,2,0,2,2,0,2,4,2,2,0,7,7,0,0,1,2,0,1,2,0,1,2,0,4,5,3,4
1614,Two children in their pajamas one has a mask and hairnet like a surgical nurse and is standing over the older child who is laying down on the wood floor.,the children are wearing business suits,0,0,0,2,0,2,2,0,2,4,2,2,0,7,7,0,0,0,2,0,0,2,0,0,2,0,1,5,8,7
1615,"woman sitting on a tall, white wall.",A woman is sitting next to a blue wall.,0,1,0,1,2,1,1,3,0,0,3,1,2,4,5,0,1,0,0,1,0,0,1,0,0,1,0,1,0,1
1616,A young smiling girl wearing yellow in a crowd.,a girl sleeping on a couch,0,1,0,1,2,1,2,3,0,4,2,1,2,4,6,0,0,0,0,2,0,0,2,0,0,4,0,6,2,6
1617,A blond woman in a black dress is conversing with a woman who is wearing a red tie.,Some people are on Mars.,0,0,0,2,0,2,0,0,2,2,0,2,9,6,1,0,0,1,0,2,1,0,0,1,0,4,4,7,8,4
1618,This image with chairs is very blurry.,This image with tables is very blurry.,0,0,0,2,0,2,0,0,2,2,0,2,9,6,1,0,1,0,0,1,2,0,1,2,0,1,2,1,0,2
1619,Factory workers are steadily completing their jobs.,Factory workers are clocking out for the day.,0,0,0,2,0,2,0,0,2,2,0,2,9,0,1,0,1,0,0,1,0,0,1,0,0,1,0,1,0,0
1620,Shirtless men hike through a canyon.,Man sits near a canyon.,0,1,0,1,1,1,1,1,0,0,1,0,1,8,0,0,1,0,0,1,2,0,3,2,0,3,2,1,3,2
1621,A woman wears a red dress and a black mask while people dance behind her.,A woman with her face painted like a clown dances in a T-shirt and jeans.,0,1,0,1,2,1,1,3,0,0,3,1,2,4,5,0,1,0,0,1,2,0,1,2,0,0,2,1,3,2
1622,A woman dressed in all white and heels is walking in front of a wall with a mural on it.,A woman is sitting on a wall.,0,1,0,1,2,1,1,3,0,0,3,1,2,4,5,0,1,0,0,0,0,0,3,0,0,0,0,1,3,1
1623,A couple with sunglasses are laying on the beach.,A couple are eating dinner at a restaurant.,0,0,0,2,0,2,0,0,2,2,0,2,9,6,1,0,1,0,0,0,0,0,0,0,0,0,0,1,3,0
1624,Two boys are fooling around with pillows.,There is only one boy.,0,0,1,2,0,0,2,0,1,4,2,4,0,2,8,0,0,0,0,0,0,0,0,0,0,3,1,0,3,7
1625,"Two men, without any shirts on, are playing table tennis",A child is climbing a tree.,0,1,1,1,1,0,2,1,1,4,2,4,0,2,9,0,0,1,0,2,1,0,2,1,0,4,4,7,2,4
1626,A young boy is asleep at a table with his face on a plate.,The boy is laying in his bed.,0,1,0,1,1,1,2,1,0,4,2,0,0,2,2,0,0,0,0,0,0,0,3,0,0,3,1,0,3,5
1627,The man is shooting video of another writing on a pole.,There men are playing baseball.,0,0,0,2,0,2,2,0,2,1,0,2,3,0,7,0,0,1,0,2,1,0,2,1,0,4,4,7,8,4
1628,A large crowd standing in front of a very large painting.,A crowd has set fire to a painting and run away.,0,0,0,2,0,2,0,0,2,2,0,2,9,6,1,0,1,0,0,1,2,0,3,2,0,3,2,1,3,2
1629,A girl with long pigtails and a barbie bag touching the orange poles along with other little girls wearing a white shirt and blue shorts.,Girls are sitting in a library holding books.,0,0,0,2,0,1,2,0,0,4,2,1,2,7,6,0,0,0,0,0,2,0,0,2,0,0,2,6,5,2
1630,"Asian boy in orange, white, and black coat celebrating St. Patrick's day with a soda and green balloon.",A boy dressed in all black is hanging from a jungle gym.,0,1,1,1,1,0,2,1,1,4,2,4,0,2,9,0,0,0,0,0,0,0,3,0,0,3,1,0,3,5
1631,A person crouches over bags of supplies on the street in front of a steel door.,The person is kneeling to pray in church.,0,1,0,1,1,2,1,1,2,0,1,2,1,4,1,0,0,0,0,0,0,0,0,0,0,4,0,7,8,0
1632,Three females jog together along a crowded stone sidewalk.,The females are on fire.,0,0,0,2,0,2,0,0,2,2,0,2,2,9,1,0,0,0,0,0,0,0,0,0,0,0,0,1,5,1
1633,A fat bald man is sleeping on the shoulder of another fat bald man.,A man is sleeping on the head of a woman.,0,1,0,1,1,2,1,1,2,0,1,2,1,8,1,0,1,0,0,1,2,0,3,2,0,0,2,7,0,2
1634,Two men in long-sleeved clothing are playing Frisbee in a park.,The men are swimming across the ocean.,0,0,0,2,0,2,0,0,2,2,0,2,9,0,1,0,0,1,0,2,1,0,2,1,0,4,4,7,8,4
1635,A group of people are watching a statue being erected.,A group of people watching the Yankees play baseball,0,0,0,2,0,2,0,0,2,2,0,2,9,6,7,0,1,0,0,0,0,0,0,0,0,0,0,1,0,8
1636,A woman is sitting on some steps and relaxing with her eyes closed.,She is lying on the massage table,0,1,0,1,2,1,1,3,0,0,3,0,2,4,2,0,1,0,0,0,0,0,0,0,0,0,0,1,3,1
1637,Man in an orange shirt with tattoos walking two large poodles.,There is a man sitting on his couch.,0,1,0,1,1,1,1,1,0,0,1,0,1,8,0,0,0,1,0,2,1,0,2,1,0,4,4,7,2,4
1638,One woman sits on a outcropping of rock while one takes a picture and the third looks down.,All of the women are taking pictures.,0,0,0,2,0,1,0,0,0,2,3,1,2,9,5,0,1,0,0,0,0,0,3,0,0,0,0,1,3,1
1639,A hand holding a nail file files someone's nail over a peach towel.,Someone is breaking nails.,0,1,0,1,1,1,1,1,0,0,1,0,1,1,0,0,1,0,0,1,2,0,1,2,0,1,2,7,1,2
1640,A man in a black T-shirt sings while his band plays.,A woman plays the cello for a small crowd.,0,1,0,2,2,2,0,3,2,2,3,2,6,4,4,0,0,1,0,2,1,0,2,1,0,4,4,7,2,4
1641,Two fashionably dressed young ladies sit back to back on a wall in a city park watching people around them.,The women are wearing rags.,0,0,0,2,0,1,0,0,0,2,0,1,2,9,5,0,1,0,0,0,0,0,0,0,0,0,0,1,3,1
1642,"Two young ladies, one blond talking on the cellphone, one brunette texting, are walking on the summer street.",Two young ladies are swimming in the ocean.,0,0,0,2,0,1,0,0,0,2,0,1,9,9,5,0,1,0,0,0,0,0,3,0,0,0,0,1,3,1
1643,Old man in wheelchair with a monk in red robes.,the man went skiing,0,1,0,1,1,1,1,1,0,0,1,0,8,8,0,0,0,1,0,2,1,0,2,1,0,4,4,7,6,4
1644,A woman and three children walk on the beach in a line.,There is a group of men playing golf.,0,0,0,2,0,2,0,0,2,2,0,2,9,6,7,0,0,0,0,2,0,0,2,0,0,4,0,1,2,8
1645,Two young girls in a lake talking to each other.,Girls talking in a pool.,0,0,0,2,0,1,0,0,0,2,0,1,9,7,6,0,1,0,0,1,2,0,1,2,0,1,2,1,0,2
1646,A family portrait taken underneath a white canopy.,The family hasn't seen each other for decades.,0,0,0,2,0,2,0,0,2,2,0,2,9,6,1,0,0,0,0,0,0,0,0,0,0,0,0,1,3,8
1647,A worker in a bright orange uniform is cleaning up the mess on the street while a small boy in red pants walks by.,A worker is napping indoors,0,1,0,1,1,1,1,1,0,0,1,0,1,5,2,0,0,1,0,2,1,0,2,1,0,4,4,7,2,4
1648,A boy wearing sunglasses on his forehead and a woman wearing sunglasses on her eyes are staring.,The brother and sister dance on the sun.,0,0,1,2,0,0,2,0,1,4,2,4,0,7,8,0,0,0,0,0,0,0,0,0,0,0,0,1,3,0
1649,A skier in a bright green jacket sliding downhill.,This person is having a cake at his moms house,0,1,0,1,1,1,1,1,0,0,1,0,8,1,0,0,0,1,0,2,1,0,2,1,0,4,4,7,2,4
1650,Two boys prepare a small sailboat as two girls watch them from the beach.,Two girls prepare a small sailboat as two boys watch them from the beach.,0,0,0,2,0,2,0,0,2,2,2,2,9,7,1,0,1,0,0,1,2,0,1,2,0,1,2,1,7,2
1651,Man sitting on a chair in the fields carving a statute supported by a tree trunk.,A man is drawing a picture supported by a tree trunk.,0,1,0,1,1,1,1,1,0,0,1,0,1,8,0,0,1,0,0,1,2,0,1,2,0,1,2,7,1,2
1652,"Two men, wearing hard hats and blue and yellow coats stand in front of a large machine and smile.",The men are practicing interpretive dance.,0,0,0,2,0,2,0,0,2,2,0,2,9,0,1,0,0,0,0,2,0,0,0,0,0,4,0,1,8,0
1653,A picture of a guy walking some dogs.,The guy is running away from a pack of dogs.,0,1,1,1,1,0,1,2,3,0,1,3,1,8,3,0,0,1,0,0,1,0,0,1,0,0,4,1,5,4
1654,"Two men stand in a basement workshop, looking at each other.",A man with pimples singing.,0,1,0,1,1,1,1,1,0,0,1,0,1,8,0,0,0,1,0,2,1,0,2,1,0,4,4,7,2,4
1655,Two male tennis players conversing across the net on an outdoor court,two men are hiking in the snow,0,0,0,2,0,2,0,0,2,2,0,2,9,0,1,0,0,0,0,0,0,0,0,0,0,0,0,1,8,0
1656,A surfer on a wave with two others in the background.,A surfer is drowning,0,1,0,1,1,1,1,1,0,0,1,0,8,1,0,0,1,0,0,0,2,0,3,2,0,3,2,1,3,2
1657,"From inside building, view of man washing window with tool.",A man is destroying a city.,0,1,0,1,1,1,1,1,0,0,1,0,1,8,0,0,0,1,0,2,1,0,2,1,0,2,4,7,6,9
1658,A man is taking a picture at a golf course.,A man is sleeping on the golf course.,0,1,0,1,1,2,1,1,2,0,1,2,1,8,7,0,1,0,0,1,2,0,1,2,0,2,2,7,1,2
1659,Boats docked at a pier which has three men and a lone palm tree.,Three boys are taking their boat out on the water.,0,0,0,2,0,2,0,0,2,2,0,2,9,0,1,0,1,0,0,0,0,0,3,0,0,0,0,1,0,0
1660,A bike riding couple dressed in bike gear and helmets take a minute to site on a bench to talk and park their bikes.,A couple is watching tv,0,0,0,2,0,1,0,0,0,2,0,0,9,6,0,0,0,1,0,0,1,0,0,1,0,0,4,1,8,4
1661,A man with close-cut hair wearing a plaid shirt is pointing to a screen that has words projected on it.,The shirt is solid color,0,1,0,1,1,1,1,1,0,0,1,0,1,8,0,0,1,0,0,0,0,0,3,0,0,2,0,7,1,0
1662,A snowboarder is in the air.,A person on a snowboard is on the ground.,0,1,0,1,1,1,1,1,0,0,1,0,8,1,0,0,1,0,0,1,2,3,1,2,4,1,2,8,7,2
1663,"Two women on the beach, one with a violin and the other is dancing.",Two women swimming in the ocean.,0,0,0,2,0,1,0,0,0,2,3,1,9,9,5,0,1,0,0,0,0,0,3,0,0,0,0,1,3,1
1664,A group of security persons dressed in black uniforms gather on a downtown street.,Nobody has a uniform,0,0,0,2,0,1,0,0,0,2,0,0,9,5,2,0,0,0,0,0,0,0,0,0,0,0,0,1,3,0
1665,A man is surfing in a bodysuit in beautiful blue water.,A man in a business suit is heading to a board meeting.,0,1,0,1,1,1,1,1,0,0,1,0,1,8,0,0,0,0,0,0,0,0,3,0,0,2,0,7,6,0
1666,A bald man with a beard plays the accordion in front of green doors,A man with a beard chops down a tree.,0,1,0,1,1,1,1,1,0,0,1,0,1,8,0,0,0,0,0,0,0,0,3,0,0,2,0,7,3,0
1667,A gray train with purple and blue stripes moves down a rusty track through trees.,The train is plain white.,0,1,0,1,2,1,0,1,0,2,0,0,9,5,0,0,1,0,0,0,2,0,3,2,0,0,2,1,5,2
1668,A group of people in their kayaks preparing to race.,The socks are wet and running low,0,0,0,2,0,2,0,0,2,2,0,2,9,6,1,0,0,1,0,0,1,0,0,1,0,0,4,1,8,4
1669,Man in scrubs yawns next to a medical device.,A man bursts into laughter.,0,1,0,1,1,1,1,1,0,0,1,0,1,8,0,0,0,1,0,2,1,0,2,1,0,2,4,7,6,9
1670,A man on bicycle riding down a rocky hill.,A man climbs a rocky hill.,0,1,0,1,1,1,1,1,0,0,1,0,8,1,0,0,1,0,0,1,2,0,1,2,0,1,2,7,7,2
1671,Men in construction uniforms are standing on iron girders.,The men are sitting.,0,0,0,2,0,2,0,0,2,2,0,2,9,0,1,0,0,0,0,2,0,0,0,0,0,4,0,1,8,0
1672,A man pulling up a child with a rope,The child is pulling the man up.,0,1,1,1,1,0,2,1,1,4,2,4,0,2,9,0,1,0,0,1,2,0,1,2,0,1,2,1,7,2
1673,Person holding a guitar with religious images and reflective stickers on the front.,The atheist loves his violin.,0,1,0,1,1,2,0,1,2,0,1,2,6,1,4,0,1,0,0,0,0,0,3,0,0,3,1,1,3,5
1674,Two men in business attire standing behind a camera.,Two shirtless men are at the golf course.,0,0,0,2,0,2,0,0,2,2,0,2,9,0,1,0,0,0,0,0,0,0,0,0,0,0,0,1,8,0
1675,A shirtless child plays with an adult indoors.,The child is outside.,0,1,1,1,2,0,2,1,1,4,2,4,0,2,9,0,0,0,0,0,0,0,0,0,0,0,1,1,5,5
1676,A person in a blue shirt and jeans leans on a wooden fence while looking out through the trees at a landscape.,"The man is standing in a rainstorm, hardly able to see his hand in front of his face",0,1,0,1,1,1,1,1,0,0,1,0,1,1,0,0,0,1,0,2,1,0,2,1,0,4,4,7,2,4
1677,Two young men in bathing suits standing next to fence on the beach.,Two boys are playing baseball.,0,0,0,2,0,2,2,0,2,1,0,2,3,0,7,0,0,0,0,0,0,0,0,0,0,4,1,1,8,7
1678,The shadows of trees are projected onto the field by the sun.,The moon light is shining down.,0,1,0,1,0,2,0,0,2,2,0,2,9,1,1,0,0,0,0,0,0,0,0,0,0,0,0,1,3,8
1679,A female contortionist practices her solo performance on stage.,A female contortionist is asleep in bed.,0,1,0,1,2,1,1,3,0,0,3,0,1,9,2,0,1,0,0,1,0,0,3,0,0,0,0,1,3,0
1680,A man and woman talking to each other in the daytime.,A man and woman talking at night time.,0,0,0,2,0,1,0,0,0,2,0,0,9,6,0,0,1,0,0,1,2,0,1,2,0,1,2,1,0,2
1681,Three people are standing in the snow preparing an ice fishing boat.,A group of people are sun tanning on the beach.,0,0,0,2,0,2,0,0,2,2,0,2,9,6,1,0,0,0,0,2,0,0,2,0,0,4,0,1,8,8
1682,A gentleman with two milk jugs.,The gentleman only has one milk jug.,0,1,0,1,1,1,1,1,0,0,1,0,1,8,0,0,1,0,0,1,2,0,1,2,0,1,2,7,7,2
1683,"An angry brown horse seems to be trying to buck off the male rider in tan jeans and blue shirt and black hat, while a photographer shoots a picture.",The horse is happy.,0,1,0,1,2,1,1,2,0,0,4,0,1,3,0,0,1,0,0,1,2,0,1,2,0,3,2,1,7,2
1684,A young woman in a red and white striped shirt holding her child in a similar outfit as she smiles for a picture.,The young is there a plain white shirt,0,1,0,1,2,1,1,3,0,0,2,0,2,2,0,0,0,0,0,0,0,0,0,0,0,0,1,1,3,5
1685,a child on a spinning wheel holding on for dear life,A baby is trying to crawl through a stationary wheel.,0,1,1,1,2,0,2,1,1,4,2,4,0,2,9,0,1,0,0,1,2,0,1,2,0,3,2,1,7,2
1686,A man in a colorful yellow and green garment stretches out his right arm while standing near a plate of glass embedded into the ground.,The man is wearing all black.,0,1,0,1,1,1,1,1,0,0,1,0,1,8,0,0,0,1,0,2,1,0,2,1,0,2,4,7,6,9
1687,A crowd of young people dance and celebrate outside of a brick building while people behind a railing watch.,One guy dances in the rain with a radio on his shoulder.,0,0,0,2,0,2,0,0,2,2,0,2,9,6,1,0,0,1,0,2,1,0,2,1,0,4,4,1,2,4
1688,Workers walk along railroad tracks entering a tunnel.,Workers are emerging from a railroad tunnel.,0,0,0,2,0,2,0,0,2,2,0,2,9,0,1,0,1,0,0,1,0,0,1,0,0,1,0,1,7,0
1689,Visitors pose for a picture at the 2008 Olympics in Beijing.,People sleeping on the beach.,0,0,0,2,0,2,0,0,2,2,0,2,9,6,1,0,0,1,0,2,1,0,2,1,0,4,4,1,8,4
1690,Several cyclists race a course lines with yellow flags as an observer holds a camera.,Men are competing in curling at the Olympics.,0,0,0,2,0,2,0,0,2,2,0,2,9,0,7,0,0,0,0,0,0,0,0,0,0,0,0,1,8,0
1691,A man holding a video camera standing next to a woman by water.,The man is holding a microphone as he introduces the woman standing by the water.,0,1,0,2,1,2,0,1,2,2,1,2,9,6,1,0,1,0,0,1,2,0,1,2,0,1,2,1,0,2
1692,Two men are kicking soccer balls on a beach.,There are two women kicking soccer balls.,0,0,0,2,0,2,0,0,2,2,0,2,9,0,7,0,1,0,0,1,2,0,1,2,0,1,2,1,7,2
1693,A group of old men playing chess in a pool.,The men are playing checkers in the shade at the park.,0,0,0,2,0,2,0,0,2,2,0,2,9,0,7,0,0,0,0,2,0,0,0,0,0,4,0,1,8,0
1694,Male guitar player on stage in a black shirt.,Snidely Whiplash is a philanthropist.,0,1,0,1,1,1,0,1,0,0,1,0,6,1,0,0,0,1,0,2,1,0,2,1,0,4,4,7,2,4
1695,A man stands beside a projector in a dimly lit conference room while some people who are wearing dress shirts are talking.,the man is at home sleeping,0,1,0,1,1,1,1,1,0,0,1,0,1,5,2,0,0,1,0,2,1,0,2,1,0,4,4,7,2,9
1696,A little girl in red is swinging on her stomach on a playground swing.,A girl is laying on the moon.,0,1,0,1,2,1,2,3,0,4,2,1,0,4,6,0,0,0,0,0,0,0,0,0,0,0,0,6,5,6
1697,Two people are racing with wheelchairs in a competition.,Three people ride bikes up a hill.,0,0,0,1,0,2,1,0,2,0,0,2,8,6,7,0,0,0,0,0,0,0,0,0,0,0,0,1,8,0
1698,"A man wearing a orange work vest is using a device to work on railing for public transit, in the city.",the man painted by the river,0,1,0,1,1,2,1,1,2,0,1,2,1,8,1,0,0,0,0,2,0,0,2,0,0,2,0,7,6,0
1699,Two professional businessmen having a conversation.,Neither man speaks the same language as the other.,0,0,0,2,0,1,0,0,0,2,0,0,9,0,0,0,1,0,0,0,0,0,0,0,0,0,0,1,0,0
1700,A man standing on a bridge under a crane.,A man not standing on a bridge,0,1,0,1,1,1,1,1,0,0,1,0,1,8,0,0,1,0,0,1,2,0,1,2,0,3,2,7,7,2
1701,A dog playing in the grass.,A pooch sniffs the food in his dish.,1,1,1,0,2,0,3,2,3,3,4,3,5,3,3,1,0,0,1,0,0,1,3,3,1,3,3,2,9,3
1702,Four Asian toddlers nap on a floor.,Four Mexican toddlers nap on a floor.,0,0,0,2,0,2,2,0,2,4,2,2,0,7,7,0,1,0,2,1,2,2,1,2,2,1,2,5,7,2
1703,This is people doing laundry.,The people are throwing around detergent in the laundromat.,0,0,0,1,0,1,1,0,0,0,0,0,1,6,0,0,1,0,0,0,2,0,3,2,0,3,2,7,3,2
1704,A small child in gray and orange winks their eye while holding silverware.,A small child with both eyes closed.,0,1,1,1,2,0,2,1,1,4,2,4,0,2,9,0,1,0,0,1,0,0,1,0,0,3,1,1,7,5
1705,A woman rides a red bicycle along a river while wearing a helmet.,The woman is riding an exercise bike at the gym.,0,1,0,1,2,1,1,3,0,0,3,1,8,9,5,0,0,0,0,0,0,0,3,0,0,0,0,1,8,0
1706,A small whole is being drilled into a white piece of plastic while being held down securely on a workbench.,A hole is being drilled in a wooden keg.,0,1,0,1,1,1,1,1,0,0,1,0,1,1,0,0,1,0,0,1,0,0,3,0,0,1,0,1,1,0
1707,"A football player wearing the number ""8"" looks at his teammate in the distance.",The players are tennis players,0,0,0,2,0,2,2,0,2,1,0,2,3,0,7,0,0,0,0,0,0,0,0,0,0,0,0,9,8,0
1708,A dark-skinned man handing someone his phone.,A man steals a phone from someone.,0,1,0,1,1,1,1,1,0,0,1,0,1,8,0,0,1,0,0,0,2,0,3,2,0,2,2,7,1,2
1709,Four young ladies are talking together on the sidewalk in front of a shop.,A baby crawls.,0,0,1,1,2,0,2,0,1,4,2,4,0,9,9,0,0,1,0,2,1,0,2,1,0,4,4,7,2,4
1710,Several men are sitting around a dinner table having separate conversations.,Several women are eating on a roof.,0,0,0,2,0,2,0,0,2,2,0,2,9,6,1,0,0,0,0,2,2,0,2,2,0,4,2,1,2,2
1711,A rolling pin flattening yellowed dough.,Steaks are cooking on a grill.,0,1,0,1,0,1,1,0,0,0,0,0,2,0,0,0,0,1,0,2,1,0,2,1,0,4,4,7,2,4
1712,"A group of six women, with children sitting on the floor behind them, are at work in individual work spaces with privacy dividers between them.",A group of people are at home.,0,0,0,2,0,1,0,0,0,2,0,0,9,5,2,0,0,0,0,0,0,0,0,0,0,0,0,1,8,8
1713,A man with a white beard is wearing an apron and in the kitchen.,The man is at the barber having a shave.,0,1,0,1,1,1,1,1,0,0,1,0,1,8,0,0,0,0,0,0,0,0,3,0,0,2,0,7,6,0
1714,A woman with a chain around her neck leans before a small girl playing a game of Jenga while others watch on.,The woman is playing a game of Monopoly.,0,1,0,2,2,2,0,3,2,2,3,2,9,9,7,0,0,1,0,2,1,0,2,1,0,4,4,1,8,4
1715,A couple cuts a wedding cake.,A bride and groom are throwing cake at each other's faces.,0,0,0,2,0,2,0,0,2,2,0,2,9,6,1,0,1,0,0,1,2,0,1,2,0,1,2,1,0,2
1716,A dog running with something in its mouth,A dog is currently sleeping,1,1,1,0,2,0,3,2,3,3,4,3,5,3,3,1,0,0,1,2,0,1,2,3,1,4,3,2,9,3
1717,"On a beautiful day, people walk past the church.",The men were engaged in a bar fight.,0,0,0,2,0,2,0,0,2,2,0,2,9,0,1,0,0,1,0,2,1,0,2,1,0,4,4,7,2,4
1718,An elderly woman pushing a stroller,The elderly woman is dead.,0,1,0,1,2,1,1,3,0,0,3,0,2,9,0,0,0,0,0,0,0,0,0,0,0,0,0,1,3,1
1719,A man wearing a red jacket over a black shirt smokes two cigarettes at once.,The man is throwing away the cigarette.,0,1,0,1,1,1,1,1,0,0,1,0,1,8,0,0,0,1,0,0,1,0,3,1,0,2,4,7,6,9
1720,Blue scooter with white helmet and two women sitting on bench looking at phone next to small shop.,The women are standing next to a park.,0,0,0,2,0,2,0,0,2,2,3,2,2,9,1,0,0,0,0,0,0,0,0,0,0,0,0,1,8,1
1721,"A man is standing on his head, in midair on a giant flag while many onlookers watch and hoist him up.",The man is sitting on a couch.,0,1,0,1,1,1,1,1,0,0,1,0,1,8,0,0,0,1,0,2,1,0,2,1,0,4,4,7,6,4
1722,A boy in a white shirt and yellow shorts walks in a crosswalk at night.,A boy walking during the day,0,1,1,1,1,0,2,1,1,4,2,4,0,2,9,0,1,0,0,1,0,0,1,0,0,3,1,0,7,5
1723,A man in a brown hat walks down a sidewalk.,the man is going for a jog,0,1,0,1,1,1,1,1,0,0,1,0,1,8,0,0,0,1,0,2,1,0,2,1,0,2,4,7,6,4
1724,"Four men in green at a soccer goal post trying to score, while 3 men in blue try to prevent it.",The soccer players are about to score a touchdown,0,0,0,2,0,2,2,0,2,1,0,2,3,0,7,0,1,0,0,1,0,0,1,0,0,1,0,9,0,0
1725,Four people racing in kayaks go over whitewater in a race.,Four people swim in a calm stream.,0,0,0,2,0,2,0,0,2,2,0,2,9,6,1,0,1,0,0,1,2,0,1,2,0,1,2,1,0,2
1726,A musician sitting cross legged in front of a microphone.,The musician swimming in the ocean.,0,1,0,1,1,2,1,1,2,0,1,2,1,1,1,0,0,0,0,0,0,0,0,0,0,4,0,7,8,0
1727,Young girl in striped bathing suit sitting in a watery hole at a beach.,A young girl is ice skating.,0,1,0,1,2,1,2,3,0,4,2,1,2,4,6,0,0,0,0,0,0,0,0,0,0,0,0,6,5,6
1728,"A person with red-hair and a black shirt is standing outside, talking and gesturing with hands.",A swimmer swims in the pool.,0,1,0,1,1,1,1,1,0,0,1,0,1,1,0,0,0,1,0,2,1,0,0,1,0,4,4,7,8,4
1729,Two elderly females sitting on a white bench amongst trees.,A man applies sun tan lotion to his arms.,0,0,0,2,0,1,0,0,0,2,0,0,9,6,0,0,0,1,0,2,1,0,2,1,0,4,4,7,2,4
1730,Someone is scaling a rock formation with trees in the background.,Someone is walking on the beach.,0,1,0,1,1,1,1,1,0,0,1,0,1,1,0,0,0,0,0,0,0,0,0,0,0,0,0,1,8,0
1731,a guy shaving his facial hair in the restroom.,The man is in his living room.,0,1,0,1,1,1,1,1,0,0,1,0,1,8,0,0,0,1,0,2,1,0,2,1,0,4,4,7,6,9
1732,A group of people sit watching an event behind a Tim hortons sign.,There is a group of people standing outdoors,0,0,0,2,0,2,0,0,2,2,0,2,9,6,1,0,0,0,0,0,0,0,0,0,0,0,0,1,0,8
1733,A man is eating an ice cream cone in front of a closed shop window.,A person walking into a shop.,0,1,0,1,1,1,1,1,0,0,1,0,1,1,0,0,0,0,0,0,0,0,3,0,0,2,0,7,6,0
1734,Older woman places a wok on a fire stove.,An older woman washing dishes.,0,1,0,1,2,1,1,3,0,0,3,0,2,4,0,0,1,0,0,0,0,0,3,0,0,0,0,1,3,1
1735,A race car is smoking on the track.,The race car is parked in a garage.,0,1,0,1,2,1,1,1,0,0,0,0,9,5,0,0,1,0,0,0,0,0,3,0,0,3,0,1,3,0
1736,A camera team wearing jackets stands in front of a white building.,The building is painted gray.,0,0,0,2,0,2,0,0,2,2,0,2,9,6,1,0,0,1,0,2,1,0,2,1,0,4,4,7,8,4
1737,A man is posing for a pic in a museum.,The man is posing for a pic in an aquarium.,0,1,0,1,1,1,1,1,0,0,1,0,1,8,0,0,1,0,0,1,2,0,1,2,0,1,2,1,7,2
1738,A man is removing a garter for a lady.,The man is sleeping and the woman is reading a book.,0,1,0,1,1,1,1,1,0,0,1,0,1,8,2,0,0,1,0,2,1,0,2,1,0,4,4,7,2,4
1739,A group of people ordering sweets at a fair in the evening.,Children are eating apples at their school.,0,0,0,2,0,1,0,0,0,2,0,0,9,7,0,0,0,1,0,2,1,0,2,1,0,4,4,7,2,4
1740,A woman in a light blue shirt with white sleeves cuts a watermelon.,A woman is cutting a potato while wearing a red tank top with no sleeves.,0,1,0,1,2,1,1,3,0,0,3,1,2,4,5,0,1,0,0,0,0,0,3,0,0,0,0,1,3,1
1741,A man behind an old fashioned bank teller desk holds a pencil and smiles.,An old man sets a pencil on a counter.,0,1,0,1,1,1,1,1,0,0,1,0,1,8,0,0,1,0,0,1,2,0,1,2,0,1,2,7,1,2
1742,Many guards are standing in front of the starting line of a race.,The guards are sleeping in a bell tower.,0,0,0,2,0,1,0,0,0,2,0,0,1,5,2,0,0,1,0,2,1,0,2,1,0,4,4,7,2,4
1743,"A little girl in a red shirt is suspended in midair on a contraption, as a man wearing white shorts looks up at her.",A man and girl are swimming in the ocean,0,1,0,2,0,2,0,1,2,2,2,2,9,6,1,0,0,1,0,2,1,0,2,1,0,4,4,7,8,4
1744,An elderly man is sitting on the steps with a bag.,A man is sleeping on a bench.,0,1,0,1,1,1,1,1,0,0,1,0,1,8,0,0,0,1,0,2,1,0,2,1,0,2,4,7,6,9
1745,"A dark-haired woman wearing a brown jacket and fatigue bottoms and a balding man wearing a green sweater and blue jeans with a fishing pole, stand at the foot of the surf.",A person without a pole.,0,1,0,1,1,1,1,1,0,0,1,1,1,5,5,0,0,0,0,2,0,0,2,0,0,4,0,7,8,1
1746,Two men holding an oversized check from Bollywood Dreams for Unicef and smiling.,The men are swimming across the ocean.,0,0,0,2,0,2,0,0,2,2,0,2,9,0,1,0,0,1,0,2,1,0,2,1,0,4,4,7,8,4
1747,Some children are playing in a woodland stream.,Children are sitting down.,0,0,1,2,0,0,2,0,1,4,2,4,0,7,8,0,1,0,2,0,0,2,0,0,2,0,1,5,3,7
1748,A smiling man holds a small child wearing pink and red.,The man is hugging his dog.,0,1,0,1,1,1,1,1,0,0,1,0,1,8,0,0,0,1,0,2,1,0,2,1,0,2,4,7,6,9
1749,Two women sitting on a bench eating vanilla ice cream.,Two men are eating peanuts.,0,0,0,2,0,1,0,0,0,2,0,0,9,0,0,0,0,1,0,0,1,0,0,1,0,0,4,1,3,4
1750,A brown dog leaps in the air over colorful leafs,The brown dog is eating in the leafs.,1,1,1,0,2,0,3,2,3,3,4,3,5,3,3,1,1,0,1,1,2,1,1,2,1,3,2,2,9,2
1751,A pastor on a cellphone in front of a stone building with five officers wearing green uniforms; two are standing while the others are seated.,The man is indoors.,0,1,0,1,1,1,1,1,0,0,1,0,1,8,0,0,0,1,0,2,1,0,2,1,0,4,4,7,2,9
1752,"An older white-haired woman in a blue jacket, brown boots, with a ring on her finger looks at samples of a drink next to a sign in a different language.",the woman is nude by the beach,0,1,0,1,2,1,1,3,0,0,3,0,2,9,0,0,0,1,0,2,1,0,2,1,0,4,4,7,8,4
1753,two beautiful women stand next to a fountain which is giving off a light mist.,An old woman feed the pigeons in town.,0,0,0,2,2,1,0,3,0,2,3,1,2,9,5,0,0,1,0,2,1,0,2,1,0,4,4,1,2,4
1754,Two police officers are standing before a man in a blue sweatshirt.,A man is wearing a purple sweatshirt.,0,1,0,1,1,1,1,1,0,0,1,0,1,8,0,0,1,0,0,0,2,0,3,2,0,3,2,7,1,2
1755,A woman walking down the street.,A man does dishes.,0,1,0,1,1,1,1,1,0,0,1,0,1,1,0,0,0,1,0,2,1,0,2,1,0,4,4,7,2,4
1756,"On a patio preparing for a grill-out, the man in the welding mask stirs curiosity from the little girl.",There is a man baking cookies.,0,1,0,1,1,1,1,1,0,0,1,0,2,8,0,0,0,0,0,2,0,0,2,0,0,4,0,7,6,0
1757,A man is pushing his blue painted snack cart through the street.,The man is selling hats.,0,1,0,1,1,1,1,1,0,0,1,0,1,8,0,0,0,1,0,2,1,0,2,1,0,2,4,7,6,9
1758,A man is walking in a bright yellow jacket.,He sat at the computer.,0,1,0,1,1,1,1,1,0,0,1,0,1,8,0,0,0,1,0,2,1,0,2,1,0,4,4,7,2,4
1759,Two people observe a man constructing a deck by a body of water.,3 people build a deck together.,0,0,0,2,0,2,0,0,2,2,0,2,9,6,1,0,1,0,0,1,2,0,1,2,0,1,2,1,0,2
1760,A man talks animatedly to a person in an orangutan suit.,A man is ignoring a person.,0,1,0,1,1,1,0,1,0,2,1,0,9,8,0,0,0,1,0,2,1,0,2,1,0,4,4,7,6,9
1761,A man makes a goofy face underwater in a pool while swimming.,the man is at home sleeping,0,1,0,1,1,1,1,1,0,0,1,0,1,8,2,0,0,1,0,2,1,0,2,1,0,4,4,7,4,4
1762,A small white dog pulls a large stick out of the water.,The dog is black and weighs 100 pounds.,1,1,0,0,2,1,3,2,0,3,4,0,5,3,0,1,0,0,1,2,0,1,2,3,1,4,3,2,9,3
1763,A person is suspended by cables from a high tower made of metal scaffolding.,A man is falling from a high tower.,0,1,0,1,1,1,1,1,0,0,1,0,8,1,0,0,1,0,0,1,2,0,1,2,0,1,2,7,7,2
1764,People on the streets attending rally,The people are now leaving the rally into their cars.,0,0,0,2,0,2,0,0,2,2,0,2,9,6,1,0,1,0,0,0,2,0,3,2,0,3,2,1,3,2
1765,A little boy is holding a blue ball in the yard.,A person walks inside the room.,0,1,0,1,1,1,2,1,0,4,2,0,0,2,0,0,0,1,0,2,1,0,2,1,0,4,4,7,2,4
1766,A baby boy in a blue and white striped shirt is sitting on his mother's shoulders.,The baby is without his mother.,0,1,1,1,1,0,2,1,1,4,2,4,0,2,9,0,1,0,0,0,0,0,3,0,0,3,1,1,3,5
1767,One brown and one mostly black dog are either playing or fighting.,one dog sat alone,1,0,1,0,2,0,3,2,3,3,4,3,4,3,3,0,0,1,0,2,1,0,2,1,0,4,4,7,6,4
1768,A man wearing all black writing on a piece of paper.,a man doesn't know how to write,0,1,0,1,1,1,1,1,0,0,1,0,1,8,0,0,1,0,0,1,0,0,1,0,0,1,0,7,1,0
1769,A young woman and baby in red coats with a pink bicycle.,A father and his daughter are riding a pink bicycle.,0,0,0,1,0,2,0,0,2,2,0,2,9,6,1,0,1,0,0,0,2,0,3,2,0,0,2,1,3,2
1770,A man is playing shot put with a skirt.,A woman throws a discus.,0,1,0,2,2,1,2,3,0,1,3,1,3,4,5,0,0,1,0,2,1,0,2,1,0,4,4,7,2,4
1771,a group of greyhound dogs in a race leaving the gate,The dogs are only put here for human's enjoyment.,1,0,1,0,0,0,3,2,3,3,4,3,4,3,3,1,1,0,1,0,0,1,3,3,3,0,3,3,5,3
1772,A woman sitting on a wall on a bright summer day.,A woman is standing near a fence.,0,1,0,1,2,1,1,3,0,0,3,1,2,4,5,0,0,0,0,0,0,0,0,0,0,0,0,1,8,1
1773,The fireman use heavy duty machinery to make putting out fires easier.,A kid sits at his desk.,0,1,1,1,1,0,2,1,1,4,1,4,0,2,9,0,0,1,0,2,1,0,2,1,0,4,4,7,2,4
1774,A young girl and older person are sitting near the top of a rock formation.,A young boy and older person are sitting near the top of a rock formation.,0,0,0,2,0,2,0,0,2,2,0,2,9,6,1,0,1,0,0,1,2,0,1,2,0,1,2,1,7,2
1775,Two people are kissing with old buildings on either side of them and people walking up in the background.,Two people hug for a photo.,0,0,0,2,0,2,0,0,2,2,0,2,9,6,1,0,1,0,0,0,0,0,0,0,0,0,0,1,0,0
1776,"Two young children, one in an inflatable life vest, swim in a pool.",Two young children sit beside the pool wishing the rain would stop.,0,0,1,2,0,0,2,0,1,4,2,4,0,7,8,0,1,0,2,1,0,2,3,0,2,0,1,5,3,7
1777,A man is riding a tall unicycle and juggling pins simultaneously while many audience members watch and applaud.,A man is riding his bike in a race.,0,1,0,1,1,1,1,1,0,0,1,0,8,8,0,0,0,0,0,0,0,0,3,0,0,2,0,7,6,0
1778,A gentleman is operating a machine while working in a factory.,a gentleman is drinking in the bar,0,1,0,1,1,2,1,1,2,0,1,2,1,8,1,0,0,1,0,0,1,0,3,1,0,2,4,7,6,9
1779,An older man working with his hands in a workshop.,A young man is working with his hands in his father's workshop.,0,1,0,1,1,1,1,1,0,0,1,0,1,8,0,0,1,0,0,1,2,0,1,2,0,1,2,7,7,2
1780,a smiling baby is sitting in a white baby bouncer surrounded by toys.,A crying baby wants to get out of the bouncer.,0,1,0,1,2,1,2,1,0,4,2,0,0,2,0,0,1,0,0,0,0,0,3,0,0,3,1,1,3,5
1781,A marathon biker with the number 701 smiles while standing and holding his bike up.,A marathon biker with the number 701 is crying in pain and holding his bike up,0,1,0,1,1,1,1,1,0,0,1,0,8,1,0,0,1,0,0,1,0,0,1,0,0,1,0,8,1,0
1782,A lady with her son attached to her back,The lady is pushing her son in a stroller.,0,1,0,1,2,1,1,3,0,4,3,1,2,9,5,0,1,0,0,1,0,0,1,0,0,1,1,1,5,5
1783,A woman in a green skirt is sitting on a bench outside.,The woman in black is sitting on a bench inside.,0,1,0,1,2,1,1,3,0,0,3,1,2,9,5,0,0,0,0,0,0,0,0,0,0,0,0,1,3,1
1784,A construction worker wearing bright orange is shoveling something.,A child at recess at school.,0,1,1,1,1,0,2,1,1,4,2,4,0,2,9,0,0,1,0,2,1,0,2,1,0,4,4,7,2,4
1785,An older man stands in front of a vitamin store.,An older man is taking a shower.,0,1,0,1,1,1,1,1,0,0,1,0,1,8,0,0,0,0,0,0,0,0,3,0,0,2,0,7,6,0
1786,A toddler in a white hooded jacket holds on to the wall.,A man in a white hooded jacket holds on to the wall.,0,1,0,1,1,1,1,1,0,0,1,0,1,2,0,0,1,0,0,1,2,0,1,2,0,1,2,1,7,2
1787,A man painted orange in orange pants is standing with a person painted red with black and gray wings.,The man was watching television.,0,1,0,1,1,1,2,1,0,4,1,0,1,8,0,0,0,1,0,2,1,0,2,1,0,4,4,7,2,4
1788,Two kids in a rubber boat.,Two children are eating lunch,0,0,0,2,0,1,2,0,0,4,2,0,0,7,0,0,0,0,2,0,0,2,0,0,2,0,1,5,3,7
1789,"A small South American child running on a cobblestone pathway, by a blue wall with a door.",An old man sits along a pathway leaning up against a wall.,0,1,0,1,1,1,1,1,0,0,1,0,0,1,0,0,0,0,0,2,0,0,2,0,0,4,0,7,8,0
1790,A little boy is squatting down looking at colorful pieces of paper while grownup look on.,A child is standing outside while his parents watch.,0,1,1,1,1,0,2,1,1,4,2,4,0,2,8,0,1,0,0,0,0,0,3,0,0,3,1,0,3,5
1791,A bagpipe street performer in front of a store window.,The street performer is playing with fire.,0,1,0,1,1,2,1,1,2,0,1,2,1,1,4,0,1,0,0,1,2,0,1,2,0,1,2,7,7,2
1792,The lady is putting colored lipstick on her lips in the mirror.,A man checks his hair in the mirror.,0,1,0,1,1,1,1,1,0,0,1,0,1,8,0,0,0,0,0,0,2,0,0,2,0,0,2,1,3,2
1793,A basketball player attempts a layup in a gymnasium.,A surfer is catching a huge wave.,0,1,0,1,1,1,2,1,0,0,1,0,8,1,0,0,0,1,0,2,1,0,2,1,0,4,4,7,2,4
1794,"Three boy scouts give presentations on a stage with two tents, a bench, and an American flag behind them.",girl eats cupcake,0,0,0,2,0,1,0,0,0,4,2,0,2,7,0,0,0,1,0,2,1,0,2,1,0,4,4,7,2,4
1795,A show horse being ridden by a woman in jockey clothes is about to jump over a white steeple on a green field in front of a parking lot with camper vans in it.,The horse is riding the woman.,0,1,0,1,2,1,1,3,0,0,3,0,1,9,0,0,1,0,0,1,2,0,1,2,0,1,2,1,7,2
1796,Three shirtless boys are playing in the water.,children playing hockey,0,0,0,2,0,2,2,0,2,4,2,2,0,7,7,0,0,0,2,0,0,2,0,0,2,0,1,5,3,7
1797,The person with the tattoos is holding a dirty frying pan.,The person with tattoos hit someone on the head with the pan.,0,1,0,1,1,1,1,1,0,0,1,1,2,1,5,0,1,0,0,1,2,0,1,2,0,1,2,1,7,2
1798,A male surgeon wearing a red cap and teal scrubs performing surgery with two other men wearing teal scrubs.,A woman feeds the man.,0,1,0,2,0,1,0,0,0,2,0,0,9,0,0,0,0,1,0,2,1,0,2,1,0,4,4,7,2,4
1799,A group of children play in a public fountain while others sit where it is dryer.,Children take a nap in school.,0,0,1,2,0,0,2,0,1,4,2,4,0,7,8,0,0,0,2,0,0,2,0,0,2,0,1,5,8,7
1800,Two women are going down a water ride at Busch Gardens.,The women are stuck in the hot office all day,0,0,0,2,0,2,0,0,2,2,0,2,2,9,1,0,0,1,0,2,1,0,2,1,0,4,4,7,2,4
1801,A little girl in blue is watching a little boy in black swing at a disney princess pinata.,A sister watches her brother running around.,0,0,1,2,0,0,2,0,1,4,2,4,0,7,8,0,0,0,0,0,0,0,0,0,0,0,1,1,3,7
1802,"A man in a blue-plaid shirt and white hat, backdropped by a stone wall performs an unknown task while standing atop a platform.",The man is sitting in the audience.,0,1,0,1,1,1,1,1,0,0,1,0,1,8,0,0,0,1,0,2,1,0,2,1,0,4,4,7,6,4
1803,The man is wearing a red jacket and standing next to a bicycle.,A man with a blue jacket is driving a car.,0,1,0,1,1,1,1,1,0,0,1,0,1,8,0,0,0,1,0,2,1,0,2,1,0,2,4,7,6,9
1804,"A woman is on her hands and knees on a dirt field, while a man in a costume is kicking one of his legs toward her face.",The couple are attending sunday services at the church,0,1,0,2,0,2,0,0,2,2,0,2,9,6,1,0,0,1,0,2,1,0,2,1,0,4,4,7,8,4
1805,a person in pink pants playing a guitar,There is someone playing the clarinet.,0,1,0,1,2,2,0,1,2,2,1,2,6,1,4,0,0,0,0,0,0,0,0,0,0,0,0,7,8,0
1806,Two couples sitting at separate tables eating in a restaurant.,There is nobody in the restaurant.,0,0,0,2,0,1,0,0,0,2,0,0,9,5,0,0,0,0,0,0,0,0,0,0,0,0,0,1,3,8
1807,A group of people are having a discussion in a circle formation.,The group is asleep in bed.,0,0,0,2,0,1,0,0,0,2,0,0,9,5,2,0,0,0,0,2,0,0,2,0,0,4,0,7,8,8
1808,People are standing on the sidewalk of a street.,People are swimming in the ocean.,0,0,0,2,0,2,0,0,2,2,0,2,9,6,1,0,0,0,0,2,0,0,2,0,0,4,0,1,8,8
1809,A little girl wearing a brown jacket is looking at bubbles.,A girl watches a bird.,0,1,0,1,2,1,2,3,0,4,2,1,2,4,6,0,1,0,0,0,0,0,3,0,0,0,0,6,5,6
1810,A boy in a sports uniform chasing a soccer ball,A boy is sleeping.,0,1,1,1,1,0,2,1,1,4,2,4,0,2,9,0,0,0,0,0,0,0,3,0,0,3,1,0,3,5
1811,A skier slides along a metal rail.,A skier is away from the rail.,0,1,0,1,1,1,1,1,0,0,1,0,8,1,0,0,1,0,0,1,2,3,1,2,4,1,2,4,7,2
1812,A man putting wood on top of a house.,A man falls off a house.,0,1,0,1,1,1,1,1,0,0,1,0,1,8,0,0,0,1,0,0,1,0,3,1,0,0,4,7,3,4
1813,A group of nine performers on a stage are shown holding guitars and wearing black and red costumes.,A string quartet is practicing in a small room.,0,0,0,2,0,2,0,0,2,2,0,2,6,6,4,0,0,0,0,0,0,0,0,0,0,0,0,1,8,8
1814,A man wearing a black hat and three colored wristbands holds a microphone to his mouth.,A man is sitting in the park and reading.,0,1,0,1,1,1,1,1,0,0,1,0,1,8,0,0,0,1,0,2,1,0,2,1,0,2,4,7,6,9
1815,A dog is running through the water with an orange object in its mouth.,A dog in an agility course.,1,1,1,0,2,0,3,2,3,3,4,3,5,3,3,1,0,0,1,0,0,1,3,3,1,3,3,2,9,3
1816,A young man wearing a white glove standing on the side of a road.An o,A young woman wearing a white glove standing on the side of a road.,0,1,0,1,2,1,1,3,0,0,3,0,2,4,0,0,1,0,0,1,2,0,1,2,0,1,2,1,7,2
1817,"A young couple is sitting on a sidewalk with their helmets, in front of a motor scooter.",A kid is sitting with his helmet in front of a motor scooter.,0,1,0,1,0,1,1,0,0,0,2,0,9,2,0,0,1,0,0,1,0,0,1,0,0,1,0,1,7,0
1818,A man with headphones holds a microphone.,A man is playing piano.,0,1,0,1,1,2,0,1,2,2,1,2,6,8,4,0,0,1,0,2,1,0,2,1,0,2,4,7,6,9
1819,"An old man with a multicolored hat standing is standing front of a earth toned mosaic sign, with foreign language in the tiles.",The woman brings in a casserole from the kitchen.,0,1,0,1,2,1,1,3,0,0,3,0,2,4,0,0,0,1,0,2,1,0,2,1,0,4,4,7,2,4
1820,A girl in a plaid shirt is jumping in front of a bench.,A girl jumps off the high dive.,0,1,0,1,2,1,2,3,0,4,2,0,2,4,0,0,1,0,0,1,0,0,1,0,0,0,0,6,5,6
1821,"Man with goatee, wearing a Las Vegas T-shirt barbecuing outside at a grill.",A man with no facial hair is grilling.,0,1,0,1,1,1,1,1,0,0,1,0,1,8,0,0,1,0,0,1,0,0,3,0,0,1,0,7,1,0
1822,A dirt biker with number 625 is racing on a course.,The dirt biker is walking alongside their bike.,0,1,0,1,1,1,1,1,0,0,1,0,8,1,0,0,1,0,0,1,0,0,3,0,0,3,0,8,7,0
1823,A man is singing at a concert.,The woman is made of sand,0,1,0,1,2,1,1,3,0,0,3,0,1,4,0,0,0,1,0,2,1,0,2,1,0,4,4,7,2,4
1824,Two guys in coats laugh while walking down a street.,A couple of guys are sitting on the beach at the ocean.,0,0,0,2,0,2,0,0,2,2,0,2,9,0,1,0,0,0,0,0,0,0,0,0,0,0,0,1,8,0
1825,Four young men and three young women playing a card game at a table.,The people are playing charades,0,0,0,2,0,2,0,0,2,2,0,2,9,6,7,0,1,0,0,1,0,0,1,0,0,1,0,1,0,8
1826,A young girl in a blue dress walks holding her shoes next to a small stream of water.,A girl is watching tv.,0,1,0,1,2,1,2,3,0,4,2,1,0,4,6,0,0,0,0,2,0,0,0,0,0,4,0,6,8,6
1827,People sitting and walking along the street of a city.,The people are in the ocean.,0,0,0,2,0,2,0,0,2,2,0,2,9,6,1,0,0,0,0,2,0,0,0,0,0,0,0,1,8,8
1828,An Asian man in an orange jacket carries a high stack of boxes.,The lady mails the boxes to Japan.,0,1,0,1,2,1,1,3,0,0,3,0,2,4,0,0,1,0,0,0,2,0,3,2,0,0,2,1,3,2
1829,A small boy is working on a project while an older man looks on.,A teacher is demonstrating for the student.,0,1,0,1,1,1,1,1,0,0,2,0,1,2,0,0,1,0,0,0,0,0,3,0,0,3,0,7,3,0
1830,Girl playing flute as she walks by fence in rural area.,Girl cooking dinner.,0,1,0,1,2,1,1,3,0,0,2,0,2,4,0,0,0,1,0,2,1,0,0,1,0,4,4,6,5,4
1831,A caucasian man wearing a short-sleeved black shirt and a dark-skinned woman wearing a sleeveless dress are working at a conveyor.,The man and woman are fishing together.,0,0,0,2,0,2,0,0,2,2,0,2,9,6,1,0,0,1,0,0,1,0,0,1,0,0,4,1,8,4
1832,A girl in black sits on a lawn by a stone wall with another person in a rust-colored shirt.,The girl is sitting on the couch by herself.,0,1,0,1,2,1,1,3,0,4,2,1,2,5,6,0,0,1,0,2,1,0,2,1,0,4,4,7,2,4
1833,A single person on a bike rides through a dirt path past a wooded area.,The bike has a flat,0,1,0,1,1,1,1,1,0,0,1,0,8,1,0,0,1,0,0,1,0,0,3,0,0,3,0,8,7,0
1834,A group of men are changing the shells on a cannon.,The men are eating their meals.,0,0,0,2,0,1,0,0,0,2,0,0,9,0,0,0,0,1,0,2,1,0,2,1,0,4,4,1,8,4
1835,Two men with no shirts jumping over a rail.,A group of only women wearing snowsuits are jumping over a rail.,0,0,0,2,0,2,0,0,2,2,0,2,9,0,1,0,1,1,0,0,1,0,3,1,0,0,4,1,3,4
1836,Two kids look into the forest,kids are deep ocean swimming,0,0,1,2,0,0,2,0,1,4,2,4,0,7,8,0,0,0,2,0,0,2,0,0,2,0,1,5,3,7
1837,A man with gray hair and a blond woman sitting on the same side of a table with bikes in the background.,The man and woman are watching television.,0,0,0,1,0,1,1,0,0,0,0,0,1,6,0,0,0,1,0,2,1,0,2,1,0,4,4,1,8,4
1838,A man cleaning the floor.,The man is sleeping.,0,1,0,1,1,1,1,1,0,0,1,0,1,8,2,0,0,1,0,2,1,0,2,1,0,4,4,7,6,9
1839,Children are playing with baseball bats.,Men are playing with baseball bats.,0,0,0,2,0,2,2,0,2,1,0,2,3,7,7,0,1,0,0,1,2,0,1,2,0,1,2,1,7,2
1840,Man does a split in midair by a lovely pool.,two houses are opposite each other,0,1,0,1,1,1,1,1,0,0,1,0,1,1,0,0,0,1,0,2,1,0,2,1,0,4,4,7,2,4
1841,Four men sitting in front of a desk having a meeting.,Four women at a meeting,0,0,0,2,0,2,0,0,2,2,0,2,9,0,1,0,1,0,0,1,2,0,1,2,0,1,2,1,0,2
1842,An Asian young woman is working with flower while surrounding by her peers.,The woman is working at home.,0,1,0,1,2,1,1,3,0,0,3,0,2,9,2,0,0,0,0,0,0,0,0,0,0,4,0,1,8,1
1843,Two sumo wrestlers wrestling in a sand ring.,Sumo wrestlers are eating.,0,0,0,2,0,1,0,0,0,2,0,0,9,0,0,0,1,0,0,1,2,0,1,2,0,1,2,1,7,2
1844,A small child wearing a red winter cap and a blue and black snowsuit pushing a plow through snow.,Some people discuss about something.,0,0,0,2,0,2,0,0,2,2,0,2,9,6,1,0,0,1,0,2,1,0,2,1,0,4,4,7,2,4
1845,A girl is biking over the street.,A boy is on a tricycle in the driveway.,0,1,0,1,2,1,1,1,0,0,2,0,8,1,0,0,0,0,0,0,0,0,3,0,0,3,0,8,3,0
1846,An old man wearing a red suit stands in a large social gathering.,The man is 10 years old,0,1,0,1,1,1,1,1,0,0,1,0,1,8,0,0,0,1,0,2,1,0,2,1,0,4,4,7,6,4
1847,Friends laughing about something they have just witnessed.,A young girl cries.,0,0,0,2,0,1,0,0,0,2,0,0,2,6,0,0,0,1,0,2,1,0,2,1,0,4,4,1,2,4
1848,The white dog trotted in the snow.,A dog is lying in the sun,1,1,1,0,2,0,3,2,3,3,4,3,5,3,3,1,0,0,1,0,0,1,3,3,1,3,3,2,9,3
1849,A little boy crawls along the surface of a big rock.,A boy plays in his room.,0,1,1,1,1,0,2,1,1,4,2,4,0,2,9,0,0,0,0,0,0,0,3,0,0,3,1,0,3,5
1850,Three hockey players are fighting over the puck near the goal.,A hockey player makes a goal.,0,1,0,2,0,2,2,1,2,1,1,2,3,1,7,0,1,0,0,1,0,0,1,0,0,1,0,9,0,0
1851,A person dressed in black is walking eleven dogs on a sidewalk.,a person dressed in white is walking dogs through a field.,0,1,1,1,1,0,1,1,3,0,1,3,2,1,3,0,1,0,0,1,2,0,1,2,0,1,2,1,0,2
1852,Smiling woman holding a piece of cloth.,The woman was visually upset.,0,1,0,1,2,1,1,3,0,0,3,0,2,4,0,0,0,0,0,0,0,0,0,0,0,0,0,1,3,1
1853,A woman in black and a jeep in blue.,The woman is in red.,0,1,0,1,2,1,1,3,0,0,3,1,2,9,5,0,0,0,0,0,0,0,0,0,0,0,0,1,8,1
1854,A man checking his phone after cycling.,The woman is checking her phone.,0,1,0,1,2,1,1,3,0,0,3,0,2,4,0,0,1,0,0,1,2,0,1,2,0,1,2,1,0,2
1855,Silhouette of two people sitting on a dock at sunset,Silhouette of two people sitting on a dock at sunrise.,0,0,0,2,0,2,0,0,2,2,0,2,9,6,1,0,1,0,0,1,2,0,1,2,0,1,2,1,7,2
1856,A middle-aged man sits on a concrete structure in the midst of a flea market.,A man tries to sell his goods at a flea market.,0,1,0,1,1,1,1,1,0,0,1,0,1,8,0,0,1,0,0,1,2,0,1,2,0,2,2,1,1,2
1857,a city area and a woman with her family.,The woman is alone.,0,1,0,1,2,1,1,3,0,0,3,0,2,9,0,0,0,0,0,0,0,0,0,0,0,0,0,1,8,1
1858,A man holding several coats and three children stand in front of a large painting of a mountain landscape.,Three boys go swimming while their mom stnads nearby,0,0,0,2,0,2,0,0,2,2,0,2,9,6,1,0,0,1,0,2,1,0,2,1,0,4,4,7,2,4
1859,A group of people are eating cake at an office party.,The people are eating carrots.,0,0,0,2,0,1,0,0,0,2,0,0,9,6,0,0,0,0,0,0,0,0,3,0,0,0,0,7,3,0
1860,A couple having a conversation over drinks.,A couple is not drinking anything,0,0,0,2,0,2,0,0,2,2,0,2,9,5,1,0,0,0,0,0,0,0,0,0,0,0,0,1,8,0
1861,"Two guys in a locker room, the guy in the orange shirt laughing.",Two guys are working out on gym equipment.,0,0,0,2,0,2,0,0,2,2,0,2,9,0,1,0,1,0,0,0,0,0,3,0,0,0,0,1,3,0
1862,A big tan dog runs on grass with a big stick in his mouth.,A cat is playing with some yarn.,1,1,1,0,2,0,3,2,3,3,4,3,7,3,3,0,0,1,0,2,1,0,2,1,0,4,4,7,2,4
1863,"A family is enjoying a sunny day, while laying on the green grass.",The family is inside watching clowns juggle.,0,0,0,2,0,2,0,0,2,2,0,2,9,6,1,0,0,0,0,2,0,0,0,0,0,4,0,1,8,8
1864,The young man is tuning his guitar.,A baby is on a table.,0,1,1,1,1,0,2,1,1,4,2,4,0,2,9,0,0,1,0,2,1,0,2,1,0,4,4,7,2,4
1865,A lady holding a purse stands in an airport while a security guard watches behind her.,The lady was at home sleeping.,0,1,0,1,2,1,1,3,0,0,3,0,1,9,2,0,0,1,0,2,1,0,2,1,0,4,4,7,8,4
1866,A competitive motorcycle racer prepares to make a left turn along a paved road.,The man is shooting a gun at the range.,0,1,0,1,1,1,1,1,0,0,1,0,1,1,0,0,0,1,0,2,1,0,2,1,0,4,4,7,2,4
1867,A man in a suit runs across an intersection while a large group of people assembles.,A man is walking acoss a two lane road by himself.,0,1,0,1,1,1,1,1,0,0,1,0,1,8,0,0,0,1,0,2,1,0,2,1,0,4,4,7,6,4
1868,Bicyclists waiting at an intersection.,A bicyclist is sitting down having lunch at the mall.,0,0,0,1,0,1,1,0,0,0,0,0,8,6,0,0,0,0,0,2,0,0,3,0,0,3,0,8,3,0
1869,a man taking a pizza out of an oven,A woman is sitting in the oven.,0,1,0,1,2,1,1,3,0,0,3,0,2,4,0,0,0,1,0,0,1,0,3,1,0,0,4,7,3,4
1870,There is a skier getting some air on the slopes.,A robot is skiing.,0,1,0,1,1,1,1,1,0,0,1,0,8,1,0,0,1,0,0,0,2,3,3,2,4,3,2,4,3,2
1871,"Young men and women sit at a wooden table on which several partially-drunk beverages have been placed; the picture is interrupted by an outstretched hand, colored green in the odd light of the wood-paneled interior.",young men and women are sitting at a plastic table sober,0,0,0,2,0,2,0,0,2,2,0,2,9,6,1,0,1,0,0,1,2,0,1,2,0,1,2,1,0,2
1872,People eat at tables in a large atrium.,People eat at tables in a small atrium.,0,0,0,2,0,2,0,0,2,2,0,2,9,6,1,0,1,0,0,1,2,0,1,2,0,1,2,1,7,2
1873,A young girl in martial arts class kicks a bag.,A young girl kicking a soccer ball.,0,1,0,1,2,1,2,3,0,4,2,0,2,4,0,0,1,0,0,1,0,0,1,0,0,1,0,6,5,6
1874,A street performer is using a hula hoop surrounded by fire and performing on the street.,A person is performing with a circular ring of fire on TV.,0,1,0,1,1,2,1,1,2,0,1,2,1,1,4,0,1,0,0,1,2,0,1,2,0,1,2,7,7,2
1875,A man with a smile sitting on the floor fixing his bicycle.,A man is fixing his scooter with tools.,0,1,0,1,1,1,1,1,0,0,1,0,8,8,0,0,1,0,0,1,0,0,3,0,0,3,0,7,1,0
1876,Two children are sitting side by side and looking at books.,Two adults are sitting side by side and looking at books.,0,0,0,2,0,1,0,0,0,2,0,1,9,7,5,0,1,0,0,1,2,0,1,2,0,1,2,1,7,2
1877,"Older man with long beard in a white t-shirt, standing outdoors, shows off skillet full of food.",A man is indoors cooking.,0,1,0,1,1,1,1,1,0,0,1,0,1,8,0,0,0,0,0,0,0,0,3,0,0,2,0,7,6,0
1878,Man with a guitar drinking a canned drink.,girl jumps,0,1,0,1,2,1,1,3,0,0,1,0,1,4,0,0,0,1,0,2,1,0,2,1,0,4,4,7,2,4
1879,A little girl sits on top of a large pumpkin in a garden.,A girl sitting on a watermelon in a mall,0,1,0,1,2,1,2,3,0,4,2,1,2,4,6,0,1,0,0,0,0,0,3,0,0,0,0,6,5,6
1880,Two dogs share a toy in a field of vegetation.,puppies sleeping,1,0,1,0,0,0,3,2,3,3,4,3,4,3,3,1,0,0,1,0,0,1,0,3,3,0,3,3,9,3
1881,Older man and woman are in costume on stage during a performance.,They are standing in the grass.,0,0,0,2,0,2,0,0,2,2,0,2,9,6,1,0,0,0,0,0,0,0,0,0,0,0,0,1,8,8
1882,Construction workers are working together to carry a piece of equipment.,There is only one construction worker.,0,0,0,2,0,1,0,0,0,2,0,0,9,5,2,0,0,0,0,0,0,0,3,0,0,2,0,1,3,0
1883,A solo snowboarder swooshes down a mountain leaving a cloud of powdery snow in his wake.,The sand surfer leaves a cloud of sand in his wake.,0,1,0,1,1,1,1,1,0,0,1,0,8,1,0,0,1,0,0,0,0,0,3,0,0,3,0,7,3,0
1884,A lone soccer player being spectated by many out on the field.,the pig eats cows,0,1,0,2,1,1,0,1,0,2,1,0,9,1,0,0,0,1,0,2,1,0,2,1,0,4,4,7,2,4
1885,"Two young men walk toward the camera, with the redheaded man on the left turning his head to look back at three women in the background who are walking away in the other direction.",The dogs are walking toward the camera.,0,0,0,2,0,2,0,0,2,2,0,2,9,0,1,0,1,0,0,0,0,0,3,0,0,0,0,1,3,0
1886,People are engaged in a public pillow fight.,People are walking along the beach.,0,0,0,2,0,2,0,0,2,2,0,2,9,6,1,0,0,1,0,2,1,0,2,1,0,4,4,1,8,4
1887,A toddler in green shorts is standing by a wooden fence.,The toddler was in side watching tv,0,1,1,1,2,0,2,1,1,4,2,4,0,2,9,0,0,0,0,0,0,0,0,0,0,0,1,1,3,5
1888,A woman with black hair is holding a purse.,A woman with red hair is holding a dog.,0,1,0,1,2,1,1,3,0,0,3,1,2,9,5,0,0,0,0,0,0,0,0,0,0,0,0,1,8,1
1889,A backpacker and a dog on a snow covered landscape at nightfall.,A man and his dog are running in a grassy field.,0,1,1,1,1,0,1,2,3,0,4,3,1,1,3,0,0,0,0,0,2,0,3,2,0,0,2,1,3,2
1890,A man relaxes in a tub of water with a candle lit behind him.,The man is playing basketball,0,1,0,1,1,1,1,1,0,0,1,0,1,8,0,0,0,1,0,2,1,0,2,1,0,2,4,7,6,9
1891,Woman in orange headscarf with her hand over her face sitting in a blue chair.,A female is out partying at a club.,0,1,0,1,2,1,1,3,0,0,3,1,2,4,5,0,0,0,0,2,0,0,0,0,0,4,0,1,8,1
1892,A child gets ready to swing at a pinata.,A child gets ready to swing at her parents.,0,1,1,1,2,0,2,3,1,4,2,4,0,2,9,0,1,0,0,1,2,0,1,2,0,1,2,1,7,2
1893,Man on a mountain looking down on a lake.,A man is swimming in a lake.,0,1,0,1,1,1,1,1,0,0,1,0,1,8,0,0,0,0,0,0,0,0,3,0,0,3,0,7,3,0
1894,A dog is running along the grass.,The dog is in the lake.,1,1,1,0,2,0,3,2,3,3,4,3,5,3,3,1,0,0,1,0,0,1,3,3,1,3,3,2,9,3
1895,A man in black pants and shirt is holding a guitar and standing next to a microphone in front of a pink background.,A man smashes a guitar into the floor.,0,1,0,1,1,1,1,1,0,0,1,0,6,8,0,0,0,1,0,0,1,0,3,1,0,2,4,7,6,9
1896,A little boy holds a bat in the air waiting on the ball.,A boy scout rubs to sticks together.,0,1,1,1,1,0,2,1,1,4,2,4,0,2,9,0,1,0,0,0,0,0,3,0,0,3,1,0,3,5
1897,A large crane lifting an object.,A large  Whooping Crane is feeding her young.,0,1,0,1,2,1,1,3,0,0,3,0,9,4,0,0,1,0,0,1,0,0,3,0,0,3,1,1,3,5
1898,"Two men in a hospital, one is visiting the other is a patient.",Two men are eating at a diner.,0,0,0,2,0,1,0,0,0,2,0,0,9,0,0,0,0,1,0,0,1,0,0,1,0,4,4,7,8,9
1899,A fabric worker looking intently at the camera pointed at him.,The worker is not looking at the camera.,0,1,0,1,1,1,1,1,0,0,1,0,1,5,2,0,1,0,0,1,0,0,1,0,0,1,0,7,1,0
1900,Girl with a gray tank top and black pants standing by a carnival ride.,The boy stood beside the carnival ride.,0,1,0,1,2,2,1,1,2,4,2,2,0,2,1,0,1,0,0,1,2,0,1,2,0,1,2,1,0,2
1901,Two brown dogs are wrestling with each other on some wasteland.,Two dogs are napping together in the sunlight.,1,0,1,0,0,0,3,2,3,3,4,3,4,3,3,1,0,0,1,0,0,1,0,3,3,0,3,3,3,3
1902,On a multi-story construction site a number of workers in red shirts lean on temporary railings and rest.,All the construction workers are busy pouring concrete.,0,0,0,2,0,2,0,0,2,2,0,2,9,0,1,0,0,0,0,0,0,0,0,0,0,0,0,1,3,0
1903,a woman holding a fan at a martial arts event,A woman is practicing martial arts by herself.,0,1,0,1,2,1,1,3,0,2,3,0,2,4,0,0,1,0,0,0,0,0,0,0,0,0,0,1,3,1
1904,The blue and gray vehicle is racing through the gravel.,A blue and red car having it's wheels reparied.,0,0,0,1,0,1,0,0,0,2,0,0,9,1,0,0,1,0,0,1,0,0,1,0,0,1,0,1,0,0
1905,A Muslim couple is walking through a shopping center.,The muslims don't like shopping.,0,0,0,2,0,2,0,0,2,2,0,2,9,6,1,0,1,0,0,1,2,0,3,2,0,0,2,1,1,2
1906,Two guys sitting on the couch.,A girl jumps on a trampoline.,0,1,0,1,0,1,2,0,0,4,2,0,0,4,0,0,0,1,0,2,1,0,2,1,0,4,4,7,2,4
1907,The player wearing the black and white jersey jumps for the ball amidst two players from the other team as his two teammates run to help him.,A person is throwing a ball.,0,1,0,2,1,2,2,1,2,1,1,2,3,1,7,0,1,0,0,0,0,0,3,0,0,0,0,9,3,0
1908,A shot of trees with the sky scrapers overlooking the view.,Pools with the sky scrapers overlooking the view.,0,0,0,1,0,1,1,0,0,0,0,0,9,6,0,0,1,0,0,1,2,0,1,2,0,1,2,1,7,2
1909,The woman sings into the microphone while the two men accompany her on a keyboard and guitar.,The woman is on an airplane,0,1,0,1,2,1,1,3,0,0,3,0,2,9,0,0,0,0,0,0,0,0,0,0,0,4,0,1,8,1
1910,Two females interacting with one another.,Two people ignoring each other.,0,0,0,2,0,2,0,0,2,2,0,2,9,9,1,0,0,1,0,0,1,0,0,1,0,0,4,1,3,4
1911,Man in orange coat stood on a ladder inspects a huge metal container.,A man wearing a green coat looks under the container.,0,1,0,1,1,1,1,1,0,0,1,0,1,8,0,0,1,0,0,1,2,0,3,2,0,2,2,7,1,2
1912,A middle-aged woman jogging along a trail in the wilderness.,The woman is laying down.,0,1,0,1,2,1,1,3,0,0,3,0,2,9,2,0,0,0,0,0,0,0,0,0,0,0,0,7,8,1
1913,A old man sitting on a bed in a medical office with equipment.,A man is on the sidewalk.,0,1,0,1,1,1,1,1,0,0,1,0,1,8,0,0,0,1,0,2,1,0,2,1,0,4,4,7,6,9
1914,Soccer fans supporting their team in the crowd.,Football fans scream for their team.,0,0,0,2,0,2,0,0,2,1,0,2,3,6,7,0,1,0,0,1,2,0,1,2,0,1,2,9,0,2
1915,A young man wearing a purple shirt does the limbo in a gymnasium.,A girl in a red shirt is attempting to do the limbo.,0,1,0,1,2,1,1,3,0,0,1,0,2,4,0,0,1,0,0,0,0,0,3,0,0,0,0,1,5,0
1916,A young baby boy is about to sneeze next to his mother.,A dog is about to sneeze.,0,1,0,1,2,1,1,2,0,0,4,0,0,2,0,0,1,0,0,1,2,0,3,2,0,1,2,1,1,2
1917,There are dark clouds in the sky while a woman stands looking.,The woman is staring at the computer screen in the library.,0,1,0,1,2,1,1,3,0,0,3,0,2,9,2,0,0,1,0,2,1,0,2,1,0,4,4,7,8,4
1918,Egg yolk comes out of an egg after the egg is broken by one hand.,The egg is in the refrigerator.,0,1,0,1,2,1,1,1,0,0,2,1,1,2,6,0,1,0,0,1,2,0,1,2,0,1,2,1,7,2
1919,A man is sitting next to a computer monitor.,A man is near a TV.,0,1,0,1,1,1,1,1,0,0,1,0,1,8,0,0,1,0,0,1,2,0,3,2,0,2,2,7,1,2
1920,"A large, black dog is practicing attacking a culprit on a uniformed man.",A small brown dog is practicing catch with his owner.,1,1,1,0,2,0,3,2,3,3,4,3,5,3,3,1,1,0,1,1,0,1,3,3,1,3,3,2,9,3
1921,"A small group of people, walking down the sidewalk on a chilly day.",Some friends are skiing.,0,0,0,2,0,2,0,0,2,2,0,2,9,6,1,0,0,0,0,0,0,0,0,0,0,0,0,1,8,8
1922,A worker is working on a tall part of a brick building.,The worker is at home.,0,1,0,1,1,1,1,1,0,0,1,0,1,5,2,0,0,1,0,2,1,0,2,1,0,4,4,7,4,4
1923,five people performing a dance on stage,Five people are dancing around a stage made of broken glass shards.,0,0,0,2,0,2,0,0,2,2,0,2,6,6,4,0,1,0,0,1,0,0,1,0,0,1,0,1,0,0
1924,A young boy jumps off a bench while an older woman holds his hand and an older man looks on.,A boy is being pushed on the swing at a park.,0,1,1,1,1,0,2,1,1,4,2,4,0,2,9,0,1,0,0,1,2,0,3,2,0,3,2,0,3,2
1925,A woman in a blue tank top riding a bike.,The woman is riding a scooter.,0,1,0,1,2,1,1,3,0,0,3,1,8,4,5,0,0,0,0,0,0,0,3,0,0,3,0,1,3,0
1926,A man talking on a cellphone smiles while walking in front of a large group of people in the city.,A man is singing into a microphone in the park by himself.,0,1,0,1,1,1,1,1,0,0,1,0,1,8,0,0,0,1,0,2,1,0,2,1,0,2,4,7,6,9
1927,A man on a snowboard travels downhill towards the camera.,A woman on a snowboard is going towards a camera.,0,1,0,1,2,1,1,3,0,0,3,0,8,1,0,0,1,0,0,1,2,3,1,2,4,1,2,8,7,2
1928,A small boy is placing items from a cart onto the check out.,The boy is playing football outside.,0,1,1,1,1,0,2,1,1,4,2,4,0,2,9,0,0,0,0,0,0,0,0,0,0,4,1,0,8,5
1929,"Two men playing electric instruments, in a small dimly lit area watched by one women.",Two men are eating dinner.,0,0,0,2,0,1,0,0,0,2,0,0,9,0,0,0,0,0,0,2,0,0,0,0,0,4,0,7,8,0
1930,a man talks on his cellphone and another man rides a wheelchair.,The two women talk to each other as they sit on a bench.,0,0,0,2,0,1,0,0,0,2,0,1,2,0,5,0,0,0,0,2,2,0,2,2,0,4,2,1,8,2
1931,A group of people dressed casually are walking in the woods.,A group of naked people are in the woods.,0,0,0,2,0,2,0,0,2,2,0,2,9,6,1,0,1,0,0,1,0,0,1,0,0,0,0,1,0,8
1932,men in traditional wear marching single file next to rows of coconut's.,Women shop for shoes.,0,0,0,2,0,2,0,0,2,2,0,2,2,0,1,0,0,1,0,2,1,0,2,1,0,4,4,7,2,4
1933,A motocross biker jumps off of a ramp.,a biker walks in a ramp,0,1,0,1,1,1,1,1,0,0,1,0,8,1,0,0,1,0,0,1,0,0,1,0,0,3,0,8,7,0
1934,A couple standing on the deck of a boat watching the water.,The couple are on a mountain.,0,0,0,2,0,2,0,0,2,2,0,2,9,6,1,0,1,0,0,0,0,0,0,0,0,0,0,1,3,0
1935,Two men playing in a basketball game against each other.,The men are throwing a frisbee.,0,0,0,2,0,2,2,0,2,1,0,2,3,0,7,0,0,0,0,2,0,0,0,0,0,4,0,1,8,0
1936,People are shopping in a market.,People are skiing down the hill.,0,0,0,2,0,2,0,0,2,2,0,2,9,6,1,0,0,0,0,2,0,0,0,0,0,4,0,1,8,8
1937,The wine will taste great with Italian food.,Fortune cookies accompany the red wine to finish the meal.,0,0,0,2,0,1,0,0,0,2,0,0,9,6,0,0,1,0,0,1,2,0,1,2,0,1,2,1,0,2
1938,Women sitting in chairs look through a binder.,The women are destroying the binder.,0,0,0,2,0,1,0,0,0,2,3,1,2,9,5,0,1,0,0,0,0,0,3,0,0,3,0,1,3,1
1939,An older man poses near wooden bowls on display.,An older man is no where near anything you could eat out of.,0,1,0,1,1,1,1,1,0,0,1,0,1,8,0,0,0,1,0,2,1,0,2,1,0,2,4,7,6,9
1940,Blond woman poses for the camera while holding a book and star shape.,the camera is malfunctioning outside.,0,1,0,1,2,1,1,3,0,0,3,0,2,4,0,0,0,0,0,2,0,0,2,0,0,4,0,7,2,0
1941,A man and two women eating and drinking in a kitchen.,There are three women drinking in the kitchen.,0,0,0,2,0,2,0,0,2,2,0,2,9,6,1,0,1,0,0,0,0,0,3,0,0,0,0,1,3,1
1942,A woman in a blue dress is standing with her hand on her hip.,A man is watching tv.,0,1,0,1,1,1,2,1,0,4,1,0,1,8,0,0,0,1,0,2,1,0,2,1,0,4,4,7,2,4
1943,A man in a white shirt about to hit a tennis ball.,The man is playing soccer.,0,1,0,2,1,2,2,1,2,1,1,2,3,8,7,0,0,1,0,0,1,0,3,1,0,2,4,9,6,9
1944,People are having leisure time at the stream.,"People are drowning in the stream, and everyone is stressed out",0,0,0,2,0,2,0,0,2,2,0,2,9,6,1,0,1,0,0,1,2,0,1,2,0,1,2,1,0,2
1945,"A man and a boy sitting with their back to a stone wall, the man paying a flute.",the boy is chasing a kite in the breeze,0,1,1,1,1,0,2,1,1,4,2,4,0,2,9,0,0,1,0,2,1,0,2,1,0,4,4,1,3,4
1946,Jockey riding a racehorse on a racetrack.,Jocky is sleeping while riding a horse.,0,1,0,2,1,1,0,1,0,2,4,0,4,5,0,0,0,0,0,0,2,0,3,2,0,3,2,1,3,2
1947,Small girl in a colorful shirt looking at a flower in a living room.,The girl doesn't see anything in the living room.,0,1,0,1,2,1,2,3,0,4,2,1,2,5,6,0,1,0,0,0,0,0,3,0,0,0,0,6,5,6
1948,Children walking together with a purple and gold stuffed animal.,Children rip a stuffed animal to shreds during a fight,0,0,1,2,0,0,2,0,1,4,2,4,0,7,8,0,1,1,2,1,1,2,1,1,2,3,4,5,3,4
1949,A person with a long-sleeve red shirt laying on a ledge.,A man running outside,0,1,0,1,1,1,1,1,0,0,1,0,1,8,0,0,0,1,0,2,1,0,2,1,0,2,4,7,6,4
1950,A man has a serving spoon in his hand and is looking at a large dish of food.,A man is asking for money because he has no food or spoon to eat with.,0,1,0,1,1,1,1,1,0,0,1,0,1,8,0,0,1,0,0,0,2,0,3,2,0,2,2,7,1,2
1951,A little girl in a blue dress climbing on some old wood.,The girl is slipping on the grass.,0,1,0,1,2,1,2,3,0,4,2,1,2,4,6,0,0,0,0,0,0,0,0,0,0,0,0,6,5,6
1952,A woman in a patterned dress sings into a microphone.,A woman plays a guitar.,0,1,0,1,2,1,1,3,0,0,3,1,2,4,5,0,0,0,0,0,0,0,0,0,0,0,0,1,8,1
1953,Children in school uniforms prepare for a race.,the children are swimming,0,0,1,2,0,0,2,0,1,4,2,4,0,7,8,0,1,0,2,0,0,2,3,0,2,0,1,5,3,7
1954,Little girl in arm floaties exploring the coast line.,The little girl is playing in the snow in her backyard.,0,1,0,1,2,1,2,3,0,4,2,1,2,4,6,0,0,0,0,0,0,0,0,0,0,0,0,6,5,6
1955,"An authority-figure in a white helmet, wearing a yellow vest, and sitting on a yellow motorcycle.",A motorcycle gang member sits on a yellow motorcycle.,0,1,0,1,1,1,1,1,0,0,1,0,8,1,0,0,1,0,0,1,0,0,1,0,0,1,0,1,7,0
1956,People walk around a mobile puppet theater in a big city.,The people are running around.,0,0,0,2,0,2,0,0,2,2,0,2,9,6,7,0,0,0,0,0,0,0,0,0,0,0,0,1,8,8
1957,People are standing in a field.,A person riding a lawn mower on a field.,0,1,0,2,0,1,0,0,0,2,0,1,9,1,5,0,1,0,0,0,2,0,3,2,0,0,2,1,3,2
1958,Young men are playing soccer on a beach.,Young men sit next to their soccer ball on the beach.,0,0,0,2,0,2,2,0,2,2,0,2,9,0,7,0,1,0,0,1,2,0,1,2,0,1,2,1,7,2
1959,A shot of a few people in a laundromat.,The people are food shopping.,0,0,0,2,0,2,0,0,2,2,0,2,9,6,1,0,0,0,0,0,0,0,0,0,0,0,0,1,8,8
1960,A man in a hard hat is operating a digger.,The man is wearing a top hat.,0,1,0,1,1,1,1,1,0,0,1,0,1,8,0,0,1,0,0,0,0,0,3,0,0,2,0,7,1,0
1961,A young man lifting the lid to a dumpster.,"The man is seated, leaning against the dumpster.",0,1,0,1,1,1,1,1,0,0,1,0,1,8,0,0,1,0,0,0,0,0,3,0,0,2,0,7,1,0
1962,A guy wearing sunglasses is smoking.,Nobody is smoking.,0,1,0,1,1,1,0,1,0,2,1,0,9,5,0,0,0,1,0,2,1,0,0,1,0,4,4,7,8,4
1963,"Several people, two men with carts and riding bikes on street",A lone boy walks in the rain.,0,0,0,1,0,1,1,0,0,0,0,0,9,1,0,0,0,1,0,2,1,0,2,1,0,4,4,7,2,4
1964,A red-haired young man drinks from a water fountain shaped like a woman.,A young man drinking from a soda fountain shaped like a mermaid.,0,1,0,1,1,1,1,1,0,0,1,0,1,8,0,0,1,0,0,1,2,0,1,2,0,1,2,1,7,2
1965,A fit young woman is kickboxing with a red punching bag at a gym.,The woman is dancing.,0,1,0,1,2,1,1,3,0,0,3,1,2,4,5,0,0,0,0,0,0,0,0,0,0,0,0,1,8,1
1966,"A man in a park is leaning on a bar looking, towards the camera while a boy in the background is leaning over a bar, and a lady with a bag is reaching towards a girl.",There are a heard of zebras running behind the man leaning on the bar.,0,0,0,1,0,1,0,0,0,2,0,0,9,6,0,0,0,1,0,0,1,0,0,1,0,4,4,7,5,4
1967,"A woman wearing a blue workout outfit is on a treadmill, looking down at the screen, with a water bottle in the cup holder.",A woman is on an elliptical.,0,1,0,1,2,1,1,3,0,0,3,1,2,4,5,0,1,0,0,1,0,0,3,0,0,0,0,1,3,1
1968,"A woman with long brown hair, a pink shirt and a white pearl necklace laughs and smiles while sitting on a cough inside of a Starbuck's coffee shop.",A woman with short hair and dress sleeps while laying on the floor.,0,1,0,1,2,1,1,3,0,0,3,0,2,4,2,0,0,1,0,0,1,0,0,1,0,0,4,1,8,4
1969,A man plays a bagpipe while another checks on the instrument.,Two men playing piano.,0,0,0,2,0,2,0,0,2,2,0,2,6,0,4,0,1,0,0,0,0,0,3,0,0,0,0,1,3,0
1970,A baseball player mid-swing at home plate with catcher and umpire behind him.,A baseball player is eating a sandwich.,0,1,0,2,1,2,2,1,2,1,1,2,3,1,7,0,0,1,0,0,1,0,3,1,0,0,4,7,3,4
1971,"A man wearing a black t-shirt, black pants, a black hat and wearing black shoes is picking up trash in an empty lot and putting it into a black trash bag.",A group of people dump trash in a crowded lot.,0,1,0,1,1,1,1,1,0,0,1,0,1,1,0,0,1,0,0,1,2,0,3,2,0,3,2,1,0,2
1972,"When a dog has to go, he has to go.",There is a dog playing catch,1,1,1,0,2,0,3,2,3,3,4,3,5,3,3,1,0,0,1,0,0,1,2,3,1,3,3,2,9,3
1973,A young girl with gunk on her face sits on a sink while making faces in the mirror.,the girl is having fun throwing paper.,0,1,0,1,2,1,2,3,0,4,2,1,2,4,6,0,1,0,0,0,0,0,0,0,0,0,0,6,5,6
1974,An athletically built man with orange hair and a blue bandanna is flexing in front of a lake.,The man is not built,0,1,0,1,1,1,1,1,0,0,1,0,1,8,0,0,1,0,0,0,0,0,3,0,0,2,0,7,1,0
1975,A dog rolls on a mattress placed on a porch and scratches his back.,The dog is rolling around the kitchen floor,1,1,1,0,2,0,3,2,3,3,4,3,5,3,3,1,1,0,1,0,0,1,3,3,1,3,3,2,9,3
1976,A man holds up a child while sitting in a pool of water situated on a tarp and grassy field.,A man is playing with a dog outside.,0,1,0,1,1,1,1,1,0,0,1,0,1,8,0,0,0,1,0,0,1,0,3,1,0,2,4,7,1,9
1977,"Young man with a black shirt on, riding a blue bike with a baby sitting in front of him.",Nobody is riding,0,1,0,1,1,1,0,1,0,2,2,0,9,5,2,0,0,0,0,2,0,0,2,0,0,4,0,8,2,0
1978,"Two men, one in a blue shirt, the other in a green shirt, are helping a woman load sacks onto what appears to be a pulley system.",A woman does work while two men watch.,0,0,0,1,0,2,0,3,2,2,3,2,9,4,1,0,1,0,0,0,0,0,3,0,0,0,0,1,5,0
1979,A man putting something in a boat.,Yoda's robe is paisley.,0,1,0,1,1,1,1,1,0,0,1,0,1,8,0,0,0,1,0,2,1,0,2,1,0,4,4,7,2,4
1980,Parachuter in midair.,The person has a life jacket.,0,1,0,1,1,1,1,1,0,0,1,0,8,1,0,0,1,0,0,1,2,0,1,2,0,3,2,1,7,2
1981,A operating room full of doctors and nurses.,"There are doctors, and nurses standing outside on break.",0,0,0,2,0,1,0,0,0,2,0,0,9,6,0,0,1,0,0,1,2,0,1,2,0,0,2,1,0,2
1982,The lady in blue is pushing the gray and red baby stroller.,A woman is pushing a shopping cart.,0,1,0,1,2,1,1,3,0,0,3,1,2,4,5,0,1,0,0,0,0,0,3,0,0,0,1,1,3,5
1983,A cow lies on a walkway between two rails as some people relax nearby and a woman walks away.,A cow is standing on a train track.,0,1,0,1,2,1,1,2,0,0,4,0,1,3,0,0,1,0,0,1,2,0,1,2,0,1,2,1,7,2
1984,"Two children are sitting in boxes in a 1970's era living room, complete with gaudy furniture and light olive carpet.",Two children are running after a dog in the park.,0,0,1,2,0,0,0,0,1,2,2,4,9,7,8,0,0,0,2,2,0,2,2,0,2,4,1,5,8,7
1985,A snowboarder doing a jump on a K2 snowboard.,A snowboarder is riding the ski lift down the mountain.,0,1,0,1,1,1,1,1,0,0,1,0,8,1,0,0,1,0,0,1,2,3,3,2,4,3,2,8,3,2
1986,"A crane, with the letters ""LIEBHERR"" on it, seems to be demolishing a dark gray building with graffiti on it.",The crane is idle with noone controlling it.,0,1,0,1,1,1,0,1,0,2,1,0,9,5,2,0,1,0,0,0,0,0,3,0,0,3,1,1,3,5
1987,A man with red-hair leans against a brown fence.,A woman leans against a wall.,0,1,0,1,2,1,1,3,0,0,3,1,2,4,5,0,1,0,0,1,2,0,1,2,0,3,2,1,7,2
1988,A view into a window of a seated person reading a newspaper and an old-timey black car.,A person watches TV in a minivan.,0,1,0,1,1,1,1,1,0,0,1,0,1,1,0,0,1,0,0,1,0,0,3,0,0,3,0,1,1,0
1989,A man carrying a toddler on his shoulders.,The old couple is out on a long car ride.,0,0,0,2,0,2,0,0,2,2,0,2,9,6,1,0,0,1,0,2,1,0,2,1,0,4,4,1,2,4
1990,"Two couples are passionately embracing on a beach, while an elderly couple looks on from above.",Two couples are not passionately embracing,0,0,0,2,0,2,0,0,2,2,0,2,9,6,1,0,1,0,0,1,0,0,1,0,0,0,0,1,0,0
1991,A child dressed as Spiderman ringing a doorbell.,The child is dressed as Shrek.,0,1,1,1,2,0,2,1,1,4,2,4,0,2,9,0,1,0,0,1,2,0,1,2,0,3,2,1,3,2
1992,"American soldiers play in a marching band with drums labeled Fort Lewis, Washington.",Some soldiers are playing trumpets on a field.,0,0,0,2,0,2,0,0,2,2,0,2,6,0,1,0,1,0,0,1,0,0,1,0,0,3,0,1,0,0
1993,"There is a man in a body of water with some sort of net trying to catch something, the water looks very muddy.",There is no water.,0,1,0,1,1,1,1,1,0,0,1,0,1,5,2,0,0,1,0,0,1,0,3,1,0,3,4,7,6,4
1994,A Canadian police officer walks on his horse along the beach.,THe officer is british,0,1,0,1,1,1,1,1,0,0,1,0,9,1,0,0,1,0,0,1,0,0,1,0,0,1,0,1,0,0
1995,a man wearing a red hat and blue top carries a tray on his head filled with some sort of baked goods.,A man running through the jungle with a tray on his head.,0,1,0,1,1,1,1,1,0,0,1,0,1,8,0,0,1,0,0,1,0,0,3,0,0,2,0,7,1,0
1996,A man wearing a black shirt and headphones is recording his voice in a white-washed studio.,A man wearing a white shirt sipping on some wine.,0,1,0,1,1,1,1,1,0,0,1,0,1,8,0,0,0,1,0,2,1,0,2,1,0,2,4,7,6,4
1997,Several people are taking a group photo as the sun begins to set and one is mid-jump.,the group sat by the fire in the dark,0,0,0,2,0,2,0,0,2,2,0,2,9,6,1,0,0,1,0,2,1,0,2,1,0,4,4,7,8,4
1998,Two men on a yellow and green mat are competing in a sporting event where they have to fight and people are watching.,The two men are singing a song together.,0,0,0,2,0,2,0,0,2,2,0,2,9,0,1,0,0,0,0,0,0,0,0,0,0,0,0,1,8,0
1999,A man in a blue cap is playing a guitar while a young girl sits on a stool across from him and listens.,A woman plays guitar while a man watches.,0,1,0,2,2,2,0,3,2,2,3,2,6,4,4,0,1,0,0,1,0,0,1,0,0,1,0,1,0,0
2000,"Two people stand in front of a building with graffiti that reads ""Boss Life"".",The building was burnt down due to arson.,0,0,0,2,0,2,0,0,2,2,0,2,9,6,1,0,0,1,0,0,1,0,0,1,0,0,4,7,3,4
2001,A crowd of people gathered around in a city.,Two people sit near a fountain.,0,0,0,2,0,2,0,0,2,2,0,2,9,6,1,0,0,1,0,2,1,0,0,1,0,4,4,1,8,4
2002,A man wearing an orange shirt and helmet is suspended in the air.,The woman waves at the plane.,0,1,0,1,2,1,1,3,0,0,3,0,1,4,0,0,0,1,0,2,1,0,2,1,0,4,4,1,2,4
2003,Hikers enjoy the scenery in the woods.,A man walking home from work in the city.,0,1,0,1,1,1,1,1,0,0,1,0,9,1,0,0,0,1,0,2,1,0,2,1,0,4,4,7,2,4
2004,"Brown and white dog runs towards camera, casting long shadow on dirt.",The dog is indoors.,1,1,1,0,2,0,3,2,3,3,4,3,5,3,3,1,0,0,1,0,0,1,3,3,1,3,3,2,9,3
2005,The bicyclist has both wheels off the ground.,"A trick bicyclist is doing a wheelie, only one wheel on the ground.",0,1,0,1,1,1,1,1,0,0,1,0,8,1,0,0,1,0,0,1,0,0,1,0,0,1,0,8,7,0
2006,A young woman in a white shirt and black pants holding a top hat entertaining some people sitting at a table,A woman is sleeping on the top on the table.,0,1,0,1,2,1,1,3,0,0,3,0,2,9,2,0,0,0,0,0,0,0,0,0,0,0,0,1,8,1
2007,"Two race horses, one brown and the other gray, racing against each other.",The horses are eating grass.,0,0,0,2,0,1,0,0,0,2,4,0,4,0,0,0,0,0,0,0,2,0,0,2,0,0,2,1,3,2
2008,A man windsurfs in the ocean.,A man watches tv on his couch.,0,1,0,1,1,1,1,1,0,0,1,0,1,8,0,0,0,1,0,2,1,0,2,1,0,4,4,7,6,9
2009,A man in the city outside a building standing on the steps.,A person is in a field of tulips.,0,1,0,1,1,1,1,1,0,0,1,0,1,1,0,0,0,1,0,2,1,0,2,1,0,4,4,7,6,4
2010,Three women and a man in office garb stand around chatting.,a leader is deleivering a lecture to his employees,0,0,0,1,0,1,0,0,0,2,0,0,9,6,0,0,0,0,0,0,0,0,0,0,0,0,0,1,3,8
2011,a woman sitting in the background at a table,The woman is dancing on the table.,0,1,0,1,2,1,1,3,0,0,3,1,2,4,5,0,1,0,0,0,0,0,0,0,0,0,0,1,3,1
2012,A young male in a red shirt is carving meat.,A young man is serving salad to the dinner guests.,0,1,0,1,1,1,1,1,0,0,1,0,1,8,0,0,0,0,0,0,2,0,3,2,0,0,2,7,3,2
2013,Flight attendant in red pushes drink cart through aisle of airplane.,The drink cart is on top of the plane.,0,1,0,2,2,1,0,1,0,2,1,0,9,1,0,0,1,0,0,1,2,0,3,2,0,3,2,1,3,2
2014,Man in blue shirt stands on ladder.,A little girl paints her dollhouse.,0,1,0,1,2,1,1,3,0,0,1,0,1,4,0,0,0,1,0,2,1,0,2,1,0,4,4,7,2,4
2015,A brunette with curly hair is standing by a mural between a bike and a motorcycle and talking on a cellphone.,Someone using a computer to send an email.,0,1,0,1,2,1,1,3,0,0,3,0,1,1,0,0,0,1,0,0,1,0,0,1,0,4,4,7,8,4
2016,Man in suit takes a nap in the park.,The man is awake and talking on his cell phone in the office.,0,1,0,1,1,1,1,1,0,0,1,0,1,8,0,0,0,1,0,2,1,0,2,1,0,4,4,7,6,4
2017,People are balancing on top of beams that are coming out of a John. F Hunt owned Genpac generator.,The people are sitting on the sidewalk.,0,0,0,2,0,2,0,0,2,2,0,2,9,6,1,0,0,1,0,2,1,0,2,1,0,4,4,1,8,4
2018,A photographer makes a silly face while she takes a picture on a public street at dusk.,A photographer looks solemn.,0,1,0,1,2,1,1,1,0,0,1,0,9,1,0,0,1,0,0,1,0,0,1,0,0,1,0,1,7,0
2019,A man in a white t-shirt looks into a fireplace.,The man is looking at the picture.,0,1,0,1,1,1,1,1,0,0,1,0,1,8,0,0,1,0,0,0,2,0,3,2,0,2,2,7,1,2
2020,Construction workers are working at a train or subway platform.,The men are playing volleyball down by the ocean.,0,0,0,2,0,2,0,0,2,2,0,2,9,0,1,0,0,1,0,2,1,0,0,1,0,4,4,1,8,4
2021,A bike sitting in a street with a rope tied to it and a guy walking on the rope.,A man is tying a rope to a bike and a dog.,0,1,0,1,1,1,1,1,0,0,1,0,8,1,0,0,1,0,0,1,0,0,1,0,0,3,0,1,1,0
2022,One martial artist kicks another's face during a competition.,One martial artist punches another's face during a concert.,0,1,0,2,0,1,0,0,0,2,0,0,9,1,0,0,1,0,0,1,2,0,1,2,0,1,2,1,7,2
2023,a man with very short hair and a green shirt displaying a large hammer.,The woman is hammering ice.,0,1,0,1,2,1,1,3,0,0,3,0,1,4,0,0,0,1,0,2,1,0,2,1,0,4,4,7,8,4
2024,"A woman with a multicolored Mohawk, earring and gray tank top is smiling.",The woman is wearing a pink shirt.,0,1,0,1,2,1,1,3,0,0,3,1,2,4,5,0,0,0,0,0,0,0,0,0,0,0,0,1,8,1
2025,Two dog are playing the waves at a beach.,The dogs are inside getting a bath.,1,0,1,0,0,0,3,2,3,3,4,3,4,3,3,1,0,0,1,0,0,1,0,3,3,0,3,3,3,3
2026,Two teams compete in a basketball game.,The Giants and the Raiders are playing football.,0,0,0,2,0,2,2,0,2,1,0,2,3,0,7,0,1,0,0,0,0,0,3,0,0,0,0,9,3,0
2027,A boy wearing a bright yellow shirt standing in a crowd.,A boy wearing a bright yellow shirt stands alone on a forest path.,0,1,1,1,1,0,2,1,1,4,2,4,0,2,8,0,1,0,0,1,0,0,1,0,0,3,1,0,7,5
2028,"A woman in a red collared shirt and purple baseball cap, is wearing a backpack and balancing a large blue tub on top of her head.",The woman is swimming with sharks.,0,1,0,1,2,2,1,3,2,0,3,2,2,9,1,0,0,1,0,2,1,0,2,1,0,4,4,7,8,4
2029,A young boy is jumping through water being sprayed up from the ground.,Spraying water from the ground is lifting a young boy to the sky.,0,1,1,1,1,0,2,1,1,4,2,4,0,2,9,0,1,0,0,1,2,0,1,2,0,1,2,0,7,2
2030,Man in dark clothes as he stands in front of a lighted Christmas tree in the shadows.,An old man is inside watching tv.,0,1,0,1,1,1,1,1,0,0,1,0,1,8,0,0,0,1,0,2,1,0,2,1,0,4,4,7,2,9
2031,A dark-skinned man is wearing a police outfit.,A white man is wearing a fireman uniform.,0,1,0,1,1,1,1,1,0,0,1,0,1,8,0,0,1,0,0,0,0,0,3,0,0,2,0,7,1,0
2032,A man stands by a wall playing a saxophone.,A man is climbing a wall with his saxophone.,0,1,0,1,1,2,1,1,2,0,1,2,6,8,4,0,1,0,0,1,2,0,1,2,0,1,2,7,7,2
2033,Lambs on a grassy hill.,The lambs get ready to take an elevator.,1,0,0,0,0,2,3,0,2,3,0,2,4,6,1,0,1,0,0,1,2,0,1,2,0,1,2,1,7,2
2034,"2 wrestlers, one in dark blue on top and the one being pushed over on bottom in gray and red.",Eight wrestlers are wrestling.,0,0,0,2,0,1,0,0,0,2,0,0,9,0,0,0,1,0,0,1,2,0,1,2,0,1,2,1,0,2
2035,Two blond women pose for a photo.,The men pose for the camera.,0,0,0,2,0,2,0,0,2,2,0,2,9,0,1,0,1,0,0,0,0,0,3,0,0,0,0,1,3,0
2036,A man sitting in a folding chair looks like he is sleeping.,There is a woman in a folding chair.,0,1,0,1,2,1,1,3,0,0,3,0,2,4,0,0,1,1,0,1,1,0,1,1,0,3,4,1,7,4
2037,A woman in a pink sweater is looking at her camera.,A woman is looking away from her camera.,0,1,0,1,2,1,1,3,0,0,3,0,2,4,0,0,1,0,0,0,0,0,3,0,0,0,0,1,3,0
2038,A man lounges in a hotel room in front of a window with open curtains.,Two girls are on the playground swinging on the swing set.,0,1,0,2,0,1,2,0,0,4,2,0,2,4,0,0,0,1,0,2,1,0,2,1,0,4,4,7,2,4
2039,A man in a black shirt is rolling a bowling ball towards a set up of spray paint cans.,The man has no arms.,0,1,0,1,1,1,1,1,0,0,1,0,1,8,0,0,0,1,0,2,1,0,2,1,0,2,4,7,6,9
2040,A man is cooking outdoors with a female watching.,A couple is cooking in a kitchen.,0,1,0,1,0,2,0,0,2,2,0,2,9,6,1,0,1,0,0,0,0,0,3,0,0,0,0,1,3,0
2041,A lady in a black hat and glasses walks down the street in front of a crowd of people.,A man in a black hat and a red dress walks down the street in front of a crowd.,0,1,0,1,1,1,1,1,0,0,1,1,1,1,5,0,1,0,0,1,0,0,1,0,0,1,0,1,7,0
2042,Woman in gypsy outfit plays the saw as a musical instrument.,The boy uses a stick and rocks to make music.,0,1,0,1,2,2,1,1,2,0,2,2,6,2,4,0,0,0,0,0,0,0,0,0,0,0,0,7,5,0
2043,A gymnasium athlete gets ready to start her gymnasium act.,The athlete is home playing video games.,0,1,0,1,2,2,2,1,2,0,1,2,1,5,7,0,0,1,0,2,1,0,2,1,0,4,4,7,2,4
2044,Two furry brown dogs are fighting in the deep white snow.,the rocks are big,0,0,0,2,0,1,0,2,0,2,4,0,4,3,0,0,0,1,0,2,1,0,2,1,0,4,4,7,2,4
2045,Uniformed men sing and play music in a town square.,Men are being arrested at the town square,0,0,0,2,0,2,0,0,2,2,0,2,9,0,1,0,1,0,0,1,2,0,1,2,0,1,2,1,7,2
2046,A woman in a shiny dress leaps into air under a yellow and blue banner.,Nobody in clothing.,0,1,0,1,2,1,0,3,0,2,3,0,9,5,2,0,0,1,0,2,1,0,2,1,0,4,4,7,2,4
2047,Two people wearing uniforms and carrying bags are walking down the street with a wall in the background.,Two people are getting on a spaceship.,0,0,0,2,0,2,0,0,2,2,0,2,9,6,1,0,0,1,0,2,1,0,0,1,0,4,4,1,8,4
2048,An old man is trying to repair a bicycle.,A man is walking in park,0,1,0,1,1,1,1,1,0,0,1,0,1,8,0,0,0,1,0,2,1,0,2,1,0,4,4,7,6,9
2049,A yellow car is in front of a white car racing in a muddy street.,The cars are parked in the parking lot.,0,0,0,2,0,2,0,0,2,2,0,2,9,0,1,0,0,0,0,0,0,0,3,0,0,0,0,1,3,0
2050,Two people carrying various items walking down a city street.,The friends walk home empty-handed.,0,0,0,2,0,1,0,0,0,2,0,0,9,5,2,0,0,1,0,2,1,0,0,1,0,4,4,1,8,4
2051,A group of athletes in red shirts are running to finish their race.,The men are wearing blue shirts.,0,0,0,2,0,1,0,0,0,2,0,0,9,0,0,0,0,1,0,0,1,0,0,1,0,0,4,1,5,4
2052,A couple is walking down a busy city street when they pass a bird show.,A group of people inside a building.,0,0,0,2,0,2,0,0,2,2,0,2,9,6,1,0,0,0,0,2,0,0,0,0,0,4,0,1,8,8
2053,A man in a red and white jersey is hitting a man in a blue and white jersey during a field hockey game.,The men are playing touch football.,0,0,0,2,0,2,2,0,2,1,0,2,3,0,7,0,0,0,0,0,2,0,0,2,0,0,2,9,3,2
2054,"Two girls are sitting on the grass, as one is taking a picture.",Two girls are standing in the grass.,0,0,0,2,0,1,0,0,0,2,0,1,2,7,6,0,1,0,0,1,2,0,1,2,0,1,2,6,7,2
2055,A man with a giant banana and a little boy with a cowboy hat walking in a crowded area.,A man and a boy are walking in a deserted area.,0,0,1,2,0,0,0,0,1,2,0,4,9,5,8,0,0,0,0,0,0,0,0,0,0,0,0,1,3,0
2056,Two men are in intent conversation while a third looks on in what appears to be a bar.,Three people take the bar exam.,0,0,0,2,0,2,0,0,2,2,0,2,9,0,1,0,1,0,0,0,0,0,3,0,0,3,0,1,3,0
2057,A man carrying a large stack of metal poles over his shoulder.,A man floating in the pool,0,1,0,1,1,1,1,1,0,0,1,0,1,8,0,0,0,1,0,2,1,0,2,1,0,2,4,7,6,9
2058,A man wearing an orange hat with flowers and an orange suit is standing next to a woman dressed in orange.,The woman is wearing purple and green.,0,1,0,1,2,1,1,3,0,0,3,0,2,4,0,0,0,0,0,0,0,0,0,0,0,0,0,1,8,0
2059,An athletic dodge ball player winds up to throw a ball and is captured mid throw.,The dodge ball player is sitting on the sidelines because he is not athletic.,0,1,0,2,1,2,2,1,2,1,1,2,3,1,7,0,0,0,0,0,0,0,3,0,0,3,0,7,3,0
2060,A woman is just simply sitting in a chair.,A man is plugging in a chord.,0,1,0,1,1,1,1,1,0,0,1,0,1,8,0,0,0,1,0,2,1,0,2,1,0,4,4,7,2,4
2061,Two men looking at each other and playing pool.,The men are sitting at a poker table.,0,0,0,2,0,2,0,0,2,2,0,2,9,0,7,0,1,0,0,0,0,0,3,0,0,0,0,1,3,0
2062,Rollerbladers are skating through a plaza.,Two children play video games together.,0,0,1,2,0,0,2,0,1,4,2,4,0,7,9,0,0,0,0,2,0,0,2,0,0,4,0,7,2,0
2063,"Elderly adults and young adults, having a party and dancing.",Some players are playing cricket in ground,0,0,0,2,0,2,0,0,2,2,0,2,9,6,1,0,0,1,0,2,1,0,2,1,0,4,4,7,8,4
2064,An elderly lady is talking while some people play instruments.,The woman is young.,0,1,0,1,2,1,1,3,0,0,3,1,2,4,5,0,0,0,0,0,0,0,0,0,0,0,0,1,8,1
2065,Some girls dressed in blue perform a dance.,The girls are dressed in red tops and green pants.,0,0,0,2,0,1,0,0,0,2,0,1,2,7,5,0,0,1,0,0,1,0,0,1,0,0,4,1,8,4
2066,Two guys are sitting in a room together.,A woman is holding a turtle.,0,0,0,2,0,1,0,0,0,2,3,0,9,0,0,0,0,1,0,2,1,0,2,1,0,4,4,7,2,4
2067,Children work on a project at school involving colors while one girl takes a picture of two her partners on her phone.,The children are outside playing dodge ball.,0,0,1,2,0,0,2,0,1,4,2,4,0,7,8,0,0,1,2,2,1,2,0,1,2,4,4,5,6,4
2068,A boy with a dirty face smiles.,The boy is crying because his mom made him wash his face,0,1,1,1,1,0,2,1,1,4,2,4,0,2,9,0,1,0,0,0,0,0,3,0,0,3,0,0,3,0
2069,A guy wearing a costume with a blue striped shirt.,A guy is dressed as a flamingo.,0,1,0,1,1,1,1,1,0,0,1,0,1,8,0,0,1,0,0,1,0,0,1,0,0,1,0,7,1,0
2070,"A boy in a blue shirt, hat and boots rides on a brown horse.",A girl is playing hopscotch.,0,1,1,1,2,0,2,3,1,4,2,4,0,2,9,0,0,1,0,2,1,0,2,1,0,4,4,7,2,4
2071,The guy on a skateboard unbelievably jumps over a high barrier.,the guy is riding a bike.,0,1,0,1,1,1,1,1,0,0,1,0,8,1,0,0,0,0,0,0,2,0,3,2,0,2,2,8,6,2
2072,2 couples are eating dinner on the floor behind a large plant.,"One couple is standing, while the other sits in a booth.",0,0,0,2,0,2,0,0,2,2,0,2,9,6,1,0,0,0,0,0,0,0,0,0,0,0,0,1,8,0
2073,a young boy playing in a pool.,The boy is standing on the sand.,0,1,1,1,1,0,2,1,1,4,2,4,0,2,9,0,1,0,0,0,0,0,3,0,0,3,1,0,3,5
2074,A man and a woman doing an ice skating performance.,The couple are playing chess.,0,0,0,2,0,2,0,0,2,2,0,2,9,6,7,0,0,0,0,0,0,0,0,0,0,0,0,1,3,0
2075,A boy plays in his bedroom with an air powered rocket.,The boy is playing outside.,0,1,1,1,1,0,2,1,1,4,2,4,0,2,9,0,1,0,0,0,0,0,3,0,0,3,1,0,3,5
2076,a man with his arm around a woman are posing.,The woman has her arm around the posing man.,0,1,0,2,0,1,0,3,0,2,3,1,9,6,5,0,1,0,0,1,2,0,1,2,0,1,2,1,7,2
2077,Two men in magenta costumes performing.,Two men are wrestling.,0,0,0,2,0,2,0,0,2,2,0,2,9,0,1,0,1,0,0,0,0,0,0,0,0,0,0,1,3,0
2078,The family lines up for a photo at a wedding.,the family are watching a fishing show together,0,0,0,2,0,2,0,0,2,2,0,2,9,6,1,0,0,0,0,0,0,0,0,0,0,0,0,1,0,8
2079,An Asian man in a suit is standing in a subway train.,A woman in a car,0,1,0,1,2,1,1,3,0,0,3,0,1,4,0,0,0,1,0,2,1,0,2,1,0,4,4,7,8,4
2080,A man wearing a beanie painting a realistic portrait of a building.,A woman throws paint at a building.,0,1,0,1,2,1,1,3,0,0,3,0,1,4,0,0,0,0,0,0,2,0,3,2,0,0,2,7,3,2
2081,"Man in a dark blue snow jacket with black pants and blue snowshoes, tries to make it through to a snow covered entrance and does not quite make it.",The pants are white.,0,1,0,1,1,1,1,1,0,0,1,0,1,1,0,0,0,0,0,2,0,0,2,0,0,4,0,7,8,0
2082,"An older man, wearing a salon drape, getting a haircut.",A man is sleeping.,0,1,0,1,1,1,1,1,0,0,1,0,1,8,2,0,0,1,0,2,1,0,2,1,0,4,4,7,6,9
2083,A man crouches under a truck hood's shade to fix it.,A woman is cooking a meal.,0,1,0,1,2,1,1,3,0,0,3,0,2,4,0,0,0,1,0,2,1,0,2,1,0,4,4,7,2,4
2084,A tattooed man in black shorts carrying an Adidas bag passes a man in a red shirt with two children.,Everyone is wearing green shorts.,0,0,0,2,0,2,0,0,2,2,0,2,9,0,1,0,0,1,0,2,1,0,0,1,0,4,4,1,8,4
2085,Dogs run in the surf.,There are dogs sitting,1,0,1,0,0,0,3,2,3,3,4,3,4,3,3,1,0,0,1,0,0,1,0,3,3,0,3,3,5,3
2086,The lady in blue bikini is walking.,A lady is wearing blue jeans.,0,1,0,1,2,1,1,3,0,0,3,1,2,4,5,0,1,0,0,1,0,0,1,0,0,1,0,1,5,1
2087,A young man sitting by a dumpster on a sidewalk playing the guitar.,A man is holding a basket of fruit in his lap.,0,1,0,1,1,2,1,1,2,0,1,2,1,8,4,0,0,1,0,2,1,0,2,1,0,2,4,7,6,9
2088,A group of people waking towards a ball park.,A group of people are sitting in a restaurant.,0,0,0,2,0,2,0,0,2,2,0,2,9,6,1,0,0,0,0,2,0,0,0,0,0,4,0,1,8,8
2089,A woman sitting outside in the sun with a jacket over her head and a rainbow umbrella next to her.,A woman sits next to an umbrella on an overcast day.,0,1,0,1,2,1,1,3,0,0,3,1,2,4,5,0,1,0,0,1,2,0,1,2,0,1,2,1,7,2
2090,"A man holding up a big, yellow tent.",A man flying a red kite.,0,1,0,1,1,1,1,1,0,0,1,0,1,8,0,0,1,0,0,0,2,0,3,2,0,2,2,7,1,2
2091,The elderly person enjoys sitting on the deck on cold but sunny day.,The elderly like to run in the rain.,0,1,0,1,0,1,1,0,0,0,0,0,1,6,0,0,0,0,0,0,0,0,0,0,0,0,0,1,3,0
2092,A construction worker bulldozes dirt clear.,A worker is eating lunch.,0,1,0,1,1,2,1,1,2,2,1,2,1,1,1,0,0,1,0,0,1,0,3,1,0,0,4,7,3,4
2093,A man in red pants balancing on a blue object with his hands,A man is wearing pink pants.,0,1,0,1,1,1,1,1,0,0,1,0,1,8,0,0,1,0,0,1,2,0,1,2,0,1,2,7,1,2
2094,A motor Cross mountain bike racer is on a very bumpy ride.,the couple is having lunch in the park,0,1,0,1,1,1,0,1,0,2,1,0,9,1,0,0,0,1,0,2,1,0,2,1,0,4,4,7,2,4
2095,Three young asian boy ride in a cart decorated by pink flowers that is being pulled by several dogs.,Three boys are riding on a rocket.,0,0,1,2,0,0,2,0,1,4,2,4,0,7,8,0,1,1,0,0,1,0,3,1,0,3,4,1,3,4
2096,A woman wearing with a handbag enjoying an ice cream cone.,A woman is fast asleep in her bed.,0,1,0,1,2,1,1,3,0,0,3,0,1,9,2,0,0,1,0,2,1,0,2,1,0,4,4,7,2,4
2097,Two girls dressed in light brown wearing black neckties hold foil pompoms while doing a routine with others.,The girls are marching with a banner.,0,0,0,2,0,2,0,0,2,2,0,2,2,7,1,0,1,0,0,0,2,0,0,2,0,0,2,7,3,2
2098,A man in a dirty hat and sweater works on a remodeling project.,a man plays with his daughter,0,1,0,1,1,1,1,1,0,0,1,0,1,8,0,0,0,1,0,2,1,0,2,1,0,4,4,7,6,4
2099,An older man in Bangalore sits in his shoe shop holding a piece of shoe.,A man sits and reads a book outside.,0,1,0,1,1,1,1,1,0,0,1,0,1,8,0,0,0,1,0,0,1,0,3,1,0,2,4,7,6,9
2100,Two people talk while sitting on a big rock.,Two people are walking down a crowded city sidewalk.,0,0,0,2,0,2,0,0,2,2,0,2,9,6,1,0,0,1,0,0,1,0,0,1,0,0,4,1,8,4
2101,"A man, whose face is obstructed by a lampshade, is sitting next to a bar with drinks, and a mannequin stands nearby.",There are no drinks.,0,1,0,1,1,1,0,1,0,2,1,0,9,5,2,0,0,1,0,2,1,0,2,1,0,4,4,7,2,4
2102,Two children standing in front of a dinosaur skeleton.,A man and a woman are sitting down watching television.,0,0,0,1,0,1,2,0,0,4,0,0,1,6,0,0,0,1,0,2,1,0,2,1,0,4,4,7,2,4
2103,A man is butchering some fish.,The mans is throwing the fish back into the ocean.,0,1,0,1,1,1,1,1,0,0,1,0,1,8,0,0,1,0,0,0,2,0,3,2,0,0,2,7,3,2
2104,A mix of kids and adults sitting by a tree that has different colored flags hanging around it.,A group of dogs are sitting by a tree.,0,0,0,2,0,2,0,0,2,2,0,2,9,6,1,0,1,1,0,1,1,0,3,1,0,0,4,1,3,4
2105,"A person of color is sitting with a lot of green fruits, with a fence and a green space and the ocean in the background.",There is a white man with a lot of green vegetables.,0,1,0,1,1,1,1,1,0,0,1,0,1,8,0,0,1,0,0,1,0,0,1,0,0,1,0,7,0,0
2106,Boy in green shirt sitting in swing with eyes closed and making gesture with hands.,A boy slides down the slide.,0,1,1,1,1,0,2,1,1,4,2,4,0,2,9,0,0,0,0,0,0,0,3,0,0,3,1,0,3,5
2107,A girl with a feather in her head applies makeup at an outdoor gathering.,A man is chopping wood.,0,1,0,1,1,1,1,1,0,0,1,0,1,8,0,0,0,1,0,2,1,0,2,1,0,4,4,7,2,4
2108,Three army men engage in conversation with one another.,Naval officers in uniform discuss strategy.,0,0,0,2,0,2,0,0,2,2,0,2,9,0,1,0,1,0,0,1,0,0,1,0,0,0,0,1,0,0
2109,A baseball batter awaits a pitch.,The hockey players are in the rink.,0,0,0,2,0,2,2,0,2,1,0,2,3,1,7,0,0,0,0,2,0,0,0,0,0,4,0,9,8,0
2110,A skier in a black top making a jump with a blue and white sign on pile of snow underneath.,A skier is fighting a goat,0,1,0,1,1,1,1,1,0,0,1,0,8,1,0,0,1,1,0,0,1,3,3,1,4,3,4,4,3,4
2111,A young woman holds a beer during a party in a messy bedroom.,The woman is sunbathing at the beach.,0,1,0,1,2,2,1,3,2,0,3,2,2,9,1,0,0,1,0,2,1,0,2,1,0,4,4,7,8,4
2112,a group of women holding black umbrellas.,Women are holding parasols on a sunny day.,0,0,0,2,0,2,0,0,2,2,0,2,9,9,1,0,1,0,0,1,2,0,1,2,0,1,2,1,7,2
2113,A man standing in the forrest marking trees to be ready to be cut down.,A person is lying down in front of a bunch of trees.,0,1,0,1,1,1,1,1,0,0,1,0,1,1,0,0,1,0,0,1,2,0,3,2,0,1,2,7,1,2
2114,A man and woman are kissing on the corner of a street.,A man and woman are riding in a taxi.,0,0,0,2,0,2,0,0,2,2,0,2,9,6,1,0,0,0,0,2,0,0,0,0,0,4,0,1,8,0
2115,People walking in a town's street.,A man is sitting in the kitchen.,0,1,0,1,1,1,1,0,0,0,0,0,1,6,0,0,0,1,0,2,1,0,2,1,0,4,4,7,2,4
2116,A man wearing a bandanna over his eyes is sleeping in the grass while a bird walks next to him.,The man is sitting up near the bird.,0,1,0,1,1,1,1,1,0,0,1,0,1,8,0,0,1,1,0,1,1,0,3,1,0,2,4,7,1,9
2117,Two people sit outside a building.,Two people lie on the sidewalk outside a park.,0,0,0,2,0,2,0,0,2,2,0,2,9,6,1,0,1,0,0,1,2,0,1,2,0,0,2,1,3,2
2118,A newly married couple rejoicing among guest.,A newlywed couple is despondent and moping.,0,0,0,2,0,2,0,0,2,2,0,2,9,6,1,0,1,0,0,1,0,0,1,0,0,0,0,1,0,0
2119,A man in a green shirt shops in an open market.,A man is wearing a red shirt shopping.,0,1,0,1,1,1,1,1,0,0,1,0,1,8,0,0,1,0,0,1,2,0,3,2,0,2,2,7,1,2
2120,A mother helps her little boy eat his food by feeding him by hand.,A mother puts a plate of spaghetti in front of her college-age son and he digs in.,0,1,0,1,2,1,2,1,0,4,2,0,0,2,0,0,1,0,0,1,2,0,1,2,0,1,2,1,7,2
2121,A food vendor is standing on the sidewalk next to his food cart looking at a black woman walking by.,A vendor sits on the sidewalk while a woman purchases food.,0,1,0,1,2,1,1,3,0,0,3,0,2,4,0,0,1,0,0,1,2,0,1,2,0,1,2,1,7,2
2122,A dog runs through an obstacle course.,A dog is laying on the ground.,1,1,1,0,2,0,3,2,3,3,4,3,5,3,3,1,0,0,1,0,0,1,3,3,1,3,3,2,9,3
2123,A man wearing a hat is running through water,A man is watching the water rise.,0,1,0,1,1,1,1,1,0,0,1,0,1,8,0,0,0,1,0,0,1,0,3,1,0,2,4,7,6,9
2124,Surfer Magazine has set up a kiosk at a surfing competition.,Three men are surfing.,0,0,0,1,0,1,0,0,0,0,0,0,9,0,0,0,0,0,0,0,2,0,3,2,0,0,2,7,3,2
2125,A young man clad in a jersey and shorts watches some Ultimate Frisbee players in action.,The young man is naked.,0,1,0,1,1,1,1,1,0,0,1,0,1,5,0,0,0,1,0,2,1,0,2,1,0,4,4,7,3,4
2126,An elderly Asian woman with a cane walking in front of several yellow and white flowered reefs.,An old woman sits on a bench.,0,1,0,1,2,1,1,3,0,0,3,0,2,4,0,0,1,0,0,0,0,0,0,0,0,0,0,1,3,1
2127,"Eight middle-aged couples dance and six other people mingle on the dance floor as a three man band consisting of a guitar, banjo, and accordion play on a stage.",A group of people are leaving a house,0,0,0,2,0,2,0,0,2,2,0,2,9,6,1,0,0,0,0,0,0,0,0,0,0,0,0,1,8,8
2128,"A window-washer, dangling from a cord and carrying a white bucket, works on the windows of a red brick building which is labeled with the word ""BUILDING"" on a carved lintel.",No window on a building.,0,1,0,1,1,1,0,1,0,2,1,0,9,5,2,0,1,0,0,1,2,0,3,2,0,3,2,7,3,2
2129,A man with a blue jacket and glasses is sitting on a stool.,A man is sitting in a chair at a dinner table.,0,1,0,1,1,1,1,1,0,0,1,0,1,8,0,0,1,0,0,1,2,0,3,2,0,2,2,7,1,2
2130,Indian performers dazzle the crowd.,The crowd is asleep.,0,0,0,2,0,1,0,0,0,2,0,0,1,5,2,0,0,0,0,2,0,0,0,0,0,4,0,7,8,0
2131,A woman is sitting next to her SUV which has the trunk door open while a man stand by another open door.,A child is eating pizza,0,1,0,1,2,1,1,3,0,0,2,0,2,2,0,0,0,1,0,2,1,0,2,1,0,4,4,7,2,4
2132,A young man in a blue jersey riding a yellow dirt bike appears to be riding it around a corner in the midst of a race.,The boy is watching tv,0,1,0,1,1,1,2,1,0,4,2,0,0,2,0,0,0,0,0,2,0,0,2,0,0,4,1,7,2,5
2133,Two children play in the snow with a sled.,Two children eating frog legs in the summer.,0,0,1,2,0,0,2,0,1,4,2,4,0,7,8,0,0,0,2,0,0,2,0,0,2,0,1,5,3,7
2134,Two woman wearing skirts stand together and smile.,Two women are laying on the floor sleeping.,0,0,0,2,0,1,0,0,0,2,3,0,2,9,2,0,0,1,0,0,1,0,0,1,0,0,4,1,8,4
2135,The Irish setter with the safety vest is running ahead of the Rottwieler and the Dalmation.,Three cats are sitting on a couch.,0,0,1,2,0,0,0,0,3,2,4,3,4,0,3,0,0,1,0,2,1,0,2,1,0,4,4,7,2,4
2136,A rock climber scaling a stone wall.,a man is hiking the trail,0,1,0,1,1,1,1,1,0,0,1,0,8,1,0,0,0,0,0,2,2,0,2,2,0,2,2,7,6,2
2137,Three construction workers rest on job site.,3 workers are nailing the boards together,0,0,0,2,0,2,0,0,2,2,0,2,9,0,1,0,1,0,0,0,0,0,3,0,0,0,0,1,0,0
2138,A small girl wearing pink sleeps on a man's lap as they ride in an airplane.,A man and girl play a game.,0,1,0,2,0,2,1,0,2,4,2,2,2,6,1,0,0,1,0,0,1,0,0,1,0,0,4,1,5,4
2139,A clown posing for a picture with a rabbit in a hat.,the clown was doing balloon animals,0,1,0,1,1,1,1,1,0,0,1,0,1,1,0,0,1,0,0,1,2,0,1,2,0,1,2,1,7,2
2140,Older female walking with cane next to flower wreaths.,An older woman is sitting next to her cane.,0,1,0,1,2,1,1,3,0,0,3,0,2,4,0,0,1,0,0,1,0,0,1,0,0,1,0,1,7,1
2141,"A man is holding up a sign that reads ""Jobs with Justice"".",two men hold hands,0,0,0,1,1,2,0,1,2,2,1,2,9,0,1,0,0,1,0,0,1,0,3,1,0,2,4,7,6,9
2142,"A woman in sunglasses, out in the cold, eating cotton candy.",A man throws up a pink blob of cotton candy.,0,1,0,1,2,1,1,1,0,0,1,0,2,1,0,0,1,0,0,1,2,0,1,2,0,1,2,1,7,2
2143,Tourists experience a wonderful view overlooking a busy city.,The people are at a funeral.,0,0,0,2,0,2,0,0,2,2,0,2,9,6,1,0,0,1,0,2,1,0,2,1,0,4,4,1,8,4
2144,Household items being set outside a building.,Household items are being combined into a working time machine.,0,0,0,2,0,1,0,0,0,2,0,0,9,6,0,0,1,0,0,0,0,0,3,0,0,0,0,1,3,0
2145,A man sitting at a fruit stand surrounded by watermelons.,A man is standing at a fruit stand.,0,1,0,1,1,1,1,1,0,0,1,0,1,8,0,0,1,0,0,1,2,0,1,2,0,1,2,7,1,2
2146,"A young woman in a brown shirt is in a kitchen, rubbing a piece of paper on a cookie sheet.",Nobody has a shirt,0,1,0,1,2,1,0,3,0,2,3,0,9,5,2,0,0,1,0,2,1,0,2,1,0,4,4,7,2,4
2147,"A young girl and a dog standing in a river next to a fallen tree, both looking in the same direction.",A girl sits alone on the couch.,0,1,0,1,2,1,2,3,0,4,2,1,2,4,6,0,0,0,0,2,0,0,2,0,0,4,0,7,2,1
2148,A man is playing guitar on the otherwise empty sidewalk of a street lined with vibrant homes.,A drummer is playing in a parking lot.,0,1,0,1,1,2,1,1,2,0,1,2,6,1,4,0,0,0,0,0,0,0,3,0,0,2,0,7,3,0
2149,A woman in a striped denim jacket is walking by a fence.,The woman is on a couch.,0,1,0,1,2,1,1,3,0,0,3,0,2,9,2,0,0,0,0,2,0,0,0,0,0,4,0,7,8,1
2150,"During a race, the blue biker cleared a jump safely, while another biker appears to not be doing as well as the biker jumping.",The blue biker failed the jump.,0,0,0,1,0,1,1,0,0,0,0,0,8,1,0,0,1,0,0,1,2,0,1,2,0,3,2,1,7,2
2151,"A group of people are sitting in a large room, talking to each other.",People are shopping.,0,0,0,2,0,2,0,0,2,2,0,2,9,6,1,0,0,0,0,0,0,0,0,0,0,0,0,1,0,8
2152,An African American man playing a saxophone.,A person is under water.,0,1,0,1,1,1,1,1,0,0,1,0,1,1,0,0,0,1,0,2,1,0,2,1,0,4,4,7,6,4
2153,Two men each have one arm around each other and are in formal dresswear,Two men punching each other.,0,0,0,2,0,2,0,0,2,2,0,2,9,0,1,0,0,0,0,0,0,0,0,0,0,0,0,1,8,0
2154,"Here is a picture of a kid dressed up in a costume, smiling and dancing.",A picture of a kid playing video games.,0,1,1,1,1,0,2,1,1,4,2,4,0,2,9,0,1,0,0,0,2,0,3,2,0,3,2,1,5,2
2155,the black and white dog is running through the ocean.,a pup is climbing some stairs.,1,1,1,0,2,0,3,2,3,3,4,3,5,3,3,1,0,0,1,0,0,1,3,3,1,4,3,2,9,3
2156,A young child wearing a red cap is sleeping in his or her parent's backpack.,The child is making a lot of noise and squirming.,0,1,1,1,2,0,2,1,1,4,2,4,0,2,9,0,0,0,0,0,0,0,0,0,0,0,1,7,8,5
2157,Two men are discussing the details of a small tree in a pot while other men are working in the dirt.,Men are standing around a water fountain talking.,0,0,0,2,0,2,0,0,2,2,0,2,9,0,1,0,1,0,0,0,0,0,0,0,0,0,0,1,0,0
2158,"A young woman in a green dress, a feathered necklace and a pink feathered hat holding an orange vase",A young woman in a blue dress and red necklace,0,1,0,1,2,1,1,3,0,0,3,1,2,4,5,0,1,0,0,1,2,0,1,2,0,1,2,1,7,2
2159,A child at an exhibit.,A child is stealing a painting.,0,1,0,1,2,1,2,3,0,4,2,0,0,2,0,0,0,1,0,0,1,0,0,1,0,4,4,7,8,4
2160,A waiter in a blue basketball shirt at a restaurant.,A shirtless waiter at a restaurant.,0,1,0,1,1,1,1,1,0,0,1,0,1,8,0,0,1,0,0,1,2,0,1,2,0,1,2,1,7,2
2161,Two spectators are adorn with Mickey Mouse ears while looking back at an angle from a stadium.,A couple of people shout obscenities at the sports team.,0,0,0,2,0,2,0,0,2,2,0,2,9,6,7,0,0,0,0,0,2,0,0,2,0,0,2,1,3,2
2162,A group of woman stands near a group of Army men.,A group of women near a group of sailors.,0,0,0,2,0,2,0,0,2,2,0,2,9,9,1,0,1,0,0,1,0,0,1,0,0,1,0,1,0,1
2163,A person on the mountain walking up a rocky terrain with the setting of a blue sky.,A dog on the mountain walking up a rocky terrain with the setting of a blue sky.,0,1,0,1,2,1,1,1,0,0,1,0,8,1,0,0,1,0,0,1,2,0,1,2,0,1,2,1,7,2
2164,A man in a blue jacket and brown hat uses a tool to cut wood.,A man relaxes in his armchair and stares happily at the dusty pair of gardening shears he hadn't used in years.,0,1,0,1,1,1,1,1,0,0,1,0,1,8,0,0,0,0,0,0,2,0,3,2,0,2,2,7,1,2
2165,A man with a red helmet in doing a trick on a gray motorcycle.,The man is paralyzed and in a wheelchair.,0,1,0,1,1,1,1,1,0,0,1,0,1,8,0,0,0,1,0,2,1,0,2,1,0,4,4,7,6,9
2166,People getting near fire to warm hands.,There is no fire.,0,0,0,2,0,1,0,0,0,2,0,0,9,5,0,0,1,0,0,0,0,0,3,0,0,0,0,1,3,0
2167,A man working on something alone in an industrial setting.,A man gives a lecture to his companions.,0,1,0,1,1,1,1,1,0,0,1,0,1,8,0,0,0,1,0,0,1,0,3,1,0,2,4,7,6,9
2168,An elderly man wearing a white jacket is walking down the sidewalk.,Nobody is walking.,0,1,0,1,1,1,0,1,0,2,1,0,9,5,2,0,0,1,0,2,1,0,2,1,0,4,4,7,2,4
2169,"A small boy plays with plastic blocks, cars, and animals with an adult watching closely.",The man is playing with the toys.,0,1,0,1,1,1,2,1,0,4,1,0,0,2,0,0,1,0,0,1,0,0,3,0,0,3,1,0,1,5
2170,equestrian competing in a competition,Two cats are scratching the couch.,0,0,1,2,0,0,0,0,3,2,4,3,4,0,3,0,0,1,0,2,1,0,2,1,0,4,4,7,2,4
2171,An old man wearing khaki pants and a brown shirt standing on the sidewalk in front of a building.,The old man is taking a nap at a house.,0,1,0,1,1,1,1,1,0,0,1,0,1,8,2,0,0,1,0,2,1,0,2,1,0,4,4,7,6,9
2172,A woman giving lecture using promethean board.,There are people eating worms.,0,0,0,2,0,1,0,3,0,2,3,0,9,9,0,0,0,1,0,2,1,0,2,1,0,4,4,7,2,4
2173,A man with dreadlocks is jumping with a skateboard.,A man is doing bike tricks.,0,1,0,1,1,1,1,1,0,0,1,0,8,8,0,0,0,0,0,0,2,0,3,2,0,2,2,8,6,2
2174,A shirtless man in black pants is pulling the leg of another man in green pants.,Six women are trying on new clothing.,0,0,0,2,0,2,0,0,2,2,0,2,9,0,1,0,0,1,0,2,1,0,2,1,0,4,4,7,2,4
2175,African girl with a small boy tied to her back by fabric.,The girl has a girl on her back.,0,0,0,2,0,2,0,0,2,4,2,2,2,7,1,0,1,0,0,1,0,0,1,0,0,1,1,1,0,7
2176,A man in orange watches a golf ball he has just hit while a large audience also watches.,The man is sitting with his family watching the tennis game.,0,1,0,2,1,2,2,1,2,1,1,2,3,8,7,0,0,0,0,0,2,0,0,2,0,2,2,7,6,2
2177,A man in a yellow coat jumps his snowboard off a rail.,A man is skateboarding outside.,0,1,0,1,1,1,1,1,0,0,1,0,8,1,0,0,0,1,0,0,1,0,3,1,0,2,4,8,6,9
2178,A person is rock climbing.,A person is falling off the rocks,0,1,0,1,1,1,1,1,0,0,1,0,8,1,0,0,1,0,0,1,2,0,1,2,0,1,2,7,7,2
2179,A man wearing headphones and a checkered shirt with tan jacket reaches inside his jacket while crossing a busy street.,No one is crossing the street.,0,1,0,2,1,1,0,1,0,2,1,0,9,5,2,0,0,1,0,2,1,0,2,1,0,4,4,7,2,4
2180,A blond woman and three young children ride a tandem bicycle.,They are on a boat.,0,0,0,2,0,2,0,0,2,2,0,2,9,6,1,0,0,0,0,0,0,0,0,0,0,0,0,1,8,8
2181,A crowd of people watching a band play music on the sidewalk.,The group is singing in the rain.,0,0,0,2,0,2,0,0,2,2,0,2,9,6,1,0,0,0,0,2,0,0,2,0,0,4,1,1,8,7
2182,There is a man with a fedora hat and blue dress coat playing an accordion in front of a sign.,A man scuba diving.,0,1,0,1,1,1,1,1,0,0,1,0,1,8,0,0,0,1,0,2,1,0,2,1,0,2,4,7,6,9
2183,Two men talk in the garage.,People are swimming,0,0,0,2,0,2,0,0,2,2,0,2,9,0,1,0,0,0,0,2,0,0,2,0,0,4,0,7,8,0
2184,"A group of people, including a man on a bicycle, on the waterfront.",A group of people are on a bikes including a man sitting on the waterfront,0,0,0,2,0,2,0,0,2,2,0,2,9,6,1,0,1,0,0,1,2,0,1,2,0,1,2,1,0,2
2185,"Cute girl at a children's beauty shop sitting on a toy car having her hair blow-dried, while stylist is smiling and gentleman's arm is touching the car.",The girl does the stylist's hair,0,1,0,1,2,1,1,3,0,4,2,0,2,4,0,0,1,0,0,1,2,0,1,2,0,1,2,6,5,2
2186,A man is walking down a street with bicycles behind him.,A person lays dead in the street.,0,1,0,1,1,1,1,1,0,0,1,0,9,1,0,0,0,1,0,2,1,0,2,1,0,4,4,7,6,9
2187,A blond-haired toddler is holding a soft red and yellow soccer ball.,The grandmother is poishing her fine china.,0,1,0,1,2,1,2,3,0,4,2,1,2,4,5,0,0,1,0,2,1,0,2,1,0,4,4,7,2,4
2188,A man in orange pants and a ponytail is free climbing a rock face.,There is a man falling off a rock face.,0,1,0,1,1,1,1,1,0,0,1,0,8,1,0,0,1,0,0,0,2,0,3,2,0,2,2,7,1,2
2189,"Lady out with a elder person in wheelchair, in the sun.",girl sleeps on floor,0,1,0,1,2,1,1,3,0,4,3,0,2,4,2,0,0,1,0,2,1,0,2,1,0,4,4,7,2,4
2190,A man in a white shirt holding both hands out.,The man is wearing a blue shirt.,0,1,0,1,1,1,1,1,0,0,1,0,1,8,0,0,1,0,0,0,0,0,3,0,0,2,0,7,1,0
2191,A few soldiers have a discussion while onlookers stand nearby.,Soldiers in a tank discuss strategy for attacking the enemy.,0,0,0,2,0,2,0,0,2,2,0,2,9,0,1,0,1,0,0,1,0,0,1,0,0,1,0,1,0,0
2192,A waterskier flies into the air.,A waterskier has crashed into the water.,0,1,0,1,2,1,1,1,0,0,1,0,8,1,0,0,1,0,0,1,2,0,1,2,0,1,2,1,7,2
2193,Two men are standing on a street and one of them is about to throw a dart.,Two men are in a bar.,0,0,0,2,0,2,0,0,2,2,0,2,9,0,1,0,0,0,0,2,0,0,2,0,0,4,0,1,8,0
2194,A woman with short brown hair is wiping a railing with a yellow towel.,A woman is bathing in a bath tub with a blue towel.,0,1,0,1,2,1,1,3,0,0,3,1,2,4,5,0,1,0,0,0,2,0,0,2,0,0,2,1,3,2
2195,A black and white dog is jumping into the water.,A dog is sleeping in the owner's backyard.,1,1,1,0,2,0,3,2,3,3,4,3,5,3,3,1,0,0,1,2,0,1,2,3,1,4,3,2,9,3
2196,Blond-hair child licks her lips while eating a ice cream cone,twelve ladies eat pasta,0,0,0,1,2,1,1,3,0,4,2,0,2,4,0,0,0,1,0,2,1,0,2,1,0,4,4,7,2,4
2197,A dog running down a dirt track.,A dog is running down a paved street.,1,1,1,0,2,0,3,2,3,3,4,3,5,3,3,1,1,0,1,1,0,1,1,3,1,1,3,2,9,3
2198,There is a restaurant and all the tables are empty.,The tables are all full.,0,0,0,2,0,2,0,0,2,2,0,2,9,6,1,0,1,0,0,0,0,0,0,0,0,0,0,1,0,8
2199,A soccer player is kicking a soccer ball.,A girl plays cards.,0,1,0,2,2,1,2,3,0,4,2,0,2,4,0,0,0,1,0,2,1,0,2,1,0,4,4,7,8,4
2200,Two adult couples are placing their bets on a casino table.,two adult couples do not place bets in a casino,0,0,0,2,0,2,0,0,2,2,0,2,9,6,1,0,1,0,0,1,0,0,1,0,0,1,0,1,0,0
2201,The motocross rider is jumping his dirt bike.,The motocross rider is taking a rest.,0,1,0,1,1,1,1,1,0,0,1,0,8,1,0,0,1,0,0,1,0,0,3,0,0,3,0,8,7,0
2202,It is a beautiful day at the horse track.,man on a plane,0,1,0,1,1,1,1,1,0,0,1,0,1,1,0,0,0,1,0,2,1,0,2,1,0,4,4,7,2,4
2203,A person wearing Rollerblades slides along a handrail.,A person wearing ice skates slides down a handrail.,0,1,0,1,1,1,1,1,0,0,1,0,8,1,0,0,1,0,0,1,2,3,1,2,4,1,2,8,7,2
2204,A performer in purple outfit clapping his hands.,The performer was a zombie.,0,1,0,1,1,1,1,1,0,0,1,0,1,1,0,0,0,1,0,0,1,0,3,1,0,2,4,7,6,9
2205,"One mn standing on the ground, and one is standing on the roof.",One man is driving a car.,0,0,0,2,0,1,0,0,0,2,0,0,9,0,0,0,0,1,0,2,1,0,2,1,0,4,4,7,2,4
2206,Two men are rocking are enjoying music.,Two women are rocking are enjoying music.,0,0,0,2,0,2,0,0,2,2,0,2,6,0,4,0,1,1,0,1,1,0,1,1,0,1,4,1,7,4
2207,A child on a ventilator walks through a doorway.,Nobody is walking,0,1,0,1,2,1,0,1,0,2,2,0,9,5,2,0,0,1,0,2,1,0,2,1,0,4,4,7,2,4
2208,Sitting at a table with beer empty beer mugs on it one brother is has a birthday cake sliced with sprinkler lit up while the younger brother is smiling with his eyes closed.,The younger brother is staring at the sun.,0,0,1,2,0,0,2,0,1,4,2,4,0,2,8,0,1,0,0,0,0,0,3,0,0,3,0,1,3,0
2209,A man and a woman walking by some cars in front of a building.,The people are inside a building.,0,0,0,2,0,2,0,0,2,2,0,2,9,6,1,0,0,0,0,2,0,0,0,0,0,4,0,1,8,8
2210,The field is fenced in.,there is no fence around the field so animals can roam.,0,0,0,2,0,1,0,2,0,2,4,0,9,5,2,0,1,0,0,1,2,0,3,2,0,3,2,1,3,2
2211,a boy wears a red coat.,A boy wears a jacket without a coat.,0,1,1,1,1,0,2,1,1,4,2,4,0,2,9,0,1,0,0,1,0,0,1,0,0,3,1,0,7,5
2212,There are many people wearing either jackets or layers drinking beer or diet Coke.,A homeless man in a threadbare T-shirt ate an old sandwich he found in the garbage.,0,1,0,1,1,1,1,1,0,0,0,0,1,6,0,0,0,1,0,2,1,0,2,1,0,4,4,7,2,4
2213,Two men play a game beneath a shade.,The girls play darts in the shade.,0,0,0,2,0,2,0,0,2,2,0,2,9,0,7,0,1,0,0,0,2,0,3,2,0,3,2,1,3,2
2214,Construction workers are standing behind a fence.,These men are waiting for someone to move the fence,0,0,0,2,0,2,0,0,2,2,0,2,9,0,1,0,1,0,0,1,2,0,1,2,0,1,2,1,7,2
2215,People watching a soccer game at the local watering hole.,People watch a soccer game at home.,0,0,0,2,0,2,2,0,2,1,0,2,3,6,7,0,1,0,0,1,2,0,3,2,0,3,2,1,0,2
2216,Men on a canoe ride in the river.,People playing basketball.,0,0,0,2,0,2,2,0,2,1,0,2,3,0,7,0,0,1,0,2,1,0,2,1,0,4,4,7,8,4
2217,A young boy in a white shirt and jeans vaults over other children who appear to be counting on their fingers.,A young boy in a blue shirt and jeans vaults over other children who appear to be counting on their fingers.,0,0,0,2,0,2,2,0,2,4,2,2,0,7,7,0,1,0,2,1,2,2,1,2,2,1,2,5,7,2
2218,Three women in blue are walking.,Three women in blue are sitting together on a bench.,0,0,0,2,0,1,0,0,0,2,0,1,2,9,5,0,1,0,0,1,2,0,1,2,0,1,2,1,5,2
2219,Two men dance on a stage.,Two men have broken legs.,0,0,0,2,0,2,0,0,2,2,0,2,9,0,1,0,0,0,0,0,0,0,0,0,0,0,0,1,8,0
2220,A man and woman sit in a brightly lit stage set.,A man sits alone in a dark stage set.,0,1,0,1,1,1,0,1,0,2,1,0,1,8,0,0,1,0,0,1,2,0,1,2,0,1,2,1,1,2
2221,Two men are wrestling in a gym.,The men are cooking,0,0,0,2,0,2,0,0,2,2,0,2,9,0,1,0,0,0,0,0,0,0,0,0,0,0,0,1,8,0
2222,Two motorcycles race on a track.,A motor cyclist rides his bike by himself.,0,1,0,1,1,1,1,1,0,0,1,0,8,1,0,0,0,0,0,0,0,0,3,0,0,3,0,8,3,0
2223,A woman and man in winter gear stand.,The kids are wearing bathing suits.,0,0,0,2,0,2,0,0,2,2,0,2,9,7,1,0,0,1,0,2,1,0,2,1,0,4,4,1,2,4
2224,"These three men, two with turbans, are sitting on the edge of a cement bench.",Three women in bikinis are sitting on the edge of a wooden bench.,0,0,0,2,0,2,0,0,2,2,0,2,9,0,1,0,1,0,0,1,2,0,1,2,0,3,2,1,3,2
2225,"Two dogs, that are tied to the building, patiently wait for their master to return.",Mairsy dotes and doesy dotes eat ivies.,1,0,0,0,0,1,3,0,0,3,0,0,4,0,0,0,0,1,0,2,1,0,2,1,0,4,4,7,8,4
2226,A toddler attempts to swing down a pole at the playground.,A man plays soccer.,0,1,0,2,1,2,2,1,2,4,1,2,0,1,7,0,0,1,0,2,1,0,2,1,0,4,4,7,2,4
2227,A man in a light blue shirt and khaki pants is walking along side a market with several people in the background.,There is no market.,0,1,0,1,1,1,0,1,0,2,1,0,9,5,2,0,0,1,0,2,1,0,2,1,0,4,4,7,2,4
2228,A woman with a red umbrella jumping off a park bench in a photo.,A picture of A woman with a blue umbrella jumping up onto a park bench.,0,1,0,1,2,1,1,3,0,0,3,1,2,4,5,0,1,0,0,1,2,0,1,2,0,1,2,1,7,2
2229,A group of children are sitting close together and laughing while a boy in a white shirt is jumping over them.,cat looks at dog,0,0,1,2,0,0,2,0,3,4,2,3,0,7,3,0,0,1,0,2,1,0,2,1,0,4,4,7,2,4
2230,A shirtless man leading a horse that is pulling a carriage.,The man's shirt is red.,0,1,0,1,1,1,1,1,0,0,1,0,1,8,0,0,0,1,0,2,1,0,2,1,0,2,4,7,6,9
2231,"A man is sitting on a blue machine of some kind, on the side of the road.",A man is sitting on a blue time machine,0,1,0,1,1,1,1,1,0,0,1,0,1,8,0,0,1,0,0,1,2,0,1,2,0,3,2,7,1,2
2232,a girl reading and sunning on a boat deck,The girl is sleeping on the boat deck.,0,1,0,1,2,1,2,3,0,4,2,1,2,4,6,0,1,0,0,1,0,0,1,0,0,0,0,6,5,6
2233,A girl in a headdress and a boy with a bandanna are giving the peace sign to the camera.,A boy and girl are dressed as astronauts.,0,0,1,2,0,0,0,0,1,2,2,4,9,7,8,0,0,1,2,0,1,2,0,1,2,0,4,5,3,4
2234,A man lit in purple light plays a guitar and sings.,A pianist is playing a piano.,0,1,0,2,1,2,0,1,2,2,1,2,6,1,4,0,0,0,0,0,0,0,2,0,0,2,0,7,6,0
2235,A woman wearing a pullover with an American flag patch bends over an elderly person who is lying on the ground.,The woman is wearing only a shirt.,0,1,0,1,2,1,1,3,0,0,3,1,2,9,5,0,0,1,0,0,1,0,0,1,0,0,4,7,8,4
2236,Two men wearing bright green shirts are looking for something by a bush.,Two women are looking for something.,0,0,0,2,0,2,0,0,2,2,0,2,9,0,1,0,1,1,0,0,1,0,0,1,0,0,4,1,3,4
2237,A group of people walking after a spring shower.,"The people are all wearing ghost outfits, running up and down the street during Halloween.",0,0,0,2,0,2,0,0,2,2,0,2,9,6,1,0,0,1,0,2,1,0,2,1,0,4,4,1,8,4
2238,A girl on crutches is next to two men in white jumping.,there is a girl who is inside standing in her kitchen and no one is around.,0,1,0,1,2,1,1,3,0,4,2,1,2,5,6,0,0,1,0,2,1,0,2,1,0,4,4,7,2,4
2239,A woman in blue sits on a curb next to blue railings in front of the ocean.,A woman is wearing a red track suit.,0,1,0,1,2,1,1,3,0,0,3,1,2,4,5,0,0,0,0,2,0,0,0,0,0,4,0,1,8,1
2240,A child pulls a toy through a fountain with other children and people looking on.,A child sits in a classroom.,0,1,1,2,2,0,2,1,1,4,2,4,0,2,9,0,0,0,0,2,0,0,2,0,0,4,1,7,2,5
2241,Three boys playing in an unfinished space.,Three boys eat sandwiches for lunch.,0,0,0,2,0,1,2,0,0,4,2,0,0,7,0,0,0,0,2,0,0,2,0,0,2,0,1,5,3,7
2242,"A man with dreadlocks, wearing a mask and a tribal costume, dancing on a street.",A woman is dancing on the street.,0,1,0,1,2,1,1,3,0,0,3,1,2,4,5,0,1,0,0,1,2,0,3,2,0,0,2,1,3,2
2243,A woman and a young girl sit close and pose for a photo.,"A man is sitting in between two women, waiting for the bus.",0,0,0,2,0,1,0,0,0,2,0,1,9,6,5,0,0,0,0,0,0,0,0,0,0,0,0,1,8,8
2244,Children interact with a young bovine.,The children interact with a bear cub.,0,0,1,2,0,0,2,0,1,4,2,4,0,7,8,0,1,1,2,1,1,2,1,1,2,0,4,5,3,4
2245,People walking down sidewalk next to a line of stores.,People are reading newspapers.,0,0,0,2,0,2,0,0,2,2,0,2,9,6,1,0,0,0,0,0,0,0,0,0,0,0,0,1,8,0
2246,A dog leaps on a man.,A man leaps on a dog.,0,1,0,1,1,1,1,2,0,0,4,0,1,3,0,1,1,0,1,1,2,1,1,2,1,1,2,2,7,2
2247,A little girl is eagerly standing by the racers anticipating a handshake.,A gorilla is standing by racers anticipating a handshake.,0,1,0,1,0,2,1,0,2,0,2,2,9,1,1,0,1,0,0,1,0,0,1,0,0,1,0,1,0,0
2248,Two Asian women are holding a YMCA sign and posing for the picture.,the women are crying at the doctors office,0,0,0,2,0,2,0,0,2,2,0,2,2,9,1,0,0,1,0,2,1,0,2,1,0,4,4,7,2,4
2249,A group of women in black dress clothes standing at the back of a red platform.,The young ladies are on stage.,0,0,0,2,0,1,0,0,0,2,0,1,2,9,5,0,1,0,0,0,0,0,0,0,0,0,0,1,3,1
2250,"A man on the street standing in front of an ""Alessi"" sign is kneeling, tuning his guitar.",A man is getting ready to go into the building for a meeting.,0,1,0,1,1,1,1,1,0,0,1,0,1,8,0,0,0,0,0,2,0,0,2,0,0,2,0,7,6,0
2251,The girl in the white dress is paying her bill at the counter.,The woman is wearing jeans and a sweater.,0,1,0,1,2,1,1,3,0,0,3,1,2,4,5,0,0,1,0,2,1,0,2,1,0,4,4,7,8,4
2252,"During a gay pride parade in an Asian city, some people hold up rainbow flags to show support.",Some men are holding up flags in protest of a gay pride parade.,0,0,0,2,0,2,0,0,2,2,0,2,9,6,1,0,1,0,0,1,2,0,1,2,0,1,2,1,7,2
2253,Two African women wearing purple and lime green skirts are dancing in within a circle of clapping women in similar ensembles.,The dancing women are white.,0,0,0,2,0,1,0,0,0,2,0,1,2,9,5,0,1,0,0,0,0,0,3,0,0,0,0,1,0,0
2254,A child wearing pink boots is splashing in a puddle behind the red truck.,A kid sits in a classroom.,0,1,1,1,2,0,2,1,1,4,2,4,0,2,9,0,0,0,0,2,0,0,0,0,0,4,1,7,8,5
2255,"Young couple pose for camera in formal wear, older man and woman in background.",The elephant roams its enclosure.,0,0,0,2,0,2,0,0,2,2,0,2,9,6,1,0,0,1,0,2,1,0,2,1,0,4,4,7,2,4
2256,This person is having a fun time.,A lady is performing an art scene in the park with her brushes held up high she stares down the road,0,1,0,1,2,1,1,3,0,0,3,0,2,4,0,0,0,0,0,0,0,0,3,0,0,0,0,1,3,0
2257,A man and a woman are sitting on a bench outside a wooden building.,lone man jumps,0,1,0,1,1,2,0,1,2,2,1,2,9,8,1,0,0,1,0,2,1,0,2,1,0,4,4,7,2,4
2258,A group of people are watching fireworks.,the people are watching a bullfight,0,0,0,2,0,2,0,0,2,2,0,2,9,6,7,0,1,0,0,0,0,0,3,0,0,0,0,1,0,8
2259,A young redheaded boy is swinging a bat to a ball outside in a grassy area.,The boy is wearing a dress.,0,1,0,1,1,1,2,1,0,4,2,0,0,2,0,0,0,0,0,0,0,0,0,0,0,3,1,0,3,5
2260,"An old man sitting in a chair, reading a book.",The old man is standing.,0,1,0,1,1,1,1,1,0,0,1,0,1,8,0,0,1,0,0,0,0,0,3,0,0,2,0,7,1,0
2261,A football coach watches a play being made.,The football coach did not see the play being made.,0,1,0,2,1,2,2,1,2,1,1,2,3,1,7,0,1,0,0,1,2,0,1,2,0,1,2,1,7,2
2262,A black dog jumps to catch a ball in a yard.,The dog is taking a nap with a cat.,1,1,1,0,2,0,3,2,3,3,4,3,5,3,3,1,0,0,1,2,0,1,2,3,1,4,3,2,2,3
2263,An unshaven man with a serious look is standing in front of a parking meter on the sidewalk.,A family works on a convertible.,0,1,0,2,0,2,0,0,2,2,0,2,9,6,1,0,0,1,0,2,1,0,2,1,0,4,4,7,2,9
2264,A brown dog walks on top of a felled tree trunk.,The dog walks across the concrete bridge.,1,1,1,0,2,0,3,2,3,3,4,3,5,3,3,1,1,0,1,1,0,1,3,3,1,3,3,2,9,3
2265,"Three men, one wearing a hat and two who are not, are kneeling on the ground digging in the dirt surrounding a cement platform.",They are tearing down the walls.,0,0,0,2,0,2,0,0,2,2,0,2,9,0,1,0,0,1,0,2,1,0,0,1,0,4,4,7,8,4
2266,The boy in red swimming trunks is jumping on the sand.,The girl is jumping in the sand.,0,1,1,1,2,0,2,3,1,4,2,4,0,2,9,0,1,0,0,1,0,0,1,0,0,3,0,1,7,6
2267,The man with long hair is walking along a storm drain.,A man sits in a coffee shop.,0,1,0,1,1,1,1,1,0,0,1,0,1,8,0,0,0,1,0,2,1,0,2,1,0,4,4,7,2,4
2268,Many people have gathered to protest the government.,Animals gathering in a herd.,0,0,0,2,0,2,0,0,2,2,0,2,9,6,1,0,0,0,0,0,2,0,0,2,0,0,2,1,0,2
2269,"A young girl in a yellow dance, dancing on a stage with a baseball field in the background.",The girl is taking a math test.,0,1,0,1,2,1,2,3,0,4,2,0,2,4,0,0,0,0,0,0,0,0,0,0,0,0,0,6,5,6
2270,A man on a quad gives a thumbs up at a sporting event.,A man is giving a thumbs up while waiting in line for a movie ticket.,0,1,0,1,1,2,1,1,2,0,1,2,1,8,7,0,1,0,0,0,2,0,3,2,0,2,2,7,1,2
2271,A man and a woman are jumping in the air on wet sand at the beach.,A man and woman frolic in the snow.,0,0,0,2,0,2,0,0,2,2,0,2,9,6,1,0,1,0,0,0,0,0,0,0,0,0,0,1,3,0
2272,A boy in a striped oxford shirt points.,the cat eats pigs,0,1,0,1,1,1,2,1,0,4,2,0,0,2,0,0,0,1,0,2,1,0,2,1,0,4,4,7,2,4
2273,A woman sits against a wall in a fancy building.,A group of people are gathered around a bonfire.,0,1,0,2,2,2,0,3,2,2,3,2,9,6,1,0,0,1,0,2,1,0,2,1,0,4,4,1,2,4
2274,A male child in a blue summer hat shoveling at the beach looks on at a family that plays in the ocean.,The boy is swimming in the ocean.,0,1,1,2,1,0,2,1,1,4,2,4,0,2,9,0,0,0,0,2,0,0,2,0,0,4,1,0,2,5
2275,Two black dogs are dog paddling in a sparkling blue pool.,cats in a bath,1,0,1,0,0,0,3,2,3,3,4,3,4,3,3,1,1,0,1,0,2,1,0,2,3,0,2,3,3,2
2276,"Several camels are lined up with red blankets and people on them, on a beach.",Two dogs chase one another on a beach.,1,0,1,0,0,0,3,2,3,3,4,3,4,3,3,0,1,0,0,0,0,0,3,3,0,0,3,1,3,3
2277,The man plays his guitar on the local streets.,A violinist plays a solo in an orchestra.,0,1,0,2,1,2,0,1,2,2,1,2,6,1,4,0,0,0,0,2,0,0,2,0,0,4,0,7,8,0
2278,A man without a shirt wearing black jogging shorts and a woman in a black t-shirt and red shorts jog together through a park.,A couple jogs next to each other on treadmills.,0,0,0,2,0,2,0,0,2,2,0,2,9,6,1,0,1,0,0,0,0,0,3,0,0,0,0,1,0,0
2279,"A group of people in a living room, playing a board game.",The group is outside playing a board game.,0,0,0,2,0,2,0,0,2,2,0,2,9,6,7,0,1,0,0,1,0,0,1,0,0,1,0,1,0,8
2280,Labors are cleaning the car.,Some children are playing baseball.,0,0,0,2,0,2,2,0,2,1,2,2,3,7,7,0,0,1,0,2,1,0,2,1,0,4,4,7,8,4
2281,"A black man wearing clothes popular in the late 60's, has a left handed Fender Stratocaster, strapped on.",The man is streaking through the parking lot.,0,1,0,1,1,1,1,1,0,0,1,0,1,8,0,0,0,1,0,2,1,0,2,1,0,4,4,7,6,4
2282,2 toddler girls in winter coats hugging.,The toddlers boys are fighting.,0,0,1,2,0,0,2,0,1,4,2,4,0,7,8,0,0,0,0,0,0,0,0,0,0,0,1,1,8,7
2283,Young boy holding a baby in a run-down area.,The boy is holding a dog.,0,1,0,1,1,1,2,2,0,4,2,0,0,2,0,0,1,0,0,0,0,0,3,0,0,3,1,0,3,5
2284,A bearded bald man in a tan striped shirt rests his head on another man's arm.,The men are eating supper at the diner.,0,0,0,1,0,1,0,0,0,2,0,0,1,0,0,0,0,1,0,2,1,0,2,1,0,4,4,7,8,9
2285,A woman and a child are sitting on a motorized police vehicle.,The woman is in charge of the zebra.,0,0,0,2,2,1,0,3,0,2,3,0,2,9,0,0,0,0,0,0,0,0,0,0,0,0,1,1,3,5
2286,A bird eating.,The bird was flying.,0,1,0,1,2,1,1,2,0,0,4,0,1,3,0,1,1,0,1,1,0,1,1,0,1,1,0,2,7,0
2287,The tan dog in a black collar runs across a field.,The dog is sitting inside,1,1,1,0,2,0,3,2,3,3,4,3,5,3,3,1,0,0,1,2,0,1,2,3,1,4,3,2,9,3
2288,"An Asian female with a flowered print halter top white dress, wearing a bracelet and necklace and has long dark hair is walking down the street talking on a cellphone.",The asian female is riding a bike down the street.,0,1,0,1,2,1,1,3,0,0,3,1,2,4,5,0,1,0,0,1,2,0,3,2,0,0,2,1,5,2
2289,"A gray-haired, bearded man is viewing items at an outdoor vendor.",An old man is sitting in the cafe eating a scone.,0,1,0,1,1,1,1,1,0,0,1,0,1,8,0,0,0,1,0,2,1,0,2,1,0,2,4,7,6,9
2290,A small group of firefighters stand in all their firefighting attire and face masks while in front of a firetruck.,A group of police officers stand in front of their car,0,0,0,2,0,2,0,0,2,2,0,2,9,6,1,0,1,0,0,1,0,0,1,0,0,0,0,1,0,0
2291,"A black man in a dress shirt is looking through a microscope, while a poster about blood cells is on the wall in the background.",A man in a t shirt cleans a microscope.,0,1,0,1,1,1,1,1,0,0,1,0,1,8,0,0,1,0,0,0,2,0,3,2,0,2,2,7,1,2
2292,Guy in a green shirt sitting on stairs in front of a statue of a lion and a man.,a guy sitting on a bike,0,1,0,1,1,1,1,1,0,0,1,0,8,8,0,0,0,0,0,0,0,0,3,0,0,2,0,7,1,0
2293,"A varied crowd mills about (or rough-houses) on a public street, with lots of bicycles on display.",A baby sleeps in a crib.,0,1,0,1,0,1,1,0,0,4,0,0,1,5,2,0,0,1,0,2,1,0,2,1,0,4,4,7,2,4
2294,The brown and white dogs run through the field.,The dog is shaking the others hand.,1,0,1,0,0,0,3,2,3,3,4,3,4,3,3,1,0,1,1,0,1,1,2,1,0,4,4,2,9,4
2295,Two dogs are running on sand along the body of water,The dogs are laying on the sand.,1,0,1,0,0,0,3,2,3,3,4,3,4,3,3,1,1,0,1,1,0,1,1,3,3,1,3,3,7,3
2296,A girl on a swing suspended by a rope in a rural area.,A family sits down to dinner,0,1,0,2,2,1,0,3,0,2,2,0,2,6,0,0,0,1,0,2,1,0,2,1,0,4,4,7,2,4
2297,A woman in jeans is walking past a woman dressed in red in a plaza.,The woman in jeans stopped infront of the woman dressed in red.,0,0,0,1,2,1,0,3,0,2,3,1,2,9,5,0,1,0,0,1,2,0,1,2,0,1,2,1,7,2
2298,A line of fishbowls on their sides with contents in them on a table with a pink tablecloth.,A table with glass objects for people to smash and break,0,0,0,2,0,2,0,0,2,2,0,2,9,6,1,0,1,0,0,1,2,0,1,2,0,0,2,1,0,2
2299,A dog chases a sheep in an enclosure.,The duck is swimming in a pond.,1,1,0,0,2,1,3,2,0,3,4,0,5,3,0,0,0,1,0,2,1,0,2,1,0,4,4,7,8,4
2300,Two women in green shirts and hats working at a store.,The men are working at the store.,0,0,0,2,0,2,0,0,2,2,0,2,9,0,1,0,1,1,0,0,1,0,3,1,0,3,4,1,3,4
2301,A man standing outside near his rucksack with a sleeping bag tied to the rucksack.,a women is peeing behind a tree.,0,1,0,1,2,1,1,3,0,0,3,0,1,4,0,0,0,1,0,2,1,0,2,1,0,4,4,7,2,4
2302,A man wearing white holding two girls.,The man is wearing black,0,1,0,1,1,1,1,1,0,0,1,0,1,8,0,0,0,0,0,2,0,0,2,0,0,2,0,7,6,0
2303,A dog plays in water from a sprinkler.,A dog is lying in his bed dozing off.,1,1,1,0,2,0,3,2,3,3,4,3,5,3,3,1,0,0,1,2,0,1,2,3,1,4,3,2,9,3
2304,Several people are milling about outside a large off-white colored house with a terra cotta roof while someone in the distance takes their picture.,Family walking in on party,0,0,0,2,0,2,0,0,2,2,0,2,9,6,1,0,0,0,0,0,0,0,0,0,0,0,0,1,8,8
2305,People are standing outside of a university.,People at the church are talking amongst themselves.,0,0,0,2,0,2,0,0,2,2,0,2,9,6,1,0,0,0,0,2,0,0,0,0,0,4,0,1,8,8
2306,A man wearing a beanie and blue jacket is standing near a wooden pole and squinting through the sunlight.,The man is on the beach staring at the moon.,0,1,0,1,1,2,1,1,2,0,1,2,1,8,1,0,0,1,0,2,1,0,2,1,0,4,4,7,6,9
2307,A skier flies through the air in front of a mountainous landscape.,The skier is in a box.,0,1,0,1,1,1,1,1,0,0,1,0,8,1,0,0,1,0,0,1,2,3,1,2,4,3,2,4,7,2
2308,A man grilling meats and mushrooms on a grill.,The man is fishing,0,1,0,1,1,1,1,1,0,0,1,0,1,8,0,0,0,1,0,0,1,0,3,1,0,2,4,7,6,9
2309,Male and female ballerinas perform on a blue-lit stage.,An all-male jazz dance performance.,0,0,0,2,0,2,0,0,2,2,0,2,9,0,4,0,1,0,0,0,0,0,3,0,0,0,0,1,0,0
2310,A man is jumping off a rock into a pool of water while three others watch.,A man leaps off a boat into water while others watch,0,1,0,1,1,1,1,1,0,0,1,0,1,1,0,0,1,0,0,1,2,0,1,2,0,1,2,1,0,2
2311,A cowboy is riding a horse whilst spinning a lasso around.,A man puts his horse in a tralier.,0,1,0,1,1,1,1,1,0,0,1,0,1,8,0,0,1,0,0,1,2,0,3,2,0,1,2,1,1,2
2312,A man in sunglasses relaxes in a deck chair.,A man is standing in the house.,0,1,0,1,1,1,1,1,0,0,1,0,1,8,0,0,0,1,0,2,1,0,2,1,0,4,4,7,6,9
2313,A person with blue jeans and a red and white shirt is using a phone booth.,A woman is driving down the road in the country.,0,1,0,1,2,1,1,3,0,0,3,1,2,4,5,0,0,1,0,2,1,0,2,1,0,4,4,7,2,4
2314,A lady is cleaning the door with a sponge mop.,Nobody is cleaning,0,1,0,1,2,1,1,3,0,2,3,0,9,5,0,0,0,0,0,0,2,0,0,2,0,0,2,7,3,2
2315,A person rowing in their boat in the water.,The person is sitting in a chair playing video games.,0,1,0,1,1,1,2,1,0,4,1,0,1,1,0,0,0,1,0,2,1,0,2,1,0,4,4,7,3,4
2316,Several women are playing a game of beach volleyball.,people playing baseball in a field.,0,0,0,2,0,2,2,0,2,1,0,2,3,6,7,0,0,0,0,0,0,0,3,0,0,0,0,9,3,1
2317,Snowboarding youth going downhill,The kid is on the ski lift.,0,1,1,1,1,0,2,1,1,4,2,4,0,2,9,0,1,0,0,0,0,0,3,0,0,3,1,1,3,7
2318,A woman in sweater is touching a sheep.,A lady is at her house washing clothes.,0,1,0,1,2,1,1,3,0,0,3,0,2,9,2,0,0,0,0,0,0,0,0,0,0,0,0,7,3,0
2319,Little girl crouches to splash fountain water.,A girl is taking a shower.,0,1,0,1,2,1,2,3,0,4,2,1,2,4,6,0,1,0,0,0,0,0,3,0,0,0,0,6,5,6
2320,Men and women walking down a sidewalk.,Men and women are lounging around in a hotel lobby.,0,0,0,2,0,2,0,0,2,2,0,2,9,6,1,0,0,0,0,0,0,0,0,0,0,0,0,1,8,8
2321,"Two barefoot young African boys in brightly colored clothing are sitting on a stone floor, one holding a clear bottle of water with a second, blue bottle on the floor between his legs.",Two young African boys play hopscotch and drink soda.,0,0,1,2,0,0,2,0,1,4,2,4,0,7,8,0,1,0,2,1,0,2,1,0,2,3,1,5,3,7
2322,"Over a dozen people surrounding and taking pictures of two people in all covered head to toe in all silver, in an artistic pose.",People are taking pictures of an elephant.,0,0,0,2,0,2,0,0,2,2,0,2,9,6,1,0,1,0,0,0,0,0,0,0,0,0,0,1,0,0
2323,Snowboarder in a striped shirt going off a ramp in front of a crowd.,the snowboarder is wearing a jacket.,0,1,0,1,1,1,1,1,0,0,1,0,8,1,0,0,1,0,0,1,2,3,1,2,4,3,2,8,7,2
2324,A shopkeeper is explaining something to a patron.,A shopkeeper is ignoring a patron because he's too busy checking his emails.,0,1,0,1,1,1,0,1,0,2,1,0,9,8,0,0,0,0,0,0,0,0,3,0,0,0,0,7,3,0
2325,Little girl brushing her teeth.,A little girl has no teeth.,0,1,0,1,2,1,2,3,0,4,2,1,2,4,6,0,1,0,0,1,2,0,1,2,0,1,2,6,5,2
2326,Man in blue sweater measuring curved board.,a man sleeps on the bed,0,1,0,1,1,1,1,1,0,0,1,0,1,8,2,0,0,1,0,2,1,0,2,1,0,4,4,7,6,4
2327,A large lady and an elderly lady are waiting at a bus stop.,Two friends are at a cafe.,0,0,0,2,0,1,0,0,0,2,0,1,9,6,5,0,0,0,0,0,0,0,0,0,0,0,0,1,8,1
2328,A woman drinking at the beach.,a woman is asleep at home at midnight,0,1,0,1,2,1,1,3,0,0,3,0,1,9,2,0,0,1,0,2,1,0,2,1,0,4,4,7,8,4
2329,A bunch of kids and adults playing with different colored balls on a rock sidewalk.,Kids are playing in a park.,0,0,1,2,0,0,2,0,1,4,2,4,0,7,8,0,1,0,2,0,0,2,0,0,2,0,1,5,3,7
2330,A man wearing brown is outside next to a bicycle,A man is sitting on the bike,0,1,0,1,1,1,1,1,0,0,1,0,8,8,0,0,1,0,0,1,0,0,3,0,0,3,0,8,1,0
2331,A dark-haired boy sits outside on a beige structure.,A dark-haired boy runs through the living room,0,1,1,1,1,0,2,1,1,4,2,4,0,2,9,0,0,0,0,0,0,0,3,0,0,3,1,0,3,5
2332,A woman in a black shirt and a girl in an orange shirt are looking at a brochure.,The couple looks at a map.,0,0,0,2,0,1,0,0,0,2,0,1,9,6,5,0,0,1,0,0,1,0,0,1,0,0,4,1,3,4
2333,People in a market buying fruits and vegetables,A kid is playing jacks.,0,0,0,1,0,2,1,0,2,0,2,2,9,2,1,0,0,1,0,2,1,0,2,1,0,4,4,7,2,4
2334,Two men cyclists examining the chain on a bike at night.,The men are sleeping at night.,0,0,0,2,0,1,0,0,0,2,0,0,1,0,2,0,0,0,0,0,0,0,0,0,0,0,0,1,8,0
2335,A man in a black shirt is holding a microphone on stage with a drummer and guitarist.,The group is having a food fight.,0,0,0,2,0,1,0,0,0,2,0,0,6,6,0,0,0,0,0,2,0,0,0,0,0,4,0,1,8,8
2336,A man playing an music with a case open displaying music with a drink and can holding down the shits.,The man is inside sound asleep.,0,1,0,1,1,1,1,1,0,0,1,0,1,8,2,0,0,1,0,2,1,0,2,1,0,4,4,7,2,9
2337,People passing water balloons in the street,A horse is in the laundry room.,0,0,0,2,0,2,0,0,2,2,0,2,9,6,1,0,0,1,0,2,1,0,2,1,0,4,4,7,2,4
2338,A small boy is running to catch the ball.,Small boy crying for chocolate,0,1,1,1,1,0,2,1,1,4,2,4,0,2,9,0,0,0,0,0,0,0,3,0,0,3,1,0,3,5
2339,Four people are riding in a bright orange boat wearing life vests and white helmets.,Everyone is in a plane.,0,0,0,2,0,1,0,0,0,2,0,0,9,6,0,0,0,0,0,0,0,0,0,0,0,0,0,1,3,8
2340,A person dressed in an orange uniform walking towards two women.,A man puts a child to sleep.,0,1,1,1,1,0,1,1,1,4,1,4,1,8,9,0,0,1,0,2,1,0,2,1,0,4,4,7,2,4
2341,Two women and a man are standing next to a picnic table covered in food and water.,Three people are in a car.,0,0,0,2,0,1,0,0,0,2,0,0,9,6,0,0,0,0,0,2,0,0,0,0,0,4,0,1,8,8
2342,Two people are standing in a room one of whom is smoking the shots are of the back of the foreground person.,Two people are in a room sitting.,0,0,0,2,0,2,0,0,2,2,0,2,9,6,1,0,1,0,0,0,0,0,0,0,0,0,0,1,0,0
2343,Jumping with purple balls is so much fun!,n/a,0,1,0,2,0,2,2,0,2,4,2,2,0,1,7,0,0,1,0,2,1,0,2,1,0,4,4,7,2,4
2344,An elderly man is using his cellphone.,An old man is swimming.,0,1,0,1,1,1,1,1,0,0,1,0,1,8,0,0,1,0,0,0,0,0,3,0,0,2,0,7,6,0
2345,A group of adults and children gather around to plant a baby tree.,The people are playing a flower.,0,0,0,2,0,2,0,0,2,2,0,2,9,6,1,0,0,0,0,0,0,0,0,0,0,0,0,1,8,0
2346,A young woman sips on a drink through a straw.,"The woman is brushing her teeth, about ready to go to bed.",0,1,0,1,2,1,1,3,0,0,3,1,2,9,5,0,0,1,0,2,1,0,0,1,0,4,4,7,8,4
2347,A musician sings a song and plays the guitar.,A man plays the tuba.,0,1,0,1,1,2,1,1,2,0,1,2,6,1,4,0,0,0,0,0,0,0,3,0,0,2,0,7,3,0
2348,Three men and one woman are sorting through stacks of light blue papers.,Three men and a woman head off to a bar.,0,0,0,2,0,2,0,0,2,2,0,2,9,6,1,0,0,0,0,0,0,0,0,0,0,0,0,1,5,0
2349,A musician performs on the side of the road.,There is a man begging for money on the side of the road.,0,1,0,1,1,1,1,1,0,0,1,0,1,1,0,0,1,0,0,1,2,0,1,2,0,1,2,7,1,2
2350,"An Asian chef is in the foreground, working over a steaming grill while a younger man is behind him.",A chef is giving a lecture at the local college on the art of food.,0,1,0,1,1,1,1,1,0,0,1,0,1,8,0,0,1,0,0,0,2,0,3,2,0,0,2,1,3,2
2351,Children are contemplating their next move in a game of checkers.,the children are playing chess,0,0,0,2,0,2,2,0,2,4,2,2,0,7,7,0,1,0,2,1,2,2,1,2,2,1,2,5,7,2
2352,A woman with a black shirt and turquoise purse across her chest is at a table with 3 boys and 1 girl making a craft.,A man is making a craft.,0,1,0,1,1,1,1,1,0,0,1,0,1,8,0,0,0,0,0,0,0,0,3,0,0,0,0,7,3,0
2353,A tennis player in a white shirt is hitting the ball.,The tennis player has on a pink shirt.,0,1,0,2,2,2,2,3,2,0,1,2,3,1,7,0,1,0,0,1,2,0,1,2,0,1,2,9,0,2
2354,A woman in a purple dress walks in a crowd.,A woman jumps in a swimming pool wearing her dress.,0,1,0,1,2,1,1,3,0,0,3,1,2,9,5,0,1,0,0,0,0,0,0,0,0,0,0,1,3,1
2355,A man in a work suit fixing something on a track.,The man is not wearing a work suit.,0,1,0,1,1,1,1,1,0,0,1,0,1,8,0,0,0,0,0,0,0,0,3,0,0,2,0,7,1,0
2356,Four men paddling down a tree lined river.,The people on the boat are fishing.,0,0,0,2,0,2,0,0,2,2,0,2,9,6,1,0,0,0,0,0,0,0,0,0,0,0,0,1,3,0
2357,"A boy improvises bowling, using a basketball released toward aerosol cans set up as bowling pins.",A boy is throwing a basketball into a hoop.,0,1,0,2,1,2,2,1,2,4,2,2,0,2,7,0,1,0,0,1,2,0,1,2,0,3,2,0,7,2
2358,A family walks a trail through a forest.,The family sits in the dark forest waiting for daybreak.,0,0,0,2,0,2,0,0,2,2,0,2,9,6,1,0,1,0,0,1,0,0,1,0,0,3,0,1,3,8
2359,A man in red and white runs with a rugby ball as another man in blue attempts to tackle him while two other men look on.,The men are at an opera.,0,0,0,2,0,2,0,0,2,2,0,2,9,0,1,0,0,0,0,2,0,0,2,0,0,4,0,7,8,0
2360,A man is making pottery and peering closely at the object he is making.,The woman paints a picture of a beach.,0,1,0,1,2,1,1,3,0,0,3,0,1,4,0,0,0,0,0,2,0,0,2,0,0,4,0,7,2,0
2361,A black man with green shorts and a black shirt sitting on a concrete slab.,A black man wearing a clownsuit is getting ready for the party.,0,1,0,1,1,1,1,1,0,0,1,0,1,8,0,0,0,0,0,0,2,0,3,2,0,2,2,7,1,2
2362,A yellow bus with No 3113 on the bus stop and people hopping in.,People getting off a bus.,0,0,0,2,0,1,0,0,0,2,0,0,9,6,0,0,1,0,0,1,2,0,1,2,0,1,2,1,0,2
2363,One lone skier is making his way down a snowy mountain slope which has many ski track marks visible on the snow pack and a ski lift in the background.,A man is surfing at the beach.,0,1,0,1,1,1,1,1,0,0,1,0,8,1,0,0,0,1,0,2,1,0,2,1,0,4,4,7,6,4
2364,A group of men are waiting at a train station platform.,Two women wait at the airport.,0,0,0,2,0,1,0,0,0,2,0,0,9,0,0,0,0,0,0,2,0,0,0,0,0,4,0,1,8,8
2365,An artists is drawing a comical sketch of a young boy.,The artist draws a sketch of a turtle.,0,1,0,1,1,1,1,1,0,0,2,0,1,2,0,0,1,0,0,1,2,0,1,2,0,1,2,1,7,2
2366,"A street performer strumming on his guitar, waiting for people to toss him tips.",bet midler performs in a theater,0,1,0,1,1,2,0,1,2,0,1,2,6,1,4,0,0,1,0,0,1,0,3,1,0,4,4,7,6,4
2367,Two men in tan uniforms standing near an eye clinic.,A child makes a sandwich.,0,1,0,2,0,1,2,1,0,2,2,0,9,2,0,0,0,1,0,2,1,0,2,1,0,4,4,7,2,4
2368,Two men playing stringed instruments.,Two guys are playing saxophones.,0,0,0,2,0,2,0,0,2,2,0,2,6,0,4,0,1,0,0,1,0,0,1,0,0,1,0,1,0,0
2369,There are red balloons inside an eating establishment.,Balloons flying into the sky.,0,0,0,1,0,2,0,0,2,0,0,2,9,6,1,0,1,0,0,1,2,0,1,2,0,1,2,1,7,2
2370,A girl wearing a hat near a Domino's Pizza sign.,a man breaking down a sign,0,1,0,1,1,2,1,1,2,0,1,2,1,1,1,0,0,0,0,0,0,0,3,0,0,0,0,7,5,0
2371,"Four men, two of them with guitars, perform on a stage while several people with their hands in the air watch.",Four men are playing pianos for several people.,0,0,0,2,0,2,0,0,2,2,0,2,6,0,4,0,1,0,0,1,0,0,1,0,0,1,0,1,0,0
2372,A young woman with a stroller and baby waits to cross the street.,A woman is feeding her child a large cheeseburger.,0,1,0,1,2,1,1,3,0,0,3,1,2,9,5,0,0,0,0,0,0,0,0,0,0,4,1,1,8,5
2373,A little boy standing and playing on a chained fence.,A boy is sitting and playing in dirt.,0,1,1,1,1,0,2,1,1,4,2,4,0,2,9,0,1,0,0,0,0,0,3,0,0,3,1,0,1,5
2374,A man looking at something.,The man is sleeping.,0,1,0,1,1,1,1,1,0,0,1,0,1,8,2,0,0,1,0,2,1,0,2,1,0,4,4,7,6,9
2375,The little boy in the blue shirt kicks the soccer ball.,The boy is sitting.,0,1,1,1,1,0,2,1,1,4,2,4,0,2,9,0,1,0,0,0,0,0,3,0,0,3,1,0,3,5
2376,Boy in striped shirt looks at peaceful lake.,Boy is playing his video games indoors.,0,1,1,1,1,0,2,1,1,4,2,4,0,2,9,0,0,0,0,2,0,0,2,0,0,4,1,0,2,5
2377,"Two men with oars, one with a helmet, are riding in a canoe.",Two women are in a canoe.,0,0,0,2,0,2,0,0,2,2,0,2,9,0,1,0,1,0,0,1,2,0,1,2,0,1,2,1,7,2
2378,"Two women, both wearing skirts, under a blanket of dark light, walking along a brick sidewalk, preparing to board an escalator.",Two women are jogging towards the elevator.,0,0,0,2,0,1,0,0,0,2,3,1,2,9,5,0,0,0,0,0,0,0,0,0,0,0,0,1,8,1
2379,Woman standing with man holding a camcorder and smiling into lens.,A man and woman are eating dinner.,0,0,0,2,0,2,0,0,2,2,0,2,9,6,1,0,0,1,0,2,1,0,0,1,0,4,4,1,8,4
2380,Two smiling little blond girls in pink pants swing from a metal bar.,Two sisters cry at a wedding.,0,0,0,2,0,1,0,0,0,4,0,0,2,7,0,0,0,1,0,2,1,0,2,1,0,4,4,7,2,4
2381,A black lady is sitting on a chair with a cart full of bags setting beside her and a brick wall with graffiti and a chain link fence behind her.,The woman in the chair is white.,0,1,0,1,2,1,1,3,0,0,3,0,2,4,0,0,0,0,0,0,0,0,0,0,0,0,0,1,3,1
2382,A man dressed in a purple shirt and red bandanna smiles at the people watching him.,The man is wearing black and white.,0,1,0,1,1,1,1,1,0,0,1,0,1,8,0,0,0,0,0,0,0,0,3,0,0,2,0,7,6,0
2383,A gold statue of a man is posed as like he is reeling a film.,The statue was silver.,0,1,0,1,1,1,1,1,0,0,1,0,1,1,0,0,1,0,0,1,2,0,1,2,0,1,2,1,7,2
2384,"A man with a blue, yellow and green swimming cap is wearing goggles and swimming.",The woman with the grey swimming cap is wearing goggles and swimming.,0,1,0,1,2,1,1,3,0,0,3,0,2,4,0,0,1,0,0,1,2,0,1,2,0,1,2,1,7,2
2385,A man in a red jacket is snowboarding near a forest.,The man is afraid of the cold weather.,0,1,0,1,1,1,1,1,0,0,1,0,8,8,0,0,1,1,0,0,1,0,3,1,0,2,4,7,6,9
2386,A man playing a violin is in front of another man playing the accordion.,The orchestra is playing,0,0,0,2,0,2,0,0,2,2,0,2,6,0,4,0,1,0,0,1,0,0,1,0,0,3,0,1,0,0
2387,A man in a green apron roasts a pig over coals.`,The woman is roasting a duck.,0,1,0,1,2,1,1,3,0,0,3,0,1,4,0,0,0,0,0,0,0,0,3,0,0,0,0,7,3,0
2388,A skier is by himself in the woods.,A man is sleeping.,0,1,0,1,1,1,1,1,0,0,1,0,1,8,2,0,0,1,0,2,1,0,2,1,0,2,4,7,6,9
2389,"A blue, red, and yellow plane does a loop in the air.",The plane is black.,0,1,0,1,0,1,1,0,0,0,0,0,1,1,0,0,1,0,0,0,0,0,3,0,0,3,0,1,0,8
2390,A dog walking in the snow,The dog is inside the dog house.,1,1,1,0,2,0,3,2,3,3,4,3,5,3,3,1,0,0,1,0,0,1,3,3,1,3,3,2,9,3
2391,Many people gather in a large zen garden in front of some colorful houses.,The houses have no color to them.,0,0,0,2,0,1,0,0,0,2,0,0,9,5,2,0,0,1,0,2,1,0,2,1,0,4,4,7,8,4
2392,A climber scales a cliff as others watch.,The climber is fast asleep in his own bed.,0,1,0,1,1,1,1,1,0,0,1,0,1,5,2,0,0,1,0,2,1,0,2,1,0,4,4,7,4,4
2393,Happy man grilling meat on his barbecue.,The grill is not being used.,0,1,0,1,1,1,1,1,0,0,1,0,1,5,0,0,1,0,0,1,0,0,1,0,0,1,0,7,0,0
2394,A woman in a white dress holding flowers standing in front of 4 cows.,A bride is riding a horse.,0,1,0,1,2,1,1,3,0,0,3,0,2,9,0,0,0,0,0,0,0,0,0,0,0,0,0,1,8,0
2395,An older man smokes on a bench.,An older man eats a sandwich on a chair.,0,1,0,1,1,1,1,1,0,0,1,0,1,8,0,0,1,0,0,0,0,0,3,0,0,2,0,7,6,0
2396,A man in a blue shirt is pushing another man in a white shirt during football practice.,Two girls are skipping rope,0,0,0,2,0,1,2,0,0,2,0,0,9,0,0,0,0,1,0,2,1,0,2,1,0,4,4,7,2,4
2397,A picture of a person performing a stunt on skies wearing a yellow and dark blue suit.,A person wearing a green helmet is dancing.,0,1,0,1,1,1,1,1,0,0,1,0,8,1,0,0,1,0,0,0,0,0,3,0,0,0,0,7,3,0
2398,A man wearing red shorts is sitting on a chair.,The man is standing up.,0,1,0,1,1,1,1,1,0,0,1,0,1,8,0,0,0,0,0,2,0,0,3,0,0,2,0,7,6,0
2399,The mother is helping her baby brush his teeth with his big boy green toothbrush.,The mother is tucking the baby in to bed,0,1,1,1,2,0,1,3,1,4,3,4,1,9,9,0,0,1,0,0,1,0,3,1,0,3,4,7,3,4
2400,A man is hammering an anvil.,An office worker seen at work.,0,1,0,1,1,1,1,1,0,0,1,0,1,1,0,0,0,0,0,2,0,0,2,0,0,2,0,7,6,0
2401,a girl peeks through the green leaves.,The girl is sleeping in the jungle.,0,1,0,1,2,1,2,3,0,4,2,1,2,5,6,0,0,0,0,2,0,0,2,0,0,4,0,6,5,6
2402,"An older model, red car with the racing number ""96"" drives down a dirt road.",The truck is dead on the side of the road.,0,1,0,1,2,1,0,1,0,2,1,0,9,5,0,0,0,0,0,0,0,0,0,0,0,0,0,1,3,0
2403,A man reads the newspaper while his three children play on the playground.,A man is writing a book while his three children watch a movie.,0,0,1,2,1,0,0,1,1,2,1,4,9,8,8,0,1,0,0,0,0,0,3,0,0,0,0,1,3,0
2404,The store is very busy and clustered with customers and their shopping carts waiting in line and shopping.,the house is empty,0,0,0,2,0,2,0,0,2,2,0,2,9,5,1,0,0,1,0,2,1,0,2,1,0,4,4,7,2,4
2405,2 women and a man sitting on a ledge using a yellow bucket.,2 dogs and a man sitting on a ledge using a yellow bucket.,0,0,0,2,0,2,0,0,2,2,0,2,9,6,1,0,1,0,0,1,2,0,1,2,0,1,2,1,7,2
2406,People are climbing a rock face.,people have fell off the mountain and died,0,0,0,1,0,1,1,0,0,0,0,0,8,6,0,0,1,0,0,0,2,0,0,2,0,0,2,1,3,2
2407,A man wearing a hat leans against a bench and holds a cup.,A man is sleeping on a park bench.,0,1,0,1,1,1,1,1,0,0,1,0,1,8,0,0,0,1,0,0,1,0,3,1,0,2,4,7,1,9
2408,A young man is sitting alone in the dark playing with his instrument,The man is surrounded by people as he plays his guitar.,0,1,0,1,1,2,1,1,2,0,1,2,6,8,4,0,0,0,0,0,0,0,3,0,0,2,0,7,6,0
2409,A woman plays hide-and-go-seek with a check scarf as she sits with a man in a dark colored jacket.,The woman is skiing down a mountain.,0,1,0,1,2,2,1,3,2,0,3,2,9,9,1,0,0,1,0,2,1,0,2,1,0,4,4,7,8,4
2410,It appears to be a makeshift boat floating down a river while a woman is singing.,A person is weight lifting at the gym.,0,1,0,1,2,1,1,3,0,0,3,1,1,4,5,0,0,1,0,2,1,0,2,1,0,4,4,7,2,4
2411,"Two guys, one playing a guitar, the other a keyboard.","Two guys, one talking on his cellphone, the other a computer game.",0,0,0,2,0,2,0,0,2,2,0,2,6,0,4,0,1,0,0,1,0,0,3,0,0,0,0,1,0,0
2412,"Two chefs in white are working in the kitchen, while a woman sits at a nearby counter.",A chef teaching in a classroom.,0,1,0,1,1,1,1,1,0,0,1,0,1,6,0,0,1,0,0,1,2,0,1,2,0,1,2,1,0,2
2413,Two old men look at pieces of paper in a fast food restaurant.,Two old men are stripping for tips.,0,0,0,2,0,2,0,0,2,2,0,2,9,0,1,0,1,0,0,0,0,0,3,0,0,0,0,1,3,0
2414,Black and white dog running across grass.,the dogs are getting a bath,1,0,1,0,0,0,3,2,3,3,4,3,4,3,3,1,0,0,1,2,0,1,2,3,3,4,3,3,8,3
2415,A boy getting his hair buzzed off by another boy.,A girl braiding her hair.,0,1,0,1,2,1,1,3,0,0,2,0,2,2,0,0,0,0,0,0,2,0,3,2,0,3,2,7,3,2
2416,A young boy with a white shirt is holding two large ripe green organic food items.,A boy in a red shirt is holding two pigs.,0,1,0,1,1,1,2,1,0,4,2,0,0,2,0,0,1,0,0,1,0,0,3,0,0,3,1,0,3,5
2417,A middle-aged man in a Superman shirt and knee socks walks down a sidewalk past a brick building.,The man is flying through the air.,0,1,0,1,1,1,1,1,0,0,1,0,1,8,0,0,0,1,0,2,1,0,2,1,0,2,4,7,6,9
2418,A group of tourists aboard a small and colorful boat in the waters of a Southeast Asian country.,Tourists boarding a boat,0,0,0,2,0,2,0,0,2,2,0,2,9,6,1,0,1,0,0,1,0,0,1,0,0,1,0,1,0,0
2419,Two dark-haired men are sailing a fishing boat.,Two girls are playing house in their backyard.,0,0,0,2,0,2,0,0,2,2,0,2,9,0,7,0,0,1,0,2,1,0,2,1,0,4,4,7,2,4
2420,A couple in black coats is looking at the camera with pleasant expressions on their faces.,A couple is walking across a bridge together wearing nothing but bathing suits.,0,0,0,2,0,2,0,0,2,2,0,2,9,6,1,0,0,1,0,0,1,0,0,1,0,4,4,1,8,4
2421,A little girl leans on a bench besides a wood-burning stove.,a girl is on fire,0,1,0,1,2,2,1,3,2,4,2,2,2,4,1,0,1,0,0,0,0,0,3,0,0,0,0,6,5,6
2422,A couple of guys that are working on some type of project.,The women are working on a project in the house.,0,0,0,2,0,2,0,0,2,2,0,2,9,0,1,0,0,1,0,0,1,0,0,1,0,0,4,1,3,4
2423,Two ladies standing outside with umbrellas.,The two ladies are inside.,0,0,0,2,0,1,0,0,0,2,0,1,2,9,5,0,1,0,0,0,0,0,0,0,0,0,0,1,3,1
2424,A young women rollerskating in an empty swimming pool.,A young man rollerskating.,0,1,0,1,1,1,1,1,0,0,1,0,1,1,0,0,1,0,0,1,2,0,3,2,0,3,2,7,7,2
2425,A hockey player looks intently downward.,A soccer player looks intently downward.,0,1,0,2,1,2,2,1,2,1,1,2,3,1,7,0,1,0,0,1,2,0,1,2,0,1,2,1,7,2
2426,Two men wearing wetsuits riding a wave on surfboards.,Two men wearing dress riding on scooters.,0,0,0,2,0,2,0,0,2,2,0,2,9,0,7,0,1,0,0,0,0,0,0,0,0,0,0,1,3,0
2427,A blond girl is performing karate and kicking through blocks of wood.,A young girl is training to be a ninja.,0,1,0,1,2,1,2,3,0,4,2,0,2,4,0,0,1,0,0,1,0,0,1,0,0,1,0,6,5,6
2428,A person on a jet-ski flying in the air.,Nobody on a jet-ski.,0,1,0,1,1,1,1,1,0,0,1,0,8,1,0,0,1,0,0,1,2,3,3,2,4,3,2,1,3,2
2429,A small group of Asian women wearing redhead scarves and black shirts are shopping.,The group of asian women are playing Mahjong.,0,0,0,2,0,1,0,0,0,2,3,1,2,9,5,0,1,0,0,0,0,0,0,0,0,0,0,1,5,1
2430,A group of people stand in front of a large apartment building.,There wasn't a sole outside.,0,0,0,2,0,1,0,0,0,2,0,0,9,5,2,0,0,1,0,2,1,0,2,1,0,4,4,7,2,4
2431,Children in uniforms stand in the road with a dog.,the children are with a cat,0,0,1,2,0,0,0,0,3,2,2,3,4,7,3,0,0,1,2,0,1,2,0,1,2,0,4,5,3,4
2432,Three people wearing black ride Segways through a market district.,Two people doing flips.,0,0,0,2,0,1,0,0,0,2,0,0,9,6,0,0,0,1,0,0,1,0,0,1,0,0,4,1,8,4
2433,There is a parade with people dressed in costumes.,The people in the parade are all naked.,0,0,0,1,0,1,1,0,0,0,0,0,1,5,0,0,1,0,0,1,2,0,3,2,0,3,2,1,3,2
2434,Man trying to fix a train by leaning into the equipment box.,A man is trying to fix an airplane.,0,1,0,1,1,1,1,1,0,0,1,0,1,8,0,0,1,0,0,1,0,0,3,0,0,3,0,7,1,0
2435,A young person doing a bike trick on a trunk of a tree.,A guy does pull ups on the tree branch.,0,1,0,1,1,1,1,1,0,0,1,0,1,1,0,0,1,0,0,1,2,0,1,2,0,1,2,7,5,2
2436,"A woman in a red jacket, with a blue and gold handbag is jumping while smiling on a cobblestone street.",A man is wearing a suit.,0,1,0,1,1,1,1,1,0,0,1,0,1,1,0,0,0,1,0,2,1,0,2,1,0,4,4,7,2,4
2437,A man with long curly hair grimacing as a man uses a clipper on his beard.,A man is smiling.,0,1,0,1,1,1,1,1,0,0,1,0,1,8,0,0,0,1,0,0,1,0,3,1,0,2,4,7,6,9
2438,A man on a soccer team with red jerseys is trying to keep the ball away from the opposing player in a yellow jersey.,Nobody is playing a sport.,0,0,0,2,0,1,0,0,0,2,0,0,9,5,2,0,0,1,0,2,1,0,2,1,0,4,4,7,2,4
2439,Four men float in a blue boat while cattle graze nearby.,The men are standing inside the barn.,0,0,0,2,0,2,0,0,2,2,0,2,9,0,1,0,0,0,0,2,0,0,2,0,0,4,0,1,8,0
2440,A man with a jacket wears headphones standing in front of a directory.,A man stands looking at a giant bug on the wall of his bathroom.,0,1,0,1,1,1,1,1,0,0,1,0,1,8,0,0,0,1,0,0,1,0,3,1,0,2,4,7,3,4
2441,A rottweiler carries a very long stick in his mouth through the woods.,The chihuahua sniffed the stick in the woods.,1,1,1,0,2,0,3,2,3,3,4,3,5,3,3,1,1,0,1,1,2,1,1,2,1,1,2,2,9,2
2442,A little girl brown hair smiles in the swimming pool.,A child smiles while in the sand.,0,1,1,1,2,0,2,3,1,4,2,4,0,2,9,0,1,0,0,0,0,0,3,0,0,0,1,7,3,5
2443,two boys play in the ocean.,Two boys are laying on towels.,0,0,0,2,0,2,2,0,2,4,2,2,0,7,7,0,1,0,2,1,0,2,3,0,2,3,1,5,3,7
2444,A man on a ladders is cleaning the ceiling with a brush.,A woman is on a ladder.,0,1,0,1,2,1,1,3,0,0,3,0,1,4,0,0,1,0,0,1,2,0,1,2,0,3,2,1,7,2
2445,Several people are playing twister at some type of event.,Some men are gambling at the casino.,0,0,0,2,0,2,0,0,2,2,0,2,9,0,7,0,0,1,0,0,1,0,0,1,0,4,4,1,8,4
2446,An African woman is hanging laundry with two children.,An African woman washes her laundry.,0,1,0,1,2,1,1,3,0,0,3,0,2,9,0,0,1,0,0,1,2,0,1,2,0,1,2,1,7,2
2447,A toddler is making a splash inside a blue paddling pool.,The toddler is napping.,0,1,1,1,2,0,2,1,1,4,2,4,0,2,9,0,1,0,0,0,0,0,3,0,0,3,1,1,3,5
2448,A little girl in a pink dress holding a hose.,An old woman in a pink dress is holding a hose.,0,1,0,1,2,1,1,3,0,0,3,1,2,4,5,0,1,0,0,1,2,0,1,2,0,1,2,1,7,2
2449,Elderly women making crafts.,The women at 16,0,0,0,2,0,1,0,0,0,2,3,1,2,9,5,0,0,0,0,0,0,0,0,0,0,0,0,1,8,1
2450,A man in a blue shirt reads a paper behind a broken seat.,The man has his eyes closed.,0,1,0,1,1,1,1,1,0,0,1,0,1,8,0,0,0,1,0,0,1,0,3,1,0,2,4,7,6,9
2451,A man with a thick beard and a plaid shirt is at the keyboard in a band.,A man is the lead singer of the band,0,1,0,1,1,2,0,1,2,2,1,2,6,8,4,0,1,0,0,1,0,0,1,0,0,1,0,1,1,0
2452,A young woman wearing a gray shawl is sitting outside working on creating textile.,The women is inside.,0,1,0,1,2,1,1,3,0,0,3,1,2,4,5,0,0,0,0,0,0,0,0,0,0,0,0,1,8,1
2453,"A beach with a blue flag in the ground on a clear day with groups of people walking along the water, one man with a wakeboard.","A beach with a green flag in the ground on a rainy day with groups of people walking on the water, one man with a wakeboard.",0,0,0,2,0,2,0,0,2,2,0,2,9,6,1,0,1,0,0,1,2,0,1,2,0,1,2,1,0,2
2454,Two men playing guitars are singing at a concert.,The two women are singing at the concert.,0,0,0,2,0,2,0,0,2,2,0,2,6,0,4,0,1,1,0,1,1,0,1,1,0,3,4,1,3,4
2455,Six men sitting around a desk with computers while a woman dressed in a white suit looks through papers.,These people are enjoying the great outdoors while taking a hike.,0,0,0,2,0,2,0,0,2,2,0,2,9,6,1,0,0,0,0,2,0,0,0,0,0,4,0,1,8,8
2456,A kite surfer jumps through the air.,A kite surfer jumps into low Earth orbit.,0,1,0,1,1,1,1,1,0,0,1,0,8,1,0,0,1,0,0,1,2,0,1,2,0,1,2,7,7,2
2457,Young woman dressed in black looks over articles from a street vendor.,A woman is sleep.,0,1,0,1,2,1,1,3,0,0,3,0,1,9,2,0,0,1,0,2,1,0,2,1,0,4,4,7,8,4
2458,Grayhound dog standing in still water.,A dog runs through the grass.,1,1,1,0,2,0,3,2,3,3,4,3,5,3,3,1,0,0,1,0,0,1,3,3,1,3,3,2,9,3
2459,A smiling old man with a mustache displays the process of flattening and curing meat.,An old man is playing chess online.,0,1,0,1,1,1,1,1,0,0,1,0,1,8,0,0,0,1,0,2,1,0,2,1,0,2,4,7,6,9
2460,A man in a black pirate shirt relaxing on an ornate red and gold couch.,The man watches tv on a black chair.,0,1,0,1,1,1,1,1,0,0,1,0,1,8,0,0,1,0,0,0,2,0,3,2,0,2,2,7,1,2
2461,Construction workers in a Spanish town are working on a business outside.,construction workers are sleeping on the job,0,0,0,2,0,1,0,0,0,2,0,0,9,5,2,0,1,0,0,0,0,0,3,0,0,3,0,1,3,0
2462,A boy wearing sneakers is gently kicking a colored soccer ball.,a teenager playing basketball,0,1,0,2,1,1,2,1,0,4,2,0,0,2,0,0,0,0,0,0,0,0,3,0,0,3,0,1,3,0
2463,A man is showing some mini sculptures,The lady paints a plate.,0,1,0,1,2,1,1,3,0,0,3,0,1,4,0,0,0,0,0,2,0,0,2,0,0,4,0,7,2,0
2464,A young man is skateboarding on a boardwalk while the sun sets behind him.,A man is running home.,0,1,0,1,1,1,1,1,0,0,1,0,1,8,0,0,0,1,0,2,1,0,2,1,0,4,4,7,6,9
2465,A young boy in a blue shirt examining a baby crocodile while at the zoo.,A young boy watching TV.,0,1,0,1,1,1,2,1,0,4,2,0,0,2,0,0,0,0,0,0,0,0,3,0,0,3,1,0,3,5
2466,A man alone on a gravely beach.,Three friends sit together at a picnic table sharing a lunch.,0,1,0,2,1,1,0,1,0,2,1,0,9,1,0,0,0,1,0,2,1,0,2,1,0,4,4,7,2,4
2467,"A white dog in a jump, holding a plate in his mouth.",The dog is green.,1,1,1,0,2,0,3,2,3,3,4,3,5,3,3,1,1,0,1,0,0,1,3,3,1,3,3,2,9,3
2468,Man painting on the street.,A man fixing a pothole on the street.,0,1,0,1,1,1,1,1,0,0,1,0,1,1,0,0,1,0,0,1,2,0,1,2,0,1,2,7,1,2
2469,Two young girls look at something.,there is two girls playing in the garden,0,0,0,2,0,1,2,0,0,4,2,1,2,7,6,0,1,0,0,0,2,0,0,2,0,0,2,6,5,2
2470,A baby chews on a toy dump truck.,A baby eats baby food.,0,1,1,1,2,0,2,1,1,4,2,4,0,2,9,0,1,0,0,1,2,0,1,2,0,1,2,1,7,2
2471,A dog that looks much like a coyote jumps into the air over a grassy field to catch a tennis ball.,A cat jumps to catch a tennis ball.,1,1,1,0,2,0,3,2,3,3,4,3,7,3,3,1,1,0,1,1,2,1,1,2,1,1,2,2,7,2
2472,A line of construction workers walk along a train track under an overpass.,The workers are trapped underwater.,0,0,0,2,0,2,0,0,2,2,0,2,9,0,1,0,0,1,0,0,1,0,0,1,0,0,4,1,8,4
2473,A number of identically costumed women dance outdoors before an audience.,Men perform a dance.,0,0,0,2,0,2,0,0,2,2,0,2,9,0,4,0,1,0,0,0,0,0,3,0,0,0,0,1,3,0
2474,"A Black man in a knitted cap and dark jacket is working with complicated machinery to prepare drinks for green, red, and white cups.",A thief in dark clothing is stealing jewelry from a store.,0,1,0,1,1,1,1,1,0,0,1,0,1,8,0,0,0,1,0,2,1,0,2,1,0,2,4,7,6,4
2475,A young woman in a white dress and sandals sits on the steps with a large red handbag beside her.,a women in a crowd jumps for joy,0,1,0,1,2,1,1,3,0,0,3,1,2,4,5,0,0,0,0,0,0,0,0,0,0,0,0,1,8,1
2476,Young man in green shirt play xylophone for crowd in public area.,A man plays a piano alone in a room.,0,1,0,1,1,2,0,1,2,0,1,2,6,8,4,0,0,0,0,0,0,0,2,0,0,2,0,7,6,0
2477,There is a person swim diving at a swimming pool.,There is a person tanning at the pool.,0,1,0,1,1,1,2,1,0,4,1,0,0,1,0,0,1,0,0,1,2,0,1,2,0,0,2,1,3,2
2478,A young man flashes the peace sign to an older man with a bald spot in the backseat of a van.,"Baa, baa, plaid sheep, have you any Woolite?",0,1,0,1,0,1,0,0,0,2,0,0,1,0,0,0,0,1,0,2,1,0,2,1,0,4,4,7,2,4
2479,Three people are traveling together toward the city.,The city was closed so the people stayed home and slept all day.,0,0,0,2,0,1,0,0,0,2,0,0,9,5,2,0,0,1,0,2,1,0,2,1,0,4,4,7,2,4
2480,A man sitting on a green bench talking on the telephone.,A man is talking to the person sitting next to him.,0,1,0,1,1,1,1,1,0,0,1,0,1,8,0,0,1,0,0,1,2,0,1,2,0,2,2,1,1,2
2481,"Two young women running, one wearing a green shirt and the other wearing a gray shirt with a race tag ""5028"" with an ambulance and a Coca-Cola machine in the background.",The women are washing windows.,0,0,0,2,0,1,0,0,0,2,3,1,2,9,5,0,0,1,0,0,1,0,0,1,0,4,4,1,8,4
2482,a person dancing is doing a dance move where there whole body is off the ground except for one hand,Nobody is dancing,0,1,0,1,2,1,0,1,0,2,1,0,9,5,0,0,0,0,0,0,2,0,3,2,0,0,2,1,3,2
2483,A shirtless man in a hat and tie is hammering metal on an anvil.,A man wearing nothing at all hammering metal on an anvil.,0,1,0,1,1,1,1,1,0,0,1,0,1,8,0,0,1,0,0,1,2,0,1,2,0,1,2,1,7,2
2484,A young boy with an interesting attire.,The young boy is naked.,0,1,0,1,1,1,2,1,0,4,2,0,0,2,0,0,0,0,0,0,0,0,3,0,0,3,1,0,3,5
2485,"There are 5 men in a small motor boat, behind them is a tropical jungle.",A group of people are jumping off the boat.,0,0,0,2,0,2,0,0,2,2,0,2,9,6,1,0,0,0,0,0,0,0,0,0,0,0,0,1,3,0
2486,A family walks through thick snow.,Family outside sunbathing,0,0,0,2,0,2,0,0,2,2,0,2,9,6,1,0,0,0,0,0,0,0,0,0,0,0,0,1,3,8
2487,The person towards the right is wearing riot uniform while people seem to be filing out.,The person is wearing a riot uniform while people were scattered around.,0,1,0,2,1,2,0,1,2,2,1,2,9,1,1,0,1,0,0,1,2,0,1,2,0,1,2,1,7,2
2488,Five children sitting on a set of steps that are located outside.,Several kids are standing outside near the stairway.,0,0,0,2,0,2,2,0,2,4,2,2,0,7,1,0,1,0,2,1,0,2,1,0,2,1,1,5,7,7
2489,A man wearing a black sweater cooks food in a pan while standing in a cluttered kitchen.,A man wearing a black sweater is cooking food in a pan in a spotless kitchen,0,1,0,1,1,1,1,1,0,0,1,0,1,8,0,0,1,0,0,1,2,0,1,2,0,1,2,1,7,2
2490,Jets perform an aerial show complete with skywriting.,Jets crash during an aerial show,0,0,0,1,0,1,1,0,0,0,0,0,8,6,0,0,1,0,0,1,2,0,1,2,0,1,2,1,7,2
2491,A man in shorts is standing on a rock looking out at the view from the hilltop.,The man is looking out at the view.,0,1,0,1,1,1,1,1,0,0,1,0,1,8,0,0,1,0,0,1,2,0,1,2,0,2,2,7,1,2
2492,A man in a blue-checkered apron is using cleaning products to sanitize a surface.,The man is sleeping,0,1,0,1,1,1,1,1,0,0,1,0,1,8,2,0,0,1,0,2,1,0,2,1,0,4,4,7,6,9
2493,Cleanup workers on cleaning on the road.,Workers are throwing confetti.,0,0,0,2,0,2,0,0,2,2,0,2,9,0,1,0,1,0,0,1,2,0,3,2,0,0,2,1,0,2
2494,A child jumping out of a swing toward a target placed on the ground.,A child swinging very high.,0,1,1,1,2,0,2,1,1,4,2,4,0,2,9,0,1,0,0,1,2,0,1,2,0,1,2,0,7,2
2495,A redheaded woman walks through a crowded park.,A woman is dancing to Elvis while singing to a rapt audience.,0,1,0,1,2,1,1,3,0,0,3,1,2,4,5,0,0,0,0,0,0,0,0,0,0,0,0,1,8,1
2496,A woman is reading a newspaper article.,A woman is reading TIME magazine.,0,1,0,1,2,1,1,3,0,0,3,1,2,9,5,0,1,0,0,1,0,0,1,0,0,1,0,1,0,1
2497,A man wearing a black hat is walking through a busy city street.,the man is visiing the country and milking cows,0,1,0,1,1,1,1,1,0,0,1,0,1,8,0,0,0,1,0,2,1,0,2,1,0,4,4,7,2,4
2498,A man standing in front of an American flag talks in to a microphone as others watch.,A cat is sleeping on a blanket.,0,1,1,1,1,0,1,1,3,0,1,3,1,5,3,0,0,1,0,2,1,0,2,1,0,4,4,7,2,4
2499,A singer in a white button-down shirt is performing while a girl plays the guitar in the back.,Ten people riding ATVs.,0,0,0,2,0,2,0,0,2,2,0,2,6,6,4,0,0,1,0,2,1,0,2,1,0,4,4,1,2,4
2500,A guy wearing a hat and sunglasses on a boat in the middle of the ocean is holding up a fish.,No water or other liquids are visible here.,0,1,0,1,1,1,1,1,0,0,1,0,9,5,2,0,0,1,0,2,1,0,2,1,0,4,4,7,2,4
2501,A woman stands on the curb next to a busy street.,the woman is asleep at home,0,1,0,1,2,1,1,3,0,0,3,0,1,9,2,0,0,1,0,2,1,0,2,1,0,4,4,7,8,4
2502,A woman in a red and white bathing suit is taking a picture for three friends that are traveling in front of the shops near a beach.,A woman has a black and white bathing suit.,0,1,0,1,2,1,1,3,0,0,3,1,2,4,5,0,1,0,0,1,0,0,1,0,0,0,0,1,3,1
2503,"A group of children stand underneath some banners, stretching their arms over their heads.",A group of kids taking a nap.,0,0,1,2,0,0,2,0,1,4,2,4,0,7,8,0,1,0,2,0,0,2,0,0,2,0,1,5,0,7
2504,Two adults and a little boy sit on a homey exterior porch in front of an exotic flora and fauna nature scene.,A kid and some adults are getting ready to board the plane.,0,0,0,2,0,2,0,0,2,2,0,2,9,6,1,0,0,0,0,0,0,0,0,0,0,0,0,1,3,8
2505,A boy is hanging upside down from a tire swing.,The boy is flying around his house.,0,1,1,1,1,0,2,1,1,4,2,4,0,2,9,0,0,0,0,0,0,0,3,0,0,3,1,0,3,5
2506,Three kids hanging on a bared window.,Three kids are sitting on the window sill.,0,0,1,2,0,0,2,0,1,4,2,4,0,7,8,0,1,0,2,1,2,2,1,2,2,1,2,5,7,2
2507,Several people are waiting for something to arrive.,A woman by herself,0,0,0,1,2,1,0,3,0,2,3,0,9,5,0,0,0,1,0,2,1,0,2,1,0,4,4,7,2,4
2508,People are walking the marathon for a cause.,The people are having a picnic.,0,0,0,2,0,2,0,0,2,2,0,2,9,6,1,0,0,0,0,0,0,0,0,0,0,0,0,1,8,8
2509,"A young brunette woman in a red shirt and blue jeans is sitting next to a man wearing shorts and a t-shirt with an astronaut and a cap, in front of a house.",A woman and a man jump rope in the front yard.,0,0,0,2,0,2,0,0,2,2,3,2,9,6,1,0,0,1,0,0,1,0,0,1,0,0,4,1,8,4
2510,SouthEast Asian couple riding on a tractor through a beach landscape.,A well dressed couple rides an elephant.,0,0,0,2,0,2,0,0,2,2,0,2,9,6,1,0,1,0,0,0,0,0,0,0,0,0,0,1,0,0
2511,A woman runs up to a juggling man on a tightrope.,A woman is sitting on a couch.,0,1,0,1,2,1,1,3,0,0,3,0,2,9,2,0,0,0,0,2,0,0,2,0,0,4,0,7,2,1
2512,A crowd of Asian people enjoy a sunny day as they sit on park benches beneath flowering plum trees.,ten africans play with a zebra,0,0,0,2,0,2,0,0,2,2,0,2,9,6,1,0,0,1,0,2,1,0,2,1,0,4,4,7,2,4
2513,Two girls are looking past each other in different directions while standing in a crowd.,Two women sit in a chair at a cafe.,0,0,0,2,0,1,0,0,0,2,0,1,2,9,5,0,0,0,0,0,0,0,0,0,0,4,0,1,8,1
2514,A child at the height of a swing.,A child is in his bedroom sleeping,0,1,0,1,2,1,2,1,0,4,2,0,0,2,2,0,0,1,0,2,1,0,2,1,0,4,4,7,4,4
2515,A group of children are playing with bubbles outdoors.,The children are playing ball inside.,0,0,1,2,0,0,2,0,1,4,2,4,0,7,8,0,0,0,2,0,0,2,0,0,2,0,1,5,3,7
2516,A woman in a green shirt is opening a box.,the woman is asleep,0,1,0,1,2,1,1,3,0,0,3,0,1,9,2,0,0,1,0,2,1,0,0,1,0,4,4,7,8,4
2517,Male athlete practicing yoga meditation technique.,The athlete talks on the telephone.,0,1,0,1,1,1,1,1,0,0,1,0,1,1,0,0,0,1,0,0,1,0,3,1,0,2,4,7,3,9
2518,This is a girl in a white t-shirt eating noodles with chopsticks.,This is a girl eating pork ribs.,0,1,0,1,2,1,2,3,0,4,2,1,2,4,6,0,1,0,0,1,2,0,1,2,0,0,2,6,5,2
2519,Older man with glasses talking on the phone.,The man is young.,0,1,0,1,1,1,1,1,0,0,1,0,1,8,0,0,0,1,0,0,1,0,3,1,0,2,4,7,6,9
2520,An old man stands beside a sea.,An old woman stares out at sea.,0,1,0,1,2,1,1,3,0,0,3,0,1,4,0,0,1,0,0,1,0,0,1,0,0,1,0,7,0,1
2521,Two brown dogs playfully chase a red and white soccer ball.,Two dogs are playing tug of war with a rope.,1,0,1,0,0,0,3,2,3,3,4,3,4,3,3,1,1,0,1,0,0,1,3,3,3,0,3,3,3,3
2522,Policemen ride motorcycles through a crowd.,Policewomen ride bikes along the beach.,0,0,0,2,0,1,0,0,0,2,0,0,9,0,0,0,1,0,0,0,0,0,3,0,0,3,0,8,3,0
2523,A baby sleeping on its back.,A man goes to sleep.,0,1,1,1,1,0,1,1,1,0,1,4,1,8,9,0,0,1,0,0,1,0,0,1,0,4,4,7,8,9
2524,A blueish green car on a dirt road splashing water on the left.,The truck is on a paved road.,0,1,0,1,2,1,0,1,0,2,1,0,9,1,0,0,1,0,0,1,0,0,1,0,0,1,0,1,0,0
2525,A cowboy at a rodeo flips over a calf during a calf roping event.,The boy in the school playing cricket.,0,1,0,1,1,1,2,1,0,4,2,0,0,2,0,0,0,1,0,2,1,0,2,1,0,4,4,7,2,4
2526,Three men are gathered around while one is operating a camera.,Three men are gathered around a ping pong table and one is fixing the net.,0,0,0,2,0,2,0,0,2,2,0,2,9,0,1,0,1,0,0,0,2,0,3,2,0,0,2,1,0,2
2527,The back of a woman wearing a flowered short-sleeved shirt.,The woman is swimming with sharks.,0,1,0,1,2,2,1,3,2,0,3,2,2,9,1,0,0,1,0,2,1,0,2,1,0,4,4,7,2,4
2528,A large group of people sit on concrete benches while two people walk along in front of it in blue jeans.,The group of people are at the beach.,0,0,0,2,0,2,0,0,2,2,0,2,9,6,1,0,0,0,0,0,0,0,0,0,0,0,0,1,5,8
2529,The receiver is tackled after making the catch.,Two men are knitting sweaters.,0,0,0,2,0,2,0,0,2,1,0,2,3,0,1,0,0,1,0,2,1,0,2,1,0,4,4,7,2,4
2530,a proud wife to be gets her makeup done on her wedding day.,The woman is going to a funeral.,0,1,0,1,2,2,1,3,2,0,3,2,2,9,1,0,0,0,0,0,2,0,0,2,0,0,2,1,8,2
2531,"Two men dressed in festive orange clothing, another man approaching in a Uncle Sam hat and a lady with a name tag on her gold sweater.",dog eats out of bowl,0,1,0,1,0,1,0,0,0,2,0,0,9,6,0,0,0,1,0,2,1,0,2,1,0,4,4,7,2,4
2532,Several people are standing in a fenced in area.,A few people are sitting down in a fenced area.,0,0,0,2,0,2,0,0,2,2,0,2,9,6,1,0,1,0,0,1,2,0,1,2,0,1,2,1,0,2
2533,Several boys in short and tank tops or t-shirts are running.,A group of old ladies are running in shorts and tank tops.,0,0,0,2,0,2,0,0,2,2,0,2,9,0,7,0,1,1,0,1,1,0,3,1,0,0,4,1,0,4
2534,A man on a blue motorcycle.,A woman is wearing a red blouse and riding a bike.,0,1,0,1,2,1,1,3,0,0,3,0,8,1,0,0,0,1,0,2,1,0,2,1,0,4,4,7,2,4
2535,A older lady is working with a mix master while two young boys stand next to her with aprons on helping her.,A lady and two boy eating waffles at their kitchen table.,0,0,0,2,0,1,0,0,0,2,3,0,9,6,0,0,1,0,0,0,0,0,0,0,0,0,0,1,3,8
2536,A man sits on a sidewalk.,The man is standing in the forest.,0,1,0,1,1,1,1,1,0,0,1,0,1,8,0,0,0,1,0,2,1,0,2,1,0,2,4,7,6,9
2537,A young boy throwing a ball.,The young boy is relaxing on the couch with his hands behind his head.,0,1,1,1,1,0,2,1,1,4,2,4,0,2,9,0,1,0,0,0,0,0,3,0,0,3,1,0,3,5
2538,Workers on a platform work together to carry an item with skyscrapers in the background.,Workers on a platform work to clean windows by the ocean.,0,0,0,2,0,2,0,0,2,2,0,2,9,0,1,0,1,0,0,1,0,0,1,0,0,1,0,1,0,0
2539,A boy with a cap carrying a skateboard is walking along the lip of a feature at a skate park.,The boy is going to the mall.,0,1,1,1,1,0,2,1,1,4,2,4,0,2,9,0,0,0,0,0,0,0,3,0,0,3,1,0,3,5
2540,A man with mismatched shoes sits in front of an entrance.,The man has no shoes.,0,1,0,1,1,1,1,1,0,0,1,0,1,8,0,0,1,0,0,1,0,0,3,0,0,1,0,7,1,0
2541,Many people are crowded around a game table with toy bears hanging over it.,The table with the toy bears on it has collapsed.,0,0,0,2,0,2,0,0,2,2,0,2,9,6,1,0,1,0,0,1,2,0,1,2,0,1,2,1,0,2
2542,A woman in a withe shirt and brown skirt is playing with a large mouse trap type toy involving a black wired track that guides colored balls around a circuit.,A man opens the door to enter the church.,0,1,0,1,2,2,1,1,2,0,1,2,1,8,1,0,0,1,0,2,1,0,2,1,0,4,4,7,2,4
2543,Young African man does work in a field.,A young african man got his high school diploma.,0,1,0,1,1,1,1,1,0,0,1,0,1,8,0,0,1,1,0,0,1,0,3,1,0,2,4,7,1,4
2544,"A child in a blue shirt, with a hat, trying to climb a fence.",The child is climbing a ladder.,0,1,1,1,2,0,2,1,1,4,2,4,0,2,9,0,1,0,0,1,2,0,3,2,0,3,2,1,7,2
2545,Two people sitting on a bench with their dog next to a body of water.,They are jumping up and down.,0,0,0,2,0,2,0,0,2,2,0,2,9,6,1,0,0,0,0,2,0,0,0,0,0,0,0,1,8,8
2546,Number 21 slides into second base as number 4 runs to first base.,Number 21 is sliding into first base.,0,0,0,2,0,2,2,0,2,1,0,2,3,1,7,0,1,0,0,1,2,0,1,2,0,1,2,9,0,2
2547,A woman in jeans rests on a bench in a gallery or shop setting.,A woman is sitting in a booth.,0,1,0,1,2,1,1,3,0,0,3,1,2,4,5,0,0,0,0,0,0,0,0,0,0,0,0,1,3,1
2548,People are standing on a freeway where a motorcycle accident has just occurred.,People are made from road dust.,0,0,0,2,0,2,0,0,2,2,0,2,9,6,1,0,1,0,0,0,0,0,0,0,0,0,0,1,0,8
2549,A young girl smiles as she walks in a parade boding orange and white.,The girl is frowning.,0,1,0,1,2,1,1,3,0,4,2,1,2,4,6,0,0,0,0,2,0,0,2,0,0,4,0,6,2,6
2550,The brown dog is standing on the beach as the waves lap up around its feet.,The dog is digging a hole in the sand on the beach.,1,1,1,0,2,0,3,2,3,3,4,3,5,3,3,1,1,0,1,1,0,1,3,3,1,3,3,2,9,3
2551,A girl in a pink dress is jubilant while a woman blows bubbles nearby.,A girl is inside on a couch.,0,1,0,1,2,1,2,3,0,4,2,1,2,4,6,0,0,0,0,0,0,0,0,0,0,0,0,6,5,6
2552,A man in a black top is jumping on a sunny day.,A man is jumping on a rainy day.,0,1,0,1,1,1,1,1,0,0,1,0,1,8,0,0,1,0,0,1,2,0,1,2,0,1,2,7,1,2
2553,A street vendor tends to his stand with lots of kids toys and items.,the vendor is at church praying,0,1,0,1,1,2,1,1,2,0,1,2,2,8,1,0,0,0,0,0,0,0,0,0,0,0,0,7,8,0
2554,"A woman with a brown coat and a woman with a black top stand along displays of oranges, apples, and other fruits.",The women are swimming in the oceans of Tahiti.,0,0,0,2,0,2,0,3,2,2,3,2,2,9,1,0,0,1,0,2,1,0,2,1,0,4,4,7,8,4
2555,An older man in front of a vase display in the middle of a room with a large crowd in the background.,Some boys at a rock concert.,0,0,0,2,0,2,0,0,2,2,0,2,1,6,1,0,0,0,0,2,0,0,2,0,0,4,0,1,8,8
2556,He is at work overlooking the busy streets below.,The man comtemplates jumping.,0,1,0,1,1,1,1,1,0,0,1,0,1,8,0,0,0,1,0,2,1,0,2,1,0,4,4,7,6,4
2557,"Two children are standing on a beach making faces, their forearms covered in mud reaching towards the viewer.","Two children are standing on a beach, making faces, their forearms covered in oil.",0,0,1,2,0,0,2,0,1,4,2,4,0,7,8,0,1,0,2,1,2,2,1,2,2,1,2,5,7,2
2558,Man in blue apron lifting lid to barrel style grill while another man watches,A man fishing by the pond,0,1,0,1,1,1,1,1,0,0,1,0,1,8,0,0,0,1,0,2,1,0,2,1,0,2,4,7,6,9
2559,A man walking his dog while using his cellphone at dusk.,A man is walking his friends dog while on the phone.,0,1,0,1,1,1,1,2,0,0,1,0,1,8,0,0,1,0,0,1,2,0,1,2,0,1,2,1,7,2
2560,A brown fluffy dog lays in the snow with its green ball.,A dog is in the basement chewing on rawhide.,1,1,1,0,2,0,3,2,3,3,4,3,5,3,3,1,0,1,1,2,1,1,2,1,1,4,4,2,2,4
2561,The white dog jumps for an object thrown by his master.,The dog is a female puppy.,1,1,1,0,2,0,3,2,3,3,4,3,5,3,3,1,1,0,1,0,0,1,3,3,1,3,3,2,9,3
2562,A man in a wheelchair plays his guitar on a sidewalk.,A man is dancing on stage.,0,1,0,1,1,2,1,1,2,0,1,2,6,8,4,0,0,1,0,2,1,0,2,1,0,2,4,7,6,9
2563,"A man removes his shoes, sits on the bench, and watches the large fountain.",The man is running from a thief,0,1,0,1,1,1,1,1,0,0,1,0,1,8,0,0,0,1,0,2,1,0,2,1,0,2,4,7,6,4
2564,A man lies on a mat in a parking lot between a brown SUV and a yellow pickup with an open door.,A man is doing yoga on a mat between an SUV and a pickup.,0,1,0,1,1,1,1,1,0,0,1,0,1,8,0,0,1,0,0,1,2,0,1,2,0,1,2,7,7,2
2565,A man dressed in ceremonial clothing is dancing outside with people following him waving their hands.,The man is singing in an Iron Man costume.,0,1,0,1,1,1,0,1,0,0,1,0,6,8,0,0,0,1,0,2,1,0,2,1,0,2,4,7,6,9
2566,People in native dress performing a dance.,People in native dress performing a sacrifice.,0,0,0,2,0,2,0,0,2,2,0,2,9,6,1,0,1,0,0,1,2,0,1,2,0,1,2,1,0,2
2567,Two basketball players oppose each other at the net.,Two basketball players are playing on the moon.,0,0,0,2,0,2,2,0,2,1,0,2,3,0,7,0,1,0,0,0,0,0,0,0,0,0,0,9,0,0
2568,A soldier ducking holding a weapon wearing green clothing.,Nobody is ducking.,0,1,0,2,1,1,0,1,0,2,1,0,9,5,2,0,0,0,0,0,0,0,3,0,0,0,0,7,3,0
2569,Two children enjoy tubing on the lake.,Two children are sleeping in their beds.,0,0,1,2,0,0,2,0,1,4,2,4,0,7,8,0,0,0,2,0,0,2,0,0,2,0,1,5,8,7
2570,A young woman with a ponytail climbs a white stone structure.,The woman stands on the field.,0,1,0,1,2,1,1,3,0,0,3,1,2,4,5,0,0,0,0,0,0,0,0,0,0,0,0,1,8,1
2571,A woman is pointing at a computer device for a young girl,A woman and girl are having lunch tohether.,0,0,0,2,2,1,0,3,0,2,3,0,2,4,0,0,0,1,0,0,1,0,0,1,0,0,4,1,5,4
2572,a small boy looks out over a body of water.,The boy is climbing a mountain.,0,1,1,1,1,0,2,1,1,4,2,4,0,2,9,0,0,0,0,0,0,0,3,0,0,3,1,0,3,5
2573,A black woman with a red turban is wrapped in a towel and wears a pink shirt near a bucket.,The woman is not black.,0,1,0,1,2,1,1,3,0,0,3,1,2,4,5,0,1,0,0,0,0,0,0,0,0,0,0,1,3,1
2574,A man in a blue shirt and sweater sitting outside against a blue building sewing silver fabric.,A man starts fabric company.,0,1,0,1,1,1,1,1,0,0,1,0,1,8,0,0,1,0,0,1,0,0,3,0,0,2,0,7,1,0
2575,The dog is looking at the water.,The dog is looking at a ball.,1,1,1,0,2,0,3,2,3,3,4,3,5,3,3,1,1,0,1,1,0,1,3,3,1,3,3,2,9,3
2576,Someone is selling food on a set of doorsteps.,A group of girl scouts sold cookies on the street.,0,1,0,1,2,1,1,3,0,0,3,0,2,4,0,0,1,0,0,0,2,0,3,2,0,0,2,1,3,2
2577,"A man and a woman, both wearing hiking gear, are standing on the edge of a large canyon.",A man and a woman are on a boat celebrating the Fourth of July.,0,0,0,2,0,2,0,0,2,2,0,2,9,6,1,0,0,0,0,0,0,0,0,0,0,0,0,1,8,0
2578,Person works on metal-working project involving wheels and chains.,The person is working with wood.,0,1,0,1,1,1,1,1,0,0,1,0,1,1,0,0,1,0,0,1,2,0,3,2,0,1,2,7,1,2
2579,"A young blond girl in a pink ski suit and hat is crying, and being comforted by her mother who is holding her.",Two guys are playing baseball.,0,0,0,2,0,2,2,0,2,1,0,2,3,0,7,0,0,1,0,2,1,0,2,1,0,4,4,7,2,4
2580,Person sitting in a chair selling goods outside of a building.,A man is watching T.V. at home.,0,1,0,1,1,1,1,1,0,0,1,0,1,8,0,0,0,1,0,2,1,0,2,1,0,4,4,7,2,4
2581,An asian man examines an arrangement of food.,A man reads a book,0,1,0,1,1,1,1,1,0,0,1,0,1,8,0,0,0,1,0,0,1,0,3,1,0,2,4,7,6,9
2582,A medical professional operating a microscope and viewed on a computer.,A professional talks with his patient.,0,1,0,1,1,1,0,1,0,2,1,0,1,1,0,0,1,0,0,1,2,0,1,2,0,1,2,1,0,2
2583,A girl sitting down drinking water surrounded by girls helping her feeling better.,A girl is drinking water while riding a bike.,0,1,0,1,2,1,2,3,0,4,2,1,2,4,6,0,1,0,0,1,2,0,1,2,0,3,2,1,7,2
2584,A guy wearing protective gear is welding a steel beam.,The guy is woodworking.,0,1,0,1,1,1,1,1,0,0,1,0,1,8,0,0,1,0,0,0,2,0,3,2,0,2,2,7,1,2
2585,A group of people standing on the corner.,The people are sitting on a bench.,0,0,0,2,0,2,0,0,2,2,0,2,9,6,1,0,0,0,0,2,0,0,0,0,0,4,0,1,8,8
2586,A military man with an orange safety vest is behind the wheel of a military vehicle.,He is dressed only in camo.,0,1,0,1,1,1,1,1,0,0,1,0,1,8,0,0,1,0,0,1,0,0,3,0,0,3,0,7,1,0
2587,A man offers his phone across the table.,a man sleeping on a couch,0,1,0,1,1,1,1,1,0,0,1,0,1,8,2,0,0,1,0,2,1,0,2,1,0,4,4,7,6,4
2588,A boy is doing a kick flip off a ramp on his skateboard in a skate park.,The boy is surfing,0,1,1,1,1,0,2,1,1,4,2,4,0,2,9,0,1,0,0,0,0,0,3,0,0,3,1,0,3,5
2589,Group of people riding in a bus.,A lone person riding in a bus.,0,1,0,2,0,1,0,0,0,2,0,0,9,6,0,0,1,0,0,1,2,0,1,2,0,1,2,1,0,2
2590,A man taking a break from fishing.,The man has been home sick with the flu all day.,0,1,0,1,1,1,1,1,0,0,1,0,1,8,0,0,0,1,0,2,1,0,2,1,0,4,4,7,6,9
2591,"A woman with a short, white skirt, black boots and a red bag walks away.",Nobody is walking.,0,1,0,1,2,1,0,3,0,2,3,0,9,5,2,0,0,1,0,2,1,0,2,1,0,4,4,7,2,4
2592,Man in costume poses while holding a knife.,the man is is holding a goat,0,1,0,1,1,1,1,1,0,0,1,0,1,8,0,0,0,0,0,0,2,0,3,2,0,2,2,7,6,2
2593,"A Woman with a white Blouse, and blue Jeans, sitting on a Bench.",A young mother tries to control two small children in the candy isle of a store.,0,1,0,1,2,1,1,3,0,0,3,1,2,4,5,0,0,1,0,2,1,0,2,1,0,4,4,7,2,4
2594,A girl dances on a stage.,The girl is playing a board game.,0,1,0,1,2,1,2,3,0,4,2,0,2,4,0,0,1,0,0,0,0,0,0,0,0,0,0,6,5,6
2595,A brown and black dog laying on a gray plushie in front of a TV showing breaking news.,The dogs are playing chess.,0,0,0,2,0,2,0,2,2,2,4,2,4,3,7,0,0,0,0,2,0,0,2,3,0,4,3,7,8,3
2596,"A young man wearing a blue hoodie and black beanie is standing next to a shopping cart in front of an aisle of Women's Lifestyle magazines, looking at a tabloid with the headline ""I'm pregnant!""",The young man is sitting in the hospital waiting room while his sister delivers her baby.,0,1,0,1,1,1,1,1,0,0,1,0,1,8,0,0,0,1,0,2,1,0,2,1,0,4,4,7,2,4
2597,A woman stands on a concrete block taking a picture of a group of people on a sidewalk beside the road.,There are people running a race.,0,0,0,2,0,2,0,0,2,2,0,2,9,6,7,0,0,1,0,2,1,0,2,1,0,4,4,1,8,4
2598,A woman on a sidewalk with luggage.,A woman has luggage above her head.,0,1,0,1,2,1,1,3,0,0,3,1,2,4,5,0,1,0,0,1,2,0,1,2,0,1,2,1,7,2
2599,A man and a young girl pose next to a red car that is parked in a driveway.,A man and young girl are about to hop on a motorcycle and ride.,0,0,0,2,0,2,0,0,2,2,0,2,9,6,1,0,1,0,0,0,2,0,0,2,0,0,2,1,3,2
2600,Four children are in an industrial kitchen looking at a recipe with the ingredients on the table in front of them.,There is no one in the kitchen,0,0,1,2,0,0,0,0,1,2,2,4,9,5,8,0,0,0,0,0,2,0,3,2,0,0,2,1,3,2
2601,A young boy in a blue shirt gingerly waters a plant.,A boy gingerly tiptoes past his sleeping mother.,0,1,1,1,1,0,2,1,1,4,2,4,0,2,9,0,0,0,0,0,0,0,3,0,0,3,1,0,3,5
2602,One girl watches another girl batting during a softball game.,The girls are in a bowling alley.,0,0,0,2,0,1,2,0,0,2,0,1,2,7,6,0,1,0,0,0,0,0,3,0,0,0,0,1,3,1
2603,A man in jeans and checkered shirt sits at a restaurant table.,The man is naked.,0,1,0,1,1,1,1,1,0,0,1,0,1,8,0,0,0,1,0,2,1,0,2,1,0,2,4,7,6,9
2604,A woman talks to a young girl over a counter.,A man is falling down stairs.,0,1,0,1,2,1,1,0,0,0,1,0,1,9,0,0,0,1,0,2,1,0,2,1,0,4,4,7,2,4
2605,A man shoots a rifle while a dog looks on.,A man plays a game of monopoly with his family.,0,1,0,2,1,1,0,1,0,0,1,0,1,8,0,0,0,0,0,2,0,0,2,0,0,2,0,7,6,0
2606,A busy street during the daytime in an asian city.,The streets are empty.,0,0,0,2,0,1,0,0,0,2,0,0,9,5,2,0,0,0,0,2,0,0,2,0,0,4,0,7,2,0
2607,Men wearing red safety vests and carrying signs walk down a street where an explosion has occurred.,"Men in business suits, walking together into a meeting.",0,0,0,2,0,2,0,0,2,2,0,2,9,0,1,0,0,1,0,0,1,0,0,1,0,0,4,1,8,4
2608,"Open, scatteredly placed umbrellas, fill an exit to a room with black trim doors while a blurry individual looks directly into the camera.",A woman is sitting down.,0,1,0,1,2,1,1,3,0,0,3,1,2,4,5,0,0,1,0,2,1,0,2,1,0,4,4,7,2,4
2609,Two dogs playing in the snow.,The dogs are sleeping.,1,0,1,0,0,0,3,2,3,3,4,3,4,3,3,1,0,0,1,0,0,1,0,3,3,0,3,3,8,3
2610,Four children are following a recipe for food.,Four men are following a recipe for food.,0,0,0,2,0,2,0,0,2,2,0,2,9,7,7,0,1,0,0,1,2,0,1,2,0,1,2,1,7,2
2611,Two brown dogs run through a field.,The dogs are swimming.,1,0,1,0,0,0,3,2,3,3,4,3,4,3,3,1,0,0,1,0,0,1,0,3,3,0,3,3,3,3
2612,People walking down path below palm trees.,A group of people are taking a bus to the city.,0,0,0,2,0,2,0,0,2,2,0,2,9,6,1,0,0,1,0,2,1,0,2,1,0,4,4,1,8,4
2613,A man in a black shirt and jeans is in midair above a messy bed.,A man is in his pajamas.,0,1,0,1,1,1,1,1,0,0,1,0,1,8,0,0,1,0,0,0,0,0,3,0,0,2,0,7,1,0
2614,A man is sawing a piece of wood.,A man is eating dinner.,0,1,0,1,1,1,1,1,0,0,1,0,1,8,0,0,0,1,0,2,1,0,2,1,0,2,4,7,6,9
2615,Children playing and fishing on a beach.,Children playing in their backyard treehouse.,0,0,1,2,0,0,2,0,1,4,2,4,0,7,8,0,1,0,2,0,0,2,3,0,2,0,1,5,3,7
2616,A group of people is standing around and a guy is making a weird face with bulging eyes.,The guy is making a weird face with crossed eyes.,0,1,0,1,1,1,1,1,0,0,1,0,1,8,0,0,1,0,0,1,2,0,1,2,0,1,2,1,0,2
2617,A thin man rolls a metal ball on his arm while several people watch.,The fat man is rolling a ball on his arm.,0,1,0,1,1,2,1,1,2,0,1,2,1,8,7,0,1,0,0,1,2,0,1,2,0,1,2,7,7,2
2618,"Four men, in uniforms are in the process of moving an old style canon along a dirt path.",A man dressed in army fatigues stands near a tank at a base.,0,1,0,2,1,1,0,1,0,2,1,0,9,0,0,0,0,1,0,0,1,0,0,1,0,0,4,1,8,4
2619,A couple is sitting in a blue raft watching a lot of people in bathing suits on a boat.,a couple having dinner,0,0,0,2,0,2,0,0,2,2,0,2,9,6,1,0,0,0,0,0,0,0,0,0,0,0,0,1,8,0
2620,Lots of people in a restaurant eating and talking.,The people are leaving the restaurant,0,0,0,2,0,2,0,0,2,2,0,2,9,6,1,0,1,0,0,1,0,0,3,0,0,0,0,1,0,8
2621,A man in a gray shirt sitting in a field of flowers.,A man eats a pasta dish while watching tv.,0,1,0,1,1,1,1,1,0,0,1,0,1,8,0,0,0,1,0,2,1,0,2,1,0,4,4,7,6,4
2622,Men at a rodeo try to tame a bull.,The men are riding a bull.,0,0,0,2,0,1,0,0,0,2,0,0,9,0,0,0,1,0,0,1,2,0,1,2,0,1,2,7,7,2
2623,People wearing bathing suits on a wet surface.,Some people in formal wear are somewhere dry.,0,0,0,2,0,2,0,0,2,2,0,2,9,6,1,0,1,0,0,1,2,0,1,2,0,1,2,1,0,2
2624,Two young men are at a party.,Two young men arguing.,0,0,0,2,0,2,0,0,2,2,0,2,9,0,1,0,1,0,0,1,0,0,3,0,0,0,0,1,3,0
2625,A girl is upside-down on someone's shoulders.,A girl is sleeping on the floor next to someone.,0,1,0,1,2,1,2,3,0,4,2,0,2,4,2,0,1,0,0,0,0,0,3,0,0,0,0,6,5,6
2626,A group of men are walking between railroad tracks.,A group of men are wading in a river.,0,0,0,2,0,2,0,0,2,2,0,2,9,0,1,0,1,1,0,0,1,0,0,1,0,0,4,1,0,4
2627,A man with work clothes on standing on the back of a truck.,The man is sitting on the back of a pickup truck eating his lunch.,0,1,0,1,1,1,1,1,0,0,1,0,1,8,0,0,1,1,0,0,1,0,3,1,0,0,4,7,3,4
2628,A bearded man in a red shirt playing guitar on a stage.,a man leaves the party to go to the store,0,1,0,1,1,1,1,1,0,0,1,0,6,8,0,0,0,1,0,2,1,0,2,1,0,2,4,7,6,9
2629,A man with a shocked expression on his face is holding a beaded necklace that is around a woman's neck.,The man is ready to go undercover as a cross-dresser,0,1,0,1,1,1,1,1,0,0,1,0,1,8,0,0,0,0,0,0,0,0,3,0,0,2,0,7,1,0
2630,A small girl wearing a pink outfit brushes a horse.,The girl was wearing a blue outfit.,0,1,0,1,2,1,2,3,0,4,2,1,2,4,6,0,0,0,0,0,0,0,0,0,0,0,0,7,5,6
2631,A woman waiting at a train stop next to a pay phone.,A woman is waiting at a bus stop.,0,1,0,1,2,1,0,3,0,2,3,0,2,4,0,0,1,0,0,1,2,0,1,2,0,1,2,1,0,2
2632,Three people sit around a grill on fold-up metal chairs.,People sitting at the doctor's office waiting their turn.,0,0,0,2,0,2,0,0,2,2,0,2,9,6,1,0,0,0,0,0,0,0,0,0,0,0,0,1,8,8
2633,A bride tossing her bouquet to a group of women.,women at a funeral,0,0,0,2,2,2,0,3,2,2,3,2,9,9,1,0,1,0,0,0,0,0,0,0,0,0,0,1,0,1
2634,A blond woman wearing jeans is reading on a bench.,A brunette wearing a dress talking on her phone.,0,1,0,1,2,1,1,3,0,0,3,1,2,4,5,0,0,0,0,0,0,0,0,0,0,0,0,1,8,1
2635,A woman is walking by a group of three men.,A woman is walking by a group of three women.,0,0,0,2,0,2,0,3,2,2,3,2,9,9,1,0,1,0,0,1,0,0,1,0,0,1,0,1,0,1
2636,"A young boy pretends to drive the car, with his hand on the horn.",A little girl is pretending to drive.,0,1,1,1,2,0,2,3,1,4,2,4,0,2,9,0,1,0,0,1,2,0,1,2,0,1,2,1,0,2
2637,A black man with cargo shorts and a striped orange shirt listening to music and dancing.,A man is lying down on the dance floor.,0,1,0,1,1,1,1,1,0,0,1,0,1,8,0,0,0,1,0,0,1,0,3,1,0,2,4,7,6,9
2638,A woman wearing gold earrings talks to a gray-haired man.,Three children are talking to a woman,0,0,0,2,0,1,0,0,0,2,3,1,2,9,5,0,0,0,0,0,0,0,0,0,0,0,0,1,8,1
2639,Native girl in a blue top looking skyward.,Native girl in a red dress is looking through her telescope at the sea.,0,1,0,1,2,1,2,3,0,4,3,1,2,4,6,0,1,0,0,1,0,0,1,0,0,0,0,1,0,6
2640,"A man with a black baseball cap, blue shorts, gloves and no shirt is standing atop a roof.","There is a man laying on his roof, suntanning.",0,1,0,1,1,1,1,1,0,0,1,0,1,8,0,0,1,0,0,1,2,0,1,2,0,1,2,7,1,2
2641,A young male wearing a red shirt and black pants is performing a dance technique in a terminal station for travelers.,A person is watching a game of baseball.,0,1,0,2,1,1,2,1,0,1,1,0,3,1,0,0,0,1,0,2,1,0,2,1,0,4,4,7,2,4
2642,A woman taking a photo standing next to a tall man and in front of another man who is also taking a photo.,A man is about to jump into a pool.,0,1,0,1,1,1,1,1,0,0,1,0,1,8,0,0,0,1,0,2,1,0,2,1,0,4,4,7,2,4
2643,"Two shaggy men playing a long instrument with their mouth, while their white husky dog sits close by on a couch.",a dog eats steak while his master plays the flute,0,0,0,1,0,1,0,2,0,2,4,0,6,3,0,0,1,0,0,0,2,0,3,2,0,3,2,1,3,2
2644,"Two people are walking beside a road, holding large pots on their heads.","Two dogs are walking beside a road, holding large pots on their heads.",0,0,0,2,0,2,0,0,2,2,0,2,9,6,1,0,1,0,0,1,2,0,1,2,0,1,2,1,7,2
2645,Construction equipment in front of a building with a mural of a man being lifted by black birds.,There is a garden in front of the white stucco house.,0,1,0,2,1,2,0,1,2,2,1,2,9,1,1,0,0,0,0,0,0,0,0,0,0,0,0,7,8,0
2646,A boy with a blue wrestler mask is posign next to several other people.,that guy is laying and resting,0,1,0,1,1,1,1,1,0,0,1,0,1,8,0,0,0,1,0,2,1,0,2,1,0,4,4,7,2,4
2647,A blond tennis player shows off her new red and white tennis outfit.,The tennis player prepares to play with her black outfit.,0,1,0,1,2,2,1,3,2,0,3,2,2,4,7,0,1,0,0,1,2,0,1,2,0,1,2,9,0,2
2648,A long-haired man belts out a tune on a trumpet while accompanying his band.,The man is rapping.,0,1,0,1,1,2,1,1,2,0,1,2,6,8,4,0,0,1,0,0,1,0,3,1,0,2,4,7,6,9
2649,Two fashionably dressed young ladies sit back to back on a wall in a city park watching people around them.,The young ladies are blind.,0,0,0,2,0,1,0,0,0,2,0,1,2,9,5,0,1,0,0,0,0,0,3,0,0,3,0,1,3,1
2650,Little girls play in the water.,The girls are playing in the grass.,0,0,0,2,0,1,2,0,0,4,2,1,2,7,6,0,1,0,0,1,2,0,1,2,0,1,2,6,5,2
2651,A stunt bicyclist performs an aerial trick before a city skyline.,A bicyclist rides his bike calmly through the park.,0,1,0,1,1,1,1,1,0,0,1,0,8,1,0,0,0,0,0,0,0,0,3,0,0,3,0,8,3,0
2652,two older men are discussing something on a street corner with graffiti in the background.,Nobody is discussing.,0,0,0,2,0,1,0,0,0,2,0,0,9,5,2,0,0,1,0,2,1,0,2,1,0,4,4,7,2,4
2653,"Three guys wearing pajamas, two are sweeping the floor while the other watches in a classroom.",They are ready to go to the prom.,0,0,0,2,0,1,0,0,0,2,0,0,9,7,0,0,0,0,0,2,0,0,0,0,0,4,1,1,8,7
2654,"A woman fillets a fish, as part of preparing a recipe that includes broccoli, celery, and eggs.",dog looks at steak,0,1,0,1,2,1,1,3,0,0,4,0,2,4,0,0,0,0,0,0,0,0,0,0,0,4,0,7,8,1
2655,A young girl in a bikini splashes in a large body of water.,Kids are having a tea party.,0,1,0,1,2,1,2,3,0,4,2,1,0,7,6,0,0,0,0,2,0,0,2,0,0,4,1,7,2,5
2656,A woman in a white tank top serving food.,A woman in a coffee shop.,0,1,0,1,2,1,1,3,0,0,3,0,2,4,0,0,0,0,0,0,0,0,0,0,0,0,0,1,8,1
2657,A man in brightly colored clothing playing what appears to be a bongo in a city with onlookers.,A man plays the guitar in a forest.,0,1,0,1,1,2,1,1,2,0,1,2,6,8,4,0,0,0,0,0,0,0,3,0,0,2,0,7,6,0
2658,On a partly cloudy day a clown in red plaid overalls relaxes in the back of his tent.,A clown in the middle of a circus act.,0,1,0,1,1,1,1,1,0,0,1,0,1,1,0,0,1,0,0,1,2,0,1,2,0,1,2,1,1,2
2659,A man and a boy riding their bikes together.,Two women are riding bikes,0,0,0,2,0,1,0,0,0,2,0,0,8,0,0,0,1,0,0,0,0,0,3,0,0,3,0,8,3,0
2660,A violinist playing behind a cage shadow.,A man in in a cage holding a pumpkin.,0,1,0,1,1,1,1,1,0,0,1,0,1,8,0,0,0,1,0,0,1,0,0,1,0,0,4,7,8,4
2661,A man is taking a picture while people sit in bleachers in the background.,"A man watches people on bleachers, wishing he had a camera.",0,1,0,1,1,1,1,1,0,0,1,0,1,8,0,0,1,0,0,1,2,0,1,2,0,1,2,1,0,2
2662,a couple of several people sitting on a ledge overlooking the beach,Several people are sleeping indoors.,0,0,0,2,0,1,0,0,0,2,0,0,9,6,2,0,0,0,0,2,0,0,2,0,0,4,0,1,8,8
2663,A man wearing a denim jacket taking a photograph.,There is no one taking a photo.,0,1,0,1,1,1,1,1,0,0,1,0,9,5,2,0,0,0,0,2,0,0,2,0,0,4,0,7,2,0
2664,military personnel dressed in fatigues and ear protection laying on their stomachs shooting guns.,The personnel aren't wearing anything,0,0,0,2,0,1,0,0,0,2,0,0,9,5,2,0,1,0,0,0,0,0,0,0,0,0,0,1,0,0
2665,"Group of young people walking, sitting and standing on the sidewalk.",They are hiding from the rain.,0,0,0,2,0,2,0,0,2,2,0,2,9,6,1,0,0,0,0,2,0,0,2,0,0,4,0,1,8,8
2666,A woman on a balcony aims her camera to take a picture.,Nobody has a camera,0,1,0,1,2,1,1,3,0,0,3,0,9,5,2,0,0,0,0,2,0,0,2,0,0,4,0,7,2,0
2667,A topless person with a backpack is shown against on a pile of rocks with a cloudy background.,A person has a backpack and a shirt.,0,1,0,1,1,1,1,1,0,0,1,0,1,1,0,0,1,0,0,1,2,0,1,2,0,1,2,7,7,2
2668,A teacher at the front of a small blackboard opening a book for a class of young children.,A man is hit head-on by a train.,0,1,0,1,1,1,1,1,0,0,1,0,1,8,0,0,0,1,0,2,1,0,2,1,0,4,4,7,2,4
2669,A woman is being photographed as she stands next to an artistic monument.,The man is being video taped at the statue.,0,1,0,1,2,1,1,3,0,0,3,0,1,1,0,0,1,0,0,1,2,0,3,2,0,0,2,1,3,2
2670,A line of off road vehicles riding along a trail.,Convertibles are driving swiftly down the highway.,0,0,0,2,0,1,0,0,0,2,0,0,9,6,0,0,1,0,0,0,0,0,3,0,0,0,0,1,3,0
2671,One man playing guitar with a woman kneeling in the foreground both in a spotlight.,One woman playing guitar with a woman kneeling in the foreground both in a spotlight.,0,0,0,2,0,2,0,3,2,2,3,2,6,4,4,0,1,0,0,1,0,0,1,0,0,1,0,1,7,0
2672,A young boy and a toddler walking through uncut grass.,Two children are at the ice cream shop,0,0,1,2,0,0,2,0,1,4,2,4,0,7,8,0,0,0,2,0,0,2,0,0,2,0,1,5,3,7
2673,A guy snowboarding down a large mountain.,The guy is sitting,0,1,0,1,1,1,1,1,0,0,1,0,1,8,0,0,0,0,0,0,0,0,3,0,0,2,0,7,6,0
2674,Construction workers work on a road into the night.,Construction workers are taking a lunch break.,0,0,0,2,0,2,0,0,2,2,0,2,9,0,1,0,1,0,0,0,0,0,3,0,0,0,0,1,3,0
2675,A man wearing a red hat while holding a ladder with a man in a brown hat looking at him.,the man was tall and did not have to use a ladder to paint,0,1,0,1,1,1,1,1,0,0,1,0,1,8,0,0,0,0,0,0,0,0,3,0,0,2,0,7,6,0
2676,A dog jumps for a red ball on the grass.,A dog is rolling around in mud.,1,1,1,0,2,0,3,2,3,3,4,3,5,3,3,1,0,0,1,0,0,1,3,3,1,3,3,2,9,3
2677,A person with long gray hair has a beret with beige and white wearing a blue raincoat is painting a marketplace scenery surrounded by other artists and paintings.,Artists painting a still life indoors.,0,0,0,1,0,1,1,0,0,0,0,0,1,6,0,0,1,0,0,1,2,0,3,2,0,3,2,1,0,2
2678,A baby boy in overalls is crying.,A baby is dancing on a table.,0,1,1,1,2,0,2,1,1,4,2,4,0,2,9,0,0,0,0,0,0,0,3,0,0,3,1,7,3,5
2679,People walking around looking at furniture.,A group of people sing hymns.,0,0,0,2,0,2,0,0,2,2,0,2,9,6,4,0,0,1,0,2,1,0,2,1,0,4,4,1,8,4
2680,Three people with white gloves on picking up trash on a beach.,Three people with white gloves dump garbage on the beach.,0,0,0,2,0,1,0,0,0,2,0,0,9,6,0,0,1,0,0,1,2,0,1,2,0,1,2,1,0,2
2681,Women dancing on a stage while wearing a blue dress.,Women singing on stage while wearing a pink dress.,0,0,0,2,0,1,0,3,0,2,3,1,9,9,5,0,1,0,0,1,0,0,1,0,0,1,0,1,7,0
2682,The ground where the bike is parked is muddy with pebbles embedded into the road.,The bike is being ridden right now.,0,1,0,1,1,1,1,1,0,0,1,0,8,1,0,0,1,0,0,1,0,0,3,0,0,3,0,8,3,0
2683,A group of people are cleaning up the outside of a house.,Humans are eating at a restaraunt.,0,0,0,2,0,2,0,0,2,2,0,2,9,6,1,0,0,0,0,2,0,0,2,0,0,4,0,1,8,8
2684,Two men sitting in a bus the one guy is wearing eyeglass and the other guy is wearing a sungalsses,"Two men are sitting side by side, and appear to have nothing on their face.",0,0,0,2,0,1,0,0,0,2,0,0,9,0,0,0,1,0,0,0,0,0,3,0,0,0,0,1,0,0
2685,A little boy is sitting on a swing.,A boy fell off a swing set.,0,1,1,1,1,0,2,1,1,4,2,4,0,2,9,0,1,0,0,1,2,0,1,2,0,3,2,0,7,2
2686,A little girl in a purple t-shirt feeds an animal.,The girl is being eaten.,0,1,0,1,2,1,2,3,0,4,2,1,2,4,6,0,1,0,0,0,2,0,3,2,0,0,2,6,5,2
2687,A Boston Terrier is running on lush green grass in front of a white fence.,The dog is standing on pavement.,1,1,1,0,2,0,3,2,3,3,4,3,5,3,3,1,1,0,1,0,0,1,3,3,1,3,3,2,9,3
2688,Students in matching uniforms in a city stand in groups.,Students are playing kickball.,0,0,0,2,0,2,2,0,2,4,0,2,9,7,7,0,0,1,2,0,1,2,0,1,2,0,4,5,3,4
2689,A teenager in a red shirt is skating on a skateboard at a skate park.,A man is in the bathtub.,0,1,0,1,1,1,1,1,0,0,1,0,1,8,0,0,0,1,0,2,1,0,2,1,0,4,4,7,2,4
2690,An older man with a beard uses a hay broom to sweep the ground in front of cubed cardboard trash in a parking lot.,the man is at home sleeping,0,1,0,1,1,1,1,1,0,0,1,0,1,8,2,0,0,1,0,2,1,0,2,1,0,4,4,7,2,9
2691,A brown-haired boy is wearing a red t-shirt and headphones as he watches TV.,a blonde girl in a red shirt watches tv with headphones on,0,1,0,1,2,1,2,3,0,4,2,0,0,2,0,0,1,0,0,1,2,0,1,2,0,1,2,1,7,2
2692,A girl stands with a brown dog outside.,The girl is preparing to fight the wild dog with her bare hands.,1,1,1,0,2,0,3,2,3,3,4,3,2,3,3,0,1,0,0,0,0,0,3,0,0,0,0,7,5,0
2693,One man is playing the drums while another is singing Karaoke.,One guy playing a guitar while another stands by silently.,0,0,0,2,1,2,0,0,2,2,1,2,6,0,4,0,1,0,0,0,0,0,3,0,0,2,0,1,3,0
2694,Two mountaineers are looking ahead on a snowy trail.,Two musicians are playing a guitar.,0,0,0,2,0,1,0,0,0,2,0,0,6,0,0,0,0,1,0,2,1,0,0,1,0,4,4,1,8,4
2695,a man with long hair plays an organ.,A man is playing the drums.,0,1,0,1,1,2,0,1,2,0,1,2,6,8,4,0,1,0,0,0,0,0,3,0,0,2,0,7,6,0
2696,A man in a black shirt eating his meal on a round table.,The man ate his meal at a square table.,0,1,0,1,1,1,1,1,0,0,1,0,1,8,0,0,1,0,0,1,2,0,1,2,0,1,2,7,7,2
2697,"A woman in a black dress is leaning against a wall, smoking a cigarette.",The woman is wearing red,0,1,0,1,2,1,1,3,0,0,3,1,2,4,5,0,0,0,0,0,0,0,0,0,0,0,0,1,8,1
2698,"A group of young, naked children showering near large metal containers and a yellow bucket.",A group of old people are showering.,0,0,0,2,0,2,0,0,2,2,0,2,9,6,1,0,1,0,0,1,2,0,1,2,0,1,2,1,0,2
2699,Two men one bald one black headed are holding up a team player in a two piece running suit.,Three woman are swimming in a lake.,0,0,0,2,0,2,0,0,2,2,0,2,9,0,1,0,0,1,0,2,1,0,2,1,0,4,4,7,2,4
2700,A man on a ladder repairs the roof of a building.,A woman on a ladder repairs the floor.,0,1,0,1,2,1,1,3,0,0,3,0,1,4,0,0,1,0,0,1,2,0,1,2,0,1,2,7,7,2
2701,"A man is sitting in the middle of a room in an art gallery, and is putting some frames together, preparing a piece of art for hanging.",Woman in art gallery,0,1,0,1,2,1,1,3,0,0,3,0,2,4,0,0,1,0,0,1,0,0,1,0,0,1,0,1,7,1
2702,Two confused ladies standing around after an event.,The two ladies are laying in the grass.,0,0,0,2,0,1,0,0,0,2,0,0,2,9,2,0,0,0,0,0,0,0,0,0,0,0,0,1,8,1
2703,two men in florescent vests are standing next to parked cars in front of a small building while one of them converses with a driver and a woman on a bike is seen riding by,The men are jump roping in the middle of the street.,0,0,0,2,0,2,0,0,2,2,0,2,9,0,1,0,0,1,0,2,1,0,0,1,0,4,4,1,8,4
2704,Boy stands near laundry hanging out to dry.,The laundry is in a dryer.,0,1,0,1,2,1,1,1,0,0,2,0,1,2,0,0,1,0,0,1,2,0,1,2,0,1,2,7,7,2
2705,A director is attempting to adjust a camera for a shot with a prairie grass landscape in the background.,The director is falling into a volcano.,0,1,0,1,1,1,1,1,0,0,1,0,1,1,0,0,0,0,0,2,0,0,2,0,0,4,0,7,2,8
2706,A woman in a brown coat looks at her music stand while a man plays guitar beside her.,The man and woman are walking on the boardwalk hugging each other.,0,0,0,2,0,2,0,0,2,2,0,2,9,6,1,0,0,1,0,2,1,0,2,1,0,4,4,1,8,4
2707,The gray-haired man is wearing a sweater.,The gray-haired man is naked.,0,1,0,1,1,1,1,1,0,0,1,0,1,8,0,0,1,0,0,1,2,0,3,2,0,3,2,7,1,2
2708,A middle-aged woman ironing in a messy room.,A kid playing tennis.,0,1,0,1,2,2,2,3,2,0,2,2,2,4,7,0,0,1,0,2,1,0,2,1,0,4,4,7,2,4
2709,A gray bird flies over the water by some rocks.,The bird is black.,0,1,0,1,2,1,1,2,0,0,4,0,1,1,0,1,1,0,1,1,0,1,1,0,1,3,0,2,7,0
2710,girl tanning in the beach next to the blue water surrounded bye birds,A girl is shopping in the mall.,0,1,0,1,2,1,2,3,0,4,2,1,2,4,6,0,0,1,0,2,1,0,2,1,0,4,4,7,8,4
2711,"3 men sit in a cubical of an office, one man is standing and holding a drum.",There is only one man present.,0,1,0,1,1,1,1,1,0,0,1,0,1,8,0,0,0,1,0,0,1,0,3,1,0,2,4,7,6,9
2712,A brown and white large dog plays in the water.,A small black dog plays in a box.,1,1,1,0,2,0,3,2,3,3,4,3,5,3,3,1,0,0,1,0,0,1,3,3,1,3,3,2,9,3
2713,Dirt covered British safari men with mustaches and round glasses.,The men are sunbathing on a beach.,0,0,0,2,0,2,0,0,2,2,0,2,9,0,1,0,0,1,0,2,1,0,0,1,0,4,4,1,8,4
2714,A man in taking a photo of a building as someone rides by on a bike.,The man is drawing a picture,0,1,0,1,1,1,1,1,0,0,1,0,1,8,0,0,0,0,0,0,0,0,3,0,0,2,0,7,1,0
2715,Two men wearing bright yellow vests sit in a vehicle.,People sit a truck wearing all black.,0,0,0,2,0,1,0,0,0,2,0,0,9,0,0,0,1,0,0,0,0,0,3,0,0,0,0,1,3,0
2716,A child bangs on a set of drums.,The child is playing the guitar.,0,1,1,1,2,0,1,1,1,4,2,4,6,2,9,0,1,0,0,0,0,0,0,0,0,0,0,7,3,0
2717,"Two women with black hair are walking on the street, carrying a purple umbrella over their head.",There is only one person present.,0,1,0,1,0,1,0,0,0,2,0,0,9,5,0,0,0,0,0,2,0,0,2,0,0,4,0,7,2,1
2718,A young person wearing a helmet is jumping in the air during a gymnastics routine.,The people are sleeping.,0,0,0,1,0,1,0,0,0,2,2,0,1,5,2,0,0,1,0,2,1,0,2,1,0,4,4,7,4,4
2719,A man standing in the mountains looking at ice.,The woman stood and stared at the mountains.,0,1,0,1,2,1,1,3,0,0,3,0,8,1,0,0,1,0,0,1,2,3,1,2,4,1,2,8,7,2
2720,"Two players from opposing hockey teams face off for control of the hockey puck, while their teammates look on.",Two hockey players are playing baseball.,0,0,0,2,0,2,2,0,2,1,0,2,3,0,7,0,1,0,0,1,0,0,1,0,0,0,0,9,0,0
2721,This man is in a bicycle race.,The man is racing on unicycles with a blown out tire.,0,1,0,1,1,1,1,1,0,0,1,0,8,1,0,0,1,0,0,0,0,0,3,0,0,3,0,8,1,0
2722,"A kid, in a gray hoodie, having the back towards the camera, is holding up an american flag.",There is an adult in a red hoodie sitting.,0,1,0,1,1,1,1,1,0,0,2,0,1,2,0,0,0,0,0,0,2,0,3,2,0,0,2,1,3,2
2723,Well-dressed youths looking bored in a parking lot.,The kids are playing an exciting game.,0,0,0,2,0,2,2,0,2,4,2,2,0,7,7,0,0,0,2,0,0,2,0,0,2,0,1,5,3,7
2724,The blond woman in the black shirt seems to be administering an injection to a young adult wearing blue jeans.,A brunette woman gives an old man in slacks a shot.,0,1,0,1,2,1,0,3,0,2,3,1,2,4,5,0,1,0,0,1,0,0,3,0,0,0,0,1,1,1
2725,The man is on a black and white bike.,The man is running to his house.,0,1,0,1,1,1,1,1,0,0,1,0,1,8,0,0,0,1,0,2,1,0,2,1,0,4,4,7,6,4
2726,The bird walks in the water near rocks.,An alligator is on the land.,0,1,0,1,2,1,1,2,0,0,4,0,5,3,0,1,1,0,1,0,2,1,3,2,1,0,2,2,9,2
2727,"Several men of Asian descent, along with US military members, are sitting in a lunch meeting, while talking informally and ordering their food.",Nobody is sitting,0,0,0,2,0,1,0,0,0,2,0,0,9,5,2,0,0,1,0,2,1,0,2,1,0,4,4,1,2,4
2728,A woman in stockings and short shorts.,A woman in a skirt.,0,1,0,1,2,1,1,3,0,0,3,1,2,4,5,0,1,0,0,1,2,0,1,2,0,1,2,1,7,2
2729,"Two females, one wearing a yellow dress, the other wearing a white top and black shorts posing for a picture.",two girls eat cake,0,0,0,2,0,1,0,0,0,2,0,0,2,9,0,0,0,0,0,0,2,0,0,2,0,0,2,1,8,2
2730,Men play some type of sport on the field with what looks like hockey sticks.,The men are playing cards in a dark room.,0,0,0,2,0,2,0,0,2,2,0,2,9,0,7,0,0,0,0,2,0,0,2,0,0,4,0,1,8,0
2731,Two bikers with people in the background waiting in line.,A biker is riding down the street.,0,0,0,1,0,1,1,0,0,0,0,0,8,1,0,0,0,0,0,0,0,0,3,0,0,3,0,8,3,0
2732,"A scottish band, whose members are dressed in kilts, marching in front of onlookers, playing bagpipes.",A scottish band is passed out after heavy drinking.,0,0,0,2,0,2,0,0,2,2,0,2,6,6,1,0,1,1,0,0,1,0,3,1,0,0,4,1,0,4
2733,An Asian man is standing in front of a desk with a computer on it and next to a projector screen with a slide about the Ford Fiesta on it.,The Asian man is shuffling through paperwork.,0,1,0,1,1,1,1,1,0,0,1,0,1,8,0,0,1,0,0,0,2,0,3,2,0,3,2,7,1,2
2734,Three young children are fixed to their smartphones at the dinner table.,Kids eat dinner and don't even have phones.,0,0,1,2,0,0,0,0,1,2,2,4,9,7,8,0,1,0,0,1,2,0,1,2,0,1,2,1,7,2
2735,A woman bending over by colored lanterns on a beach.,The woman is skiing.,0,1,0,1,2,2,1,3,2,0,3,2,2,9,1,0,0,1,0,2,1,0,0,1,0,4,4,1,8,4
2736,A scientist in a lab points to a computer screen while one of his co-workers looks on.,Two men are swimming in a dark sea,0,0,0,2,0,2,0,0,2,2,0,2,9,0,1,0,0,1,0,2,1,0,2,1,0,4,4,7,2,4
2737,A brown dog leaps in the air to catch a white volleyball.,dog runs in the grass,1,1,1,0,2,0,3,2,3,3,4,3,5,3,3,1,0,0,1,0,0,1,3,3,1,3,3,2,9,3
2738,"A woman sitting, staring in the mirror at a salon with another woman next to her turned away from the camera.",A woman is staring at a hamburger,0,1,0,1,2,1,1,3,0,0,3,0,2,9,0,0,0,1,0,0,1,0,0,1,0,0,4,1,8,4
2739,A white boy opening a candy cane full of chocolate sweets on Christmas.,a boy sits outside on independence day,0,1,1,1,1,0,2,1,1,4,2,4,0,2,9,0,1,0,0,0,0,0,3,0,0,3,1,0,3,5
2740,A man numbers items with red paint.,A man is painting a building red.,0,1,0,1,1,1,1,1,0,0,1,0,1,8,0,0,1,0,0,1,2,0,1,2,0,1,2,7,1,2
2741,Two men are sitting on a pile of fishing nets on a dock next to an elaborately designed fishing vessel.,The men do not have any nets.,0,0,0,2,0,2,0,0,2,2,0,2,9,5,1,0,1,0,0,0,0,0,0,0,0,0,0,1,3,0
2742,A man lays on a tan couch.,A man sits on a tan couch.,0,1,0,1,1,1,1,1,0,0,1,0,1,8,0,0,1,0,0,1,2,0,1,2,0,1,2,7,7,2
2743,A toddler in a pink shirt in a bucket swing.,A man in a pink shirt observes the swing set.,0,1,1,1,1,0,2,1,1,4,2,4,0,2,9,0,1,0,0,1,2,0,1,2,0,1,2,1,7,2
2744,An elderly woman carrying a purse and a shopping bag exiting a small smart car.,A women is looking for somnething to carry.,0,1,0,1,2,1,1,3,0,0,3,1,2,4,5,0,1,0,0,0,2,0,3,2,0,0,2,1,3,2
2745,A man dressed in old fashioned clothing holding a beer stein at a bar.,A man drinks a can of beer at home,0,1,0,1,1,1,1,1,0,0,1,0,1,8,0,0,1,0,0,0,2,0,3,2,0,2,2,7,1,2
2746,a large black dog fighting with another large brown and black dog.,the cat is sleeping on the woman,1,0,1,0,2,0,3,2,3,3,4,3,4,3,3,0,0,1,0,2,1,0,2,1,0,4,4,7,2,4
2747,A person in a robe and apron is cutting bread on a table.,A person cuts in line at the movie theater.,0,1,0,1,1,1,1,1,0,0,1,0,1,4,0,0,0,1,0,0,1,0,0,1,0,4,4,7,8,4
2748,Two men are hard at work in what appears to be snow removal.,Men making sandcastles.,0,0,0,2,0,2,0,0,2,2,0,2,9,0,1,0,0,0,0,0,0,0,0,0,0,0,0,1,8,0
2749,The guy and girl are sleeping on the bench.,The couple is having sex.,0,0,0,2,0,2,0,0,2,2,0,2,9,6,1,0,0,0,0,2,0,0,2,0,0,4,0,1,8,0
2750,A pitcher in red uniform is shown after throwing the baseball.,A pitcher is learning to swim.,0,1,0,2,1,2,2,1,2,1,1,2,3,1,7,0,1,0,0,0,2,0,3,2,0,3,2,1,3,2
2751,A woman in a small pink bikini chats on a cellphone while a man looks on outside a city shop.,A balloon with no people.,0,1,0,1,2,2,0,3,2,2,3,2,9,5,1,0,0,1,0,2,1,0,2,1,0,4,4,7,2,9
2752,A man in a Hawaiian shirt is playing an orange electric guitar on a stage.,The man is playing a piano.,0,1,0,1,1,2,0,1,2,2,1,2,6,8,4,0,0,0,0,2,0,0,2,0,0,2,0,7,6,0
2753,"A young boy wearing a white tunic, white pants, and a yellow belt is standing on his left leg with his right leg extended in a karate pose.",A boy getting dressed for school.,0,1,1,1,1,0,2,1,1,4,2,4,0,2,9,0,1,0,0,0,0,0,3,0,0,3,1,0,3,5
2754,"Two young boys in soccer jerseys, playing soccer in a field.",Two young boys are playing lacrosse.,0,0,1,2,0,0,2,0,1,4,2,4,0,7,8,0,1,0,2,1,0,2,1,0,2,1,1,5,7,7
2755,Kids are studying shadows.,The kids are sleeping.,0,0,1,2,0,0,2,0,1,4,2,4,0,7,8,0,1,0,2,0,0,2,0,0,2,0,1,5,3,7
2756,A child is holding three birds in his hands.,i child is kicking a dog,0,1,0,1,2,1,2,2,0,4,2,0,0,2,0,0,0,0,0,2,0,0,2,0,0,4,1,7,2,5
2757,A man with a white shirt is sitting at a table in a room with other people and posters along the blue wall.,No one is in the room.,0,1,0,2,1,1,0,1,0,2,1,0,9,5,2,0,0,1,0,2,1,0,2,1,0,4,4,7,3,4
2758,A man in a gray shirt talks to a young woman in a white jacket in front of a church.,The man and woman are sitting on a pew in the church,0,0,0,2,0,2,0,0,2,2,0,2,9,6,1,0,0,1,0,2,1,0,0,1,0,4,4,1,8,4
2759,Man in his boxers carving a pumpkin.,The man is naked.,0,1,0,1,1,1,1,1,0,0,1,0,1,8,0,0,0,0,0,2,0,0,2,0,0,2,0,7,6,0
2760,A man driving what looks to be a makeshift rickshaw.,A person in a bathtub.,0,1,0,1,1,1,1,1,0,0,1,0,1,8,0,0,0,1,0,2,1,0,2,1,0,4,4,7,2,9
2761,People watch as a man in an orange shirt holds someone with a baboon mask over his head.,Man running in a Marathorn,0,1,0,1,1,1,1,1,0,0,1,0,1,8,0,0,0,1,0,2,1,0,2,1,0,4,4,7,6,4
2762,A girl wearing a black shirt is in mid-jump on a patio area on a sunny day.,A boy is outside.,0,1,1,1,1,0,2,1,1,4,2,4,0,2,9,0,0,1,0,0,1,0,0,1,0,4,4,1,3,4
2763,A large tan dog sits on a grassy hill.,A large tan dog sits on a volcanic mountain.,1,1,1,0,2,0,3,2,3,3,4,3,5,3,3,1,1,0,1,1,2,1,1,2,1,1,2,2,7,2
2764,Two men in shorts outside by a stone wall.,the men are not wearing clothes,0,0,0,2,0,2,0,0,2,2,0,2,9,0,1,0,1,0,0,0,0,0,0,0,0,0,0,1,0,0
2765,People are seated among some pillars while another person walks by.,woman eats turkey,0,1,0,1,2,1,0,3,0,2,3,0,2,4,0,0,0,1,0,2,1,0,2,1,0,4,4,7,2,4
2766,Five children sitting on a set of steps that are located outside.,The children are playing indoors.,0,0,1,2,0,0,2,0,1,4,2,4,0,7,8,0,1,0,2,0,0,2,0,0,2,0,1,5,3,7
2767,A group of random people are walking around in a town that has been recently plowed.,The group of random people know eachother.,0,0,0,2,0,2,0,0,2,2,0,2,9,6,1,0,1,0,0,1,0,0,1,0,0,1,0,1,0,8
2768,A man in a black and white uniform is playing ice hockey.,A man is playing soccer in a field.,0,1,0,2,1,2,2,1,2,1,1,2,3,8,7,0,0,1,0,0,1,0,3,1,0,2,4,7,6,9
2769,"A young man in a grassy park caught midair, upside down in the middle of flip.",A boy is playing with his dog.,0,1,0,1,1,1,2,1,0,4,2,0,0,2,0,0,0,1,0,2,1,0,2,1,0,4,4,0,2,4
2770,"Man with glasses and gray hair, sitting at desk on telephone, with piles of paper and a orange coffee cup.",A man is fishing in a boat on a lake.,0,1,0,1,1,1,1,1,0,0,1,0,1,8,0,0,0,1,0,2,1,0,2,1,0,2,4,7,6,4
2771,Two boys in swimming shorts are playing in the sea at the beach.,Two boys fight in the ocean.,0,0,0,2,0,2,2,0,2,4,2,2,0,7,7,0,1,0,2,1,0,2,1,0,2,1,1,5,7,7
2772,A red-haired lady reveals jarred food from underneath a blanket.,A lady is preparing a speech.,0,1,0,1,2,1,1,3,0,0,3,1,2,4,5,0,0,0,0,0,0,0,0,0,0,0,0,1,8,1
2773,"A girl, perhaps around five, wearing white shorts, red and white top and carrying a red balloon, is standing outside of a wooden building, looking inside.",the girl is asleep,0,1,0,1,2,1,2,3,0,4,2,1,2,4,6,0,0,0,0,2,0,0,0,0,0,4,0,6,5,6
2774,A small group of firefighters stand in all their firefighting attire and face masks while in front of a firetruck.,The firetruck is in the middle of the ocean.,0,0,0,2,0,2,0,0,2,2,0,2,9,6,1,0,1,0,0,0,0,0,3,0,0,3,0,1,3,0
2775,A college football and cal is kicking a field goal.,They are eating dinner.,0,0,0,2,0,2,0,0,2,2,0,2,9,6,1,0,0,1,0,2,1,0,2,1,0,4,4,7,2,4
2776,A man is skateboarding off a rail down brick stairs.,A man on a skateboard getting run over by a car.,0,1,0,1,1,1,1,1,0,0,1,0,8,1,0,0,0,1,0,0,1,0,3,1,0,2,4,7,6,9
2777,"this Man is Fishing around a bunch of Boats, He has n't Caught one, yet.",the man has caught a great white shark,0,1,0,1,1,1,1,1,0,0,1,0,1,8,0,0,0,1,0,0,1,0,3,1,0,2,4,7,6,9
2778,A man with short black hair and a gray shirt has shaving cream all over the bottom half of his face and is shaving off his beard.,A man washing his laundry .,0,1,0,1,1,1,1,1,0,0,1,0,1,8,0,0,0,1,0,2,1,0,2,1,0,2,4,7,6,9
2779,A blurry image of a crowded street.,The street is lifeless.,0,0,0,2,0,1,0,0,0,2,0,0,9,5,2,0,0,0,0,0,0,0,0,0,0,0,0,1,3,0
2780,A guy is grinding a rail over a tree on his snowboard.,The woman is riding a snowboard.,0,1,0,1,2,1,1,3,0,0,3,0,8,1,0,0,1,0,0,0,2,3,3,2,4,3,2,8,3,2
2781,Two dogs run through the brush.,The dogs are being brushed by their owner.,1,0,1,0,0,0,3,2,3,3,4,3,4,3,3,1,1,0,1,1,2,1,1,2,3,1,2,3,0,2
2782,A pole vaulter going over the top of the bar with a crowd watching on in the background.,The person hit the bar.,0,1,0,1,1,1,1,1,0,0,1,0,8,1,0,0,1,0,0,1,2,0,3,2,0,3,2,1,3,2
2783,A man in a green jacket smoking a cigarette throwing a small ball.,A woman is sleeping in a car.,0,1,0,1,2,1,1,3,0,0,3,0,1,4,0,0,0,1,0,2,1,0,2,1,0,4,4,7,2,4
2784,Three boys are playing soccer.,Three boys are sitting in the classroom frustrated by math problems.,0,0,1,2,0,0,2,0,1,4,2,4,0,7,8,0,0,0,0,0,0,0,3,0,0,0,0,1,3,0
2785,The person towards the right is wearing riot uniform while people seem to be filing out.,a peaceful protest takes place as police sit idly,0,0,0,2,0,2,0,0,2,2,0,2,9,5,1,0,1,0,0,0,2,0,0,2,0,0,2,7,3,2
2786,A man kissing a woman in a crowd.,A man kisses the woman while eating a sandwich.,0,1,0,2,0,2,0,0,2,2,0,2,9,6,1,0,1,0,0,1,0,0,1,0,0,0,0,1,0,0
2787,"A man wearing a blue and white plaid shirt is sitting at an outdoor restaurant table, looking at a menu while a waiter waits to take his order.",The man is sweeping the floor.,0,1,0,1,1,1,1,1,0,0,1,0,1,8,0,0,0,1,0,2,1,0,2,1,0,4,4,7,6,4
2788,"An elderly man in a white shirt looking at a webpage on his computer, in his office.",A woman in tights is playing games online.,0,1,0,1,2,1,1,3,0,0,3,0,2,4,0,0,0,1,0,2,1,0,2,1,0,4,4,1,8,4
2789,White man sits at a desk drinking coffee and writing things down.,a man is drinking beer and watching football,0,1,0,1,1,1,1,1,0,0,1,0,1,8,0,0,0,1,0,2,1,0,2,1,0,2,4,7,6,4
2790,A man and woman are at a catered dinner getting food.,A girl is eating McDonald's.,0,1,0,2,2,1,0,3,0,2,0,0,9,6,0,0,0,1,0,2,1,0,2,1,0,4,4,7,2,4
2791,A man is carrying a red drum on his head through a crowd while talking on his cellphone.,A guy is carrying a ball around while talking in the park.,0,1,0,1,1,1,1,1,0,0,1,0,1,8,0,0,1,0,0,0,2,0,3,2,0,2,2,1,1,2
2792,A man and a woman embracing and looking out at a green vista from the top of a grassy knoll.,The man is standing alone.,0,1,0,1,1,1,1,1,0,0,1,0,1,5,0,0,0,1,0,2,1,0,2,1,0,4,4,7,2,4
2793,A brown dog runs across a snowy field.,A white dog is at the beach.,1,1,1,0,2,0,3,2,3,3,4,3,5,3,3,1,0,0,1,0,0,1,2,3,1,4,3,2,9,3
2794,The trick bicyclist gets airborne off the ramp.,The trick skateboarder gets airborne off the ramp.,0,1,0,1,1,1,1,1,0,0,1,0,8,1,0,0,1,0,0,1,2,0,1,2,0,1,2,8,7,2
2795,A man in a wetsuit is surfing on a green surfboard.,A man is fishing from a boat.,0,1,0,1,1,1,1,1,0,0,1,0,1,8,0,0,0,1,0,0,1,0,2,1,0,2,4,7,6,9
2796,"A man in an orange shirt and a blond boy are riding with other people on a ""Pullman"" vehicle.",The boy has dark hair.,0,1,1,1,1,0,2,1,1,4,2,4,0,2,8,0,0,0,0,0,0,0,3,0,0,3,0,1,3,0
2797,A welder dressed in blue taking a water break.,A man is welding a piece of metal,0,1,0,1,1,1,1,1,0,0,1,0,1,8,0,0,0,0,0,0,0,0,3,0,0,2,0,7,1,0
2798,Yellow taxi cab moving across the bridge and huge buildings in the background.,The taxi cab is sitting in the garage with a flat tire.,0,1,0,2,0,1,0,0,0,2,0,0,9,5,2,0,0,1,0,2,1,0,2,1,0,4,4,7,3,4
2799,An Asian woman holds up her hands and the girl next to her watches.,The woman is holding a baby.,0,0,0,1,2,1,1,3,0,2,3,1,2,9,5,0,0,1,0,2,1,0,0,1,0,4,4,1,8,4
2800,A man in a lab coat wearing glasses and looking at a computer monitor.,Nobody is wearing glasses,0,1,0,1,1,1,0,1,0,2,1,0,9,5,2,0,0,1,0,0,1,0,2,1,0,4,4,7,3,4
2801,A man in a home kitchen is flipping a pancake extremely high.,A man is cooking hot dogs.,0,1,0,1,1,1,1,1,0,0,1,0,1,8,0,0,0,0,0,0,0,0,3,0,0,2,0,7,6,0
2802,"A group of adults and children in scout uniforms, some carrying English flags, gathers at a public event.",The people are holding American flags,0,0,0,2,0,2,0,0,2,2,0,2,9,6,1,0,1,0,0,0,2,0,0,2,0,0,2,1,0,2
2803,"A man wearing a dark suit and a red tie walks in front of a large, white, circular building and across a large set of concrete curved stairs.",A man in a dark suit runs toward the taxi in front of the white building.,0,1,0,1,1,1,1,1,0,0,1,0,1,8,0,0,1,0,0,1,2,0,3,2,0,3,2,7,1,2
2804,A disinterested young woman and an older man stand by a bar.,A woman is captivated by a man's advances.,0,1,0,2,2,1,0,3,0,2,3,1,9,4,5,0,0,1,0,0,1,0,0,1,0,0,4,1,3,4
2805,A parade of women in blue costumes walk down the street.,The women are wearing spider costumes.,0,0,0,2,0,1,0,0,0,2,3,1,2,9,5,0,1,0,0,0,2,0,3,2,0,3,2,1,5,2
2806,The white dog is running in the green grass.,A dog is sitting on the carpet.,1,1,1,0,2,0,3,2,3,3,4,3,5,3,3,1,0,0,1,0,0,1,2,3,1,4,3,2,9,3
2807,"A man wearing a green cap, green shirt and khaki pants is cooking over a fire in the forest",man is shooting,0,1,0,1,1,1,1,1,0,0,1,0,1,8,0,0,0,0,0,2,0,0,3,0,0,2,0,7,6,0
2808,Two kids hiding in the tall grass.,Two kids playing at the beach.,0,0,1,2,0,0,2,0,1,4,2,4,0,7,8,0,1,0,2,0,0,2,3,0,2,0,1,5,3,7
2809,"At a martial arts demonstration, a few men in white uniforms stand atop one another, doing stunts.",The men are meditating on the ground.,0,0,0,2,0,2,0,0,2,2,0,2,9,0,1,0,0,0,0,0,0,0,0,0,0,0,0,1,8,0
2810,A man is lying in the grass.,The man sleeping on a bench.,0,1,0,1,1,1,1,1,0,0,1,0,1,8,0,0,0,1,0,0,1,0,3,1,0,2,4,7,6,9
2811,the puppy is carrying a ball in its mouth.,The dog is sleeping on the ball.,1,1,1,0,2,0,3,2,3,3,4,3,5,3,3,1,1,0,1,1,2,1,3,2,1,3,2,2,9,2
2812,"Children standing, watching, and listening to a musician outside.",A musician is watching children sit.,0,0,1,2,0,0,2,0,1,4,2,4,0,7,8,0,1,0,2,1,2,2,1,2,2,1,2,5,7,2
2813,Two people are outside walking on their way to school.,A man helps a cow give birth.,0,1,0,1,0,1,0,0,0,2,0,0,9,6,0,0,0,1,0,2,1,0,2,1,0,4,4,7,2,4
2814,Woman getting her hair styled and cut.,Woman is getting her makeup done.,0,1,0,1,2,1,1,3,0,0,3,1,2,9,5,0,1,0,0,1,2,0,1,2,0,0,2,1,0,2
2815,An operator in a gold hard hat and orange vest sits hunched over on a large piece of John Deere equipment.,The woman takes cookies out of the oven.,0,1,0,1,2,1,1,3,0,0,3,0,2,4,0,0,0,1,0,2,1,0,2,1,0,4,4,7,2,4
2816,An Asian woman is in a rice paddy with packing boxes.,A man is  standing alone in a rice paddy.,0,1,0,1,1,1,1,1,0,0,1,0,1,8,0,0,1,0,0,1,0,0,3,0,0,3,0,7,3,0
2817,A baseball player in white swings for the ball as the player in brown is waiting to intercept.,There is a clown in red.,0,1,0,1,1,2,1,1,2,0,1,2,1,1,7,0,0,1,0,2,1,0,2,1,0,4,4,7,2,4
2818,A woman with sandals and green shirt carries supplies down the street.,A woman is shopping.,0,1,0,1,2,1,1,3,0,0,3,1,2,4,5,0,1,0,0,0,2,0,3,2,0,0,2,1,3,2
2819,Four men are walking up a trail.,A group of women swim in the nearby lake.,0,0,0,2,0,2,0,0,2,2,0,2,9,0,1,0,0,1,0,2,1,0,2,1,0,4,4,7,2,4
2820,Onlookers observe a man in a black t-shirt standing on the outside of a levee.,A man in a white shirt sits on a levee.,0,1,0,1,1,1,1,1,0,0,1,0,1,8,0,0,1,1,0,1,1,0,3,1,0,2,4,7,1,9
2821,"Three women, smoking cigarettes and playing cards, drinking at a bar.",Three women's mouths are empty.,0,0,0,2,0,1,0,0,0,2,0,1,9,5,5,0,0,0,0,0,0,0,3,0,0,0,0,1,3,1
2822,A woman stands in a sewing room.,The woman is outside.,0,1,0,1,2,1,1,3,0,0,3,1,2,4,5,0,0,0,0,0,0,0,0,0,0,0,0,1,8,1
2823,The nurse is all dressed in white walking on a street.,A nurse is sitting outside eating lunch.,0,1,0,1,2,1,1,3,0,0,3,0,2,4,0,0,1,1,0,0,1,0,3,1,0,0,4,1,3,9
2824,A group of Asian people shading their eyes and looking past the camera at something.,A group of Asians are looking down at the ground.,0,0,0,2,0,2,0,0,2,2,0,2,9,6,1,0,1,0,0,1,2,0,1,2,0,1,2,1,0,2
2825,A person skiing down a hill.,A puppy is sitting.,1,1,0,0,2,1,3,2,0,3,4,0,5,1,0,0,0,1,0,2,1,0,2,1,0,4,4,7,2,4
2826,"In front of a decorated Christmas tree, four adults and two children sit or stand amongst gifts, and one of the adults gives a child a drink of water.",The room the adults and children are in is bare of any decoration.,0,0,1,2,0,0,0,0,1,2,0,4,9,5,8,0,0,0,0,0,0,0,0,0,0,4,0,1,8,8
2827,A latina woman holds a blue sno-cone while standing behind various flavor-syrup pumps.,A woman is eating popcorn.,0,1,0,1,2,1,1,3,0,0,3,1,2,4,5,0,0,1,0,0,1,0,0,1,0,4,4,1,8,4
2828,A girl swings on a rope swing.,The girl is on a tire swing.,0,1,0,1,2,1,2,3,0,4,2,1,0,4,6,0,1,0,0,1,2,0,1,2,0,1,2,6,5,2
2829,mechanics preparing a plane for departure.,The people are working on a train.,0,0,0,2,0,2,0,0,2,2,0,2,9,6,1,0,1,0,0,0,0,0,0,0,0,0,0,1,0,0
2830,A smiling boy in an orange shirt and yellow shorts is standing in a dilapidated classroom with desks.,The boy in orange is sitting at a desk.,0,1,1,1,1,0,2,1,1,4,2,4,0,2,9,0,1,0,0,1,2,0,3,2,0,3,2,0,3,2
2831,A little boy with a messy face sitting on a colorful blanket.,The little boy is standing on the blanket.,0,1,1,1,1,0,2,1,1,4,2,4,0,2,9,0,1,0,0,1,2,0,3,2,0,3,2,0,7,2
2832,A man in a white shirt is playing tennis.,A man is scoring a touchdown.,0,1,0,2,1,2,2,1,2,1,1,2,3,8,7,0,0,1,0,0,1,0,3,1,0,2,4,7,6,9
2833,A woman in a kimono with a white umbrella stands near a second person.,One person is wearing a bathing suit while another is wearing a tuxedo.,0,0,0,2,0,2,0,0,2,2,0,2,9,6,1,0,0,0,0,0,0,0,0,0,0,0,0,1,3,0
2834,"Outdoor area crowded with jeeps packed with people, seen from behind.",The vehicles are trucks,0,0,0,2,0,1,0,0,0,2,0,0,9,6,0,0,1,0,0,1,2,0,1,2,0,0,2,1,0,2
2835,Two little dogs run in the field.,Two cats walk in the field.,1,0,1,0,0,0,3,2,3,3,4,3,4,3,3,1,1,0,1,0,2,1,3,2,3,0,2,3,3,2
2836,A group of people having their picture taken.,People ride a roller coaster at Disneyland.,0,0,0,2,0,2,0,0,2,2,0,2,9,6,7,0,0,0,0,2,0,0,2,0,0,4,0,1,8,8
2837,A woman and two children watch through the window as workers put tree branches into a wood chipper.,The woman is sitting next to three children,0,0,1,2,0,0,0,0,1,2,0,4,9,7,8,0,0,0,0,0,0,0,0,0,0,0,1,1,8,7
2838,"Two men are sitting at a table in a restaurant, one smoking and one reading a newspaper.",There are men standing outdoors,0,0,0,2,0,2,0,0,2,2,0,2,9,0,1,0,0,0,0,2,0,0,0,0,0,4,0,1,8,0
2839,A person on a BMX bike is riding on an outdoor course.,A person on a dragon is burning down a village.,0,1,0,1,1,1,1,1,0,0,1,0,8,1,0,0,0,1,0,2,1,0,0,1,0,4,4,7,8,4
2840,A person on a red street bikes rides through the parking lot.,A person is running through the parking lot.,0,1,0,1,1,1,1,1,0,0,1,0,1,1,0,0,1,0,0,1,0,0,3,0,0,3,0,1,3,0
2841,Man with gray shirt with a white name badge.,The man is a complete hermit.,0,1,0,1,1,1,1,1,0,0,1,0,1,8,0,0,0,1,0,2,1,0,2,1,0,2,4,7,6,9
2842,Two men of hispanic descent are working at the wood boards.,Two men are sleeping on the job.,0,0,0,2,0,1,0,0,0,2,0,0,9,0,2,0,0,0,0,0,0,0,0,0,0,0,0,1,3,0
2843,An older person and a small boy play in the sand near the water.,The older person and the boy are at home playing games.,0,0,0,2,0,2,2,0,2,4,2,2,0,7,7,0,0,0,0,2,0,0,2,0,0,4,1,7,3,7
2844,A man in a white shirt is working on a laptop while another man in a black shirt points to something on the screen with a pen.,There is only one person present.,0,1,0,1,1,1,1,1,0,2,1,0,9,5,0,0,0,1,0,2,1,0,2,1,0,4,4,7,6,9
2845,A medium sized dog is jumping to get a stick.,The cat is about to get the stick,1,1,1,0,2,0,3,2,3,3,4,3,7,3,3,1,1,0,1,1,2,1,1,2,0,1,2,1,9,2
2846,A group of children are petting a white dog on the grass.,a group of men run through the grass.,0,0,0,2,0,2,2,0,2,2,0,2,9,7,7,0,0,1,0,0,1,0,0,1,0,0,4,1,3,4
2847,"A girl red and white striped, one-sleeved outfit stands with her arms raised in the air.",The boy is wearing black.,0,1,1,1,1,0,2,1,1,4,2,4,0,2,9,0,0,1,0,2,1,0,2,1,0,4,4,7,2,4
2848,A young child in blue jeans and navy blue shirt rides a bike with training wheels.,A teenager does trick bike riding on a kids bike.,0,1,1,1,1,0,2,1,1,0,2,4,8,2,9,0,1,0,0,1,0,0,3,0,0,3,0,8,3,0
2849,"A group of nine people viewing a city, from an observation point, while some take pictures.",The nine people are camping in the woods.,0,0,0,2,0,2,0,0,2,2,0,2,9,6,1,0,0,1,0,2,1,0,2,1,0,4,4,7,8,4
2850,In the distance is two roadways with a median of trees and scooters.,The road is not joining.,0,0,0,2,0,1,0,0,0,2,0,0,9,1,2,0,1,0,0,1,0,0,1,0,0,1,0,1,0,0
2851,Kids jump in a bouncy castle.,Kids build a sand castle.,0,0,0,2,0,2,2,0,2,4,2,2,0,7,1,0,1,0,2,1,0,2,1,0,2,1,1,5,7,7
2852,A group of people standing on a hillside decorated with yellow flowers as fog rolls over a nearby mountainside.,People are swimming in a river.,0,0,0,2,0,2,0,0,2,2,0,2,9,6,1,0,0,1,0,2,1,0,2,1,0,4,4,1,8,4
2853,A bike racer following the racing trail uphill.,A toddler is riding a tricycle in his driveway.,0,1,0,1,1,1,1,1,0,0,1,0,8,1,0,0,0,0,0,2,0,0,2,0,0,4,0,1,8,0
2854,The children are playing on the trampoline.,Children are writing at the desks in a classroom.,0,0,1,2,0,0,2,0,1,4,2,4,0,7,8,0,0,0,2,0,0,2,0,0,2,4,1,5,3,7
2855,A skateboarder does a trick off a brown ramp while three other people watch.,A kid is bouncing a ball at the park.,0,1,1,1,1,0,2,1,1,4,2,4,0,1,9,0,0,1,0,2,1,0,2,1,0,4,4,7,2,4
2856,"A young boy slides down a blue slide with his eyes closed while a woman with sunglasses watches, smiling.",A young boy plays on the monkey bars on the jungle gym.,0,1,1,1,1,0,2,1,1,4,2,4,0,2,9,0,1,0,0,0,0,0,3,0,0,3,1,0,3,5
2857,A man is selecting tomatoes from a bin.,The woman is making a cake.,0,1,0,1,2,1,1,3,0,0,3,0,2,4,0,0,0,1,0,2,1,0,2,1,0,4,4,7,2,4
2858,A band is performing on stage.,A band is playing football.,0,0,0,2,0,2,0,0,2,2,0,2,6,0,4,0,1,0,0,0,0,0,0,0,0,0,0,1,0,0
2859,A man is describing stuff using chalk on a chalkboard.,The man is stuck in his car.,0,1,0,1,1,1,1,1,0,0,1,0,1,8,0,0,0,1,0,2,1,0,2,1,0,4,4,7,2,9
2860,A tall gray pole behind which a person wearing an orange shirt is perched on the wall and hiding his or her face with one hand.,a gray pole falls on an orange shirted person,0,1,0,1,1,1,1,1,0,0,1,0,8,1,0,0,1,0,0,1,2,0,1,2,0,1,2,1,7,2
2861,Four children are playing in the sand near the water's edge.,Four children are inside playing video games.,0,0,1,2,0,0,2,0,1,4,2,4,0,7,8,0,0,0,2,0,0,2,0,0,2,0,1,5,3,7
2862,A man in a gray suite looking at his phone.,A man in gray is sleeping.,0,1,0,1,1,1,1,1,0,0,1,0,1,8,2,0,1,0,0,1,2,0,3,2,0,3,2,7,1,2
2863,A red-uniformed hockey player is attempting to control the puck while two white-suited hockey players try to disrupt him.,Some people are in a rowboat.,0,0,0,2,0,2,0,0,2,1,0,2,3,6,7,0,0,1,0,2,1,0,2,1,0,4,4,7,2,4
2864,A man is climbing a rock formation.,A man is sitting below a rock formation.,0,1,0,1,1,1,1,1,0,0,1,0,1,8,0,0,1,0,0,1,2,0,3,2,0,1,2,7,1,2
2865,A group of people under the streetlights in the town.,A light shining down on a single person next to a road.,0,1,0,1,0,1,0,0,0,2,0,0,9,6,0,0,1,0,0,1,2,0,3,2,0,0,2,1,3,2
2866,"A performer wearing stilts, which are covered by her white pants, is walking in a parade.",The bearded lady is performing in a parade.,0,1,0,1,2,1,1,3,0,0,3,0,2,4,0,0,1,0,0,1,2,0,1,2,0,0,2,1,0,2
2867,A woman wearing hat is reading her book.,A man is reading 50 Shades of Grey.,0,1,0,1,2,1,1,1,0,0,1,1,2,8,5,0,0,0,0,0,0,0,0,0,0,0,0,1,3,0
2868,A person in a yellow helmet on a blue motorcycle is doing tricks.,A man plays poker with his friends.,0,1,0,1,1,1,1,1,0,0,1,0,1,1,0,0,0,0,0,2,0,0,2,0,0,4,0,7,2,0
2869,The woman in the brown shirt is watching the other woman dry her hair.,Some men are cooking dinner.,0,0,0,2,0,1,0,0,0,2,0,0,9,0,0,0,0,1,0,2,1,0,2,1,0,4,4,7,2,4
2870,"A man wearing a jacket, hat and jeans at a market",Nobody is at the market,0,1,0,1,1,1,0,1,0,2,1,0,9,5,2,0,0,1,0,0,1,0,3,1,0,3,4,7,3,4
2871,A group of children are waving a large cloth up and down.,There is only one child.,0,0,1,2,0,0,2,0,1,4,2,4,9,7,8,0,0,0,0,2,0,0,2,0,0,4,1,7,2,5
2872,Two people sit at a table under a tent as a third man stands near them.,Three women inside of a tent.,0,0,0,2,0,2,0,0,2,2,0,2,9,6,1,0,1,0,0,1,0,0,1,0,0,1,0,1,0,8
2873,Man in leather jacket holding glasses at laundromat.,A girl arriving at prom.,0,1,0,1,2,1,1,3,0,0,1,0,1,4,0,0,0,1,0,2,1,0,2,1,0,4,4,7,2,4
2874,A street vendor has a seat in the middle of his produce setup; he is talking on a cellphone.,a girl is selling ice cream,0,1,0,1,2,1,1,3,0,0,3,0,2,4,0,0,0,1,0,2,1,0,0,1,0,4,4,1,8,4
2875,People are skydiving.,People are climing up a mountain.,0,0,0,1,0,1,0,0,0,0,0,0,9,6,0,0,1,0,0,0,2,0,0,2,0,0,2,1,3,2
2876,A man with a tattoo on one arm and an ear of corn in the other looks at a woman in a yellow shirt.,There is a group of people having a formal dinner.,0,0,0,2,0,2,0,0,2,2,0,2,9,6,1,0,0,1,0,2,1,0,2,1,0,4,4,1,2,4
2877,"A man with a black, white and red motorcycle jacket and jeans walks next to a man with a black jacket and jeans.",the man is running fast,0,1,0,1,1,1,1,1,0,0,1,0,1,8,0,0,0,1,0,2,1,0,2,1,0,4,4,7,6,4
2878,A few people with a girl standing up in the center wearing a green dress,A girl is sitting in the floor alone.,0,1,0,1,2,1,1,3,0,4,2,1,2,5,6,0,0,1,0,2,1,0,0,1,0,4,4,6,5,4
2879,A white-bearded man rides a bike next to a city bus.,A man have black beared.,0,1,0,1,1,1,1,1,0,0,1,0,1,8,0,0,0,0,0,0,0,0,3,0,0,2,0,7,1,0
2880,People ride skateboards on a road.,The people are riding elephants.,0,0,0,2,0,2,0,0,2,2,0,2,9,6,1,0,0,0,0,0,0,0,0,0,0,0,0,1,8,0
2881,"A biker, dressed in black, is walking down a pathway to his bike.",A biker rides past a crash.,0,1,1,1,1,0,1,1,1,0,1,4,8,1,9,0,1,0,0,1,0,0,3,0,0,3,0,8,3,0
2882,Two people are on top of the bed of a truck.,Two people ride in the cab.,0,0,0,2,0,1,0,0,0,2,0,0,9,6,0,0,1,0,0,1,0,0,3,0,0,0,0,1,0,0
2883,Two people jogging with water on one side and green leafy trees on the other.,Two people are rowing a boat.,0,0,0,2,0,2,0,0,2,2,0,2,9,6,1,0,0,1,0,0,1,0,0,1,0,0,4,1,8,4
2884,A baseball player wearing a Houston uniform is about to throw a baseball in a stadium while spectators watch.,A baseball player walks off the mound in an empty stadium.,0,1,0,2,1,2,2,1,2,1,1,2,3,1,7,0,1,0,0,1,0,0,3,0,0,3,0,9,3,0
2885,Two men posing for a picture at night.,A man sits on a park bench drinking beer.,0,1,0,1,1,1,0,1,0,0,1,0,1,8,0,0,0,0,0,2,0,0,2,0,0,2,0,7,6,0
2886,A woman standing near a bike rack.,The woman feel from the sky and landed in a quicksand pit.,0,1,0,1,2,1,1,3,0,0,3,0,2,9,0,0,0,0,0,2,0,0,0,0,0,4,0,1,8,1
2887,A boy in striped swim shorts is jumping in the air over a water play area.,A boy sits in his classroom on the last day of school.,0,1,1,1,1,0,2,1,1,4,2,4,0,2,9,0,0,0,0,2,0,0,2,0,0,4,1,0,8,5
2888,"A man with a white rag over the lower portion of his face, wearing a black shirt, that looks to be bleeding, or have blood on the rag.",The man is washing his face in the sink.,0,1,0,1,1,1,1,1,0,0,1,0,1,8,0,0,0,0,0,0,0,0,3,0,0,2,0,7,6,0
2889,"A woman is watching her stone on the ice, while a man in the background is looking down and holding a stick.",Nobody is watching the ice.,0,0,0,1,0,1,0,0,0,0,0,0,9,5,2,0,0,1,0,0,1,0,0,1,0,0,4,7,3,4
2890,Two men with tool belts are fastening a sign to a building.,the men are asleep in the motel,0,0,0,2,0,1,0,0,0,2,0,0,9,0,2,0,0,0,0,2,0,0,2,0,0,4,0,1,2,0
2891,Children fishing off a bridge,The children are playing tag in the field.,0,0,1,2,0,0,2,0,1,4,2,4,0,7,8,0,1,0,2,0,0,2,3,0,2,3,1,5,3,7
2892,A girl holding a phone is sitting next to a boy wearing a black hat.,The children are chasing an ice cream truck.,0,0,1,2,0,0,2,0,1,4,2,4,0,7,8,0,0,1,0,2,1,0,2,1,0,4,4,7,2,4
2893,A little boy is kicking up his feet in the water.,A little girl is kicking up her feet in the water.,0,1,1,1,2,0,2,3,1,4,2,4,0,2,9,0,1,0,0,1,2,0,1,2,0,1,2,0,7,2
2894,"A man wearing a bright, multi-color helmet is sitting on a motorcycle.",kids are sitting in house.,0,1,0,1,1,1,1,1,0,0,2,0,1,2,0,0,0,1,0,2,1,0,2,1,0,4,4,7,2,4
2895,A woman wearing a short dress and high heels walking in front of two men carrying a large bottle while walking beside a white car.,A group of all women sitting on a couch talking,0,0,0,2,0,1,0,0,0,2,3,0,2,9,2,0,0,1,0,2,1,0,2,1,0,4,4,1,2,4
2896,"Two men dressed in orange robes cross a busy city intersection filled with cars, trucks, and motor vehicles.",The two men are crossing a quiet urban neighborhood.,0,0,0,2,0,1,0,0,0,2,0,0,9,0,2,0,0,0,0,0,2,0,0,2,0,0,2,1,3,2
2897,A young girl in pink standing next to a pile of plastic bottles.,A young girl sitting on a hill surrounded by flowers.,0,1,0,1,2,1,2,3,0,4,2,1,2,4,6,0,1,0,0,0,0,0,0,0,0,0,0,6,5,6
2898,Two children in swimming goggles having a water gun fight.,Two children are fist fighting on the moon.,0,0,1,2,0,0,2,0,1,4,2,4,0,7,8,0,1,1,2,0,1,2,0,1,2,0,4,5,3,4
2899,"A person in a plain shirt, jeans, a hard hat and yellow gloves puts some sticks onto the back of a yellow machine.",The person is swimming in a pool.,0,1,0,1,1,1,1,1,0,0,1,0,1,1,0,0,0,1,0,2,1,0,2,1,0,4,4,7,8,4
2900,A man wearing sunglasses is sitting in a small vehicle.,man at work,0,1,0,1,1,1,1,1,0,0,1,0,1,8,0,0,0,0,0,2,0,0,3,0,0,2,0,7,6,0
2901,A woman is holding a bird while sitting in a flowering tree.,A woman shoveling snow from her driveway.,0,1,0,1,2,1,1,3,0,0,3,1,2,4,5,0,0,0,0,0,0,0,0,0,0,4,0,7,8,1
2902,The brown dog is running towards a blue and yellow tube.,A cat is running.,1,1,1,0,2,0,3,2,3,3,4,3,7,3,3,0,0,1,0,0,1,0,3,1,0,0,4,7,3,4
2903,"Three people leap across a tarp, with a jungle background.",The people are walking.,0,0,0,2,0,2,0,0,2,2,0,2,9,6,1,0,0,0,0,0,0,0,0,0,0,0,0,1,8,8
2904,A muzzled greyhound leaps over grassy ground.,The greyhound is running through the building.,1,1,1,0,2,0,3,2,3,3,4,3,5,3,3,1,0,1,1,0,1,1,3,1,1,3,4,2,9,4
2905,The attractive lady in the blue blouse is walking.,the attractive lady is wearing a red blouse,0,1,0,1,2,1,1,3,0,0,3,1,2,4,5,0,1,0,0,1,0,0,1,0,0,1,0,1,0,1
2906,The lady in the short black skirt is walking with a lady in a short striped dress.,Two women are sitting on a bench.,0,0,0,2,0,1,0,0,0,2,3,1,2,9,5,0,0,0,0,0,0,0,0,0,0,0,0,1,5,1
2907,The skateboarder is turning around while holding onto the ground.,A man is sleeping.,0,1,0,1,1,1,1,1,0,0,1,0,1,8,2,0,0,1,0,2,1,0,2,1,0,4,4,7,4,4
2908,a skateboarder is airborne in front of some low brick buildings.,A person is sleeping in bed.,0,1,0,1,1,1,1,1,0,0,1,0,1,5,2,0,0,1,0,2,1,0,2,1,0,4,4,7,4,4
2909,A man on a motorcycle is silhouetted by the sunset.,At noon a man sits on a moped.,0,1,0,1,1,1,1,1,0,0,1,0,8,1,0,0,1,0,0,1,0,0,3,0,0,3,0,7,1,0
2910,A dog runs in a field.,The dog is sleeping.,1,1,1,0,2,0,3,2,3,3,4,3,5,3,3,1,0,0,1,2,0,1,2,3,1,4,3,2,9,3
2911,A father and a son are tucked tightly together while sleeping.,A mother and a son are tucked tightly together while sleeping.,0,0,0,2,0,2,2,0,2,4,0,2,0,7,1,0,1,0,2,1,2,2,1,2,2,1,2,5,7,2
2912,A group of young children kick around a ball on a field with a body of water in the background.,The children are playing video games.,0,0,1,2,0,0,2,0,1,4,2,4,0,7,8,0,0,0,2,0,0,2,0,0,2,0,1,5,3,7
2913,Two volleyball players dressed in red and white about to hit a volleyball.,Two players are on the baseball field.,0,0,0,2,0,2,2,0,2,1,0,2,3,0,7,0,1,0,0,0,0,0,0,0,0,0,0,9,3,0
2914,A man is asleep on the ground near two bank machines.,A man is not sleeping for 5 years.,0,1,0,1,1,1,1,1,0,0,1,0,1,8,0,0,0,1,0,0,1,0,3,1,0,2,4,7,6,9
2915,Teenagers walk down a tree-lined city street.,Teenagers are walking through a forest.,0,0,0,2,0,2,0,0,2,2,2,2,9,7,1,0,1,0,0,1,0,0,1,0,0,1,0,1,7,8
2916,A boy in a helmet is riding his tricycle down a grassy gravel path beside a fence.,A boy crashed his bikee,0,1,1,1,1,0,1,1,1,0,2,4,8,2,9,0,1,0,0,0,0,0,3,0,0,3,1,0,3,5
2917,Soccer player kicks ball off tee as coach looks on.,The player kicks the golf ball.,0,1,0,2,1,2,2,1,2,1,1,2,3,1,7,0,1,1,0,1,1,0,1,1,0,1,4,1,0,9
2918,two men grapple up a waterfall.,Some men are watching a ship.,0,0,0,2,0,2,0,0,2,2,0,2,9,0,1,0,0,0,0,2,0,0,0,0,0,4,0,1,8,0
2919,A man studying for his exams outside a bookstore,The man is sleeping,0,1,0,1,1,1,1,1,0,0,1,0,1,8,2,0,0,1,0,2,1,0,2,1,0,4,4,7,6,9
2920,An Asian man walking down an alley talking on his cellphone with brightly colored fabric behind him.,A white man runs away from the fabric district.,0,1,0,1,1,1,1,1,0,0,1,0,1,8,0,0,0,1,0,2,1,0,2,1,0,4,4,7,6,9
2921,Two men hold an oversized check being presented to a children's aids charity.,Two men walking down street,0,0,0,2,0,2,0,0,2,2,0,2,9,0,1,0,0,0,0,0,0,0,0,0,0,0,0,1,8,0
2922,A female is throwing a javelin while a cameraman records her.,Woman throws spear at guy to get it on Youtube.,0,1,0,1,2,1,1,3,0,0,3,1,2,4,5,0,1,0,0,0,2,0,3,2,0,0,2,1,3,2
2923,A man skiing down a hill and over a red obstacle.,A man skiing down a hill and crashing into a tall tree.,0,1,0,1,1,1,1,1,0,0,1,0,8,1,0,0,1,0,0,1,2,3,1,2,4,1,2,4,7,2
2924,A man dressed in black on the beach sitting under a red umbrella.,A man is riding in a car.,0,1,0,1,1,1,1,1,0,0,1,0,1,8,0,0,0,1,0,2,1,0,2,1,0,2,4,7,6,9
2925,"Three female swimmers sit next to a starting block with their legs in the water and their caps, goggles and swimming suits on.",Three swimmers are swimming laps in the pool.,0,0,0,2,0,2,0,0,2,2,0,2,9,6,1,0,1,0,0,1,2,0,1,2,0,1,2,1,0,2
2926,Three construction men are working.,The men are sleeping.,0,0,0,2,0,1,0,0,0,2,0,0,9,0,2,0,0,0,0,0,0,0,0,0,0,0,0,1,8,0
2927,"Four young boys perform in their band, singing and playing guitar and bass.",Four boys are drinking water.,0,0,1,2,0,0,2,0,1,4,2,4,0,7,8,0,1,0,2,1,0,2,1,0,2,1,1,5,7,7
2928,A guitar band is playing on stage.,a band hanging around some ones apartment.,0,0,0,2,0,2,0,0,2,2,0,2,6,6,4,0,0,0,0,0,0,0,0,0,0,0,0,1,3,0
2929,An elderly woman in a blue shirt speaks with a male with her hands on her hips.,The woman in the red shirt is singing!,0,1,0,1,2,1,1,3,0,0,3,1,2,4,5,0,0,0,0,0,0,0,0,0,0,0,0,1,8,1
2930,Two women in bikinis are enjoying the ocean.,The ocean is stormy with large waves and fast winds.,0,0,0,2,0,2,0,0,2,2,0,2,9,6,7,0,1,0,0,0,0,0,3,0,0,0,0,1,3,1
2931,"Several men, including one in a uniform with a white hat, are looking down a busy street as a pedestrian and pedaled passenger vehicle go by.",A man in a uniform wears a blue had while standing with a group of wemon.,0,0,0,1,1,1,0,0,0,0,0,0,9,6,0,0,0,0,0,0,0,0,0,0,0,0,0,1,5,0
2932,Little girl dressing up in a dark purple jacket and large sunglasses.,The little girl is naked.,0,1,0,1,2,1,1,3,0,4,2,0,2,4,0,0,0,0,0,2,0,0,0,0,0,4,1,6,5,5
2933,Two women with dark hair holding umbrellas are running while crossing the street during a storm.,Two women are shopping at a grocery store.,0,0,0,2,0,1,0,0,0,2,3,1,2,9,5,0,0,0,0,0,0,0,0,0,0,4,0,1,8,1
2934,A group of young people dances with enthusiasm with their partners.,young people sing karaoke,0,0,0,2,0,2,0,0,2,2,0,2,6,7,4,0,1,0,0,0,0,0,0,0,0,0,0,1,0,0
2935,Man and boy wearing life jacket in water posing for a picture,The woman was hiking all day.,0,0,0,2,0,2,0,3,2,2,3,2,9,9,1,0,0,1,0,2,1,0,2,1,0,4,4,7,2,4
2936,A man in a leather coat waits with another at a bus stop.,The man is alone,0,1,0,1,1,1,1,1,0,0,1,0,1,8,0,0,0,1,0,2,1,0,2,1,0,2,4,7,6,9
2937,Two young women posing for a picture,A girls are sleeping in a bunk bed.,0,0,0,2,0,1,2,0,0,4,2,0,2,7,2,0,0,1,0,2,1,0,2,1,0,4,4,1,8,4
2938,An African American youth sleeps on the ground outside.,The Asian boy was eating at Panda Express.,0,1,1,1,1,0,2,1,1,4,2,4,0,2,9,0,0,0,0,2,0,0,2,0,0,4,1,7,2,5
2939,"Several people sitting in blue-grey chairs, the man in the center is wearing a black suit jacket.",The people are sitting in red leather chairs.,0,0,0,2,0,2,0,0,2,2,0,2,9,6,1,0,1,0,0,1,2,0,3,2,0,1,2,7,0,2
2940,A group of people hold on to a long skinny object.,No one is holding on to an object,0,0,0,2,0,1,0,0,0,2,0,0,9,5,2,0,0,0,0,0,0,0,0,0,0,0,0,1,3,8
2941,Three dogs running in a field.,Three dogs sleep in their doghouse.,1,0,1,0,0,0,3,2,3,3,4,3,4,3,3,1,0,0,1,0,0,1,3,3,3,0,3,3,3,3
2942,Several people are enjoying a cigarette near an ashtray.,The people are not smokers.,0,0,0,2,0,1,0,0,0,2,0,0,9,6,0,0,1,0,0,0,0,0,0,0,0,0,0,1,0,8
2943,Young brunette figure skater photographed in mid twirl in her white skaters outfit,The young brunette figure skater wore a red skaters outfit.,0,1,0,1,2,1,1,3,0,0,2,0,2,4,0,0,1,0,0,1,2,0,1,2,0,1,2,1,7,2
2944,Six spectators watching a dirt racing car pass by in a cloud of dust.,The race car is broken down today.,0,0,0,1,0,1,0,0,0,2,0,0,9,6,0,0,1,0,0,0,0,0,3,0,0,0,0,1,3,0
2945,A man and a woman are in the city smiling.,A couple are dancing at a club.,0,0,0,2,0,2,0,0,2,2,0,2,9,6,4,0,0,0,0,0,0,0,0,0,0,0,0,1,8,0
2946,A man in a bleeding flag shirt poses in a jump in front of city buildings.,The man is laying down by the pool.,0,1,0,1,1,1,1,1,0,0,1,0,1,8,0,0,0,1,0,2,1,0,2,1,0,4,4,7,6,9
2947,A man desperately tries to put out a fire.,A cow escapes through the barn door,0,1,0,1,1,1,1,1,0,0,1,0,1,8,0,0,0,1,0,2,1,0,2,1,0,4,4,7,2,4
2948,"A black, brown and white dog with his tongue out is in the snow","The black, brown and white dog is swimming.",1,1,1,0,2,0,3,2,3,3,4,3,5,3,3,1,1,0,1,0,0,1,3,3,1,3,3,2,9,3
2949,"Father in white shirt and khaki shorts tenderly kisses his son, seen wearing a dark red shirt and denim pants, on the head as they share a quiet moment while sitting in the doorway of a van.",A father and son are sitting in a sedan.,0,0,0,2,0,2,0,0,2,2,0,2,9,6,1,0,1,0,0,1,2,0,3,2,0,3,2,1,1,2
2950,A woman in a black dress stands next to a pink bicycle.,A man in black is riding a pink bicycle.,0,1,0,1,1,2,1,1,2,0,1,2,8,1,1,0,1,0,0,1,0,0,3,0,0,3,0,1,3,0
2951,A couple in a red canoe paddle down a rough river lined with trees.,The canoe is blue.,0,0,0,2,0,2,0,0,2,2,0,2,9,6,1,0,1,0,0,1,2,0,3,2,0,3,2,1,3,2
2952,"A baseball catcher stands ready to catch a throw, while his team looks on.",The catcher is taking his science exam.,0,1,0,2,1,2,2,1,2,1,1,2,3,1,7,0,1,0,0,1,0,0,1,0,0,1,0,1,5,6
2953,A young man and woman are standing close together in a shadow in an alley.,There were two people walking towards one another in the bright sunshine.,0,0,0,2,0,2,0,0,2,2,0,2,9,6,1,0,0,1,0,0,1,0,0,1,0,0,4,1,3,4
2954,Four children are having a pillow fight.,The kids are at an amusement park.,0,0,0,2,0,2,2,0,2,4,2,2,0,7,7,0,0,0,2,0,0,2,0,0,2,0,1,5,3,7
2955,A shirtless running man wearing neon yellow sports shorts makes a heart with his hands.,A lady in yellow shorts chases her dog.,0,1,0,1,2,1,1,3,0,0,3,0,2,4,0,0,0,1,0,2,1,0,2,1,0,4,4,7,2,4
2956,A man sitting on a stool next to cages.,A man standing next to cages.,0,1,0,1,1,1,1,1,0,0,1,0,1,8,0,0,1,0,0,1,2,0,1,2,0,1,2,7,1,2
2957,A man holding a can in a waterfall.,The man is in the desert.,0,1,0,1,1,1,1,1,0,0,1,0,1,8,0,0,0,1,0,0,1,0,2,1,0,2,4,7,6,9
2958,Two men converse along the sidewalk.,Two men are in their cars.,0,0,0,2,0,1,0,0,0,2,0,0,9,0,0,0,0,0,0,0,0,0,0,0,0,0,0,1,8,0
2959,A man in jeans and a blue long-sleeved shirt is on his phone while leaning on the edge of a building.,The man is sleeping.,0,1,0,1,1,1,1,1,0,0,1,0,1,8,2,0,0,1,0,2,1,0,2,1,0,4,4,7,6,9
2960,A crowd is gathered around a man watching a performance.,A group of people protesting.,0,0,0,2,0,2,0,0,2,2,0,2,9,6,1,0,0,0,0,0,0,0,0,0,0,0,0,1,0,8
2961,A woman wearing a gas mask is sitting behind a sewing machine sewing.,There is a women getting ready to sow,0,1,0,1,2,1,1,3,0,0,3,1,2,4,5,0,1,0,0,0,0,0,0,0,0,0,0,1,3,1
2962,A dancer in a black costume leaps while holding a purple balloon.,a dancer sits down by the pool,0,1,0,1,2,1,1,3,0,0,1,0,1,4,0,0,0,0,0,2,0,0,0,0,0,4,0,1,8,1
2963,A crying man looking at a motorcycle and another man in jean shorts sits in a white plastic chair in front of a bungalow store open for business.,"Two men, a motorcycle and a chaire inside a garage.",0,0,0,1,0,1,0,0,0,2,0,0,9,0,0,0,1,0,0,1,0,0,3,0,0,3,0,1,1,0
2964,A man in a suit and an officer smile for the camera.,Two women are sharing a soda.,0,0,0,2,0,2,0,0,2,2,0,2,9,0,1,0,0,1,0,2,1,0,2,1,0,4,4,1,2,4
2965,"Two men walk down a stone stairway, one is riding a unicycle.",The family is playing cards.,0,0,0,2,0,1,0,0,0,2,0,0,9,0,0,0,0,1,0,2,1,0,2,1,0,4,4,7,2,4
2966,A fat white boy in a tank top swings at a checkered black and white punching bag at a carnival while people look on and walk by in the background.,The boy is swinging at a friend.,0,1,1,1,1,0,2,1,1,4,2,4,0,2,9,0,1,0,0,0,0,0,3,0,0,3,1,0,3,5
2967,A man with a beard reclines in the snow.,There's a man with a mustache sitting in the grass.,0,1,0,1,1,1,1,1,0,0,1,0,1,8,0,0,1,0,0,1,2,0,3,2,0,2,2,7,1,2
2968,Two cute and well-dressed Asian kids are standing next to a tree.,A family of four poses next to a tree.,0,0,1,2,0,0,2,0,1,4,0,4,0,7,8,0,1,1,0,1,1,0,1,1,0,3,4,1,3,4
2969,A couple in their wedding attire stand behind a table with a wedding cake and flowers.,Two people hate standing next to each other,0,0,0,2,0,2,0,0,2,2,0,2,9,6,1,0,0,0,0,0,0,0,0,0,0,0,0,1,8,0
2970,A man is cooking food inside of a wagon.,A man is sitting outside a wago.,0,1,0,1,1,1,1,1,0,0,1,0,1,8,0,0,0,0,0,0,0,0,3,0,0,2,0,7,6,0
2971,A police officer is monitoring a by stander while guarding a building.,The two people are both laying down.,0,0,0,2,0,2,0,0,2,2,0,2,9,6,1,0,0,1,0,2,1,0,2,1,0,4,4,7,2,4
2972,A woman in a yellow coat is looking at something with the man next to her.,Two women are buying groceries.,0,0,0,2,2,1,0,3,0,2,3,0,2,9,0,0,0,1,0,2,1,0,0,1,0,4,4,1,8,4
2973,Tanned Asian man in jean shorts jogs down a street.,Two women running up a hill,0,1,0,1,2,2,1,3,2,0,3,2,9,4,7,0,0,1,0,2,1,0,2,1,0,4,4,7,2,4
2974,two men playing guitars in an empty room.,Two men are punching each other.,0,0,0,2,0,2,0,0,2,2,0,2,9,0,1,0,0,0,0,0,0,0,0,0,0,0,0,1,8,0
2975,A girl in a butterfly dress waves to the camera while riding along in a parade.,The girl is running with her butterfly net.,0,1,0,1,2,1,2,3,0,4,2,1,2,4,6,0,1,1,0,0,1,0,0,1,0,0,4,1,5,9
2976,A man in a brown button up shirt is heating a material in a work station.,There is a man quitting his job,0,1,0,1,1,1,1,1,0,0,1,0,1,8,0,0,0,0,0,0,0,0,3,0,0,2,0,7,6,0
2977,A girl wearing a jacket and scarf is playing on the beach.,A girl is playing in a casino,0,1,0,1,2,1,2,3,0,4,2,0,2,4,0,0,1,0,0,0,0,0,0,0,0,0,0,6,5,0
2978,"A little boy, dressed in black, kneeling down and looking up in the camera.",A boy is doing back flips on Pluto.,0,1,1,1,1,0,2,1,1,4,2,4,0,2,9,0,0,0,0,0,0,0,3,0,0,3,1,0,3,5
2979,One horse presses its nose to another horse in a field,The horses are in the stable,0,0,0,2,0,1,0,0,0,2,0,0,4,0,0,0,1,0,0,1,2,0,1,2,0,1,2,1,7,2
2980,A rock band is performing in a concert hall with hexagonal roof panels.,A musical group practicing in a garage.,0,0,0,2,0,2,0,0,2,2,0,2,6,6,4,0,1,0,0,0,0,0,0,0,0,0,0,1,3,0
2981,"An old man in a tan, puffy vest is making chocolate chip cookies.",An old man is sitting on the couch watching TV.,0,1,0,1,1,1,1,1,0,0,1,0,1,8,0,0,0,1,0,0,1,0,3,1,0,4,4,7,6,9
2982,A man with a helmet is using an ATM.,A child holds up the bank.,0,1,1,1,1,0,1,1,1,0,1,4,0,2,9,0,0,0,0,0,0,0,3,0,0,0,0,1,3,0
2983,The child has a necklace on and is in the water.,The child has a bracelet on and is sleeping near the water,0,1,1,1,2,0,2,3,1,4,2,4,0,2,9,0,1,0,0,1,2,0,1,2,0,1,2,7,7,2
2984,A man mountain biking and performing dangerous tricks.,A man is taking a walk.,0,1,0,1,1,1,1,1,0,0,1,0,1,8,0,0,0,1,0,2,1,0,2,1,0,2,4,7,6,9
2985,A lady sleeps while seated in a yellow chair.,My Grandfather is watching television on his favorite chair.,0,1,0,1,1,1,1,1,0,0,1,0,1,8,0,0,0,1,0,0,1,0,3,1,0,0,4,7,3,4
2986,a man on the sea.,A man of the land.,0,1,0,1,1,1,1,1,0,0,1,0,1,8,0,0,1,1,0,0,1,0,3,1,0,2,4,7,1,9
2987,A blond-haired man with glasses wears a makeshift cape while pointing up.,The man is naked underwater.,0,1,0,1,1,1,1,1,0,0,1,0,1,8,0,0,0,0,0,2,0,0,2,0,0,4,0,7,2,0
2988,A boy in an orange shirt holds hands with an adult as he walks with a group of other children down a street.,Two runners in blue t-shirts hold hands.,0,0,0,2,0,1,0,0,0,2,0,0,9,6,0,0,1,0,0,0,0,0,0,0,0,0,0,1,3,0
2989,The black cup sitting on the black saucer resembles a top hat.,The cup and saucer look like a baseball cap.,0,1,0,1,2,1,1,1,0,0,1,0,1,1,0,0,1,0,0,1,2,0,1,2,0,1,2,1,7,2
2990,Oriental man reading a sheet at a convention.,The oriental man is a zombie.,0,1,0,1,1,1,1,1,0,0,1,0,1,8,0,0,0,0,0,0,0,0,3,0,0,2,0,7,6,0
2991,Two women and two boys dressed in pink stand outside a shop selling brightly colored clothing.,A group of people are walking around at the zoo.,0,0,0,2,0,2,0,0,2,2,0,2,9,6,1,0,0,0,0,2,0,0,0,0,0,4,0,1,8,8
2992,A man with a leather jacket listening to music.,A man is sleeping.,0,1,0,1,1,1,1,1,0,0,1,0,1,8,2,0,0,1,0,2,1,0,2,1,0,4,4,7,6,9
2993,A female athlete is racing ahead in a jogging suit and tennis shoes.,The female athlete is sitting.,0,1,0,1,2,1,1,3,0,0,3,1,2,4,5,0,1,0,0,0,0,0,0,0,0,0,0,1,3,1
2994,"A man wearing a gray jacket, black shirt, and gray pants is standing by a grill on a deck on a cloudy evening.",The snow falls as a man stands on his deck.,0,1,0,1,1,1,1,1,0,0,1,0,1,8,0,0,1,0,0,1,2,0,1,2,0,1,2,7,1,2
2995,"An oriental woman with her fist raised in the air, other oriental people around her, and a black Moped beside her.",The oriental women has her hands by her side while surrounded by Japanese people.,0,1,0,1,2,1,0,3,0,2,3,0,2,9,0,0,1,0,0,1,2,0,1,2,0,1,2,1,0,2
2996,A male officer in uniform is singing into a microphone.,the bird is green,0,1,0,1,1,1,1,1,0,0,1,0,1,1,0,0,0,1,0,2,1,0,2,1,0,4,4,7,2,4
2997,"The little ballerinas are all wearing white bows, dresses and leggings.",A group of girls are playing soccer.,0,0,0,2,0,2,2,0,2,2,2,2,9,7,7,0,0,1,0,0,1,0,0,1,0,0,4,1,8,4
2998,A boy in a striped shirt plays the trumpet.,The girl plays the violin.,0,1,0,1,2,2,1,3,2,0,2,2,6,2,4,0,0,0,0,0,0,0,0,0,0,0,0,7,8,0
2999,A woman in construction gear drilling a hole into a rock marked with blue boxes near a hill.,A woman in sandals and a bikini uses a drill.,0,1,0,1,2,1,1,3,0,0,3,0,2,4,0,0,1,0,0,1,2,0,1,2,0,1,2,1,0,2
3000,A woman wearing a Little Mermaid costume stands in front of a bright red phone booth.,boy eats many cookies,0,1,0,1,2,1,1,3,0,0,2,0,2,2,0,0,0,1,0,2,1,0,2,1,0,4,4,7,2,4
3001,The Man and the Woman are talking with one another each carrying a child on a stroller.,A man and woman are walking their dog while silently staring ahead.,0,0,0,2,0,2,0,0,2,2,0,2,9,6,1,0,0,1,0,0,1,0,0,1,0,0,4,1,8,4
3002,A chinese man doing work on a sign,A man is playing volleyball.,0,1,0,1,1,1,1,1,0,0,1,0,1,8,0,0,0,1,0,2,1,0,2,1,0,4,4,7,6,4
3003,The player in the white baseball uniform is sliding into the base while the opposing player in gray uniform tries to tag him out.,The players are playing soccer.,0,0,0,2,0,2,2,0,2,1,0,2,3,0,7,0,0,0,0,0,0,0,0,0,0,0,0,9,3,0
3004,Four people are holding an american flag in the middle of a bunch of people.,Four people are holding a flag.,0,0,0,2,0,2,0,0,2,2,0,2,9,6,1,0,1,0,0,1,2,0,1,2,0,1,2,1,0,2
3005,People dancing in front of instructor,Everyone is laying down taking a nap.,0,0,0,2,0,1,0,0,0,2,0,0,9,5,0,0,0,1,0,2,1,0,2,1,0,4,4,7,2,4
3006,Two men in cots hanging from a cliff,Two men running on a road.,0,0,0,2,0,2,0,0,2,2,0,2,9,0,1,0,0,0,0,0,0,0,0,0,0,0,0,1,8,0
3007,"Boys and men, mostly all wearing helmets, hang on to two separate cars while they ride skateboards.",Boys and men are playing baseball.,0,0,0,2,0,2,2,0,2,1,0,2,3,0,7,0,0,0,0,0,0,0,0,0,0,0,0,1,8,8
3008,Children enjoy an abundance of bubbles coming from a nearby fountain while someone captures the moment.,A mother is looking at ducks in a pond.,0,0,0,2,0,1,2,0,0,4,2,0,0,7,0,0,0,0,0,2,2,0,2,2,0,4,2,7,2,2
3009,"A young, blond boy in a Transformers shirt raises both hands in front of him, showing all 10 fingers.",The boy is asleep.,0,1,1,1,1,0,2,1,1,4,2,4,0,2,9,0,0,0,0,2,0,0,2,0,0,4,1,0,8,5
3010,a dog swimming in the water with a stick in its mouth,A dog sleeps on a couch.,1,1,1,0,2,0,3,2,3,3,4,3,5,3,3,1,0,0,1,2,0,1,2,3,1,4,3,2,9,3
3011,"Young man with red stains on face, with two women, posing in black clothing.",They are all dressed in white.,0,0,0,2,0,2,0,0,2,2,0,2,9,6,1,0,0,0,0,0,0,0,0,0,0,0,0,1,8,0
3012,A young woman is stirring something in a pot while a young boy wearing a flowered apron stands by her.,A young lady applies makeup.,0,1,0,1,2,1,1,3,0,0,3,1,2,4,5,0,0,1,0,0,1,0,0,1,0,0,4,1,3,4
3013,A woman and two men looking in different directions.,They are looking the same way.,0,0,0,2,0,2,0,0,2,2,0,2,9,6,1,0,1,0,0,1,2,0,1,2,0,1,2,1,0,2
3014,A man is climbing a rock wall.,The man is taking a nap next to a rock wall.,0,1,0,1,1,1,1,1,0,0,1,0,1,8,0,0,1,0,0,1,2,0,3,2,0,2,2,7,1,2
3015,A horse or mule is pulling a man in a cart down a paved road.,A man is driving a pickup truck.,0,1,0,1,1,1,1,1,0,0,1,0,9,8,0,0,0,1,0,0,1,0,3,1,0,2,4,1,3,4
3016,A gas station with many parked cars.,Many parked cars are at the grocery store.,0,0,0,1,0,1,0,0,0,2,0,0,9,6,0,0,1,0,0,1,2,0,1,2,0,1,2,1,7,2
3017,Two kids playing in the snow.,The snow is playing with kids.,0,0,1,2,0,0,2,0,1,4,2,4,0,7,8,0,1,0,2,1,2,2,1,2,2,1,2,5,7,2
3018,Three construction workers wearing white hats and neon green vests stand against boating rail while a bridge and city sit in the background.,Three workers take a break and drink beer,0,0,0,2,0,2,0,0,2,2,0,2,9,0,1,0,1,0,0,0,0,0,3,0,0,0,0,1,0,0
3019,A picture of a live duck on profile with head turned toward the camera in front of three younger children walking in the camera's direction.,A duck is planning to escape.,0,1,0,1,2,1,1,0,0,0,2,0,9,1,0,0,1,0,0,1,2,0,1,2,0,1,2,1,7,2
3020,"A young kid is walking down a slanted, concrete wall as a few people watch.",The child is completely alone.,0,1,1,1,2,0,2,1,1,4,2,4,0,5,9,0,0,1,0,2,1,0,2,1,0,4,4,7,2,4
3021,"Rock band Def Leppard, pictured counterclockwise include Rick Savage, Vivian Campbell, Joe Elliot, and Phil Collen, looking up to drummer Rick Allen on an elevated stage platform during a concert performance.",Nobody on stage,0,0,0,2,0,2,0,0,2,2,0,2,6,5,4,0,0,0,0,0,0,0,0,0,0,0,0,1,3,0
3022,"A dog approachs a small creature in a barren, snowy field.",A dog is playing in the lake.,1,1,1,0,2,0,3,2,3,3,4,3,5,3,3,1,0,0,1,0,0,1,3,3,1,3,3,2,9,3
3023,A man in a white shirt pulls a line out of the water.,A man is sitting in a grassy area.,0,1,0,1,1,1,1,1,0,0,1,0,1,8,0,0,0,1,0,2,1,0,2,1,0,2,4,7,6,9
3024,A woman with a peace symbol on her shirt grills vegetables,A woman is baking a cake in the oven.,0,1,0,1,2,1,1,3,0,0,3,0,2,4,0,0,0,1,0,2,1,0,2,1,0,4,4,7,8,4
3025,A large green metal ball is in a plaza.,A large ball is being raised onto a roof.,0,1,0,2,2,2,2,1,2,4,1,2,1,1,1,0,1,0,0,1,2,0,3,2,0,3,2,1,7,2
3026,"Two black, brown and white dogs run along the countryside with white sheep in the background.",Seven cows graze in the countryside with sheep in the background.,1,0,1,0,0,0,3,2,3,3,4,3,4,3,3,1,1,0,1,1,0,1,1,3,3,1,3,3,0,3
3027,A person wearing scuba gear is swimming underwater water.,one dog sleeps,1,1,0,0,2,1,3,2,0,3,4,0,5,5,0,0,0,1,0,2,1,0,2,1,0,4,4,7,2,4
3028,Three men in team uniforms are surrounding a yellow dog in a boat.,2 girls on a hill with a cat,0,0,1,2,0,0,0,0,3,2,0,3,4,0,3,0,0,1,0,2,1,0,2,1,0,4,4,7,2,4
3029,A child with blond curly hair crying.,Child smiling at her mother,0,1,0,1,2,1,2,3,0,4,2,1,0,2,5,0,0,0,0,0,0,0,0,0,0,0,1,1,3,5
3030,three people sit at a table at a conference about the business of care,The three people were playing a game of poker at the table.,0,0,0,2,0,2,0,0,2,2,0,2,9,6,1,0,1,1,0,0,1,0,0,1,0,0,4,1,0,4
3031,A man with a cigarette and queen of cards costume,The man in the sea.,0,1,0,1,1,1,1,1,0,0,1,0,1,8,0,0,0,1,0,0,1,0,3,1,0,2,4,7,6,9
3032,Dog catching red ball in a field.,There are a bunch of dogs playing with a ball in the street.,1,1,1,0,2,0,3,2,3,3,4,3,7,3,3,1,1,0,1,0,0,1,3,3,1,3,3,2,9,3
3033,A man walks though an arch.,A girl sleeps on a bench.,0,1,0,1,1,1,1,1,0,0,1,0,1,4,0,0,0,1,0,2,1,0,2,1,0,4,4,7,2,4
3034,A Police Officer riding his bicycle.,A burglar grabs a bike.,0,1,0,1,1,1,1,1,0,0,1,0,8,1,0,0,0,1,0,0,1,0,3,1,0,3,4,8,3,4
3035,A woman running through a grassy area with a brown and black dog.,The dog is cutting the grass.,1,1,1,0,2,0,3,2,3,3,4,3,5,3,3,0,0,1,0,0,1,0,2,1,0,4,4,1,9,4
3036,A three person band performs on a small stage.,A few people are lifting weights.,0,0,0,2,0,2,0,0,2,2,0,2,6,6,4,0,0,0,0,0,0,0,0,0,0,0,0,1,8,8
3037,Man in black jacket holding newspaper.,A man in a red jacket is holding a dog.,0,1,0,1,1,1,1,1,0,0,1,0,1,8,0,0,1,0,0,1,2,0,3,2,0,2,2,7,1,2
3038,An older man in a baseball cap,The man was in his early 20s.,0,1,0,1,1,1,1,1,0,0,1,0,1,8,0,0,1,0,0,0,0,0,3,0,0,2,0,7,1,0
3039,A lady in a blue dress singing.,A lady is sitting in silence.,0,1,0,1,2,1,1,3,0,0,3,1,2,9,5,0,0,0,0,0,0,0,0,0,0,4,0,1,8,1
3040,A teacher is giving a lecture.,The teacher is sitting at the back of the room.,0,1,0,1,1,1,0,1,0,2,1,0,1,8,0,0,1,0,0,0,2,0,3,2,0,3,2,1,3,2
3041,An athlete riding a green dirt bike around a curve on the track.,A person is in a wheelchair.,0,1,0,1,1,1,1,1,0,0,1,0,8,1,0,0,0,0,0,0,0,0,0,0,0,4,0,1,5,0
3042,A teenager singing in a band.,The teenager is not singing.,0,1,1,2,2,0,0,1,1,2,2,4,6,5,8,0,1,0,0,1,2,0,3,2,0,3,2,1,5,2
3043,A man climbs up a sheer wall of ice.,a womna climbs,0,1,0,1,1,1,1,1,0,0,1,0,8,1,0,0,1,0,0,0,2,0,3,2,0,3,2,7,3,2
3044,A dog playing in some water.,The dog would not go into the water.,1,1,1,0,2,0,3,2,3,3,4,3,5,3,3,1,1,0,1,0,0,1,3,3,1,3,3,2,9,3
3045,The gal wearing the black sunglasses and blue jean jacket is smiling.,The girl looks angry.,0,1,0,1,2,1,1,3,0,4,3,0,2,4,0,0,0,0,0,2,0,0,2,0,0,4,0,7,8,1
3046,Hikers resting and taking pictures of scenery.,The people are in a house.,0,0,0,2,0,2,0,0,2,2,0,2,9,6,1,0,0,0,0,2,0,0,0,0,0,4,0,1,8,8
3047,Two climbers are sitting on top of a mountain attached to ropes.,Climbers repelling down a mountain.,0,0,0,1,0,1,1,0,0,0,0,0,8,0,0,0,1,0,0,1,2,0,1,2,0,1,2,1,7,2
3048,Girl in pigtails playing with a camera tripod while a woman watches with a coffee cup.,The family poses for a picture taken by the daughter.,0,0,0,1,2,1,2,3,0,4,2,0,2,4,0,0,0,1,0,0,1,0,0,1,0,0,4,1,3,4
3049,"There is a dog laying on the floor and another standing over him, licking his ear.",Animals have a fight.,1,0,1,0,0,0,3,2,3,3,4,3,4,3,3,1,1,0,1,0,0,1,3,3,3,0,3,3,9,3
3050,A young boy rides a bike down a snow covered road.,The boy is riding in the desert.,0,1,1,1,1,0,2,1,1,4,2,4,0,2,9,0,1,0,0,0,0,0,3,0,0,3,1,0,3,5
3051,It seems like this man is preparing to bake something.,A man is preparing to kill a chicken.,0,1,0,1,1,1,1,1,0,0,1,0,1,8,0,0,1,0,0,0,0,0,3,0,0,2,0,7,1,0
3052,A man on stage singing wearing a hat that says' wasted'.,the man is wearing a burka,0,1,0,1,1,1,1,1,0,0,1,0,1,8,0,0,0,0,0,2,0,0,2,0,0,2,0,7,6,0
3053,a child in a helmet and gloves on a skateboard is airborne,A grown man is riding his bike in a tournament.,0,1,0,1,1,1,1,1,0,0,1,0,8,1,0,0,0,1,0,2,1,0,2,1,0,4,4,7,2,4
3054,A man is sitting on a paddle boat waiting for someone to join him on the water.,A man is standing in a motorboat.,0,1,0,1,1,2,1,1,2,0,1,2,1,8,1,0,1,1,0,0,1,0,3,1,0,2,4,7,1,9
3055,A man dressed up for a Martial Arts demonstration.,A woman is shopping at the mall.,0,1,0,1,2,1,1,3,0,0,3,0,2,4,0,0,0,1,0,2,1,0,2,1,0,4,4,7,2,4
3056,A family of two woman and a young child sits on the grass in a park in front of three young girls.,A family of two men and a boy sits on the roof of a building,0,0,0,2,0,2,0,0,2,2,0,2,9,6,1,0,1,0,0,0,0,0,0,0,0,0,0,1,3,8
3057,A man with red-hair dressed in a reflective jacket leans against a wooden railing.,There is a man standing next to a railing.,0,1,0,1,1,1,1,1,0,0,1,0,1,8,0,0,1,0,0,1,2,0,1,2,0,1,2,7,1,2
3058,A guy in a costume.,A guy in normal clothes.,0,1,0,1,1,1,1,1,0,0,1,0,1,8,0,0,1,0,0,1,0,0,1,0,0,2,0,7,1,0
3059,A woman with a fairy tattoo on her back is carrying a purse with a red floral print.,The woman is jogging.,0,1,0,1,2,1,1,3,0,0,3,1,2,9,5,0,0,0,0,0,0,0,0,0,0,0,0,1,8,1
3060,A gray-haired man wearing a dark gray suit and blue tie partially extends his arms in front of his body.,A man has his arms by his side.,0,1,0,1,1,1,1,1,0,0,1,0,1,8,0,0,1,0,0,1,2,0,1,2,0,2,2,7,1,2
3061,The six people are in a blue raft in the water and one person flew out of the raft.,The river basin is empty.,0,0,0,2,0,1,0,0,0,2,0,0,9,5,2,0,0,1,0,2,1,0,2,1,0,4,4,7,2,4
3062,A person in jeans and a blue sweatshirt aims a camera while standing near a crowd of people.,A person in jeans and a blue sweatshirt aims a camera while sitting on a chair.,0,1,0,1,1,1,1,1,0,0,1,0,1,1,0,0,1,0,0,1,2,0,1,2,0,1,2,1,1,2
3063,A blond girl sits with her instrument looking off in the distance.,Two boys are marching with instruments.,0,0,0,1,0,2,1,0,2,0,2,2,6,7,4,0,0,1,0,2,1,0,2,1,0,4,4,7,2,4
3064,A young woman working in a factory.,Nobody is working,0,1,0,2,2,1,0,3,0,2,3,0,9,5,2,0,0,0,0,0,0,0,2,0,0,4,0,7,3,0
3065,A boy with a cap and a blue tee is joggling three balls.,A girl is throwing balls on the ground.,0,1,1,1,2,0,2,3,1,4,2,4,0,2,9,0,0,0,0,0,0,0,3,0,0,0,0,7,3,0
3066,Two men talking to an older lady (one with a red hat and black shirt and the other with a brown jacket.,Two men and the older lady are all sleeping.,0,0,0,2,0,1,0,0,0,2,0,0,9,5,2,0,0,0,0,0,0,0,0,0,0,0,0,1,8,8
3067,"A male passenger listens to an iPod, while riding a train.",A male is dancing on the dance floor.,0,1,0,1,1,1,1,1,0,0,1,0,1,8,0,0,0,1,0,0,1,0,3,1,0,2,4,7,6,9
3068,A group of people sit in the snow overlooking a mountain scene.,People are doing cartwheels in the dry summer field.,0,0,0,2,0,2,0,0,2,2,0,2,9,6,1,0,0,0,0,2,0,0,2,0,0,4,0,1,8,8
3069,A person chopping wood in the winter.,A man planting trees.,0,1,0,1,1,1,1,1,0,0,1,0,1,8,0,0,0,0,0,0,2,0,3,2,0,2,2,7,6,2
3070,The young gymnast's supple body soars above the balance beam.,The girl is riding her bicycle.,0,1,0,1,2,1,1,3,0,0,2,0,8,4,0,0,0,0,0,2,0,0,2,0,0,4,0,8,5,0
3071,A worker in safety clothes is standing up on the wooded edge of the construction.,The worker is naked,0,1,0,1,1,1,1,1,0,0,1,0,1,5,2,0,0,0,0,0,0,0,3,0,0,0,0,7,3,0
3072,A young asian boy wearing cargo pants stretches on the railing to a bridge.,A young boy jumps off the bridge.,0,1,1,1,1,0,2,1,1,4,2,4,0,2,9,0,1,0,0,1,0,0,1,0,0,3,1,0,7,5
3073,"A man dressed completely in red, white, and blue, with a flag shirt, flag shorts, and an Uncle Sam hat, poses for a picture at an outdoor fair.",The man is walking on a tight rope between the tallest buildings in New York.,0,1,0,1,1,1,1,1,0,0,1,0,1,8,0,0,0,1,0,2,1,0,2,1,0,4,4,7,6,9
3074,A white dog standing in a pool of water high in the mountains.,A dog is running around in a mountain,1,1,1,0,2,0,3,2,3,3,4,3,5,3,3,1,1,0,1,1,0,1,3,3,1,3,3,2,9,3
3075,Colorfully dressed jockeys riding their horses in a race.,There are jockeys dressed in black and white.,0,0,0,2,0,1,0,0,0,2,0,0,4,0,0,0,1,0,0,1,2,0,1,2,0,1,2,1,7,2
3076,Two men walking down a dirt path.,two people are riding bikes,0,0,0,2,0,1,0,0,0,2,0,0,9,0,0,0,0,1,0,0,1,0,0,1,0,0,4,1,8,4
3077,A man is on a bicycle lifted off of the ground attached to a pole.,a giraffe stands,0,1,0,1,1,1,1,1,0,0,1,0,8,1,0,0,0,1,0,2,1,0,2,1,0,4,4,7,2,4
3078,A man in light colored clothing photographs a group of men wearing dark suits and hats standing around a woman dressed in a strapless gown.,A man in dark clothing is taking pictures.,0,1,0,1,1,1,1,1,0,0,1,0,1,8,0,0,1,0,0,1,0,0,1,0,0,1,0,1,1,0
3079,A young boy sitting at a desk is writing upon some paper in his hand barefoot and surrounded by other desks and blinds covering the windows behind him.,A young man is trying out for his baseball team.,0,1,0,1,1,1,2,1,0,4,2,0,0,2,0,0,0,0,0,0,0,0,2,0,0,4,0,7,3,0
3080,A little boy is serving tea to four dolls which are seated around a small table as a little girl stands nearby watching.,Some adults are doing taxes.,0,0,1,2,0,0,0,0,1,2,0,4,9,6,8,0,0,1,0,2,1,0,2,1,0,4,4,7,8,4
3081,A man is playing a guitar next to another man who is sitting behind a green cart wearing a mask.,a woman is playing banjo.,0,1,0,2,2,2,0,3,2,2,3,2,6,4,4,0,0,0,0,2,0,0,2,0,0,4,0,7,2,0
3082,Small girl in tunnel.,There is a dog trapped in the tunnel,0,1,0,1,2,1,1,2,0,4,2,0,2,4,0,0,1,0,0,1,2,0,1,2,0,1,2,0,7,2
3083,A boy plays with sand near green grass.,A boy cutting grass in the playground,0,1,1,1,1,0,2,1,1,4,2,4,0,2,9,0,1,0,0,0,0,0,3,0,0,3,1,0,3,5
3084,"A little boy is pulling a wagon through an empty, grassy field.",A team of mules pull a wagon.,0,0,0,2,0,1,2,0,0,2,2,0,9,2,0,0,1,0,0,1,2,0,3,2,0,3,2,1,3,2
3085,A man is standing in front of a cart.,A man is sitting in front of a cart.,0,1,0,1,1,1,1,1,0,0,1,0,1,8,0,0,1,0,0,1,2,0,1,2,0,1,2,1,1,2
3086,Constructions workers work on a railroad.,Workers sitting on tracks.,0,0,0,2,0,2,0,0,2,2,0,2,9,0,1,0,1,0,0,1,0,0,1,0,0,1,0,1,0,0
3087,A person riding a motorcycle is dressed in orange.,The person is riding in his sedan.,0,1,0,1,1,1,1,1,0,0,1,0,1,1,0,0,0,1,0,2,1,0,2,1,0,2,4,7,6,9
3088,Three kids are resting after playing football,The kids are sitting in the bench.,0,0,1,2,0,0,2,0,1,4,2,4,0,7,8,0,0,0,2,0,0,2,0,0,2,0,1,5,3,7
3089,Muay thai fighters competing in a ring.,A lone tree in the middle of an empty desert.,0,0,0,2,0,1,0,0,0,2,0,0,9,5,0,0,0,1,0,2,1,0,2,1,0,4,4,7,2,4
3090,An individual in blue pants is standing on a step ladder while two others look in the same direction as the man on the ladder.,A man is sitting.,0,1,0,1,1,1,1,1,0,0,1,0,1,8,0,0,0,1,0,2,1,0,2,1,0,2,4,7,6,9
3091,"A dog runs down the street, carrying a newspaper.",A dog chasing a ball on a beach.,1,1,1,0,2,0,3,2,3,3,4,3,5,3,3,1,1,0,1,0,0,1,3,3,1,3,3,2,9,3
3092,man washing the windows of a skyscraper,A man sleeping.,0,1,0,1,1,1,1,1,0,0,1,0,1,8,2,0,0,1,0,2,1,0,2,1,0,4,4,7,6,9
3093,Two men in hard hats attempt to help as a third man works on a big white machine.,The machine is painted blue.,0,1,0,1,1,1,1,1,0,0,1,0,1,0,0,0,0,0,0,0,0,0,3,0,0,2,0,7,1,0
3094,A dog stands on a bench while snow is falling.,A dog contemplating the quantum xeno effect in the snow.,1,1,1,0,2,0,3,2,3,3,4,3,5,3,3,1,1,0,1,1,0,1,3,3,1,3,3,2,9,3
3095,A group of people on the side of a busy street.,The street is empty and has no pedestrians.,0,0,0,2,0,1,0,0,0,2,0,0,9,5,2,0,0,0,0,2,0,0,2,0,0,4,0,1,2,0
3096,A man and woman stand next to a table covered in beer glasses and pitchers.,The man and woman are at a preschool.,0,0,0,2,0,2,0,0,2,2,0,2,9,6,1,0,0,1,0,2,1,0,0,1,0,4,4,1,8,4
3097,Two small dogs run across the green grass.,Two large dogs run across the sidewalk.,1,0,1,0,0,0,3,2,3,3,4,3,4,3,3,1,1,0,1,1,0,1,1,3,3,1,3,3,0,3
3098,A young man is walking around a theme park while a line of people waits for a ride in the background.,A guy seated in the restaurant to eat sandwich.,0,1,0,1,1,1,1,1,0,0,1,0,1,8,0,0,0,1,0,2,1,0,2,1,0,4,4,7,6,4
3099,A man is playing an interment in a concert,The man is sleeping,0,1,0,1,1,1,1,1,0,0,1,0,1,8,2,0,0,1,0,2,1,0,2,1,0,4,4,7,6,9
3100,A man with a black shirt and black pants doing a trick on a skateboard.,A man wearing a white shirt is riding a bike.,0,1,0,1,1,1,1,1,0,0,1,0,1,8,0,0,0,0,0,0,0,0,3,0,0,2,0,7,6,0
3101,a lone climber wearing a white helmet climbing a wall.,A climber is wearing a blue helmet,0,1,0,1,1,1,1,1,0,0,1,0,8,1,0,0,1,0,0,1,2,0,1,2,0,1,2,7,7,2
3102,A female tennis player on a blue court prepares to hit the ball.,The tennis player is at the bowling alley.,0,1,0,2,2,2,2,3,2,0,3,2,3,4,7,0,1,0,0,1,0,0,3,0,0,0,0,1,3,1
3103,Three construction men on a beam working with high rises in the background.,Three construction men are taking a lunch break.,0,0,0,2,0,2,0,0,2,2,0,2,9,0,1,0,0,0,0,0,0,0,0,0,0,0,0,1,3,0
3104,Three women and a little girl play with a small puppy.,Woman chasing a dog away by throwing stones.,1,0,0,0,2,1,3,2,0,3,4,1,5,9,5,0,0,0,0,0,0,0,0,0,0,4,0,1,8,1
3105,Two male dancers dressed in blue shirts and black pants perform a routine in front of six women sitting beside them.,Some women are dancing in front of a group.,0,0,0,2,0,1,0,0,0,2,0,1,9,0,5,0,1,0,0,0,0,0,0,0,0,0,0,1,5,0
3106,A person is skiing in deep snow.,Three ladies wait for lunch at a restaurant.,0,1,0,1,2,1,1,3,0,0,3,0,8,4,0,0,0,1,0,2,1,0,2,1,0,4,4,7,2,4
3107,Two hip hop dancers perform a move showing off their strength and balance.,A pool party.,0,0,0,2,0,1,0,0,0,2,0,0,9,6,0,0,0,1,0,2,1,0,2,1,0,4,4,1,2,4
3108,A man on a speed motorcycle rides on a track.,The man stands on the bleachers.,0,1,0,1,1,1,1,1,0,0,1,0,1,1,0,0,0,0,0,2,0,0,2,0,0,4,0,7,6,0
3109,"These are ladies and a man, in a bar, passing out something in a basket.",People are walking along the beach.,0,0,0,2,0,2,0,0,2,2,0,2,9,6,1,0,0,0,0,2,0,0,0,0,0,4,0,1,8,8
3110,Two men are giving shoeshines in an outdoor setting.,Two people relaxing after work.,0,0,0,2,0,2,0,0,2,2,0,2,9,0,1,0,0,0,0,0,0,0,0,0,0,0,0,1,8,0
3111,"A man, a woman with a child in a stroller on a crowded street.",The people are sitting in a park.,0,0,0,2,0,2,0,0,2,2,0,2,9,6,1,0,0,0,0,2,0,0,0,0,0,4,0,1,8,8
3112,Girls playing tug-of-war in mud and water.,Girls are playing hide and seek.,0,0,0,2,0,1,2,0,0,4,2,1,2,7,6,0,1,0,0,0,2,0,3,2,0,0,2,6,5,2
3113,A group of dogs runs beside a pond through a field.,Nothing is running.,1,0,0,0,0,1,3,2,0,3,4,0,4,5,2,1,0,0,1,2,2,1,2,2,3,4,2,3,6,2
3114,A young adult reads a book at the laundromat as he waits for his laundry to be done.,The man slept while his laundry was being washed.,0,1,0,1,1,1,1,1,0,0,1,0,1,8,0,0,1,0,0,0,2,0,3,2,0,0,2,7,3,2
3115,Three men wearing life jackets being lowered into the ocean from a large ship in a small orange task boat.,There are two women jumping in a pool.,0,0,0,2,0,2,0,0,2,2,0,2,9,0,7,0,0,0,0,2,2,0,2,2,0,4,2,1,2,2
3116,Group of men play musical instruments outdoors.,The women are dancing and singing.,0,0,0,2,0,2,0,0,2,2,0,2,6,0,4,0,0,1,0,2,1,0,2,1,0,4,4,1,2,4
3117,A man wearing an Illinois t-shirt is looking at a camera while a girl is aiming her foot at his face and another man is making an odd face in the background.,The camera is from the vatican.,0,0,0,1,0,1,1,0,0,0,0,0,1,6,0,0,0,0,0,0,0,0,0,0,0,0,0,1,3,0
3118,A body boarder with yellow flippers gets thrown around by a wave.,no body boarder is there,0,1,0,1,1,1,1,1,0,0,1,0,8,1,0,0,1,0,0,0,0,0,3,0,0,3,0,1,5,6
3119,"Man in dark business suit, sitting by a marble water fountain, wearing eyeglasses and talking on his cellphone with newspaper on his lap.",A man running a marathon.,0,1,0,1,1,1,1,1,0,0,1,0,1,8,0,0,0,1,0,2,1,0,2,1,0,4,4,7,6,4
3120,A man writes a note while sitting next to a crate and a bike.,The man on a treadmill at the gym.,0,1,0,1,1,1,1,1,0,0,1,0,1,8,0,0,0,0,0,2,0,0,2,0,0,4,0,7,6,0
3121,A man stopped at an intersection riding a scooter.,There is a group of scooters.,0,1,0,1,1,1,1,1,0,0,1,0,8,1,0,0,1,0,0,1,2,0,3,2,0,3,2,1,3,2
3122,"Open, scatteredly placed umbrellas, fill an exit to a room with black trim doors while a blurry individual looks directly into the camera.",the room was perfectly cleaned for the guests arrival,0,1,0,1,0,1,0,0,0,2,0,0,9,5,0,0,0,0,0,2,0,0,2,0,0,4,0,7,2,0
3123,A British military man is raising his hat.,A British military man sleeping next to a dog.,0,1,0,1,1,1,1,1,0,0,1,0,1,8,0,0,1,0,0,0,0,0,3,0,0,2,0,7,1,0
3124,"An older, caucasian man puts a gray sock on his left foot while sitting in the sand.",The man is swimming in the ocean with his wife,0,1,0,1,1,2,1,1,2,0,1,2,1,8,1,0,0,1,0,2,1,0,2,1,0,4,4,7,2,4
3125,A very thin person is directing traffic in a very congested urban area.,Only a few dozen people live here.,0,1,0,1,1,2,0,1,2,2,1,2,9,1,1,0,0,0,0,2,0,0,2,0,0,4,0,7,8,8
3126,A girl in a wheelchair with a red and white shirt has red dots all over her face.,The girl is running with a polka dot shirt on.,0,1,0,1,2,1,2,3,0,4,2,1,2,4,6,0,1,0,0,0,0,0,0,0,0,0,0,6,5,6
3127,A man is sleeping on a bench while others are sitting up on the same bench.,The man is teaching a class.,0,1,0,1,1,1,1,1,0,0,1,0,1,8,0,0,0,1,0,2,1,0,2,1,0,2,4,7,6,9
3128,A brown dog is carrying a wet stick on the shore of the ocean.,The dog is white.,1,1,1,0,2,0,3,2,3,3,4,3,5,3,3,1,0,0,1,0,0,1,3,3,1,3,3,2,9,3
3129,Two men in white robes standing in front of a crowd of people.,two guys play twister on mars,0,0,0,2,0,2,0,0,2,2,0,2,9,0,1,0,0,1,0,2,1,0,2,1,0,4,4,7,8,4
3130,Children and adults play with a sprinkler.,There are no adults near the children,0,0,1,2,0,0,2,0,1,4,2,4,0,7,8,0,0,0,2,0,0,2,0,0,2,0,1,5,3,7
3131,A cat sitting next to a person who has black pants and pink flip-flops on.,A dog is sitting next to a man in jeans.,0,1,0,1,1,1,1,1,0,0,1,0,1,8,0,0,1,0,0,1,2,0,1,2,0,1,2,1,1,2
3132,A young boy in a green shirt wearing a blue harness stares at a white dog in a red harness while taking a walk.,The boy is walking a cat.,1,1,1,0,1,0,3,2,3,3,2,3,7,2,3,0,0,0,0,0,0,0,0,0,0,3,1,0,3,5
3133,A band performs on stage with 4 members visible 2 with guitars or bass one with a microphone only.,The band is performing on grass.,0,0,0,2,0,2,0,0,2,2,0,2,6,6,4,0,1,0,0,1,0,0,1,0,0,1,0,1,0,0
3134,A dog wearing a green sweater and backpack running in the snow,The dog is looking in the sand.,1,1,1,0,2,0,3,2,3,3,4,3,5,3,3,1,0,0,1,0,0,1,3,3,1,3,3,2,9,3
3135,An electrician is working to install wires upon a pole on a roof.,Someone installed wires in a kitchen.,0,1,0,1,1,1,1,1,0,0,1,0,1,1,0,0,1,0,0,1,2,0,3,2,0,3,2,7,1,2
3136,"A woman in a knit cap and green coat its on a stone block, looking out.",A child in a bright red coat sits on a bench waiting for the schoolbus.,0,1,1,1,2,0,1,3,1,0,2,4,2,4,9,0,0,1,0,2,1,0,2,1,0,4,4,7,2,4
3137,A skateboarder catches air over a dumpster as one friend observes and the other friend jests.,a kid does a cartwheel in a gym,0,1,0,1,1,1,2,1,0,4,2,0,0,2,0,0,0,0,0,2,0,0,2,0,0,4,0,7,5,8
3138,A woman with pink hair is outside wearing a green coat and a scarf with hearts on it.,Woman sits at home with the flu.,0,1,0,1,2,1,1,3,0,0,3,0,2,9,2,0,0,0,0,2,0,0,2,0,0,4,0,7,8,1
3139,A woman standing with her back toward the viewer has a plush toy in her hood.,A woman sewing a toy.,0,1,0,1,2,1,1,3,0,0,3,1,2,4,5,0,1,0,0,0,2,0,3,2,0,3,2,1,1,2
3140,a man in a gray uniform sliding into a base,A man scores a touchdown.,0,1,0,2,1,2,2,1,2,1,1,2,3,8,7,0,0,1,0,2,1,0,2,1,0,2,4,7,6,4
3141,A very ripped girl holds a large barbell on her shoulder in a gym.,The woman is fat and out of shape.,0,1,0,1,2,1,1,3,0,0,3,1,2,4,5,0,1,0,0,0,2,0,3,2,0,0,2,7,3,2
3142,A group of people stand below black and white patterned decorations.,The group is dancing at the party.,0,0,0,2,0,2,0,0,2,2,0,2,9,6,1,0,0,1,0,2,1,0,2,1,0,4,4,1,8,4
3143,A group of people are riding bikes across a bridge.,A group run a marathon.,0,0,0,2,0,2,0,0,2,2,0,2,9,6,7,0,0,0,0,0,0,0,0,0,0,0,0,1,5,0
3144,a person wearing sunglasses is dressed as the statue of liberty,a guy had some tea at a restaurant,0,1,0,1,1,1,1,1,0,0,1,0,1,8,0,0,0,0,0,2,0,0,2,0,0,4,1,7,6,7
3145,A football kicker attempts to make a field goal.,The football player is playing baseball.,0,1,0,2,1,2,2,1,2,1,1,2,3,1,7,0,0,0,0,0,0,0,0,0,0,4,0,7,8,0
3146,A homeless man is sitting in a building.,A man is standing out on the sidewalk,0,1,0,1,1,1,1,1,0,0,1,0,1,8,0,0,0,1,0,2,1,0,2,1,0,2,4,7,6,9
3147,"Cheerleaders, wearing blue shirts and black shorts, dancing in a gym.",Cheerleaders are eating small children,0,0,0,2,0,2,2,0,2,2,0,2,9,7,7,0,0,0,0,0,0,0,0,0,0,0,0,1,3,0
3148,A man in sweatpants walking along a shore.,The symphony conductor raises his baton to indicate the start of the playing.,0,1,0,1,1,1,1,1,0,0,1,0,1,1,0,0,0,1,0,2,1,0,2,1,0,4,4,7,2,4
3149,Men in orange vest lower or raise another man into or out of the water.,The people are sitting on a couch drinking coffee.,0,0,0,2,0,2,0,0,2,2,0,2,9,0,1,0,0,1,0,2,1,0,2,1,0,4,4,7,2,4
3150,"A man dressed in blue jeans, green shirt and red vest putting up Christmas stockings.",a man is looking at the desert,0,1,0,1,1,1,1,1,0,0,1,0,1,8,0,0,0,1,0,2,1,0,2,1,0,4,4,7,2,4
3151,A blond woman giving a piggyback ride to a blond girl in a pink coat and headphones.,two girls are sleeping in their bedroom,0,0,0,1,0,1,2,0,0,4,2,0,2,9,2,0,0,1,0,2,1,0,2,1,0,4,4,7,2,4
3152,A man is shaving his face in the mirror while a girl stands behind him and takes a picture.,An alien with a hat on his head.,0,1,0,1,1,1,1,1,0,0,1,0,1,1,0,0,0,0,0,2,0,0,2,0,0,2,0,7,6,0
3153,Two happy men holding hands walking though a park.,the men are fighting,0,0,0,2,0,2,0,0,2,2,0,2,9,0,1,0,0,0,0,2,0,0,0,0,0,4,0,1,8,0
3154,A little girl reaches for a wicker basket.,A little girl reaches for a cedar basket.,0,1,0,1,2,1,2,3,0,4,2,1,2,4,6,0,1,0,0,1,2,0,1,2,0,1,2,6,5,2
3155,It seems to be an asian subway station with few people and signs in a foreign writing on the wall.,The subway station was completely packed with people.,0,0,0,2,0,2,0,0,2,2,0,2,9,6,1,0,0,0,0,0,2,0,3,2,0,3,2,7,3,2
3156,A man with a yellow shirt and blue shorts is walking off of a soccer field.,The shot is taken inside of a bedroom.,0,1,0,1,1,1,1,1,0,0,1,0,1,1,0,0,0,1,0,2,1,0,2,1,0,4,4,7,2,4
3157,Three women talking together at an art exhibit.,Three women are churning butter.,0,0,0,2,0,1,0,0,0,2,0,1,2,9,5,0,0,0,0,0,0,0,0,0,0,0,0,1,8,1
3158,One girl is helping another to take a picture with a digital camera.,Two girls are singing to each other.,0,0,0,2,0,2,0,0,2,2,0,2,9,7,4,0,1,0,0,0,2,0,3,2,0,0,2,6,5,2
3159,A short black dog is walking over a barren landscape.,The dog speaks.,1,1,1,0,2,0,3,2,3,3,4,3,5,3,3,1,0,0,1,0,0,1,3,3,1,3,3,2,9,3
3160,Two people canoe down a river at the time of a beautiful sunset.,The people are in the forest.,0,0,0,2,0,2,0,0,2,2,0,2,9,6,1,0,0,0,0,0,0,0,0,0,0,0,0,1,8,8
3161,A shirtless construction worker smiles in a half-constructed house.,A construction worker wearing a blue shirt smiles.,0,1,0,1,1,1,1,1,0,0,1,0,1,1,0,0,1,0,0,1,0,0,1,0,0,1,0,7,7,0
3162,Dog on leash burrows into snow in rural area.,A dog burrows into the sand at the beach.,1,1,1,0,2,0,3,2,3,3,4,3,5,3,3,1,1,0,1,1,0,1,3,3,1,3,3,2,9,3
3163,Girl with blond and pink hair wearing sunglasses.,The girl is driving a tank.,0,1,0,1,2,1,2,3,0,4,2,1,2,4,6,0,0,0,0,0,0,0,0,0,0,0,0,6,5,6
3164,The person is walking in the mountains.,A person is riding a staionary bike.,0,1,0,1,1,1,1,1,0,0,1,0,8,1,0,0,0,0,0,0,0,0,0,0,0,4,0,7,8,0
3165,This player with the blue helmet was at bat and just finished swinging at the ball during a team baseball game.,The player has a black helmet,0,1,0,2,1,1,2,1,0,1,1,0,3,1,0,0,1,0,0,1,2,0,1,2,0,1,2,9,1,2
3166,a brown dog jumping in a stoney brook.,dogs playing,1,0,1,0,0,0,3,2,3,3,4,3,4,3,3,1,0,0,1,0,0,1,3,3,1,3,3,2,9,3
3167,A group of people in black shirts stand around a hot rod and smile to the camera.,A group of dogs are sitting by a bike.,0,0,0,2,0,2,0,0,2,2,0,2,9,6,1,0,0,1,0,2,1,0,2,1,0,4,4,1,2,4
3168,"A few adults, mostly men standing in 1 inch or so of muddy water while a little girl in a flowered raincoat kicks the water up with her boot.",the girl is lying down in a desert,0,1,0,1,2,1,2,3,0,4,2,1,2,4,6,0,0,0,0,2,0,0,2,0,0,4,0,7,2,6
3169,A woman is walking her baby with a stroller at the local park.,A woman is sitting in a park.,0,1,0,1,2,2,1,3,2,2,3,2,2,4,1,0,1,0,0,1,2,0,1,2,0,1,2,1,7,2
3170,Three men in hard hats work in a pile of concrete.,three men in soft hats work in a software company,0,0,0,2,0,2,0,0,2,2,0,2,9,0,1,0,1,0,0,1,0,0,1,0,0,1,0,1,0,0
3171,A little boy climbing a rock wall.,The boy is on an airplane.,0,1,1,1,1,0,2,1,1,4,2,4,0,2,9,0,0,0,0,0,0,0,2,0,0,3,1,0,3,5
3172,A man wearing a red shirt and white smock uses a butcher clever to cut into a skinned chicken.,The man in the smock is washing dishes in the sink.,0,1,0,1,1,1,1,1,0,0,1,0,1,8,0,0,0,1,0,0,1,0,0,1,0,4,4,7,6,9
3173,A family of three is spending the day at the beach.,A family is at the zoo watching the elephants.,0,0,0,2,0,2,0,0,2,2,0,2,9,6,1,0,1,0,0,0,0,0,0,0,0,0,0,1,3,8
3174,The three rock stars are members of a band who are playing at a concert where the colors red and black are prominent.,People at a lecture.,0,0,0,2,0,1,0,0,0,2,0,0,9,6,0,0,0,0,0,0,0,0,0,0,0,0,0,1,8,8
3175,A dog swimming though water holding a stick.,A dog is running in the grass.,1,1,1,0,2,0,3,2,3,3,4,3,5,3,3,1,0,0,1,0,0,1,3,3,1,3,3,2,9,3
3176,A dog catching a toy in its mouth.,A dog is catching a toy with its paws.,1,1,1,0,2,0,3,2,3,3,4,3,7,3,3,1,1,0,1,1,2,1,1,2,1,1,2,2,9,2
3177,Two women out at night in the city.,The women are leaving the city during the morning.,0,0,0,2,0,1,0,0,0,2,3,1,2,9,5,0,1,0,0,1,0,0,3,0,0,3,0,1,3,1
3178,"A police officer, with many items around his waist, is ordering something at a cafe.",The officer was at the park.,0,1,0,1,1,1,1,1,0,0,1,0,9,1,0,0,1,0,0,0,0,0,3,0,0,0,0,1,1,0
3179,Woman stands at a table full of vegetable produce.,The woman is looking at meat.,0,1,0,1,2,1,1,3,0,0,3,0,2,4,0,0,1,0,0,0,0,0,0,0,0,0,0,1,3,1
3180,Two bears bare their teeth at one another.,There is only one bear in the woods.,0,0,0,2,0,1,0,0,0,2,0,0,4,5,0,0,1,0,0,1,2,0,3,2,0,3,2,7,1,2
3181,Woman sets in cage and plays with rabbits.,Man sets in cage and plays with rabbits.,0,1,0,1,1,1,1,1,0,0,1,0,1,8,0,0,1,0,0,1,2,0,1,2,0,1,2,1,7,2
3182,A man is standing outside of a donut stand.,A man is getting dressed.,0,1,0,1,1,1,1,1,0,0,1,0,1,8,0,0,0,0,0,0,0,0,3,0,0,2,0,7,6,0
3183,An Asian woman standing in a crowded urban area listening to music.,A woman is on a blanket in the park watching children play.,0,1,0,1,2,1,1,3,0,0,3,1,2,4,5,0,0,0,0,2,0,0,0,0,0,4,0,1,8,8
3184,"Three people dressed in red, green, and black view a cliff that overlooks a body of water.",The three friends build a fort in the livingroom.,0,0,0,2,0,2,0,0,2,2,0,2,9,6,1,0,0,1,0,2,1,0,2,1,0,4,4,7,2,4
3185,Curly-haired jungle man is climbing up a vine.,A woman in climbing up a vine.,0,1,0,1,2,1,1,3,0,0,3,0,1,4,0,0,1,0,0,1,2,0,1,2,0,1,2,1,7,2
3186,"Two men, one wearing a white shirt, one wearing a red shirt are fighting for a yellow soccer ball.",boy cleans dishes,0,1,0,1,1,1,2,1,0,4,2,0,0,2,0,0,0,1,0,2,1,0,2,1,0,4,4,7,2,4
3187,A man holds a drink in one hand and looks at his cellphone.,the man pray from the god,0,1,0,1,1,1,1,1,0,0,1,0,1,8,0,0,0,1,0,0,1,0,3,1,0,2,4,7,6,9
3188,A little girl and boy jumping into a swimming pool.,The pool is muddy.,0,0,1,2,0,0,2,0,1,4,2,4,0,7,8,0,1,0,0,0,2,0,3,2,0,3,2,1,3,2
3189,A man holding a drink is coming down an escalator.,A man is coming down the stairs.,0,1,0,1,1,1,1,1,0,0,1,0,1,8,0,0,1,0,0,1,2,0,3,2,0,3,2,7,1,2
3190,The bat connects with the ball.,The bat of a major leaguer misses the ball,0,1,0,2,1,2,2,1,2,1,1,2,3,1,7,0,1,0,0,1,2,0,1,2,0,1,2,9,7,2
3191,Two policemen are riding bikes on the street.,Two women are swimming in a pond.,0,0,0,2,0,1,0,0,0,2,0,0,9,0,0,0,0,1,0,2,1,0,2,1,0,4,4,1,8,4
3192,three men ride in a dark blue car.,Three men are walking down the street.,0,0,0,2,0,2,0,0,2,2,0,2,9,0,1,0,0,0,0,0,0,0,0,0,0,0,0,1,3,0
3193,People are relaxing in a grassy hill around a blooming tree.,People playing football.,0,0,0,2,0,2,0,0,2,2,0,2,9,6,1,0,0,1,0,2,1,0,2,1,0,4,4,1,8,4
3194,a young boy in pajamas sleeping on a couch.,A boy is running in a race.,0,1,1,1,1,0,2,1,1,4,2,4,0,2,9,0,0,0,0,0,0,0,3,0,0,3,1,0,3,5
3195,"A boy, looking down, pulls up his underwear.",A girl fixes her skirt,0,1,1,1,2,0,1,3,1,0,2,4,2,4,9,0,0,1,0,0,1,0,0,1,0,4,4,7,8,4
3196,Two big dogs play in the snow under a tree.,the dogs are laying down,1,0,1,0,0,0,3,2,3,3,4,3,4,3,3,1,0,0,1,0,0,1,0,3,3,0,3,3,8,3
3197,An older man sweeping the street.,They are cleaning up to hide evidence.,0,1,0,1,1,1,1,1,0,0,0,0,1,1,0,0,0,0,0,0,2,0,0,2,0,4,2,1,3,2
3198,A small crowd of people are walking around an city's outdoor fountain.,Some friends went to play tennis in the park.,0,0,0,2,0,2,0,0,2,2,0,2,9,6,1,0,0,0,0,2,2,0,0,2,0,4,2,1,8,2
3199,This man is spinning pottery.,The man is asleep on a sandy beach.,0,1,0,1,1,1,1,1,0,0,1,0,1,8,0,0,0,1,0,2,1,0,2,1,0,4,4,7,6,9
3200,A person in a wheelchair is on a sidewalk.,A woman is pushing an elderly person in a hospital bed.,0,1,0,1,2,1,0,3,0,2,3,0,9,4,2,0,0,1,0,2,1,0,2,1,0,4,4,7,8,4
3201,The horse on the right has a red mane.,There are two donkeys with orange fur.,0,0,0,2,0,1,0,2,0,2,4,0,4,3,0,0,1,0,0,0,2,0,3,2,0,0,2,1,3,2
3202,A man with a white shirt is sitting at a table in a room with other people and posters along the blue wall.,The people are outside digging in the dirt.,0,0,0,2,0,2,0,0,2,2,0,2,9,6,1,0,0,0,0,2,0,0,2,0,0,4,0,1,2,8
3203,A shirtless man wearing a backwards hat and blue jeans balances on his front bike tire with the back one in the air.,A pedestrian is standing on one leg.,0,1,0,1,1,1,1,1,0,0,1,0,8,1,0,0,1,0,0,0,0,0,3,0,0,2,0,7,1,0
3204,A woman in a white dress with blue jewelry is holding a rooster.,The woman is in her apartment.,0,1,0,1,2,1,1,3,0,0,3,0,2,9,2,0,0,1,0,2,1,0,2,1,0,4,4,7,8,4
3205,"A child, who is wearing a tie-dyed hat, is being held by a smiling woman while she stands in a busy, grassy area.","A child, who is wearing a knit hat, is being held by a frowning woman while she stands in two feet of snow.",0,1,0,1,2,1,1,3,0,4,2,1,2,2,5,0,1,0,0,1,0,0,1,0,0,1,1,1,7,5
3206,A bunch of people are standing all around with a Ferris wheel and buildings in the background.,One person walks alone.,0,1,0,1,1,1,1,1,0,2,1,0,9,5,0,0,0,1,0,2,1,0,2,1,0,4,4,7,2,4
3207,"Three men are outside at sunset doing different activities, including jumping, sitting, and playing with a soccer ball.",Three men are not outside at sunset,0,0,0,2,0,2,0,0,2,2,0,2,9,0,1,0,1,0,0,1,0,0,1,0,0,1,0,1,0,0
3208,A little girl is standing inside of a hoop that is suspended with orange cords.,A little girl is floating inside of a hoop,0,1,0,1,2,1,2,3,0,4,2,1,2,4,6,0,1,0,0,1,2,0,1,2,0,1,2,6,7,2
3209,A child is pushing a tire.,A child pushes a wagon down the street.,0,1,1,1,2,0,2,1,1,4,2,4,0,2,9,0,1,0,0,1,2,0,1,2,0,1,2,6,7,2
3210,group of kids outside a building reaching for a bubble,The kids are in the library studying.,0,0,1,2,0,0,2,0,1,4,2,4,0,7,8,0,0,1,2,2,1,2,2,1,2,4,4,5,8,4
3211,A woman in a pink shirt smiling and holding a camera while sitting on a couch with three people sitting on another couch smiling.,Three angry people jumping over a couch to smash a camera.,0,0,0,1,0,2,1,0,2,2,0,2,2,6,1,0,1,0,0,0,0,0,3,0,0,0,0,1,3,8
3212,A professional motorcycle racer raises his arm in victory.,The motorcycle racer has both hands on the handles.,0,1,0,1,1,1,1,1,0,0,1,0,8,1,0,0,1,0,0,1,0,0,1,0,0,1,0,8,7,0
3213,Several people walking across a bridge in both directions.,Two men dueling with swords.,0,0,0,2,0,2,0,0,2,2,0,2,9,0,1,0,0,1,0,2,1,0,2,1,0,4,4,7,2,4
3214,Two mechanics examining the engine of a stock car with the body raised.,Two men are dancing.,0,0,0,2,0,2,0,0,2,2,0,2,9,0,1,0,0,1,0,2,1,0,0,1,0,4,4,1,8,4
3215,A man in a blue shirt posing in front of a police in riot gear.,A man is protesting on the moon.,0,1,0,1,1,2,1,1,2,0,1,2,1,8,1,0,0,1,0,2,1,0,2,1,0,4,4,7,2,9
3216,A dog leaps in the air while chasing a tennis ball.,the dog is laying in the sun asleep,1,1,1,0,2,0,3,2,3,3,4,3,5,3,3,1,0,0,1,2,0,1,2,3,1,4,3,2,9,3
3217,A sweet toddler looks out of a basket.,A child sleeps comfortably in a crib.,0,1,1,1,2,0,2,1,1,4,2,4,0,2,9,0,0,0,0,0,0,0,0,0,0,0,1,1,8,5
3218,A female tennis player is standing with her feet apart on a court.,A male is sitting on a basketball court.,0,1,0,1,1,2,1,1,2,0,1,2,1,1,7,0,0,1,0,0,1,0,0,1,0,0,4,7,3,4
3219,"It looked dark outside while in the empty restaurant, a young guy dressed in black sat in a booth playing the harmonica.",A man with a harmonica in his pocket is walking down the street.,0,1,0,1,1,1,1,1,0,0,1,0,1,8,0,0,1,0,0,1,2,0,3,2,0,2,2,7,1,2
3220,A group of people in green shirts are walking along a beach.,A group of people in blue shirts are walking along a beach.,0,0,0,2,0,2,0,0,2,2,0,2,9,6,1,0,1,0,0,1,2,0,1,2,0,1,2,1,0,2
3221,Woman playing with dog on a beach.,A woman wears a speedo.,0,1,0,1,2,1,1,3,0,0,3,1,2,4,5,0,0,0,0,0,0,0,0,0,0,0,0,1,8,1
3222,"A main shoveling snow, off the sidewalk during a cold winter day.","A main shoveling dirt, off the sidewalk during a cold winter day.",0,1,0,1,1,1,1,1,0,0,1,0,1,1,0,0,1,0,0,1,2,0,1,2,0,1,2,1,7,2
3223,People visit shops on sidewalk.,People are walking along a beach.,0,0,0,2,0,2,0,0,2,2,0,2,9,6,1,0,1,0,0,0,0,0,3,0,0,0,0,1,3,8
3224,"A band is practicing in a studio, with a guitarist wearing blue jeans and brown shirt in the foreground and a drummer in the background.",The band is in the park.,0,0,0,2,0,2,0,0,2,2,0,2,6,0,4,0,1,0,0,0,0,0,3,0,0,0,0,1,3,0
3225,A man in green hitting a volleyball over the net.,There is no net.,0,1,0,1,1,1,1,1,0,0,1,0,9,5,2,0,0,1,0,0,1,0,2,1,0,4,4,7,2,4
3226,A woman attending the boots of another in the snow.,A woman attending the pants of another women in the desert because she doesn't want her to get sun burnt.,0,0,0,1,2,1,1,3,0,0,3,1,2,9,5,0,1,0,0,0,0,0,3,0,0,3,0,1,3,1
3227,Three men are working on a circular piece of glass.,The men are playing soccer.,0,0,0,2,0,2,0,0,2,1,0,2,3,0,7,0,0,0,0,2,0,0,2,0,0,4,0,1,8,0
3228,"People are using the far left of three escalators, which are enclosed inside an elongated tunnel.",People eating breakfast cereal,0,0,0,2,0,1,0,0,0,2,0,0,9,6,0,0,0,0,0,2,0,0,0,0,0,4,0,1,8,8
3229,A female figure skater on one leg with the other high up in the air as her arms are spread open wide.,A woman is motionless on the ground.,0,1,0,1,2,1,1,3,0,0,3,0,2,4,2,0,0,0,0,0,0,0,0,0,0,0,0,1,8,1
3230,"A brown, white, and black dog runs in the sand.",The dogs are best friends playing in the sand.,1,0,1,0,0,0,3,2,3,3,4,3,4,3,3,1,1,0,1,1,0,1,3,3,3,3,3,3,9,3
3231,Someone skateboarding over steps surrounded by buildings.,The skateboarder is resting at home.,0,1,0,1,1,1,1,1,0,0,1,0,1,5,2,0,0,1,0,2,1,0,2,1,0,4,4,7,4,4
3232,A small wedding picture near a river.,There was a wedding in a church.,0,0,0,2,0,2,0,0,2,2,0,2,9,6,1,0,1,0,0,1,0,0,1,0,0,0,0,1,0,0
3233,A woman wearing a black leather jacket with yellow bra standing in front of a man wearing many necklaces.,The man is having sex with the woman.,0,1,0,1,1,2,0,3,2,2,3,2,9,8,1,0,0,1,0,2,1,0,2,1,0,4,4,7,8,4
3234,A child plays with a water gun in a pool.,A child is laying in the sun.,0,1,1,1,2,0,2,1,1,4,2,4,0,2,9,0,0,0,0,0,0,0,0,0,0,3,1,7,3,5
3235,A young brunette wearing purple and black floral stretch pants is attaching her bike to a finch.,The person has red hair.,0,1,0,1,2,1,1,3,0,0,3,0,2,4,0,0,0,0,0,0,0,0,0,0,0,0,0,1,3,0
3236,A woman in an orange top and black sweatpants jumps up with her arms out in front of the ocean on the beach.,The woman is dancing in a club.,0,1,0,1,2,1,1,3,0,0,3,1,2,9,5,0,0,0,0,2,0,0,0,0,0,4,0,1,8,1
3237,Young boy in blue shorts at the beach.,A boy is watching television in his room.,0,1,0,1,1,1,2,1,0,4,2,0,0,2,0,0,0,0,0,2,0,0,2,0,0,4,1,0,2,5
3238,"Two men are standing in the forest, and the third man is driving bulldozer.",Three men are sitting at a card table playing poker.,0,0,0,2,0,2,0,0,2,2,0,2,9,0,1,0,0,1,0,2,1,0,2,1,0,4,4,1,2,4
3239,Two male basketball players are playing a competitive game while the referee is standing behind watching.,A referee is watching two male soccer players play the game.,0,0,0,2,0,2,2,0,2,1,0,2,3,0,7,0,1,0,0,1,0,0,1,0,0,1,0,9,0,0
3240,Two people are constructing a child's puzzle game.,The people constructing the puzzle are sorting mail.,0,0,1,2,0,0,0,0,1,2,0,4,9,7,8,0,1,0,0,1,2,0,1,2,0,1,2,1,0,2
3241,Two police officers are standing in uniform.,Nobody is standing,0,0,0,2,0,1,0,0,0,2,0,0,9,5,2,0,0,1,0,2,1,0,2,1,0,4,4,1,2,4
3242,A man is performing a jump on his snowboard.,A man has no feet.,0,1,0,1,1,1,1,1,0,0,1,0,8,8,0,0,0,1,0,0,1,0,3,1,0,2,4,7,6,9
3243,Newly married couples kissing each other.,The couples are playing soccer.,0,0,0,2,0,2,0,0,2,2,0,2,9,6,1,0,1,0,0,0,0,0,0,0,0,0,0,1,0,0
3244,A child splashes in water.,A child is sleeping a hammock.,0,1,1,1,2,0,2,1,1,4,2,4,0,2,9,0,0,0,0,0,0,0,0,0,0,0,1,7,5,5
3245,A coke truck is on it's way to make the next delivery.,A truck carrying only water in movement.,0,1,0,1,2,1,0,1,0,2,1,0,9,5,0,0,1,0,0,1,0,0,3,0,0,0,0,1,3,0
3246,A woman with pulled up blond-hair and sunglasses on is standing near a black and white tent.,A woman is sitting on a bus.,0,1,0,1,2,1,1,3,0,0,3,1,2,4,5,0,0,0,0,2,0,0,0,0,0,4,0,1,8,1
3247,One dog is standing whilst two other dogs are running in the snow.,There is a group of cats swimming in a lake.,1,0,1,0,0,0,3,2,3,3,4,3,4,3,3,0,0,1,0,2,1,0,2,1,0,4,4,7,8,4
3248,"A little girl is laying down on her back on a hardwood floor, looking out of the corner of her eyes at a smaller child who is wearing pajamas, a hairnet and a surgical mask.",There is a girl jumping on her bed with her brother.,0,0,1,2,0,0,2,0,1,4,2,4,0,7,8,0,0,0,0,0,0,0,0,0,0,0,1,6,3,7
3249,A man eating olives and drinking.,The man is eating a sandwich.,0,1,0,1,1,1,1,1,0,0,1,0,1,8,0,0,0,1,0,2,1,0,2,1,0,2,4,7,6,9
3250,A little boy playing on the monkey bars.,A boy is riding his bike.,0,1,1,1,1,0,2,1,1,4,2,4,0,2,9,0,1,0,0,0,0,0,3,0,0,3,1,0,3,5
3251,Group of four people in hiking gear standing in front of a forest of trees.,A man and woman are eating in a restaurant.,0,0,0,2,0,2,0,0,2,2,0,2,9,6,1,0,0,0,0,2,0,0,2,0,0,4,0,1,2,8
3252,"A woman is on the ledge of her window next to a clothesline, while a child stares out the window.",A child is doing laundry.,0,1,0,1,2,1,1,3,0,0,2,0,2,2,0,0,1,0,0,0,2,0,3,2,0,3,2,1,3,2
3253,"Orange, brown and white and brown dogs on grass.",Cats of different colors are sitting on the sidewalk.,1,0,1,0,0,0,3,2,3,3,4,3,4,3,3,0,1,0,0,0,0,0,3,3,3,0,3,3,3,3
3254,The boy is swinging from this swing set.,The boy is running around thw swing set.,0,1,1,1,1,0,2,1,1,4,2,4,0,2,9,0,1,0,0,1,2,0,1,2,0,1,2,0,7,2
3255,People sit inside a train.,People stand inside a train.,0,0,0,2,0,1,0,0,0,2,0,0,9,6,0,0,1,0,0,1,2,0,1,2,0,1,2,1,0,2
3256,"A man in a white t-shirt and gray shoulder bag walks along side of a woman in a red, white and blue plaid top who is also in a skirt and boots.",A man in a green t-shirt is carrying a lady.,0,1,0,1,1,1,0,1,0,2,1,0,9,6,0,0,1,1,0,0,1,0,3,1,0,2,4,1,3,9
3257,Two children are playing with baby dolls while adults watch them.,"Two children playing with ouija dolls of their parents, plotting their demise.",0,0,1,2,0,0,2,0,1,4,2,4,0,7,8,0,1,0,2,1,0,2,1,0,2,1,1,5,7,7
3258,A woman with a painted face is painting another person's face.,One woman with a bare face is painting another person's face,0,1,0,1,2,1,1,3,0,0,3,1,2,9,5,0,1,0,0,1,2,0,1,2,0,1,2,1,7,2
3259,girl in blue shirt playing the clarinet,A girl is playing jump rope with her brother.,0,1,0,2,2,1,2,3,0,4,2,0,0,4,0,0,0,1,0,2,1,0,2,1,0,4,4,1,2,4
3260,A man on a state sets up while people look on.,A man eats pickles.,0,1,0,1,1,1,1,1,0,0,1,0,1,8,0,0,0,1,0,2,1,0,2,1,0,2,4,7,6,4
3261,People are walking the marathon for a cause.,Martians are watching TV.,0,0,0,2,0,2,0,0,2,2,0,2,9,6,1,0,0,1,0,2,1,0,2,1,0,4,4,7,2,4
3262,An old women sitting on a bench.,A man sitting on a bench.,0,1,0,1,1,1,1,1,0,0,1,0,1,8,0,0,1,0,0,1,2,0,1,2,0,1,2,7,7,2
3263,Dog with toy in mouth jumps over bar decorated with prize ribbons.,A cat is grooming itself.,1,1,1,0,2,0,3,2,3,3,4,3,7,3,3,0,0,1,0,2,1,0,2,1,0,4,4,7,2,4
3264,Four females stand on the tip of their toes while practicing ballet in front of a black backdrop.,the women are sleeping,0,0,0,1,0,1,0,0,0,2,3,0,1,9,2,0,0,1,0,2,1,0,2,1,0,4,4,1,8,4
3265,A man stands inside a bus stop.,The man is outside of the house.,0,1,0,1,1,1,1,1,0,0,1,0,1,8,0,0,0,1,0,2,1,0,3,1,0,2,4,7,6,9
3266,Four people and the sun.,Four people and the moon.,0,0,0,2,0,2,0,0,2,2,0,2,9,6,1,0,1,0,0,1,2,0,1,2,0,1,2,1,0,2
3267,a brown dog jumping into the beach,A cat is on the beach,1,1,1,0,2,0,3,2,3,3,4,3,7,3,3,1,1,0,1,0,0,1,3,3,1,0,3,2,3,3
3268,These people are having a good time.,Several people are weeping.,0,0,0,2,0,1,0,0,0,2,0,0,9,6,0,0,0,0,0,0,0,0,0,0,0,0,0,1,8,8
3269,"A fisherman is standing on some rocks by the sea, illuminated by the sun, which is near the horizon.",two men fish at noon,0,1,0,1,1,1,1,1,0,0,1,0,1,0,0,0,1,0,0,0,0,0,3,0,0,0,0,7,3,0
3270,A man in a white shirt is jogging on a sidewalk.,A man in a blue shirt is roller blading.,0,1,0,1,1,1,1,1,0,0,1,0,1,8,0,0,0,1,0,0,1,0,3,1,0,2,4,7,6,9
3271,Three teenage boys sitting down talking and fixing their shoes.,Three boys run around barefoot,0,0,1,2,0,0,2,0,1,4,2,4,0,7,8,0,1,0,2,0,2,2,0,2,2,0,2,5,3,2
3272,A man working on his art in a public setting.,A man is sleeping.,0,1,0,1,1,1,1,1,0,0,1,0,1,8,2,0,0,1,0,2,1,0,2,1,0,4,4,7,6,9
3273,A boy gets his haircut while enjoying a lollipop.,A boy is swimming in a lake.,0,1,1,1,1,0,2,1,1,4,2,4,0,2,9,0,0,0,0,0,0,0,3,0,0,3,1,0,3,5
3274,The boy is pushing a girl on a swing outside.,The boy is going to school on the bus.,0,1,1,2,0,0,2,1,1,4,2,4,0,2,8,0,0,1,0,2,1,0,2,1,0,4,4,7,2,4
3275,A group of people on a dock with a boat on the other side of the dock.,The people are sitting on the boat.,0,0,0,2,0,2,0,0,2,2,0,2,9,6,1,0,1,0,0,0,0,0,0,0,0,0,0,1,0,0
3276,Pan handler playing the accordion on the sidewalk.,The man does not play any instrument.,0,1,0,1,1,2,0,1,2,2,1,2,6,5,4,0,0,0,0,2,0,0,2,0,0,4,0,7,2,0
3277,"a rock climber, climbing an extremely steep rust-colored rock wall, and he is wearing a bright orange hard hat with a light attached to it in the front, sunglasses, and jeans.",A man does not go rock climbing because it is too strenuous for his fitness levels.,0,1,0,1,1,1,1,1,0,0,1,0,8,1,0,0,0,0,0,0,2,0,3,2,0,2,2,7,3,2
3278,"A young lady, wearing a dark colored leotard, is doing a flip on a balance beam.",A young lady is walking across the floor mat.,0,1,0,1,2,1,1,3,0,0,3,0,2,4,0,0,1,0,0,0,0,0,0,0,0,0,0,1,3,1
3279,Men stand by one another wearing robes and college graduate hats.,The drunk judges are sitting on the bar.,0,0,0,2,0,2,0,0,2,2,0,2,9,0,1,0,0,1,0,2,1,0,2,1,0,4,4,7,2,4
3280,Tourists enjoy a traditional boat ride in long paddle boat.,Two tourists are in a museum,0,0,0,2,0,2,0,0,2,2,0,2,9,6,1,0,1,0,0,0,0,0,3,0,0,0,0,1,3,0
3281,man scaling wall with fire in hand,The man is on the ground,0,1,0,1,1,1,1,1,0,0,1,0,8,8,0,0,0,1,0,0,1,0,3,1,0,2,4,7,6,4
3282,Two young boys eating their lunch outside on cement steps.,Two boys are riding in a flying saucer.,0,0,1,2,0,0,2,0,1,4,2,4,0,7,8,0,0,0,2,0,0,2,0,0,2,0,1,5,8,7
3283,two people with a dog sitting in front of the ocean,two people at home watching tv,0,0,0,2,0,1,1,0,0,2,0,0,1,6,0,0,0,1,0,2,1,0,2,1,0,4,4,1,8,4
3284,A closeup of a woman drinking something with a green straw.,A woman is eating pizza with a knife and fork,0,1,0,1,2,1,1,3,0,0,3,0,2,9,0,0,0,1,0,0,1,0,0,1,0,4,4,7,8,4
3285,A person is standing a display with their back facing us.,The person is sitting on the bench.,0,1,0,2,1,1,0,1,0,0,1,0,1,1,0,0,0,1,0,2,1,0,2,1,0,4,4,7,6,4
3286,One evening three young ladies chatting on the street.,The ladies chat in the cafe.,0,0,0,2,0,1,0,0,0,2,0,1,2,9,5,0,1,0,0,0,0,0,3,0,0,0,0,1,3,1
3287,A skateboarder grinds down a long rail.,A person is riding a bike on a ramp.,0,1,0,1,1,1,1,1,0,0,1,0,8,1,0,0,0,1,0,0,1,0,3,1,0,3,4,8,3,4
3288,Two men are sitting by themselves in a cafe.,Two men are sitting on a steel bench in a crowded park.,0,0,0,2,0,2,0,0,2,2,0,2,9,0,1,0,0,0,0,0,0,0,0,0,0,0,0,1,8,0
3289,Several children playing in a ball pit.,The children are sleeping.,0,0,1,2,0,0,2,0,1,4,2,4,0,7,8,0,0,0,2,0,0,2,0,0,2,0,1,5,3,7
3290,A dark dog is competing in a dog show competition.,A dog biting bone in the home,1,1,1,0,2,0,3,2,3,3,4,3,5,3,3,1,0,0,1,0,0,1,3,3,1,3,3,2,9,3
3291,A young girls makes a silly face for the camera.,A girl is swimming outside on a sunny day.,0,1,0,1,2,1,2,3,0,4,2,1,2,4,6,0,0,0,0,0,0,0,0,0,0,0,0,6,5,6
3292,Two men are sitting next to each other near to a vending machine.,Two men are standing next to each other near a picnic table.,0,0,0,2,0,2,0,0,2,2,0,2,9,0,1,0,1,0,0,0,0,0,0,0,0,2,0,1,1,0
3293,A group of women dressed in black playing musical instruments in front of a large building.,A group of women eat steak.,0,0,0,2,0,1,0,0,0,2,0,1,2,9,5,0,0,0,0,0,0,0,0,0,0,0,0,1,5,1
3294,A crowd of people wait at the top of the stairs outside a building.,The people are running up and down stairs in a contest.,0,0,0,2,0,2,0,0,2,2,0,2,9,6,7,0,1,0,0,0,0,0,0,0,0,0,0,1,3,8
3295,A young girl wearing a white jumper drinks from a straw while other girls congregate behind her.,A young girl drinks cement.,0,1,0,1,2,1,2,3,0,4,2,1,2,4,6,0,1,0,0,1,2,0,1,2,0,0,2,6,5,2
3296,A person snowboarding on down a mountain covered with fresh powdered snow with pine trees in the background.,The mountain is hot.,0,1,0,1,1,1,1,1,0,0,1,0,8,1,0,0,1,0,0,1,2,3,3,2,4,3,2,1,3,2
3297,A rally in a foreign country.,A lone man in America sits inside his house,0,1,0,1,1,2,1,1,2,0,1,2,1,5,1,0,0,1,0,2,1,0,2,1,0,4,4,7,2,4
3298,Man and woman standing in front of white wall.,"A man and a woman are at home, fast asleep in their beds.",0,0,0,1,0,1,1,0,0,0,0,0,1,5,2,0,0,1,0,2,1,0,2,1,0,4,4,1,8,4
3299,A man in red shorts swinging on a rope over a lake.,A naked man on a rope.,0,1,0,1,1,1,1,1,0,0,1,0,1,8,0,0,1,0,0,1,2,0,3,2,0,3,2,7,1,2
3300,"The picture is of a downtown area with people crossing the street, and walking on the sidewalk.",Cleopatra rides a dinosaur.,0,0,0,2,0,2,0,0,2,2,0,2,9,6,1,0,0,1,0,2,1,0,2,1,0,4,4,7,2,4
3301,A man in a blue hard hat and orange safety vest stands in an intersection while holding a flag.,The Village People have reunited.,0,0,0,2,0,2,0,0,2,2,0,2,9,6,1,0,0,1,0,2,1,0,2,1,0,4,4,7,2,4
3302,Shirtless men with leather vests are smiling.,Pants and shirts laying on the ground,0,0,0,2,0,2,0,0,2,2,0,2,9,0,1,0,0,1,0,2,1,0,2,1,0,4,4,7,8,4
3303,"Several youth stand around watching as a banjo player, piano player, and guitar players play in a dirty setting.",A baseball pitcher throws the ball.,0,0,0,2,0,2,2,0,2,1,0,2,3,1,7,0,0,1,0,2,1,0,2,1,0,4,4,7,2,4
3304,An older man wearing shorts and t-shirt pushes a baby stroller as he walks in front of two women wearing hats.,A man pushes a stroller with a baby chimp in it.,0,1,0,1,1,1,1,1,0,0,1,1,1,8,5,0,1,0,0,1,0,0,1,0,0,3,1,1,7,5
3305,Guys digging around a tree in the ground.,three dogs are cutting down a tree,0,0,0,1,0,2,0,0,2,2,0,2,1,0,1,0,0,1,0,0,1,0,3,1,0,0,4,1,3,4
3306,A native girl in a green shirt readies a slingshot.,boy plays football,0,1,1,2,2,0,2,1,1,4,2,4,0,2,9,0,0,1,0,2,1,0,0,1,0,4,4,7,8,4
3307,Customers wait in line while the workers in green shirts help them.,The customers refused service from the workers in green shirts.,0,0,0,2,0,2,0,0,2,2,0,2,9,0,1,0,1,0,0,1,0,0,3,0,0,3,0,1,3,0
3308,Three male workers in bright jackets are working in a field with shovels.,The men are wearing very dull work clothes.,0,0,0,2,0,2,0,0,2,2,0,2,9,0,1,0,0,0,0,0,0,0,0,0,0,0,0,1,8,0
3309,"Two people wait on a train, one in a yellow shirt and one that looks like a male in a green belly shirt.",Two people don't wait on a train,0,0,0,2,0,1,0,0,0,2,0,0,9,6,0,0,1,0,0,1,2,0,1,2,0,1,2,1,7,2
3310,A Little boy in a red striped shirt on a blue couch pulling out all the pillows.,A little girl in a pink shirt sits on a park bench watching the birds.,0,1,0,1,2,1,2,3,0,4,2,1,0,2,6,0,0,0,0,2,0,0,2,0,0,4,1,7,2,5
3311,An elderly person sits alone on the steps of some of an area in ruins.,An elderly person is running.,0,1,0,1,1,1,1,1,0,0,1,0,1,1,0,0,1,0,0,0,0,0,3,0,0,0,0,7,3,0
3312,"Two men are watching a cyclist, adorn in orange and black, cycling uphill in dirt on a tree lined hill, in what could be a competition.",Two women are watching a person ride a car.,0,0,0,1,0,2,1,0,2,0,0,2,9,1,1,0,0,0,0,0,0,0,3,0,0,2,0,1,6,0
3313,Two male worker talking outside their building.,Two men walk together on a trail.,0,0,0,2,0,2,0,0,2,2,0,2,9,0,1,0,0,0,0,0,0,0,0,0,0,0,0,1,8,0
3314,A toddler is putting an ornament on a Christmas tree.,An adult is decorating a Christmas tree.,0,1,1,1,1,0,1,1,1,0,2,4,1,2,8,0,1,0,0,1,2,0,1,2,0,1,2,1,7,2
3315,"A ribbon dancer wearing a neon pink and green outfit with only one left white sleeve leaps high into the air- throwing her ribbon out before her in a ""c"" shape.",A musician is practicing singing in front of the mirror naked.,0,1,0,1,2,1,1,3,0,0,1,0,1,4,0,0,0,1,0,2,1,0,2,1,0,4,4,7,2,4
3316,one of the young is rising cake to pass on to your partner,Your partner has cake.,0,0,0,2,0,1,0,0,0,2,0,0,9,6,0,0,1,0,0,1,2,0,1,2,0,1,2,1,0,2
3317,A woman pushing a baby stroller is holding the hand of a young child with a white backpack.,Nobody is pushing.,0,0,0,1,0,1,0,0,0,2,0,0,9,5,2,0,0,1,0,2,1,0,2,1,0,4,4,1,3,4
3318,A couple of people are watching a cruise ship.,"A group of people are watching re-runs of the old TV sitcom ""The Love Boat"".",0,0,0,2,0,1,0,0,0,2,0,0,9,6,0,0,0,0,0,0,0,0,0,0,0,0,0,1,3,0
3319,The man takes pride in his craft as he concentrates on his carving.,The man cuts down a tree,0,1,0,1,1,1,1,1,0,0,1,0,1,8,0,0,0,0,0,2,0,0,2,0,0,2,0,7,6,0
3320,"A man with sunglasses, a red hat and peach coveralls stands next to a large rope wound around a large spool.",A man wearing swim shorts is wading in the pool.,0,1,0,1,1,1,1,1,0,0,1,0,1,8,0,0,0,1,0,2,1,0,2,1,0,4,4,7,6,4
3321,A Collie and a Springer Spaniel playing outside.,"Outside in the rain, the dogs shiver in the cold.",1,0,1,0,0,0,3,2,3,3,4,3,4,3,3,1,1,0,1,0,0,1,3,3,3,0,3,3,3,3
3322,"Two men are at polling place counter, filling out forms:while a clerk in a red shirt and black pants waits on them.",Two men sit at a table at a polling place counter as a clerk nearby dressed in a blue shirt and white shorts fills out forms.,0,0,0,2,0,2,0,0,2,2,0,2,9,0,1,0,1,0,0,1,2,0,1,2,0,1,2,1,0,2
3323,People hitch a ride in a wagon being towed by a donkey on a dirt road.,The people are in an automobile.,0,0,0,2,0,1,0,0,0,2,0,0,9,6,0,0,1,0,0,0,0,0,0,0,0,0,0,1,0,8
3324,A girl sits on a sidewalk behind sheds on a beach.,the girl is at the park,0,1,0,1,2,1,2,3,0,4,2,1,2,4,6,0,1,0,0,0,0,0,0,0,0,0,0,6,5,6
3325,Several people in jackets stand together outside of a white building with a picture of a cartoon insect on it.,Several people in pantsuits stand together outside of a brick building with a picture of a cartoon gecko on it.,0,0,0,2,0,2,0,0,2,2,0,2,9,6,1,0,1,0,0,1,0,0,1,0,0,1,0,1,0,8
3326,"A man by a white, yellow and red boat on a boat ramp near the water.",A man is painting with his wife.,0,1,0,1,1,1,1,1,0,0,1,0,1,8,0,0,0,1,0,2,1,0,2,1,0,4,4,7,2,4
3327,The men are working in the hot sun.,The girls laughed and giggled while the rain cooled them off.,0,0,0,2,0,2,0,0,2,2,0,2,9,0,1,0,0,1,0,2,1,0,2,1,0,4,4,7,2,4
3328,Three people walking on a trail in the middle of the day.,A man is crushed by a red vehicle.,0,0,0,2,0,1,0,0,0,2,0,0,9,6,0,0,0,1,0,2,1,0,2,1,0,4,4,7,2,4
3329,Woman in white smock standing in a large garage by a car.,not watched at alll,0,1,0,1,2,2,0,3,2,2,3,2,9,4,1,0,0,1,0,2,1,0,2,1,0,4,4,7,2,4
