Job ID: 188890
Node: gpuvm14
Time: Thu 31 Jul 19:16:05 BST 2025
Loading CUDA...
Activating conda environment...
Activated conda environment: /vol/bitbucket/ahb24/tda_entailment_new
Python location: /vol/bitbucket/ahb24/tda_entailment_new/bin/python
Checking GPU availability...
Thu Jul 31 19:16:08 2025       
+-----------------------------------------------------------------------------------------+
| NVIDIA-SMI 570.133.07             Driver Version: 570.133.07     CUDA Version: 12.8     |
|-----------------------------------------+------------------------+----------------------+
| GPU  Name                 Persistence-M | Bus-Id          Disp.A | Volatile Uncorr. ECC |
| Fan  Temp   Perf          Pwr:Usage/Cap |           Memory-Usage | GPU-Util  Compute M. |
|                                         |                        |               MIG M. |
|=========================================+========================+======================|
|   0  Tesla T4                       Off |   00000000:00:07.0 Off |                    0 |
| N/A   38C    P8             13W /   70W |       0MiB /  15360MiB |      0%      Default |
|                                         |                        |                  N/A |
+-----------------------------------------+------------------------+----------------------+
                                                                                         
+-----------------------------------------------------------------------------------------+
| Processes:                                                                              |
|  GPU   GI   CI              PID   Type   Process name                        GPU Memory |
|        ID   ID                                                               Usage      |
|=========================================================================================|
|  No running processes found                                                             |
+-----------------------------------------------------------------------------------------+

Testing PyTorch and CUDA...
PyTorch version: 2.4.1
CUDA available: True
CUDA device: Tesla T4
GPU memory: 15.6 GB
PyTorch setup verified!

Starting Model training...

Loading validation data: /vol/bitbucket/ahb24/tda_entailment_new/snli_val_sbert_tokens.pkl
Loaded 9842 validation samples
Loading separate models...
Order model: MSc_Topology_Codebase/phd_method/models/separate_models/order_embedding_model.pt
Asymmetry model: MSc_Topology_Codebase/phd_method/models/separate_models/asymmetry_transform_model.pt
Both models loaded on cuda
Order model training stats: Best val loss = 0.1832686284383138
Asymmetry model training stats: Best val loss = 1.4873974243164068
Separate model clustering validator initialized
Samples per class: 100

================================================================================
SEPARATE MODEL POINT CLOUD CLUSTERING VALIDATION (MULTI-SCALE)
================================================================================
Generating fixed sample indices...
  entailment: 3329 total samples available
Token filtering: 254/3329 samples have ≥40 tokens
    Selected 100 samples
Token count stats: 48 ± 9 (range: 40-90)
  neutral: 3235 total samples available
Token filtering: 344/3235 samples have ≥40 tokens
    Selected 100 samples
Token count stats: 47 ± 7 (range: 40-72)
  contradiction: 3278 total samples available
Token filtering: 288/3278 samples have ≥40 tokens
    Selected 100 samples
Token count stats: 46 ± 6 (range: 40-68)

Processing entailment samples...
  Sample 1: P=30 tokens, H=10 tokens
    Point cloud: 120 points
    Order energy: 0.2310
    Asymmetric energy: 2.0351
Multi-scale persistence on 120 point cloud...
  Full cloud: H0=120, H1=20
    Scale 50: H0=50, H1=6
    Scale 75: H0=75, H1=9
    Scale 100: H0=100, H1=13
  PH-dimension: 2.02 from 3 scales
    Multi-scale analysis: PH-dim=2.02
    Generated 3 scale-level diagrams
    ✅ Added 3 diagrams to collection
  Sample 2: P=41 tokens, H=5 tokens
    Point cloud: 138 points
    Order energy: 0.1096
    Asymmetric energy: 4.9458
Multi-scale persistence on 138 point cloud...
  Full cloud: H0=138, H1=13
    Scale 50: H0=50, H1=4
    Scale 75: H0=75, H1=2
    Scale 100: H0=100, H1=7
    Scale 125: H0=125, H1=11
  PH-dimension: 5.14 from 4 scales
    Multi-scale analysis: PH-dim=5.14
    Generated 4 scale-level diagrams
    ✅ Added 4 diagrams to collection
  Sample 3: P=22 tokens, H=21 tokens
    Point cloud: 129 points
    Order energy: 0.0362
    Asymmetric energy: 0.4770
Multi-scale persistence on 129 point cloud...
  Full cloud: H0=129, H1=6
    Scale 50: H0=50, H1=3
    Scale 75: H0=75, H1=4
    Scale 100: H0=100, H1=4
    Scale 125: H0=125, H1=6
  PH-dimension: 1.87 from 4 scales
    Multi-scale analysis: PH-dim=1.87
    Generated 4 scale-level diagrams
    ✅ Added 4 diagrams to collection
  Sample 4: P=21 tokens, H=21 tokens
    Point cloud: 126 points
    Order energy: 0.0042
    Asymmetric energy: 0.5550
Multi-scale persistence on 126 point cloud...
  Full cloud: H0=126, H1=28
    Scale 50: H0=50, H1=4
    Scale 75: H0=75, H1=5
    Scale 100: H0=100, H1=12
    Scale 125: H0=125, H1=28
  PH-dimension: 1.79 from 4 scales
    Multi-scale analysis: PH-dim=1.79
    Generated 4 scale-level diagrams
    ✅ Added 4 diagrams to collection
  Sample 5: P=28 tokens, H=12 tokens
    Point cloud: 120 points
    Order energy: 0.0651
    Asymmetric energy: 4.8825
Multi-scale persistence on 120 point cloud...
  Full cloud: H0=120, H1=14
    Scale 50: H0=50, H1=1
    Scale 75: H0=75, H1=7
    Scale 100: H0=100, H1=8
  PH-dimension: 3.48 from 3 scales
    Multi-scale analysis: PH-dim=3.48
    Generated 3 scale-level diagrams
    ✅ Added 3 diagrams to collection
  Sample 6: P=39 tokens, H=8 tokens
    Point cloud: 141 points
    Order energy: 0.0325
    Asymmetric energy: 7.8405
Multi-scale persistence on 141 point cloud...
  Full cloud: H0=141, H1=15
    Scale 50: H0=50, H1=4
    Scale 75: H0=75, H1=5
    Scale 100: H0=100, H1=6
    Scale 125: H0=125, H1=12
  PH-dimension: 3.13 from 4 scales
    Multi-scale analysis: PH-dim=3.13
    Generated 4 scale-level diagrams
    ✅ Added 4 diagrams to collection
  Sample 7: P=31 tokens, H=14 tokens
    Point cloud: 135 points
    Order energy: 0.9095
    Asymmetric energy: 2.2283
Multi-scale persistence on 135 point cloud...
  Full cloud: H0=135, H1=14
    Scale 50: H0=50, H1=2
    Scale 75: H0=75, H1=7
    Scale 100: H0=100, H1=7
    Scale 125: H0=125, H1=14
  PH-dimension: 2.71 from 4 scales
    Multi-scale analysis: PH-dim=2.71
    Generated 4 scale-level diagrams
    ✅ Added 4 diagrams to collection
  Sample 8: P=24 tokens, H=17 tokens
    Point cloud: 123 points
    Order energy: 0.0148
    Asymmetric energy: 1.3706
Multi-scale persistence on 123 point cloud...
  Full cloud: H0=123, H1=23
    Scale 50: H0=50, H1=4
    Scale 75: H0=75, H1=7
    Scale 100: H0=100, H1=15
  PH-dimension: 2.20 from 3 scales
    Multi-scale analysis: PH-dim=2.20
    Generated 3 scale-level diagrams
    ✅ Added 3 diagrams to collection
  Sample 9: P=33 tokens, H=14 tokens
    Point cloud: 141 points
    Order energy: 0.0453
    Asymmetric energy: 7.2618
Multi-scale persistence on 141 point cloud...
  Full cloud: H0=141, H1=16
    Scale 50: H0=50, H1=2
    Scale 75: H0=75, H1=6
    Scale 100: H0=100, H1=9
    Scale 125: H0=125, H1=15
  PH-dimension: 3.22 from 4 scales
    Multi-scale analysis: PH-dim=3.22
    Generated 4 scale-level diagrams
    ✅ Added 4 diagrams to collection
  Sample 10: P=24 tokens, H=24 tokens
    Point cloud: 144 points
    Order energy: 0.0300
    Asymmetric energy: 1.1827
Multi-scale persistence on 144 point cloud...
  Full cloud: H0=144, H1=42
    Scale 50: H0=50, H1=4
    Scale 75: H0=75, H1=12
    Scale 100: H0=100, H1=15
    Scale 125: H0=125, H1=28
  PH-dimension: 2.55 from 4 scales
    Multi-scale analysis: PH-dim=2.55
    Generated 4 scale-level diagrams
    ✅ Added 4 diagrams to collection
  Sample 11: P=29 tokens, H=14 tokens
    Point cloud: 129 points
    Order energy: 0.1472
    Asymmetric energy: 4.3798
Multi-scale persistence on 129 point cloud...
  Full cloud: H0=129, H1=31
    Scale 50: H0=50, H1=5
    Scale 75: H0=75, H1=8
    Scale 100: H0=100, H1=17
    Scale 125: H0=125, H1=28
  PH-dimension: 3.03 from 4 scales
    Multi-scale analysis: PH-dim=3.03
    Generated 4 scale-level diagrams
    ✅ Added 4 diagrams to collection
  Sample 12: P=25 tokens, H=15 tokens
    Point cloud: 120 points
    Order energy: 0.0108
    Asymmetric energy: 10.0548
Multi-scale persistence on 120 point cloud...
  Full cloud: H0=120, H1=9
    Scale 50: H0=50, H1=0
    Scale 75: H0=75, H1=1
    Scale 100: H0=100, H1=5
  PH-dimension: 2.17 from 3 scales
    Multi-scale analysis: PH-dim=2.17
    Generated 3 scale-level diagrams
    ✅ Added 3 diagrams to collection
  Sample 13: P=42 tokens, H=14 tokens
    Point cloud: 168 points
    Order energy: 0.0708
    Asymmetric energy: 3.4398
Multi-scale persistence on 168 point cloud...
  Full cloud: H0=168, H1=25
    Scale 50: H0=50, H1=1
    Scale 75: H0=75, H1=6
    Scale 100: H0=100, H1=9
    Scale 125: H0=125, H1=15
    Scale 150: H0=150, H1=22
  PH-dimension: 2.93 from 5 scales
    Multi-scale analysis: PH-dim=2.93
    Generated 5 scale-level diagrams
    ✅ Added 5 diagrams to collection
  Sample 14: P=35 tokens, H=19 tokens
    Point cloud: 162 points
    Order energy: 0.2259
    Asymmetric energy: 3.2566
Multi-scale persistence on 162 point cloud...
  Full cloud: H0=162, H1=33
    Scale 50: H0=50, H1=3
    Scale 75: H0=75, H1=7
    Scale 100: H0=100, H1=10
    Scale 125: H0=125, H1=19
    Scale 150: H0=150, H1=29
  PH-dimension: 3.77 from 5 scales
    Multi-scale analysis: PH-dim=3.77
    Generated 5 scale-level diagrams
    ✅ Added 5 diagrams to collection
  Sample 15: P=26 tokens, H=20 tokens
    Point cloud: 138 points
    Order energy: 0.0170
    Asymmetric energy: 0.9522
Multi-scale persistence on 138 point cloud...
  Full cloud: H0=138, H1=15
    Scale 50: H0=50, H1=2
    Scale 75: H0=75, H1=5
    Scale 100: H0=100, H1=9
    Scale 125: H0=125, H1=14
  PH-dimension: 2.08 from 4 scales
    Multi-scale analysis: PH-dim=2.08
    Generated 4 scale-level diagrams
    ✅ Added 4 diagrams to collection
  Sample 16: P=36 tokens, H=13 tokens
    Point cloud: 147 points
    Order energy: 0.1799
    Asymmetric energy: 5.1443
Multi-scale persistence on 147 point cloud...
  Full cloud: H0=147, H1=12
    Scale 50: H0=50, H1=3
    Scale 75: H0=75, H1=4
    Scale 100: H0=100, H1=6
    Scale 125: H0=125, H1=9
  PH-dimension: 2.66 from 4 scales
    Multi-scale analysis: PH-dim=2.66
    Generated 4 scale-level diagrams
    ✅ Added 4 diagrams to collection
  Sample 17: P=21 tokens, H=19 tokens
    Point cloud: 120 points
    Order energy: 0.3934
    Asymmetric energy: 2.4832
Multi-scale persistence on 120 point cloud...
  Full cloud: H0=120, H1=16
    Scale 50: H0=50, H1=5
    Scale 75: H0=75, H1=9
    Scale 100: H0=100, H1=10
  PH-dimension: 2.08 from 3 scales
    Multi-scale analysis: PH-dim=2.08
    Generated 3 scale-level diagrams
    ✅ Added 3 diagrams to collection
  Sample 18: P=30 tokens, H=12 tokens
    Point cloud: 126 points
    Order energy: 0.2141
    Asymmetric energy: 3.8062
Multi-scale persistence on 126 point cloud...
  Full cloud: H0=126, H1=14
    Scale 50: H0=50, H1=4
    Scale 75: H0=75, H1=8
    Scale 100: H0=100, H1=10
    Scale 125: H0=125, H1=14
  PH-dimension: 3.34 from 4 scales
    Multi-scale analysis: PH-dim=3.34
    Generated 4 scale-level diagrams
    ✅ Added 4 diagrams to collection
  Sample 19: P=32 tokens, H=12 tokens
    Point cloud: 132 points
    Order energy: 0.1491
    Asymmetric energy: 4.5705
Multi-scale persistence on 132 point cloud...
  Full cloud: H0=132, H1=18
    Scale 50: H0=50, H1=3
    Scale 75: H0=75, H1=5
    Scale 100: H0=100, H1=9
    Scale 125: H0=125, H1=17
  PH-dimension: 5.11 from 4 scales
    Multi-scale analysis: PH-dim=5.11
    Generated 4 scale-level diagrams
    ✅ Added 4 diagrams to collection
  Sample 20: P=25 tokens, H=26 tokens
    Point cloud: 153 points
    Order energy: 0.3433
    Asymmetric energy: 1.2454
Multi-scale persistence on 153 point cloud...
  Full cloud: H0=153, H1=19
    Scale 50: H0=50, H1=1
    Scale 75: H0=75, H1=4
    Scale 100: H0=100, H1=6
    Scale 125: H0=125, H1=10
    Scale 150: H0=150, H1=19
  PH-dimension: 2.38 from 5 scales
    Multi-scale analysis: PH-dim=2.38
    Generated 5 scale-level diagrams
    ✅ Added 5 diagrams to collection
  Sample 21: P=25 tokens, H=21 tokens
    Point cloud: 138 points
    Order energy: 0.3865
    Asymmetric energy: 3.8786
Multi-scale persistence on 138 point cloud...
  Full cloud: H0=138, H1=17
    Scale 50: H0=50, H1=2
    Scale 75: H0=75, H1=6
    Scale 100: H0=100, H1=12
    Scale 125: H0=125, H1=15
  PH-dimension: 2.40 from 4 scales
    Multi-scale analysis: PH-dim=2.40
    Generated 4 scale-level diagrams
    ✅ Added 4 diagrams to collection
  Sample 22: P=37 tokens, H=19 tokens
    Point cloud: 168 points
    Order energy: 0.2064
    Asymmetric energy: 3.5718
Multi-scale persistence on 168 point cloud...
  Full cloud: H0=168, H1=31
    Scale 50: H0=50, H1=2
    Scale 75: H0=75, H1=4
    Scale 100: H0=100, H1=12
    Scale 125: H0=125, H1=20
    Scale 150: H0=150, H1=29
  PH-dimension: 2.98 from 5 scales
    Multi-scale analysis: PH-dim=2.98
    Generated 5 scale-level diagrams
    ✅ Added 5 diagrams to collection
  Sample 23: P=32 tokens, H=18 tokens
    Point cloud: 150 points
    Order energy: 1.0340
    Asymmetric energy: 1.4454
Multi-scale persistence on 150 point cloud...
  Full cloud: H0=150, H1=24
    Scale 50: H0=50, H1=3
    Scale 75: H0=75, H1=7
    Scale 100: H0=100, H1=11
    Scale 125: H0=125, H1=15
  PH-dimension: 3.11 from 4 scales
    Multi-scale analysis: PH-dim=3.11
    Generated 4 scale-level diagrams
    ✅ Added 4 diagrams to collection
  Sample 24: P=30 tokens, H=12 tokens
    Point cloud: 126 points
    Order energy: 0.0105
    Asymmetric energy: 2.9297
Multi-scale persistence on 126 point cloud...
  Full cloud: H0=126, H1=16
    Scale 50: H0=50, H1=2
    Scale 75: H0=75, H1=4
    Scale 100: H0=100, H1=7
    Scale 125: H0=125, H1=16
  PH-dimension: 2.87 from 4 scales
    Multi-scale analysis: PH-dim=2.87
    Generated 4 scale-level diagrams
    ✅ Added 4 diagrams to collection
  Sample 25: P=24 tokens, H=18 tokens
    Point cloud: 126 points
    Order energy: 0.6461
    Asymmetric energy: 1.9150
Multi-scale persistence on 126 point cloud...
  Full cloud: H0=126, H1=28
    Scale 50: H0=50, H1=7
    Scale 75: H0=75, H1=10
    Scale 100: H0=100, H1=18
    Scale 125: H0=125, H1=26
  PH-dimension: 3.35 from 4 scales
    Multi-scale analysis: PH-dim=3.35
    Generated 4 scale-level diagrams
    ✅ Added 4 diagrams to collection
  Sample 26: P=25 tokens, H=21 tokens
    Point cloud: 138 points
    Order energy: 0.1603
    Asymmetric energy: 2.0068
Multi-scale persistence on 138 point cloud...
  Full cloud: H0=138, H1=31
    Scale 50: H0=50, H1=1
    Scale 75: H0=75, H1=10
    Scale 100: H0=100, H1=14
    Scale 125: H0=125, H1=28
  PH-dimension: 4.41 from 4 scales
    Multi-scale analysis: PH-dim=4.41
    Generated 4 scale-level diagrams
    ✅ Added 4 diagrams to collection
  Sample 27: P=22 tokens, H=18 tokens
    Point cloud: 120 points
    Order energy: 0.1105
    Asymmetric energy: 2.0347
Multi-scale persistence on 120 point cloud...
  Full cloud: H0=120, H1=22
    Scale 50: H0=50, H1=5
    Scale 75: H0=75, H1=7
    Scale 100: H0=100, H1=17
  PH-dimension: 3.74 from 3 scales
    Multi-scale analysis: PH-dim=3.74
    Generated 3 scale-level diagrams
    ✅ Added 3 diagrams to collection
  Sample 28: P=22 tokens, H=23 tokens
    Point cloud: 135 points
    Order energy: 0.2567
    Asymmetric energy: 1.1717
Multi-scale persistence on 135 point cloud...
  Full cloud: H0=135, H1=12
    Scale 50: H0=50, H1=1
    Scale 75: H0=75, H1=1
    Scale 100: H0=100, H1=8
    Scale 125: H0=125, H1=8
  PH-dimension: 3.50 from 4 scales
    Multi-scale analysis: PH-dim=3.50
    Generated 4 scale-level diagrams
    ✅ Added 4 diagrams to collection
  Sample 29: P=38 tokens, H=10 tokens
    Point cloud: 144 points
    Order energy: 0.1119
    Asymmetric energy: 5.5205
Multi-scale persistence on 144 point cloud...
  Full cloud: H0=144, H1=15
    Scale 50: H0=50, H1=2
    Scale 75: H0=75, H1=3
    Scale 100: H0=100, H1=9
    Scale 125: H0=125, H1=12
  PH-dimension: 3.41 from 4 scales
    Multi-scale analysis: PH-dim=3.41
    Generated 4 scale-level diagrams
    ✅ Added 4 diagrams to collection
  Sample 30: P=29 tokens, H=17 tokens
    Point cloud: 138 points
    Order energy: 0.3933
    Asymmetric energy: 3.8174
Multi-scale persistence on 138 point cloud...
  Full cloud: H0=138, H1=22
    Scale 50: H0=50, H1=3
    Scale 75: H0=75, H1=7
    Scale 100: H0=100, H1=12
    Scale 125: H0=125, H1=20
  PH-dimension: 2.67 from 4 scales
    Multi-scale analysis: PH-dim=2.67
    Generated 4 scale-level diagrams
    ✅ Added 4 diagrams to collection
  Sample 31: P=26 tokens, H=19 tokens
    Point cloud: 135 points
    Order energy: 0.1387
    Asymmetric energy: 2.2404
Multi-scale persistence on 135 point cloud...
  Full cloud: H0=135, H1=42
    Scale 50: H0=50, H1=4
    Scale 75: H0=75, H1=10
    Scale 100: H0=100, H1=28
    Scale 125: H0=125, H1=37
  PH-dimension: 2.36 from 4 scales
    Multi-scale analysis: PH-dim=2.36
    Generated 4 scale-level diagrams
    ✅ Added 4 diagrams to collection
  Sample 32: P=41 tokens, H=7 tokens
    Point cloud: 144 points
    Order energy: 0.6609
    Asymmetric energy: 2.8208
Multi-scale persistence on 144 point cloud...
  Full cloud: H0=144, H1=15
    Scale 50: H0=50, H1=4
    Scale 75: H0=75, H1=3
    Scale 100: H0=100, H1=6
    Scale 125: H0=125, H1=10
  PH-dimension: 3.68 from 4 scales
    Multi-scale analysis: PH-dim=3.68
    Generated 4 scale-level diagrams
    ✅ Added 4 diagrams to collection
  Sample 33: P=33 tokens, H=15 tokens
    Point cloud: 144 points
    Order energy: 0.4798
    Asymmetric energy: 3.0609
Multi-scale persistence on 144 point cloud...
  Full cloud: H0=144, H1=18
    Scale 50: H0=50, H1=3
    Scale 75: H0=75, H1=7
    Scale 100: H0=100, H1=12
    Scale 125: H0=125, H1=13
  PH-dimension: 3.54 from 4 scales
    Multi-scale analysis: PH-dim=3.54
    Generated 4 scale-level diagrams
    ✅ Added 4 diagrams to collection
  Sample 34: P=29 tokens, H=29 tokens
    Point cloud: 174 points
    Order energy: 0.0140
    Asymmetric energy: 0.1894
Multi-scale persistence on 174 point cloud...
  Full cloud: H0=174, H1=13
    Scale 50: H0=50, H1=0
    Scale 75: H0=75, H1=2
    Scale 100: H0=100, H1=6
    Scale 125: H0=125, H1=5
    Scale 150: H0=150, H1=12
  PH-dimension: 2.28 from 5 scales
    Multi-scale analysis: PH-dim=2.28
    Generated 5 scale-level diagrams
    ✅ Added 5 diagrams to collection
  Sample 35: P=33 tokens, H=8 tokens
    Point cloud: 123 points
    Order energy: 0.2669
    Asymmetric energy: 3.4580
Multi-scale persistence on 123 point cloud...
  Full cloud: H0=123, H1=19
    Scale 50: H0=50, H1=3
    Scale 75: H0=75, H1=9
    Scale 100: H0=100, H1=15
  PH-dimension: 2.76 from 3 scales
    Multi-scale analysis: PH-dim=2.76
    Generated 3 scale-level diagrams
    ✅ Added 3 diagrams to collection
  Sample 36: P=23 tokens, H=17 tokens
    Point cloud: 120 points
    Order energy: 0.1297
    Asymmetric energy: 5.1235
Multi-scale persistence on 120 point cloud...
  Full cloud: H0=120, H1=18
    Scale 50: H0=50, H1=4
    Scale 75: H0=75, H1=13
    Scale 100: H0=100, H1=15
  PH-dimension: 2.44 from 3 scales
    Multi-scale analysis: PH-dim=2.44
    Generated 3 scale-level diagrams
    ✅ Added 3 diagrams to collection
  Sample 37: P=29 tokens, H=11 tokens
    Point cloud: 120 points
    Order energy: 0.0780
    Asymmetric energy: 4.2303
Multi-scale persistence on 120 point cloud...
  Full cloud: H0=120, H1=20
    Scale 50: H0=50, H1=4
    Scale 75: H0=75, H1=5
    Scale 100: H0=100, H1=14
  PH-dimension: 2.63 from 3 scales
    Multi-scale analysis: PH-dim=2.63
    Generated 3 scale-level diagrams
    ✅ Added 3 diagrams to collection
  Sample 38: P=41 tokens, H=7 tokens
    Point cloud: 144 points
    Order energy: 0.0100
    Asymmetric energy: 8.7867
Multi-scale persistence on 144 point cloud...
  Full cloud: H0=144, H1=13
    Scale 50: H0=50, H1=2
    Scale 75: H0=75, H1=6
    Scale 100: H0=100, H1=7
    Scale 125: H0=125, H1=11
  PH-dimension: 3.57 from 4 scales
    Multi-scale analysis: PH-dim=3.57
    Generated 4 scale-level diagrams
    ✅ Added 4 diagrams to collection
  Sample 39: P=27 tokens, H=13 tokens
    Point cloud: 120 points
    Order energy: 0.6815
    Asymmetric energy: 2.1711
Multi-scale persistence on 120 point cloud...
  Full cloud: H0=120, H1=19
    Scale 50: H0=50, H1=5
    Scale 75: H0=75, H1=7
    Scale 100: H0=100, H1=14
  PH-dimension: 3.12 from 3 scales
    Multi-scale analysis: PH-dim=3.12
    Generated 3 scale-level diagrams
    ✅ Added 3 diagrams to collection
  Sample 40: P=35 tokens, H=11 tokens
    Point cloud: 138 points
    Order energy: 0.2855
    Asymmetric energy: 3.1318
Multi-scale persistence on 138 point cloud...
  Full cloud: H0=138, H1=19
    Scale 50: H0=50, H1=2
    Scale 75: H0=75, H1=10
    Scale 100: H0=100, H1=11
    Scale 125: H0=125, H1=18
  PH-dimension: 3.24 from 4 scales
    Multi-scale analysis: PH-dim=3.24
    Generated 4 scale-level diagrams
    ✅ Added 4 diagrams to collection
  Sample 41: P=41 tokens, H=9 tokens
    Point cloud: 150 points
    Order energy: 0.2036
    Asymmetric energy: 4.3203
Multi-scale persistence on 150 point cloud...
  Full cloud: H0=150, H1=18
    Scale 50: H0=50, H1=2
    Scale 75: H0=75, H1=5
    Scale 100: H0=100, H1=8
    Scale 125: H0=125, H1=12
  PH-dimension: 2.91 from 4 scales
    Multi-scale analysis: PH-dim=2.91
    Generated 4 scale-level diagrams
    ✅ Added 4 diagrams to collection
  Sample 42: P=38 tokens, H=13 tokens
    Point cloud: 153 points
    Order energy: 0.1745
    Asymmetric energy: 4.7058
Multi-scale persistence on 153 point cloud...
  Full cloud: H0=153, H1=28
    Scale 50: H0=50, H1=3
    Scale 75: H0=75, H1=11
    Scale 100: H0=100, H1=11
    Scale 125: H0=125, H1=22
    Scale 150: H0=150, H1=27
  PH-dimension: 2.27 from 5 scales
    Multi-scale analysis: PH-dim=2.27
    Generated 5 scale-level diagrams
    ✅ Added 5 diagrams to collection
  Sample 43: P=20 tokens, H=23 tokens
    Point cloud: 129 points
    Order energy: 0.2416
    Asymmetric energy: 1.3625
Multi-scale persistence on 129 point cloud...
  Full cloud: H0=129, H1=31
    Scale 50: H0=50, H1=3
    Scale 75: H0=75, H1=6
    Scale 100: H0=100, H1=21
    Scale 125: H0=125, H1=28
  PH-dimension: 1.86 from 4 scales
    Multi-scale analysis: PH-dim=1.86
    Generated 4 scale-level diagrams
    ✅ Added 4 diagrams to collection
  Sample 44: P=26 tokens, H=17 tokens
    Point cloud: 129 points
    Order energy: 0.6489
    Asymmetric energy: 1.4566
Multi-scale persistence on 129 point cloud...
  Full cloud: H0=129, H1=30
    Scale 50: H0=50, H1=3
    Scale 75: H0=75, H1=12
    Scale 100: H0=100, H1=13
    Scale 125: H0=125, H1=27
  PH-dimension: 5.16 from 4 scales
    Multi-scale analysis: PH-dim=5.16
    Generated 4 scale-level diagrams
    ✅ Added 4 diagrams to collection
  Sample 45: P=58 tokens, H=11 tokens
    Point cloud: 207 points
    Order energy: 0.5728
    Asymmetric energy: 2.2000
Multi-scale persistence on 207 point cloud...
  Full cloud: H0=207, H1=35
    Scale 50: H0=50, H1=3
    Scale 75: H0=75, H1=10
    Scale 100: H0=100, H1=10
    Scale 125: H0=125, H1=13
    Scale 150: H0=150, H1=21
    Scale 175: H0=175, H1=29
  PH-dimension: 3.63 from 6 scales
    Multi-scale analysis: PH-dim=3.63
    Generated 6 scale-level diagrams
    ✅ Added 6 diagrams to collection
  Sample 46: P=41 tokens, H=9 tokens
    Point cloud: 150 points
    Order energy: 0.1881
    Asymmetric energy: 2.5722
Multi-scale persistence on 150 point cloud...
  Full cloud: H0=150, H1=20
    Scale 50: H0=50, H1=2
    Scale 75: H0=75, H1=6
    Scale 100: H0=100, H1=11
    Scale 125: H0=125, H1=14
  PH-dimension: 2.41 from 4 scales
    Multi-scale analysis: PH-dim=2.41
    Generated 4 scale-level diagrams
    ✅ Added 4 diagrams to collection
  Sample 47: P=63 tokens, H=8 tokens
    Point cloud: 213 points
    Order energy: 0.0023
    Asymmetric energy: 11.5705
Multi-scale persistence on 213 point cloud...
  Full cloud: H0=213, H1=19
    Scale 50: H0=50, H1=3
    Scale 75: H0=75, H1=4
    Scale 100: H0=100, H1=6
    Scale 125: H0=125, H1=7
    Scale 150: H0=150, H1=16
    Scale 175: H0=175, H1=12
  PH-dimension: 3.48 from 6 scales
    Multi-scale analysis: PH-dim=3.48
    Generated 6 scale-level diagrams
    ✅ Added 6 diagrams to collection
  Sample 48: P=34 tokens, H=10 tokens
    Point cloud: 132 points
    Order energy: 0.8296
    Asymmetric energy: 0.8991
Multi-scale persistence on 132 point cloud...
  Full cloud: H0=132, H1=13
    Scale 50: H0=50, H1=1
    Scale 75: H0=75, H1=5
    Scale 100: H0=100, H1=4
    Scale 125: H0=125, H1=9
  PH-dimension: 2.80 from 4 scales
    Multi-scale analysis: PH-dim=2.80
    Generated 4 scale-level diagrams
    ✅ Added 4 diagrams to collection
  Sample 49: P=32 tokens, H=10 tokens
    Point cloud: 126 points
    Order energy: 0.0709
    Asymmetric energy: 10.3126
Multi-scale persistence on 126 point cloud...
  Full cloud: H0=126, H1=12
    Scale 50: H0=50, H1=2
    Scale 75: H0=75, H1=3
    Scale 100: H0=100, H1=4
    Scale 125: H0=125, H1=10
  PH-dimension: 3.54 from 4 scales
    Multi-scale analysis: PH-dim=3.54
    Generated 4 scale-level diagrams
    ✅ Added 4 diagrams to collection
  Sample 50: P=27 tokens, H=16 tokens
    Point cloud: 129 points
    Order energy: 0.1704
    Asymmetric energy: 2.8371
Multi-scale persistence on 129 point cloud...
  Full cloud: H0=129, H1=29
    Scale 50: H0=50, H1=2
    Scale 75: H0=75, H1=11
    Scale 100: H0=100, H1=13
    Scale 125: H0=125, H1=26
  PH-dimension: 2.64 from 4 scales
    Multi-scale analysis: PH-dim=2.64
    Generated 4 scale-level diagrams
    ✅ Added 4 diagrams to collection
  Sample 51: P=25 tokens, H=24 tokens
    Point cloud: 147 points
    Order energy: 0.2613
    Asymmetric energy: 1.5931
Multi-scale persistence on 147 point cloud...
  Full cloud: H0=147, H1=37
    Scale 50: H0=50, H1=3
    Scale 75: H0=75, H1=10
    Scale 100: H0=100, H1=15
    Scale 125: H0=125, H1=30
  PH-dimension: 2.53 from 4 scales
    Multi-scale analysis: PH-dim=2.53
    Generated 4 scale-level diagrams
    ✅ Added 4 diagrams to collection
  Sample 52: P=44 tokens, H=10 tokens
    Point cloud: 162 points
    Order energy: 0.0327
    Asymmetric energy: 10.6374
Multi-scale persistence on 162 point cloud...
  Full cloud: H0=162, H1=22
    Scale 50: H0=50, H1=1
    Scale 75: H0=75, H1=3
    Scale 100: H0=100, H1=13
    Scale 125: H0=125, H1=15
    Scale 150: H0=150, H1=15
  PH-dimension: 2.39 from 5 scales
    Multi-scale analysis: PH-dim=2.39
    Generated 5 scale-level diagrams
    ✅ Added 5 diagrams to collection
  Sample 53: P=51 tokens, H=39 tokens
    Point cloud: 270 points
    Order energy: 0.6575
    Asymmetric energy: 1.9798
Multi-scale persistence on 270 point cloud...
  Full cloud: H0=270, H1=50
    Scale 50: H0=50, H1=0
    Scale 75: H0=75, H1=5
    Scale 100: H0=100, H1=13
    Scale 125: H0=125, H1=12
    Scale 150: H0=150, H1=19
    Scale 175: H0=175, H1=31
  PH-dimension: 3.85 from 6 scales
    Multi-scale analysis: PH-dim=3.85
    Generated 6 scale-level diagrams
    ✅ Added 6 diagrams to collection
  Sample 54: P=32 tokens, H=22 tokens
    Point cloud: 162 points
    Order energy: 0.4801
    Asymmetric energy: 2.4231
Multi-scale persistence on 162 point cloud...
  Full cloud: H0=162, H1=42
    Scale 50: H0=50, H1=3
    Scale 75: H0=75, H1=16
    Scale 100: H0=100, H1=20
    Scale 125: H0=125, H1=25
    Scale 150: H0=150, H1=38
  PH-dimension: 9.59 from 5 scales
    Multi-scale analysis: PH-dim=9.59
    Generated 5 scale-level diagrams
    ✅ Added 5 diagrams to collection
  Sample 55: P=36 tokens, H=9 tokens
    Point cloud: 135 points
    Order energy: 0.2909
    Asymmetric energy: 6.6472
Multi-scale persistence on 135 point cloud...
  Full cloud: H0=135, H1=13
    Scale 50: H0=50, H1=2
    Scale 75: H0=75, H1=7
    Scale 100: H0=100, H1=6
    Scale 125: H0=125, H1=12
  PH-dimension: 2.95 from 4 scales
    Multi-scale analysis: PH-dim=2.95
    Generated 4 scale-level diagrams
    ✅ Added 4 diagrams to collection
  Sample 56: P=30 tokens, H=10 tokens
    Point cloud: 120 points
    Order energy: 0.4141
    Asymmetric energy: 2.0147
Multi-scale persistence on 120 point cloud...
  Full cloud: H0=120, H1=14
    Scale 50: H0=50, H1=2
    Scale 75: H0=75, H1=5
    Scale 100: H0=100, H1=11
  PH-dimension: 2.80 from 3 scales
    Multi-scale analysis: PH-dim=2.80
    Generated 3 scale-level diagrams
    ✅ Added 3 diagrams to collection
  Sample 57: P=27 tokens, H=18 tokens
    Point cloud: 135 points
    Order energy: 0.6740
    Asymmetric energy: 1.8183
Multi-scale persistence on 135 point cloud...
  Full cloud: H0=135, H1=22
    Scale 50: H0=50, H1=5
    Scale 75: H0=75, H1=7
    Scale 100: H0=100, H1=11
    Scale 125: H0=125, H1=19
  PH-dimension: 3.61 from 4 scales
    Multi-scale analysis: PH-dim=3.61
    Generated 4 scale-level diagrams
    ✅ Added 4 diagrams to collection
  Sample 58: P=55 tokens, H=11 tokens
    Point cloud: 198 points
    Order energy: 0.1654
    Asymmetric energy: 4.1711
Multi-scale persistence on 198 point cloud...
  Full cloud: H0=198, H1=26
    Scale 50: H0=50, H1=2
    Scale 75: H0=75, H1=5
    Scale 100: H0=100, H1=10
    Scale 125: H0=125, H1=14
    Scale 150: H0=150, H1=20
    Scale 175: H0=175, H1=22
  PH-dimension: 2.75 from 6 scales
    Multi-scale analysis: PH-dim=2.75
    Generated 6 scale-level diagrams
    ✅ Added 6 diagrams to collection
  Sample 59: P=38 tokens, H=11 tokens
    Point cloud: 147 points
    Order energy: 0.4034
    Asymmetric energy: 2.8799
Multi-scale persistence on 147 point cloud...
  Full cloud: H0=147, H1=14
    Scale 50: H0=50, H1=1
    Scale 75: H0=75, H1=3
    Scale 100: H0=100, H1=11
    Scale 125: H0=125, H1=6
  PH-dimension: 2.70 from 4 scales
    Multi-scale analysis: PH-dim=2.70
    Generated 4 scale-level diagrams
    ✅ Added 4 diagrams to collection
  Sample 60: P=41 tokens, H=8 tokens
    Point cloud: 147 points
    Order energy: 0.5904
    Asymmetric energy: 4.5741
Multi-scale persistence on 147 point cloud...
  Full cloud: H0=147, H1=16
    Scale 50: H0=50, H1=2
    Scale 75: H0=75, H1=3
    Scale 100: H0=100, H1=9
    Scale 125: H0=125, H1=15
  PH-dimension: 3.44 from 4 scales
    Multi-scale analysis: PH-dim=3.44
    Generated 4 scale-level diagrams
    ✅ Added 4 diagrams to collection
  Sample 61: P=24 tokens, H=18 tokens
    Point cloud: 126 points
    Order energy: 0.3403
    Asymmetric energy: 1.4101
Multi-scale persistence on 126 point cloud...
  Full cloud: H0=126, H1=29
    Scale 50: H0=50, H1=6
    Scale 75: H0=75, H1=8
    Scale 100: H0=100, H1=12
    Scale 125: H0=125, H1=29
  PH-dimension: 2.41 from 4 scales
    Multi-scale analysis: PH-dim=2.41
    Generated 4 scale-level diagrams
    ✅ Added 4 diagrams to collection
  Sample 62: P=38 tokens, H=19 tokens
    Point cloud: 171 points
    Order energy: 0.7353
    Asymmetric energy: 1.5320
Multi-scale persistence on 171 point cloud...
  Full cloud: H0=171, H1=23
    Scale 50: H0=50, H1=1
    Scale 75: H0=75, H1=3
    Scale 100: H0=100, H1=10
    Scale 125: H0=125, H1=12
    Scale 150: H0=150, H1=19
  PH-dimension: 3.04 from 5 scales
    Multi-scale analysis: PH-dim=3.04
    Generated 5 scale-level diagrams
    ✅ Added 5 diagrams to collection
  Sample 63: P=32 tokens, H=8 tokens
    Point cloud: 120 points
    Order energy: 0.1353
    Asymmetric energy: 4.5698
Multi-scale persistence on 120 point cloud...
  Full cloud: H0=120, H1=12
    Scale 50: H0=50, H1=3
    Scale 75: H0=75, H1=3
    Scale 100: H0=100, H1=8
  PH-dimension: 3.69 from 3 scales
    Multi-scale analysis: PH-dim=3.69
    Generated 3 scale-level diagrams
    ✅ Added 3 diagrams to collection
  Sample 64: P=24 tokens, H=18 tokens
    Point cloud: 126 points
    Order energy: 0.5086
    Asymmetric energy: 2.8531
Multi-scale persistence on 126 point cloud...
  Full cloud: H0=126, H1=35
    Scale 50: H0=50, H1=4
    Scale 75: H0=75, H1=15
    Scale 100: H0=100, H1=22
    Scale 125: H0=125, H1=34
  PH-dimension: 3.00 from 4 scales
    Multi-scale analysis: PH-dim=3.00
    Generated 4 scale-level diagrams
    ✅ Added 4 diagrams to collection
  Sample 65: P=34 tokens, H=34 tokens
    Point cloud: 204 points
    Order energy: 0.0000
    Asymmetric energy: 0.0000
Multi-scale persistence on 204 point cloud...
  Full cloud: H0=162, H1=3
    Scale 50: H0=48, H1=2
    Scale 75: H0=68, H1=3
    Scale 100: H0=85, H1=0
    Scale 125: H0=108, H1=2
    Scale 150: H0=123, H1=5
    Scale 175: H0=147, H1=3
  PH-dimension: 2.15 from 6 scales
    Multi-scale analysis: PH-dim=2.15
    Generated 6 scale-level diagrams
    ✅ Added 6 diagrams to collection
  Sample 66: P=37 tokens, H=15 tokens
    Point cloud: 156 points
    Order energy: 0.0210
    Asymmetric energy: 8.1740
Multi-scale persistence on 156 point cloud...
  Full cloud: H0=156, H1=11
    Scale 50: H0=50, H1=3
    Scale 75: H0=75, H1=2
    Scale 100: H0=100, H1=6
    Scale 125: H0=125, H1=6
    Scale 150: H0=150, H1=11
  PH-dimension: 2.88 from 5 scales
    Multi-scale analysis: PH-dim=2.88
    Generated 5 scale-level diagrams
    ✅ Added 5 diagrams to collection
  Sample 67: P=25 tokens, H=15 tokens
    Point cloud: 120 points
    Order energy: 0.2178
    Asymmetric energy: 2.2133
Multi-scale persistence on 120 point cloud...
  Full cloud: H0=120, H1=18
    Scale 50: H0=50, H1=1
    Scale 75: H0=75, H1=7
    Scale 100: H0=100, H1=13
  PH-dimension: 3.28 from 3 scales
    Multi-scale analysis: PH-dim=3.28
    Generated 3 scale-level diagrams
    ✅ Added 3 diagrams to collection
  Sample 68: P=38 tokens, H=15 tokens
    Point cloud: 159 points
    Order energy: 0.4525
    Asymmetric energy: 3.6728
Multi-scale persistence on 159 point cloud...
  Full cloud: H0=159, H1=31
    Scale 50: H0=50, H1=5
    Scale 75: H0=75, H1=6
    Scale 100: H0=100, H1=13
    Scale 125: H0=125, H1=19
    Scale 150: H0=150, H1=30
  PH-dimension: 2.82 from 5 scales
    Multi-scale analysis: PH-dim=2.82
    Generated 5 scale-level diagrams
    ✅ Added 5 diagrams to collection
  Sample 69: P=26 tokens, H=15 tokens
    Point cloud: 123 points
    Order energy: 0.0518
    Asymmetric energy: 3.3119
Multi-scale persistence on 123 point cloud...
  Full cloud: H0=123, H1=21
    Scale 50: H0=50, H1=4
    Scale 75: H0=75, H1=8
    Scale 100: H0=100, H1=9
  PH-dimension: 4.67 from 3 scales
    Multi-scale analysis: PH-dim=4.67
    Generated 3 scale-level diagrams
    ✅ Added 3 diagrams to collection
  Sample 70: P=31 tokens, H=11 tokens
    Point cloud: 126 points
    Order energy: 1.2255
    Asymmetric energy: 1.5557
Multi-scale persistence on 126 point cloud...
  Full cloud: H0=126, H1=14
    Scale 50: H0=50, H1=2
    Scale 75: H0=75, H1=8
    Scale 100: H0=100, H1=6
    Scale 125: H0=125, H1=14
  PH-dimension: 4.09 from 4 scales
    Multi-scale analysis: PH-dim=4.09
    Generated 4 scale-level diagrams
    ✅ Added 4 diagrams to collection
  Sample 71: P=29 tokens, H=11 tokens
    Point cloud: 120 points
    Order energy: 1.1086
    Asymmetric energy: 1.7559
Multi-scale persistence on 120 point cloud...
  Full cloud: H0=120, H1=14
    Scale 50: H0=50, H1=4
    Scale 75: H0=75, H1=3
    Scale 100: H0=100, H1=9
  PH-dimension: 2.96 from 3 scales
    Multi-scale analysis: PH-dim=2.96
    Generated 3 scale-level diagrams
    ✅ Added 3 diagrams to collection
  Sample 72: P=21 tokens, H=24 tokens
    Point cloud: 135 points
    Order energy: 1.6200
    Asymmetric energy: 3.3044
Multi-scale persistence on 135 point cloud...
  Full cloud: H0=135, H1=32
    Scale 50: H0=50, H1=6
    Scale 75: H0=75, H1=7
    Scale 100: H0=100, H1=15
    Scale 125: H0=125, H1=23
  PH-dimension: 2.30 from 4 scales
    Multi-scale analysis: PH-dim=2.30
    Generated 4 scale-level diagrams
    ✅ Added 4 diagrams to collection
  Sample 73: P=29 tokens, H=13 tokens
    Point cloud: 126 points
    Order energy: 0.2463
    Asymmetric energy: 1.7101
Multi-scale persistence on 126 point cloud...
  Full cloud: H0=126, H1=23
    Scale 50: H0=50, H1=2
    Scale 75: H0=75, H1=10
    Scale 100: H0=100, H1=18
    Scale 125: H0=125, H1=23
  PH-dimension: 7.22 from 4 scales
    Multi-scale analysis: PH-dim=7.22
    Generated 4 scale-level diagrams
    ✅ Added 4 diagrams to collection
  Sample 74: P=37 tokens, H=10 tokens
    Point cloud: 141 points
    Order energy: 0.1497
    Asymmetric energy: 5.2718
Multi-scale persistence on 141 point cloud...
  Full cloud: H0=141, H1=19
    Scale 50: H0=50, H1=5
    Scale 75: H0=75, H1=6
    Scale 100: H0=100, H1=12
    Scale 125: H0=125, H1=15
  PH-dimension: 2.61 from 4 scales
    Multi-scale analysis: PH-dim=2.61
    Generated 4 scale-level diagrams
    ✅ Added 4 diagrams to collection
  Sample 75: P=33 tokens, H=19 tokens
    Point cloud: 156 points
    Order energy: 1.0670
    Asymmetric energy: 2.6481
Multi-scale persistence on 156 point cloud...
  Full cloud: H0=156, H1=29
    Scale 50: H0=50, H1=4
    Scale 75: H0=75, H1=7
    Scale 100: H0=100, H1=14
    Scale 125: H0=125, H1=19
    Scale 150: H0=150, H1=29
  PH-dimension: 5.58 from 5 scales
    Multi-scale analysis: PH-dim=5.58
    Generated 5 scale-level diagrams
    ✅ Added 5 diagrams to collection
  Sample 76: P=32 tokens, H=13 tokens
    Point cloud: 135 points
    Order energy: 0.0478
    Asymmetric energy: 5.4473
Multi-scale persistence on 135 point cloud...
  Full cloud: H0=135, H1=21
    Scale 50: H0=50, H1=4
    Scale 75: H0=75, H1=10
    Scale 100: H0=100, H1=9
    Scale 125: H0=125, H1=17
  PH-dimension: 2.80 from 4 scales
    Multi-scale analysis: PH-dim=2.80
    Generated 4 scale-level diagrams
    ✅ Added 4 diagrams to collection
  Sample 77: P=30 tokens, H=10 tokens
    Point cloud: 120 points
    Order energy: 0.3913
    Asymmetric energy: 3.1439
Multi-scale persistence on 120 point cloud...
  Full cloud: H0=120, H1=11
    Scale 50: H0=50, H1=1
    Scale 75: H0=75, H1=4
    Scale 100: H0=100, H1=7
  PH-dimension: 1.91 from 3 scales
    Multi-scale analysis: PH-dim=1.91
    Generated 3 scale-level diagrams
    ✅ Added 3 diagrams to collection
  Sample 78: P=29 tokens, H=12 tokens
    Point cloud: 123 points
    Order energy: 0.4359
    Asymmetric energy: 2.7745
Multi-scale persistence on 123 point cloud...
  Full cloud: H0=123, H1=20
    Scale 50: H0=50, H1=3
    Scale 75: H0=75, H1=10
    Scale 100: H0=100, H1=11
  PH-dimension: 3.77 from 3 scales
    Multi-scale analysis: PH-dim=3.77
    Generated 3 scale-level diagrams
    ✅ Added 3 diagrams to collection
  Sample 79: P=29 tokens, H=13 tokens
    Point cloud: 126 points
    Order energy: 0.0204
    Asymmetric energy: 7.4196
Multi-scale persistence on 126 point cloud...
  Full cloud: H0=126, H1=17
    Scale 50: H0=50, H1=2
    Scale 75: H0=75, H1=5
    Scale 100: H0=100, H1=12
    Scale 125: H0=125, H1=16
  PH-dimension: 2.61 from 4 scales
    Multi-scale analysis: PH-dim=2.61
    Generated 4 scale-level diagrams
    ✅ Added 4 diagrams to collection
  Sample 80: P=22 tokens, H=21 tokens
    Point cloud: 129 points
    Order energy: 1.2047
    Asymmetric energy: 2.3559
Multi-scale persistence on 129 point cloud...
  Full cloud: H0=129, H1=23
    Scale 50: H0=50, H1=5
    Scale 75: H0=75, H1=10
    Scale 100: H0=100, H1=15
    Scale 125: H0=125, H1=21
  PH-dimension: 4.98 from 4 scales
    Multi-scale analysis: PH-dim=4.98
    Generated 4 scale-level diagrams
    ✅ Added 4 diagrams to collection
  Sample 81: P=34 tokens, H=16 tokens
    Point cloud: 150 points
    Order energy: 0.5236
    Asymmetric energy: 2.0768
Multi-scale persistence on 150 point cloud...
  Full cloud: H0=150, H1=18
    Scale 50: H0=50, H1=5
    Scale 75: H0=75, H1=8
    Scale 100: H0=100, H1=10
    Scale 125: H0=125, H1=17
  PH-dimension: 2.62 from 4 scales
    Multi-scale analysis: PH-dim=2.62
    Generated 4 scale-level diagrams
    ✅ Added 4 diagrams to collection
  Sample 82: P=33 tokens, H=8 tokens
    Point cloud: 123 points
    Order energy: 0.0706
    Asymmetric energy: 4.9365
Multi-scale persistence on 123 point cloud...
  Full cloud: H0=123, H1=15
    Scale 50: H0=50, H1=5
    Scale 75: H0=75, H1=6
    Scale 100: H0=100, H1=9
  PH-dimension: 3.59 from 3 scales
    Multi-scale analysis: PH-dim=3.59
    Generated 3 scale-level diagrams
    ✅ Added 3 diagrams to collection
  Sample 83: P=28 tokens, H=26 tokens
    Point cloud: 162 points
    Order energy: 0.8474
    Asymmetric energy: 2.4265
Multi-scale persistence on 162 point cloud...
  Full cloud: H0=162, H1=36
    Scale 50: H0=50, H1=5
    Scale 75: H0=75, H1=8
    Scale 100: H0=100, H1=17
    Scale 125: H0=125, H1=22
    Scale 150: H0=150, H1=30
  PH-dimension: 4.10 from 5 scales
    Multi-scale analysis: PH-dim=4.10
    Generated 5 scale-level diagrams
    ✅ Added 5 diagrams to collection
  Sample 84: P=34 tokens, H=14 tokens
    Point cloud: 144 points
    Order energy: 0.1988
    Asymmetric energy: 5.7362
Multi-scale persistence on 144 point cloud...
  Full cloud: H0=144, H1=18
    Scale 50: H0=50, H1=3
    Scale 75: H0=75, H1=6
    Scale 100: H0=100, H1=10
    Scale 125: H0=125, H1=12
  PH-dimension: 2.00 from 4 scales
    Multi-scale analysis: PH-dim=2.00
    Generated 4 scale-level diagrams
    ✅ Added 4 diagrams to collection
  Sample 85: P=24 tokens, H=16 tokens
    Point cloud: 120 points
    Order energy: 0.7503
    Asymmetric energy: 1.4174
Multi-scale persistence on 120 point cloud...
  Full cloud: H0=120, H1=27
    Scale 50: H0=50, H1=4
    Scale 75: H0=75, H1=15
    Scale 100: H0=100, H1=19
  PH-dimension: 2.17 from 3 scales
    Multi-scale analysis: PH-dim=2.17
    Generated 3 scale-level diagrams
    ✅ Added 3 diagrams to collection
  Sample 86: P=41 tokens, H=22 tokens
    Point cloud: 189 points
    Order energy: 0.1747
    Asymmetric energy: 5.1930
Multi-scale persistence on 189 point cloud...
  Full cloud: H0=189, H1=28
    Scale 50: H0=50, H1=4
    Scale 75: H0=75, H1=8
    Scale 100: H0=100, H1=12
    Scale 125: H0=125, H1=8
    Scale 150: H0=150, H1=18
    Scale 175: H0=175, H1=29
  PH-dimension: 4.36 from 6 scales
    Multi-scale analysis: PH-dim=4.36
    Generated 6 scale-level diagrams
    ✅ Added 6 diagrams to collection
  Sample 87: P=26 tokens, H=24 tokens
    Point cloud: 150 points
    Order energy: 0.4380
    Asymmetric energy: 2.4255
Multi-scale persistence on 150 point cloud...
  Full cloud: H0=150, H1=32
    Scale 50: H0=50, H1=1
    Scale 75: H0=75, H1=2
    Scale 100: H0=100, H1=10
    Scale 125: H0=125, H1=22
  PH-dimension: 2.25 from 4 scales
    Multi-scale analysis: PH-dim=2.25
    Generated 4 scale-level diagrams
    ✅ Added 4 diagrams to collection
  Sample 88: P=33 tokens, H=12 tokens
    Point cloud: 135 points
    Order energy: 0.1719
    Asymmetric energy: 4.1781
Multi-scale persistence on 135 point cloud...
  Full cloud: H0=135, H1=23
    Scale 50: H0=50, H1=5
    Scale 75: H0=75, H1=7
    Scale 100: H0=100, H1=14
    Scale 125: H0=125, H1=18
  PH-dimension: 2.96 from 4 scales
    Multi-scale analysis: PH-dim=2.96
    Generated 4 scale-level diagrams
    ✅ Added 4 diagrams to collection
  Sample 89: P=35 tokens, H=9 tokens
    Point cloud: 132 points
    Order energy: 1.8437
    Asymmetric energy: 1.7394
Multi-scale persistence on 132 point cloud...
  Full cloud: H0=132, H1=14
    Scale 50: H0=50, H1=2
    Scale 75: H0=75, H1=2
    Scale 100: H0=100, H1=5
    Scale 125: H0=125, H1=12
  PH-dimension: 2.95 from 4 scales
    Multi-scale analysis: PH-dim=2.95
    Generated 4 scale-level diagrams
    ✅ Added 4 diagrams to collection
  Sample 90: P=33 tokens, H=18 tokens
    Point cloud: 153 points
    Order energy: 0.6684
    Asymmetric energy: 2.4806
Multi-scale persistence on 153 point cloud...
  Full cloud: H0=153, H1=34
    Scale 50: H0=50, H1=4
    Scale 75: H0=75, H1=9
    Scale 100: H0=100, H1=19
    Scale 125: H0=125, H1=26
    Scale 150: H0=150, H1=32
  PH-dimension: 6.84 from 5 scales
    Multi-scale analysis: PH-dim=6.84
    Generated 5 scale-level diagrams
    ✅ Added 5 diagrams to collection
  Sample 91: P=33 tokens, H=17 tokens
    Point cloud: 150 points
    Order energy: 0.1740
    Asymmetric energy: 3.9969
Multi-scale persistence on 150 point cloud...
  Full cloud: H0=150, H1=43
    Scale 50: H0=50, H1=4
    Scale 75: H0=75, H1=11
    Scale 100: H0=100, H1=14
    Scale 125: H0=125, H1=34
  PH-dimension: 4.36 from 4 scales
    Multi-scale analysis: PH-dim=4.36
    Generated 4 scale-level diagrams
    ✅ Added 4 diagrams to collection
  Sample 92: P=31 tokens, H=19 tokens
    Point cloud: 150 points
    Order energy: 1.3559
    Asymmetric energy: 1.8369
Multi-scale persistence on 150 point cloud...
  Full cloud: H0=150, H1=23
    Scale 50: H0=50, H1=3
    Scale 75: H0=75, H1=6
    Scale 100: H0=100, H1=13
    Scale 125: H0=125, H1=20
  PH-dimension: 3.69 from 4 scales
    Multi-scale analysis: PH-dim=3.69
    Generated 4 scale-level diagrams
    ✅ Added 4 diagrams to collection
  Sample 93: P=34 tokens, H=8 tokens
    Point cloud: 126 points
    Order energy: 0.4572
    Asymmetric energy: 3.5400
Multi-scale persistence on 126 point cloud...
  Full cloud: H0=126, H1=17
    Scale 50: H0=50, H1=1
    Scale 75: H0=75, H1=7
    Scale 100: H0=100, H1=13
    Scale 125: H0=125, H1=17
  PH-dimension: 3.78 from 4 scales
    Multi-scale analysis: PH-dim=3.78
    Generated 4 scale-level diagrams
    ✅ Added 4 diagrams to collection
  Sample 94: P=36 tokens, H=8 tokens
    Point cloud: 132 points
    Order energy: 0.0001
    Asymmetric energy: 6.8911
Multi-scale persistence on 132 point cloud...
  Full cloud: H0=132, H1=14
    Scale 50: H0=50, H1=0
    Scale 75: H0=75, H1=1
    Scale 100: H0=100, H1=9
    Scale 125: H0=125, H1=11
  PH-dimension: 9.59 from 4 scales
    Multi-scale analysis: PH-dim=9.59
    Generated 4 scale-level diagrams
    ✅ Added 4 diagrams to collection
  Sample 95: P=30 tokens, H=14 tokens
    Point cloud: 132 points
    Order energy: 0.1959
    Asymmetric energy: 4.8745
Multi-scale persistence on 132 point cloud...
  Full cloud: H0=132, H1=27
    Scale 50: H0=50, H1=8
    Scale 75: H0=75, H1=15
    Scale 100: H0=100, H1=23
    Scale 125: H0=125, H1=25
  PH-dimension: 3.75 from 4 scales
    Multi-scale analysis: PH-dim=3.75
    Generated 4 scale-level diagrams
    ✅ Added 4 diagrams to collection
  Sample 96: P=59 tokens, H=9 tokens
    Point cloud: 204 points
    Order energy: 0.3187
    Asymmetric energy: 3.7297
Multi-scale persistence on 204 point cloud...
  Full cloud: H0=204, H1=33
    Scale 50: H0=50, H1=2
    Scale 75: H0=75, H1=8
    Scale 100: H0=100, H1=6
    Scale 125: H0=125, H1=11
    Scale 150: H0=150, H1=24
    Scale 175: H0=175, H1=21
  PH-dimension: 2.15 from 6 scales
    Multi-scale analysis: PH-dim=2.15
    Generated 6 scale-level diagrams
    ✅ Added 6 diagrams to collection
  Sample 97: P=43 tokens, H=13 tokens
    Point cloud: 168 points
    Order energy: 0.2092
    Asymmetric energy: 2.1889
Multi-scale persistence on 168 point cloud...
  Full cloud: H0=168, H1=28
    Scale 50: H0=50, H1=1
    Scale 75: H0=75, H1=6
    Scale 100: H0=100, H1=14
    Scale 125: H0=125, H1=14
    Scale 150: H0=150, H1=25
  PH-dimension: 3.10 from 5 scales
    Multi-scale analysis: PH-dim=3.10
    Generated 5 scale-level diagrams
    ✅ Added 5 diagrams to collection
  Sample 98: P=22 tokens, H=18 tokens
    Point cloud: 120 points
    Order energy: 0.1948
    Asymmetric energy: 4.1791
Multi-scale persistence on 120 point cloud...
  Full cloud: H0=120, H1=21
    Scale 50: H0=50, H1=2
    Scale 75: H0=75, H1=9
    Scale 100: H0=100, H1=19
  PH-dimension: 3.82 from 3 scales
    Multi-scale analysis: PH-dim=3.82
    Generated 3 scale-level diagrams
    ✅ Added 3 diagrams to collection
  Sample 99: P=43 tokens, H=8 tokens
    Point cloud: 153 points
    Order energy: 0.3747
    Asymmetric energy: 2.3874
Multi-scale persistence on 153 point cloud...
  Full cloud: H0=153, H1=30
    Scale 50: H0=50, H1=3
    Scale 75: H0=75, H1=7
    Scale 100: H0=100, H1=14
    Scale 125: H0=125, H1=18
    Scale 150: H0=150, H1=28
  PH-dimension: 3.09 from 5 scales
    Multi-scale analysis: PH-dim=3.09
    Generated 5 scale-level diagrams
    ✅ Added 5 diagrams to collection
  Sample 100: P=51 tokens, H=39 tokens
    Point cloud: 270 points
    Order energy: 0.7652
    Asymmetric energy: 2.1221
Multi-scale persistence on 270 point cloud...
  Full cloud: H0=270, H1=56
    Scale 50: H0=50, H1=1
    Scale 75: H0=75, H1=7
    Scale 100: H0=100, H1=8
    Scale 125: H0=125, H1=14
    Scale 150: H0=150, H1=27
    Scale 175: H0=175, H1=24
  PH-dimension: 3.47 from 6 scales
    Multi-scale analysis: PH-dim=3.47
    Generated 6 scale-level diagrams
    ✅ Added 6 diagrams to collection

Processing neutral samples...
  Sample 1: P=58 tokens, H=8 tokens
    Point cloud: 198 points
    Order energy: 0.9299
    Asymmetric energy: 2.8152
Multi-scale persistence on 198 point cloud...
  Full cloud: H0=198, H1=25
    Scale 50: H0=50, H1=1
    Scale 75: H0=75, H1=6
    Scale 100: H0=100, H1=10
    Scale 125: H0=125, H1=12
    Scale 150: H0=150, H1=18
    Scale 175: H0=175, H1=24
  PH-dimension: 3.54 from 6 scales
    Multi-scale analysis: PH-dim=3.54
    Generated 6 scale-level diagrams
    ✅ Added 6 diagrams to collection
  Sample 2: P=39 tokens, H=9 tokens
    Point cloud: 144 points
    Order energy: 0.4093
    Asymmetric energy: 3.4249
Multi-scale persistence on 144 point cloud...
  Full cloud: H0=144, H1=13
    Scale 50: H0=50, H1=1
    Scale 75: H0=75, H1=4
    Scale 100: H0=100, H1=5
    Scale 125: H0=125, H1=12
  PH-dimension: 2.71 from 4 scales
    Multi-scale analysis: PH-dim=2.71
    Generated 4 scale-level diagrams
    ✅ Added 4 diagrams to collection
  Sample 3: P=27 tokens, H=17 tokens
    Point cloud: 132 points
    Order energy: 0.7143
    Asymmetric energy: 2.9682
Multi-scale persistence on 132 point cloud...
  Full cloud: H0=132, H1=18
    Scale 50: H0=50, H1=1
    Scale 75: H0=75, H1=7
    Scale 100: H0=100, H1=9
    Scale 125: H0=125, H1=16
  PH-dimension: 3.16 from 4 scales
    Multi-scale analysis: PH-dim=3.16
    Generated 4 scale-level diagrams
    ✅ Added 4 diagrams to collection
  Sample 4: P=26 tokens, H=17 tokens
    Point cloud: 129 points
    Order energy: 1.3918
    Asymmetric energy: 1.7711
Multi-scale persistence on 129 point cloud...
  Full cloud: H0=129, H1=20
    Scale 50: H0=50, H1=5
    Scale 75: H0=75, H1=4
    Scale 100: H0=100, H1=10
    Scale 125: H0=125, H1=17
  PH-dimension: 3.45 from 4 scales
    Multi-scale analysis: PH-dim=3.45
    Generated 4 scale-level diagrams
    ✅ Added 4 diagrams to collection
  Sample 5: P=41 tokens, H=9 tokens
    Point cloud: 150 points
    Order energy: 0.4877
    Asymmetric energy: 2.2105
Multi-scale persistence on 150 point cloud...
  Full cloud: H0=150, H1=19
    Scale 50: H0=50, H1=3
    Scale 75: H0=75, H1=4
    Scale 100: H0=100, H1=7
    Scale 125: H0=125, H1=12
  PH-dimension: 3.36 from 4 scales
    Multi-scale analysis: PH-dim=3.36
    Generated 4 scale-level diagrams
    ✅ Added 4 diagrams to collection
  Sample 6: P=32 tokens, H=15 tokens
    Point cloud: 141 points
    Order energy: 1.8240
    Asymmetric energy: 2.3353
Multi-scale persistence on 141 point cloud...
  Full cloud: H0=141, H1=14
    Scale 50: H0=50, H1=2
    Scale 75: H0=75, H1=5
    Scale 100: H0=100, H1=8
    Scale 125: H0=125, H1=10
  PH-dimension: 2.37 from 4 scales
    Multi-scale analysis: PH-dim=2.37
    Generated 4 scale-level diagrams
    ✅ Added 4 diagrams to collection
  Sample 7: P=36 tokens, H=12 tokens
    Point cloud: 144 points
    Order energy: 1.4113
    Asymmetric energy: 1.7145
Multi-scale persistence on 144 point cloud...
  Full cloud: H0=144, H1=23
    Scale 50: H0=50, H1=2
    Scale 75: H0=75, H1=6
    Scale 100: H0=100, H1=10
    Scale 125: H0=125, H1=18
  PH-dimension: 3.74 from 4 scales
    Multi-scale analysis: PH-dim=3.74
    Generated 4 scale-level diagrams
    ✅ Added 4 diagrams to collection
  Sample 8: P=30 tokens, H=12 tokens
    Point cloud: 126 points
    Order energy: 1.0304
    Asymmetric energy: 1.4406
Multi-scale persistence on 126 point cloud...
  Full cloud: H0=126, H1=22
    Scale 50: H0=50, H1=3
    Scale 75: H0=75, H1=9
    Scale 100: H0=100, H1=17
    Scale 125: H0=125, H1=21
  PH-dimension: 2.82 from 4 scales
    Multi-scale analysis: PH-dim=2.82
    Generated 4 scale-level diagrams
    ✅ Added 4 diagrams to collection
  Sample 9: P=19 tokens, H=26 tokens
    Point cloud: 135 points
    Order energy: 2.8555
    Asymmetric energy: 4.1546
Multi-scale persistence on 135 point cloud...
  Full cloud: H0=135, H1=16
    Scale 50: H0=50, H1=4
    Scale 75: H0=75, H1=7
    Scale 100: H0=100, H1=10
    Scale 125: H0=125, H1=13
  PH-dimension: 3.41 from 4 scales
    Multi-scale analysis: PH-dim=3.41
    Generated 4 scale-level diagrams
    ✅ Added 4 diagrams to collection
  Sample 10: P=30 tokens, H=10 tokens
    Point cloud: 120 points
    Order energy: 0.8082
    Asymmetric energy: 3.4598
Multi-scale persistence on 120 point cloud...
  Full cloud: H0=120, H1=14
    Scale 50: H0=50, H1=1
    Scale 75: H0=75, H1=4
    Scale 100: H0=100, H1=7
  PH-dimension: 2.42 from 3 scales
    Multi-scale analysis: PH-dim=2.42
    Generated 3 scale-level diagrams
    ✅ Added 3 diagrams to collection
  Sample 11: P=26 tokens, H=14 tokens
    Point cloud: 120 points
    Order energy: 3.1985
    Asymmetric energy: 3.7341
Multi-scale persistence on 120 point cloud...
  Full cloud: H0=120, H1=14
    Scale 50: H0=50, H1=3
    Scale 75: H0=75, H1=8
    Scale 100: H0=100, H1=13
  PH-dimension: 2.67 from 3 scales
    Multi-scale analysis: PH-dim=2.67
    Generated 3 scale-level diagrams
    ✅ Added 3 diagrams to collection
  Sample 12: P=38 tokens, H=10 tokens
    Point cloud: 144 points
    Order energy: 0.7787
    Asymmetric energy: 1.6665
Multi-scale persistence on 144 point cloud...
  Full cloud: H0=144, H1=8
    Scale 50: H0=50, H1=1
    Scale 75: H0=75, H1=3
    Scale 100: H0=100, H1=6
    Scale 125: H0=125, H1=10
  PH-dimension: 3.31 from 4 scales
    Multi-scale analysis: PH-dim=3.31
    Generated 4 scale-level diagrams
    ✅ Added 4 diagrams to collection
  Sample 13: P=30 tokens, H=10 tokens
    Point cloud: 120 points
    Order energy: 2.3379
    Asymmetric energy: 3.0211
Multi-scale persistence on 120 point cloud...
  Full cloud: H0=120, H1=13
    Scale 50: H0=50, H1=3
    Scale 75: H0=75, H1=7
    Scale 100: H0=100, H1=6
  PH-dimension: 2.38 from 3 scales
    Multi-scale analysis: PH-dim=2.38
    Generated 3 scale-level diagrams
    ✅ Added 3 diagrams to collection
  Sample 14: P=29 tokens, H=14 tokens
    Point cloud: 129 points
    Order energy: 1.5039
    Asymmetric energy: 1.3729
Multi-scale persistence on 129 point cloud...
  Full cloud: H0=129, H1=11
    Scale 50: H0=50, H1=2
    Scale 75: H0=75, H1=3
    Scale 100: H0=100, H1=9
    Scale 125: H0=125, H1=10
  PH-dimension: 3.20 from 4 scales
    Multi-scale analysis: PH-dim=3.20
    Generated 4 scale-level diagrams
    ✅ Added 4 diagrams to collection
  Sample 15: P=26 tokens, H=18 tokens
    Point cloud: 132 points
    Order energy: 0.6666
    Asymmetric energy: 2.6157
Multi-scale persistence on 132 point cloud...
  Full cloud: H0=132, H1=15
    Scale 50: H0=50, H1=3
    Scale 75: H0=75, H1=5
    Scale 100: H0=100, H1=6
    Scale 125: H0=125, H1=14
  PH-dimension: 3.23 from 4 scales
    Multi-scale analysis: PH-dim=3.23
    Generated 4 scale-level diagrams
    ✅ Added 4 diagrams to collection
  Sample 16: P=32 tokens, H=10 tokens
    Point cloud: 126 points
    Order energy: 0.2853
    Asymmetric energy: 5.9282
Multi-scale persistence on 126 point cloud...
  Full cloud: H0=126, H1=14
    Scale 50: H0=50, H1=1
    Scale 75: H0=75, H1=5
    Scale 100: H0=100, H1=8
    Scale 125: H0=125, H1=14
  PH-dimension: 3.32 from 4 scales
    Multi-scale analysis: PH-dim=3.32
    Generated 4 scale-level diagrams
    ✅ Added 4 diagrams to collection
  Sample 17: P=26 tokens, H=14 tokens
    Point cloud: 120 points
    Order energy: 3.8615
    Asymmetric energy: 3.2619
Multi-scale persistence on 120 point cloud...
  Full cloud: H0=120, H1=4
    Scale 50: H0=50, H1=0
    Scale 75: H0=75, H1=3
    Scale 100: H0=100, H1=3
  PH-dimension: 2.88 from 3 scales
    Multi-scale analysis: PH-dim=2.88
    Generated 3 scale-level diagrams
    ✅ Added 3 diagrams to collection
  Sample 18: P=31 tokens, H=11 tokens
    Point cloud: 126 points
    Order energy: 0.7510
    Asymmetric energy: 2.7584
Multi-scale persistence on 126 point cloud...
  Full cloud: H0=126, H1=14
    Scale 50: H0=50, H1=4
    Scale 75: H0=75, H1=12
    Scale 100: H0=100, H1=8
    Scale 125: H0=125, H1=14
  PH-dimension: 3.20 from 4 scales
    Multi-scale analysis: PH-dim=3.20
    Generated 4 scale-level diagrams
    ✅ Added 4 diagrams to collection
  Sample 19: P=24 tokens, H=16 tokens
    Point cloud: 120 points
    Order energy: 0.9275
    Asymmetric energy: 2.3920
Multi-scale persistence on 120 point cloud...
  Full cloud: H0=120, H1=18
    Scale 50: H0=50, H1=5
    Scale 75: H0=75, H1=8
    Scale 100: H0=100, H1=14
  PH-dimension: 2.37 from 3 scales
    Multi-scale analysis: PH-dim=2.37
    Generated 3 scale-level diagrams
    ✅ Added 3 diagrams to collection
  Sample 20: P=31 tokens, H=9 tokens
    Point cloud: 120 points
    Order energy: 0.3013
    Asymmetric energy: 5.2423
Multi-scale persistence on 120 point cloud...
  Full cloud: H0=120, H1=13
    Scale 50: H0=50, H1=2
    Scale 75: H0=75, H1=5
    Scale 100: H0=100, H1=8
  PH-dimension: 2.90 from 3 scales
    Multi-scale analysis: PH-dim=2.90
    Generated 3 scale-level diagrams
    ✅ Added 3 diagrams to collection
  Sample 21: P=26 tokens, H=14 tokens
    Point cloud: 120 points
    Order energy: 0.3675
    Asymmetric energy: 2.4882
Multi-scale persistence on 120 point cloud...
  Full cloud: H0=120, H1=11
    Scale 50: H0=50, H1=1
    Scale 75: H0=75, H1=7
    Scale 100: H0=100, H1=9
  PH-dimension: 2.52 from 3 scales
    Multi-scale analysis: PH-dim=2.52
    Generated 3 scale-level diagrams
    ✅ Added 3 diagrams to collection
  Sample 22: P=39 tokens, H=7 tokens
    Point cloud: 138 points
    Order energy: 1.8991
    Asymmetric energy: 5.0845
Multi-scale persistence on 138 point cloud...
  Full cloud: H0=138, H1=16
    Scale 50: H0=50, H1=1
    Scale 75: H0=75, H1=5
    Scale 100: H0=100, H1=9
    Scale 125: H0=125, H1=13
  PH-dimension: 3.76 from 4 scales
    Multi-scale analysis: PH-dim=3.76
    Generated 4 scale-level diagrams
    ✅ Added 4 diagrams to collection
  Sample 23: P=30 tokens, H=13 tokens
    Point cloud: 129 points
    Order energy: 1.6708
    Asymmetric energy: 2.3494
Multi-scale persistence on 129 point cloud...
  Full cloud: H0=129, H1=14
    Scale 50: H0=50, H1=5
    Scale 75: H0=75, H1=7
    Scale 100: H0=100, H1=6
    Scale 125: H0=125, H1=12
  PH-dimension: 4.84 from 4 scales
    Multi-scale analysis: PH-dim=4.84
    Generated 4 scale-level diagrams
    ✅ Added 4 diagrams to collection
  Sample 24: P=25 tokens, H=22 tokens
    Point cloud: 141 points
    Order energy: 0.7589
    Asymmetric energy: 1.7093
Multi-scale persistence on 141 point cloud...
  Full cloud: H0=141, H1=26
    Scale 50: H0=50, H1=4
    Scale 75: H0=75, H1=8
    Scale 100: H0=100, H1=16
    Scale 125: H0=125, H1=17
  PH-dimension: 2.88 from 4 scales
    Multi-scale analysis: PH-dim=2.88
    Generated 4 scale-level diagrams
    ✅ Added 4 diagrams to collection
  Sample 25: P=18 tokens, H=22 tokens
    Point cloud: 120 points
    Order energy: 1.8269
    Asymmetric energy: 2.5510
Multi-scale persistence on 120 point cloud...
  Full cloud: H0=120, H1=19
    Scale 50: H0=50, H1=3
    Scale 75: H0=75, H1=7
    Scale 100: H0=100, H1=13
  PH-dimension: 2.11 from 3 scales
    Multi-scale analysis: PH-dim=2.11
    Generated 3 scale-level diagrams
    ✅ Added 3 diagrams to collection
  Sample 26: P=26 tokens, H=18 tokens
    Point cloud: 132 points
    Order energy: 0.3409
    Asymmetric energy: 3.7421
Multi-scale persistence on 132 point cloud...
  Full cloud: H0=132, H1=25
    Scale 50: H0=50, H1=1
    Scale 75: H0=75, H1=6
    Scale 100: H0=100, H1=16
    Scale 125: H0=125, H1=21
  PH-dimension: 3.38 from 4 scales
    Multi-scale analysis: PH-dim=3.38
    Generated 4 scale-level diagrams
    ✅ Added 4 diagrams to collection
  Sample 27: P=31 tokens, H=10 tokens
    Point cloud: 123 points
    Order energy: 2.6263
    Asymmetric energy: 3.1774
Multi-scale persistence on 123 point cloud...
  Full cloud: H0=123, H1=7
    Scale 50: H0=50, H1=3
    Scale 75: H0=75, H1=0
    Scale 100: H0=100, H1=2
  PH-dimension: 1.80 from 3 scales
    Multi-scale analysis: PH-dim=1.80
    Generated 3 scale-level diagrams
    ✅ Added 3 diagrams to collection
  Sample 28: P=20 tokens, H=23 tokens
    Point cloud: 129 points
    Order energy: 1.0485
    Asymmetric energy: 1.9343
Multi-scale persistence on 129 point cloud...
  Full cloud: H0=129, H1=21
    Scale 50: H0=50, H1=3
    Scale 75: H0=75, H1=9
    Scale 100: H0=100, H1=15
    Scale 125: H0=125, H1=20
  PH-dimension: 4.00 from 4 scales
    Multi-scale analysis: PH-dim=4.00
    Generated 4 scale-level diagrams
    ✅ Added 4 diagrams to collection
  Sample 29: P=33 tokens, H=22 tokens
    Point cloud: 165 points
    Order energy: 4.2923
    Asymmetric energy: 4.3663
Multi-scale persistence on 165 point cloud...
  Full cloud: H0=165, H1=13
    Scale 50: H0=50, H1=1
    Scale 75: H0=75, H1=4
    Scale 100: H0=100, H1=2
    Scale 125: H0=125, H1=8
    Scale 150: H0=150, H1=9
  PH-dimension: 2.77 from 5 scales
    Multi-scale analysis: PH-dim=2.77
    Generated 5 scale-level diagrams
    ✅ Added 5 diagrams to collection
  Sample 30: P=31 tokens, H=16 tokens
    Point cloud: 141 points
    Order energy: 1.3686
    Asymmetric energy: 2.3081
Multi-scale persistence on 141 point cloud...
  Full cloud: H0=141, H1=15
    Scale 50: H0=50, H1=4
    Scale 75: H0=75, H1=4
    Scale 100: H0=100, H1=8
    Scale 125: H0=125, H1=11
  PH-dimension: 5.38 from 4 scales
    Multi-scale analysis: PH-dim=5.38
    Generated 4 scale-level diagrams
    ✅ Added 4 diagrams to collection
  Sample 31: P=27 tokens, H=17 tokens
    Point cloud: 132 points
    Order energy: 0.4822
    Asymmetric energy: 2.4661
Multi-scale persistence on 132 point cloud...
  Full cloud: H0=132, H1=15
    Scale 50: H0=50, H1=5
    Scale 75: H0=75, H1=7
    Scale 100: H0=100, H1=11
    Scale 125: H0=125, H1=16
  PH-dimension: 8.02 from 4 scales
    Multi-scale analysis: PH-dim=8.02
    Generated 4 scale-level diagrams
    ✅ Added 4 diagrams to collection
  Sample 32: P=39 tokens, H=11 tokens
    Point cloud: 150 points
    Order energy: 1.3659
    Asymmetric energy: 2.4831
Multi-scale persistence on 150 point cloud...
  Full cloud: H0=150, H1=22
    Scale 50: H0=50, H1=3
    Scale 75: H0=75, H1=8
    Scale 100: H0=100, H1=9
    Scale 125: H0=125, H1=19
  PH-dimension: 4.20 from 4 scales
    Multi-scale analysis: PH-dim=4.20
    Generated 4 scale-level diagrams
    ✅ Added 4 diagrams to collection
  Sample 33: P=27 tokens, H=14 tokens
    Point cloud: 123 points
    Order energy: 1.6542
    Asymmetric energy: 3.0667
Multi-scale persistence on 123 point cloud...
  Full cloud: H0=123, H1=13
    Scale 50: H0=50, H1=4
    Scale 75: H0=75, H1=7
    Scale 100: H0=100, H1=9
  PH-dimension: 63.82 from 3 scales
    Multi-scale analysis: PH-dim=63.82
    Generated 3 scale-level diagrams
    ✅ Added 3 diagrams to collection
  Sample 34: P=45 tokens, H=9 tokens
    Point cloud: 162 points
    Order energy: 1.7574
    Asymmetric energy: 2.9208
Multi-scale persistence on 162 point cloud...
  Full cloud: H0=162, H1=17
    Scale 50: H0=50, H1=1
    Scale 75: H0=75, H1=8
    Scale 100: H0=100, H1=8
    Scale 125: H0=125, H1=9
    Scale 150: H0=150, H1=17
  PH-dimension: 9.92 from 5 scales
    Multi-scale analysis: PH-dim=9.92
    Generated 5 scale-level diagrams
    ✅ Added 5 diagrams to collection
  Sample 35: P=23 tokens, H=28 tokens
    Point cloud: 153 points
    Order energy: 2.3616
    Asymmetric energy: 3.7404
Multi-scale persistence on 153 point cloud...
  Full cloud: H0=153, H1=24
    Scale 50: H0=50, H1=5
    Scale 75: H0=75, H1=9
    Scale 100: H0=100, H1=10
    Scale 125: H0=125, H1=22
    Scale 150: H0=150, H1=23
  PH-dimension: 3.21 from 5 scales
    Multi-scale analysis: PH-dim=3.21
    Generated 5 scale-level diagrams
    ✅ Added 5 diagrams to collection
  Sample 36: P=30 tokens, H=10 tokens
    Point cloud: 120 points
    Order energy: 4.4382
    Asymmetric energy: 4.6962
Multi-scale persistence on 120 point cloud...
  Full cloud: H0=120, H1=12
    Scale 50: H0=50, H1=1
    Scale 75: H0=75, H1=4
    Scale 100: H0=100, H1=6
  PH-dimension: 3.48 from 3 scales
    Multi-scale analysis: PH-dim=3.48
    Generated 3 scale-level diagrams
    ✅ Added 3 diagrams to collection
  Sample 37: P=19 tokens, H=24 tokens
    Point cloud: 129 points
    Order energy: 0.8599
    Asymmetric energy: 2.1949
Multi-scale persistence on 129 point cloud...
  Full cloud: H0=129, H1=33
    Scale 50: H0=50, H1=6
    Scale 75: H0=75, H1=9
    Scale 100: H0=100, H1=19
    Scale 125: H0=125, H1=31
  PH-dimension: 2.15 from 4 scales
    Multi-scale analysis: PH-dim=2.15
    Generated 4 scale-level diagrams
    ✅ Added 4 diagrams to collection
  Sample 38: P=30 tokens, H=10 tokens
    Point cloud: 120 points
    Order energy: 0.2145
    Asymmetric energy: 5.0409
Multi-scale persistence on 120 point cloud...
  Full cloud: H0=120, H1=7
    Scale 50: H0=50, H1=2
    Scale 75: H0=75, H1=3
    Scale 100: H0=100, H1=6
  PH-dimension: 3.12 from 3 scales
    Multi-scale analysis: PH-dim=3.12
    Generated 3 scale-level diagrams
    ✅ Added 3 diagrams to collection
  Sample 39: P=30 tokens, H=13 tokens
    Point cloud: 129 points
    Order energy: 1.2621
    Asymmetric energy: 2.0527
Multi-scale persistence on 129 point cloud...
  Full cloud: H0=129, H1=6
    Scale 50: H0=50, H1=2
    Scale 75: H0=75, H1=5
    Scale 100: H0=100, H1=6
    Scale 125: H0=125, H1=6
  PH-dimension: 2.85 from 4 scales
    Multi-scale analysis: PH-dim=2.85
    Generated 4 scale-level diagrams
    ✅ Added 4 diagrams to collection
  Sample 40: P=23 tokens, H=18 tokens
    Point cloud: 123 points
    Order energy: 2.3410
    Asymmetric energy: 1.8282
Multi-scale persistence on 123 point cloud...
  Full cloud: H0=123, H1=20
    Scale 50: H0=50, H1=3
    Scale 75: H0=75, H1=7
    Scale 100: H0=100, H1=15
  PH-dimension: 2.50 from 3 scales
    Multi-scale analysis: PH-dim=2.50
    Generated 3 scale-level diagrams
    ✅ Added 3 diagrams to collection
  Sample 41: P=30 tokens, H=10 tokens
    Point cloud: 120 points
    Order energy: 0.1471
    Asymmetric energy: 2.9337
Multi-scale persistence on 120 point cloud...
  Full cloud: H0=120, H1=22
    Scale 50: H0=50, H1=2
    Scale 75: H0=75, H1=9
    Scale 100: H0=100, H1=18
  PH-dimension: 2.25 from 3 scales
    Multi-scale analysis: PH-dim=2.25
    Generated 3 scale-level diagrams
    ✅ Added 3 diagrams to collection
  Sample 42: P=20 tokens, H=21 tokens
    Point cloud: 123 points
    Order energy: 0.3802
    Asymmetric energy: 1.2846
Multi-scale persistence on 123 point cloud...
  Full cloud: H0=123, H1=35
    Scale 50: H0=50, H1=4
    Scale 75: H0=75, H1=9
    Scale 100: H0=100, H1=22
  PH-dimension: 1.90 from 3 scales
    Multi-scale analysis: PH-dim=1.90
    Generated 3 scale-level diagrams
    ✅ Added 3 diagrams to collection
  Sample 43: P=41 tokens, H=12 tokens
    Point cloud: 159 points
    Order energy: 1.2912
    Asymmetric energy: 3.3684
Multi-scale persistence on 159 point cloud...
  Full cloud: H0=159, H1=16
    Scale 50: H0=50, H1=3
    Scale 75: H0=75, H1=3
    Scale 100: H0=100, H1=6
    Scale 125: H0=125, H1=11
    Scale 150: H0=150, H1=14
  PH-dimension: 3.15 from 5 scales
    Multi-scale analysis: PH-dim=3.15
    Generated 5 scale-level diagrams
    ✅ Added 5 diagrams to collection
  Sample 44: P=22 tokens, H=20 tokens
    Point cloud: 126 points
    Order energy: 1.9239
    Asymmetric energy: 3.3010
Multi-scale persistence on 126 point cloud...
  Full cloud: H0=126, H1=33
    Scale 50: H0=50, H1=2
    Scale 75: H0=75, H1=8
    Scale 100: H0=100, H1=23
    Scale 125: H0=125, H1=33
  PH-dimension: 5.32 from 4 scales
    Multi-scale analysis: PH-dim=5.32
    Generated 4 scale-level diagrams
    ✅ Added 4 diagrams to collection
  Sample 45: P=39 tokens, H=15 tokens
    Point cloud: 162 points
    Order energy: 1.1438
    Asymmetric energy: 1.4179
Multi-scale persistence on 162 point cloud...
  Full cloud: H0=162, H1=15
    Scale 50: H0=50, H1=3
    Scale 75: H0=75, H1=7
    Scale 100: H0=100, H1=4
    Scale 125: H0=125, H1=8
    Scale 150: H0=150, H1=13
  PH-dimension: 5.22 from 5 scales
    Multi-scale analysis: PH-dim=5.22
    Generated 5 scale-level diagrams
    ✅ Added 5 diagrams to collection
  Sample 46: P=41 tokens, H=10 tokens
    Point cloud: 153 points
    Order energy: 0.9032
    Asymmetric energy: 2.5701
Multi-scale persistence on 153 point cloud...
  Full cloud: H0=153, H1=12
    Scale 50: H0=50, H1=2
    Scale 75: H0=75, H1=5
    Scale 100: H0=100, H1=10
    Scale 125: H0=125, H1=9
    Scale 150: H0=150, H1=13
  PH-dimension: 3.66 from 5 scales
    Multi-scale analysis: PH-dim=3.66
    Generated 5 scale-level diagrams
    ✅ Added 5 diagrams to collection
  Sample 47: P=35 tokens, H=8 tokens
    Point cloud: 129 points
    Order energy: 0.6860
    Asymmetric energy: 3.5488
Multi-scale persistence on 129 point cloud...
  Full cloud: H0=129, H1=8
    Scale 50: H0=50, H1=3
    Scale 75: H0=75, H1=5
    Scale 100: H0=100, H1=10
    Scale 125: H0=125, H1=8
  PH-dimension: 3.59 from 4 scales
    Multi-scale analysis: PH-dim=3.59
    Generated 4 scale-level diagrams
    ✅ Added 4 diagrams to collection
  Sample 48: P=38 tokens, H=15 tokens
    Point cloud: 159 points
    Order energy: 0.8155
    Asymmetric energy: 2.8269
Multi-scale persistence on 159 point cloud...
  Full cloud: H0=159, H1=19
    Scale 50: H0=50, H1=2
    Scale 75: H0=75, H1=7
    Scale 100: H0=100, H1=12
    Scale 125: H0=125, H1=11
    Scale 150: H0=150, H1=15
  PH-dimension: 4.21 from 5 scales
    Multi-scale analysis: PH-dim=4.21
    Generated 5 scale-level diagrams
    ✅ Added 5 diagrams to collection
  Sample 49: P=22 tokens, H=18 tokens
    Point cloud: 120 points
    Order energy: 1.0257
    Asymmetric energy: 2.8270
Multi-scale persistence on 120 point cloud...
  Full cloud: H0=120, H1=16
    Scale 50: H0=50, H1=4
    Scale 75: H0=75, H1=6
    Scale 100: H0=100, H1=13
  PH-dimension: 2.54 from 3 scales
    Multi-scale analysis: PH-dim=2.54
    Generated 3 scale-level diagrams
    ✅ Added 3 diagrams to collection
  Sample 50: P=32 tokens, H=10 tokens
    Point cloud: 126 points
    Order energy: 0.2041
    Asymmetric energy: 3.4909
Multi-scale persistence on 126 point cloud...
  Full cloud: H0=126, H1=12
    Scale 50: H0=50, H1=3
    Scale 75: H0=75, H1=5
    Scale 100: H0=100, H1=8
    Scale 125: H0=125, H1=11
  PH-dimension: 2.75 from 4 scales
    Multi-scale analysis: PH-dim=2.75
    Generated 4 scale-level diagrams
    ✅ Added 4 diagrams to collection
  Sample 51: P=31 tokens, H=10 tokens
    Point cloud: 123 points
    Order energy: 0.3702
    Asymmetric energy: 4.0290
Multi-scale persistence on 123 point cloud...
  Full cloud: H0=123, H1=13
    Scale 50: H0=50, H1=1
    Scale 75: H0=75, H1=4
    Scale 100: H0=100, H1=12
  PH-dimension: 3.55 from 3 scales
    Multi-scale analysis: PH-dim=3.55
    Generated 3 scale-level diagrams
    ✅ Added 3 diagrams to collection
  Sample 52: P=38 tokens, H=11 tokens
    Point cloud: 147 points
    Order energy: 1.2723
    Asymmetric energy: 3.0046
Multi-scale persistence on 147 point cloud...
  Full cloud: H0=147, H1=16
    Scale 50: H0=50, H1=1
    Scale 75: H0=75, H1=6
    Scale 100: H0=100, H1=11
    Scale 125: H0=125, H1=14
  PH-dimension: 3.62 from 4 scales
    Multi-scale analysis: PH-dim=3.62
    Generated 4 scale-level diagrams
    ✅ Added 4 diagrams to collection
  Sample 53: P=25 tokens, H=17 tokens
    Point cloud: 126 points
    Order energy: 2.5638
    Asymmetric energy: 3.9558
Multi-scale persistence on 126 point cloud...
  Full cloud: H0=126, H1=12
    Scale 50: H0=50, H1=1
    Scale 75: H0=75, H1=4
    Scale 100: H0=100, H1=10
    Scale 125: H0=125, H1=11
  PH-dimension: 5.06 from 4 scales
    Multi-scale analysis: PH-dim=5.06
    Generated 4 scale-level diagrams
    ✅ Added 4 diagrams to collection
  Sample 54: P=39 tokens, H=22 tokens
    Point cloud: 183 points
    Order energy: 1.0861
    Asymmetric energy: 1.7028
Multi-scale persistence on 183 point cloud...
  Full cloud: H0=183, H1=20
    Scale 50: H0=50, H1=3
    Scale 75: H0=75, H1=5
    Scale 100: H0=100, H1=5
    Scale 125: H0=125, H1=11
    Scale 150: H0=150, H1=18
    Scale 175: H0=175, H1=20
  PH-dimension: 8.53 from 6 scales
    Multi-scale analysis: PH-dim=8.53
    Generated 6 scale-level diagrams
    ✅ Added 6 diagrams to collection
  Sample 55: P=27 tokens, H=22 tokens
    Point cloud: 147 points
    Order energy: 4.2957
    Asymmetric energy: 4.7665
Multi-scale persistence on 147 point cloud...
  Full cloud: H0=147, H1=26
    Scale 50: H0=50, H1=4
    Scale 75: H0=75, H1=8
    Scale 100: H0=100, H1=15
    Scale 125: H0=125, H1=23
  PH-dimension: 2.86 from 4 scales
    Multi-scale analysis: PH-dim=2.86
    Generated 4 scale-level diagrams
    ✅ Added 4 diagrams to collection
  Sample 56: P=50 tokens, H=9 tokens
    Point cloud: 177 points
    Order energy: 0.8953
    Asymmetric energy: 2.7350
Multi-scale persistence on 177 point cloud...
  Full cloud: H0=177, H1=15
    Scale 50: H0=50, H1=1
    Scale 75: H0=75, H1=4
    Scale 100: H0=100, H1=5
    Scale 125: H0=125, H1=8
    Scale 150: H0=150, H1=10
    Scale 175: H0=175, H1=15
  PH-dimension: 4.29 from 6 scales
    Multi-scale analysis: PH-dim=4.29
    Generated 6 scale-level diagrams
    ✅ Added 6 diagrams to collection
  Sample 57: P=35 tokens, H=9 tokens
    Point cloud: 132 points
    Order energy: 1.2579
    Asymmetric energy: 2.7072
Multi-scale persistence on 132 point cloud...
  Full cloud: H0=132, H1=10
    Scale 50: H0=50, H1=2
    Scale 75: H0=75, H1=6
    Scale 100: H0=100, H1=4
    Scale 125: H0=125, H1=11
  PH-dimension: 2.10 from 4 scales
    Multi-scale analysis: PH-dim=2.10
    Generated 4 scale-level diagrams
    ✅ Added 4 diagrams to collection
  Sample 58: P=24 tokens, H=17 tokens
    Point cloud: 123 points
    Order energy: 1.8825
    Asymmetric energy: 3.1563
Multi-scale persistence on 123 point cloud...
  Full cloud: H0=123, H1=28
    Scale 50: H0=50, H1=3
    Scale 75: H0=75, H1=12
    Scale 100: H0=100, H1=17
  PH-dimension: 1.85 from 3 scales
    Multi-scale analysis: PH-dim=1.85
    Generated 3 scale-level diagrams
    ✅ Added 3 diagrams to collection
  Sample 59: P=29 tokens, H=11 tokens
    Point cloud: 120 points
    Order energy: 0.8981
    Asymmetric energy: 2.2269
Multi-scale persistence on 120 point cloud...
  Full cloud: H0=120, H1=10
    Scale 50: H0=50, H1=0
    Scale 75: H0=75, H1=5
    Scale 100: H0=100, H1=7
  PH-dimension: 2.56 from 3 scales
    Multi-scale analysis: PH-dim=2.56
    Generated 3 scale-level diagrams
    ✅ Added 3 diagrams to collection
  Sample 60: P=33 tokens, H=29 tokens
    Point cloud: 186 points
    Order energy: 1.2074
    Asymmetric energy: 2.1850
Multi-scale persistence on 186 point cloud...
  Full cloud: H0=186, H1=50
    Scale 50: H0=50, H1=6
    Scale 75: H0=75, H1=8
    Scale 100: H0=100, H1=15
    Scale 125: H0=125, H1=29
    Scale 150: H0=150, H1=38
    Scale 175: H0=175, H1=49
  PH-dimension: 3.42 from 6 scales
    Multi-scale analysis: PH-dim=3.42
    Generated 6 scale-level diagrams
    ✅ Added 6 diagrams to collection
  Sample 61: P=41 tokens, H=9 tokens
    Point cloud: 150 points
    Order energy: 1.1392
    Asymmetric energy: 1.9564
Multi-scale persistence on 150 point cloud...
  Full cloud: H0=150, H1=15
    Scale 50: H0=50, H1=2
    Scale 75: H0=75, H1=6
    Scale 100: H0=100, H1=7
    Scale 125: H0=125, H1=9
  PH-dimension: 2.78 from 4 scales
    Multi-scale analysis: PH-dim=2.78
    Generated 4 scale-level diagrams
    ✅ Added 4 diagrams to collection
  Sample 62: P=25 tokens, H=21 tokens
    Point cloud: 138 points
    Order energy: 1.6901
    Asymmetric energy: 2.0161
Multi-scale persistence on 138 point cloud...
  Full cloud: H0=138, H1=12
    Scale 50: H0=50, H1=1
    Scale 75: H0=75, H1=1
    Scale 100: H0=100, H1=7
    Scale 125: H0=125, H1=10
  PH-dimension: 2.09 from 4 scales
    Multi-scale analysis: PH-dim=2.09
    Generated 4 scale-level diagrams
    ✅ Added 4 diagrams to collection
  Sample 63: P=18 tokens, H=22 tokens
    Point cloud: 120 points
    Order energy: 1.4461
    Asymmetric energy: 2.5296
Multi-scale persistence on 120 point cloud...
  Full cloud: H0=120, H1=26
    Scale 50: H0=50, H1=7
    Scale 75: H0=75, H1=12
    Scale 100: H0=100, H1=22
  PH-dimension: 2.71 from 3 scales
    Multi-scale analysis: PH-dim=2.71
    Generated 3 scale-level diagrams
    ✅ Added 3 diagrams to collection
  Sample 64: P=59 tokens, H=9 tokens
    Point cloud: 204 points
    Order energy: 0.2812
    Asymmetric energy: 4.4091
Multi-scale persistence on 204 point cloud...
  Full cloud: H0=204, H1=33
    Scale 50: H0=50, H1=3
    Scale 75: H0=75, H1=8
    Scale 100: H0=100, H1=7
    Scale 125: H0=125, H1=17
    Scale 150: H0=150, H1=26
    Scale 175: H0=175, H1=20
  PH-dimension: 3.03 from 6 scales
    Multi-scale analysis: PH-dim=3.03
    Generated 6 scale-level diagrams
    ✅ Added 6 diagrams to collection
  Sample 65: P=30 tokens, H=14 tokens
    Point cloud: 132 points
    Order energy: 3.6432
    Asymmetric energy: 3.4014
Multi-scale persistence on 132 point cloud...
  Full cloud: H0=132, H1=11
    Scale 50: H0=50, H1=2
    Scale 75: H0=75, H1=4
    Scale 100: H0=100, H1=6
    Scale 125: H0=125, H1=10
  PH-dimension: 2.49 from 4 scales
    Multi-scale analysis: PH-dim=2.49
    Generated 4 scale-level diagrams
    ✅ Added 4 diagrams to collection
  Sample 66: P=27 tokens, H=13 tokens
    Point cloud: 120 points
    Order energy: 1.8718
    Asymmetric energy: 1.9618
Multi-scale persistence on 120 point cloud...
  Full cloud: H0=120, H1=23
    Scale 50: H0=50, H1=1
    Scale 75: H0=75, H1=6
    Scale 100: H0=100, H1=16
  PH-dimension: 3.68 from 3 scales
    Multi-scale analysis: PH-dim=3.68
    Generated 3 scale-level diagrams
    ✅ Added 3 diagrams to collection
  Sample 67: P=32 tokens, H=8 tokens
    Point cloud: 120 points
    Order energy: 0.5987
    Asymmetric energy: 1.9746
Multi-scale persistence on 120 point cloud...
  Full cloud: H0=120, H1=7
    Scale 50: H0=50, H1=2
    Scale 75: H0=75, H1=4
    Scale 100: H0=100, H1=6
  PH-dimension: 2.52 from 3 scales
    Multi-scale analysis: PH-dim=2.52
    Generated 3 scale-level diagrams
    ✅ Added 3 diagrams to collection
  Sample 68: P=54 tokens, H=18 tokens
    Point cloud: 216 points
    Order energy: 1.5868
    Asymmetric energy: 3.0316
Multi-scale persistence on 216 point cloud...
  Full cloud: H0=216, H1=28
    Scale 50: H0=50, H1=1
    Scale 75: H0=75, H1=5
    Scale 100: H0=100, H1=11
    Scale 125: H0=125, H1=9
    Scale 150: H0=150, H1=11
    Scale 175: H0=175, H1=19
  PH-dimension: 3.01 from 6 scales
    Multi-scale analysis: PH-dim=3.01
    Generated 6 scale-level diagrams
    ✅ Added 6 diagrams to collection
  Sample 69: P=33 tokens, H=8 tokens
    Point cloud: 123 points
    Order energy: 1.9023
    Asymmetric energy: 2.6027
Multi-scale persistence on 123 point cloud...
  Full cloud: H0=123, H1=11
    Scale 50: H0=50, H1=2
    Scale 75: H0=75, H1=5
    Scale 100: H0=100, H1=9
  PH-dimension: 2.11 from 3 scales
    Multi-scale analysis: PH-dim=2.11
    Generated 3 scale-level diagrams
    ✅ Added 3 diagrams to collection
  Sample 70: P=50 tokens, H=8 tokens
    Point cloud: 174 points
    Order energy: 1.1276
    Asymmetric energy: 3.7160
Multi-scale persistence on 174 point cloud...
  Full cloud: H0=174, H1=17
    Scale 50: H0=50, H1=1
    Scale 75: H0=75, H1=3
    Scale 100: H0=100, H1=8
    Scale 125: H0=125, H1=9
    Scale 150: H0=150, H1=14
  PH-dimension: 4.23 from 5 scales
    Multi-scale analysis: PH-dim=4.23
    Generated 5 scale-level diagrams
    ✅ Added 5 diagrams to collection
  Sample 71: P=25 tokens, H=23 tokens
    Point cloud: 144 points
    Order energy: 1.4653
    Asymmetric energy: 2.2457
Multi-scale persistence on 144 point cloud...
  Full cloud: H0=144, H1=30
    Scale 50: H0=50, H1=6
    Scale 75: H0=75, H1=5
    Scale 100: H0=100, H1=15
    Scale 125: H0=125, H1=23
  PH-dimension: 2.67 from 4 scales
    Multi-scale analysis: PH-dim=2.67
    Generated 4 scale-level diagrams
    ✅ Added 4 diagrams to collection
  Sample 72: P=30 tokens, H=22 tokens
    Point cloud: 156 points
    Order energy: 0.9251
    Asymmetric energy: 2.2940
Multi-scale persistence on 156 point cloud...
  Full cloud: H0=156, H1=27
    Scale 50: H0=50, H1=9
    Scale 75: H0=75, H1=9
    Scale 100: H0=100, H1=17
    Scale 125: H0=125, H1=16
    Scale 150: H0=150, H1=25
  PH-dimension: 2.32 from 5 scales
    Multi-scale analysis: PH-dim=2.32
    Generated 5 scale-level diagrams
    ✅ Added 5 diagrams to collection
  Sample 73: P=24 tokens, H=17 tokens
    Point cloud: 123 points
    Order energy: 2.9369
    Asymmetric energy: 3.4012
Multi-scale persistence on 123 point cloud...
  Full cloud: H0=123, H1=22
    Scale 50: H0=50, H1=5
    Scale 75: H0=75, H1=6
    Scale 100: H0=100, H1=12
  PH-dimension: 2.57 from 3 scales
    Multi-scale analysis: PH-dim=2.57
    Generated 3 scale-level diagrams
    ✅ Added 3 diagrams to collection
  Sample 74: P=30 tokens, H=14 tokens
    Point cloud: 132 points
    Order energy: 1.6816
    Asymmetric energy: 2.7857
Multi-scale persistence on 132 point cloud...
  Full cloud: H0=132, H1=16
    Scale 50: H0=50, H1=4
    Scale 75: H0=75, H1=5
    Scale 100: H0=100, H1=9
    Scale 125: H0=125, H1=16
  PH-dimension: 4.06 from 4 scales
    Multi-scale analysis: PH-dim=4.06
    Generated 4 scale-level diagrams
    ✅ Added 4 diagrams to collection
  Sample 75: P=40 tokens, H=16 tokens
    Point cloud: 168 points
    Order energy: 3.5781
    Asymmetric energy: 3.3202
Multi-scale persistence on 168 point cloud...
  Full cloud: H0=168, H1=20
    Scale 50: H0=50, H1=2
    Scale 75: H0=75, H1=4
    Scale 100: H0=100, H1=6
    Scale 125: H0=125, H1=10
    Scale 150: H0=150, H1=13
  PH-dimension: 3.44 from 5 scales
    Multi-scale analysis: PH-dim=3.44
    Generated 5 scale-level diagrams
    ✅ Added 5 diagrams to collection
  Sample 76: P=37 tokens, H=10 tokens
    Point cloud: 141 points
    Order energy: 1.8126
    Asymmetric energy: 1.7998
Multi-scale persistence on 141 point cloud...
  Full cloud: H0=141, H1=19
    Scale 50: H0=50, H1=4
    Scale 75: H0=75, H1=7
    Scale 100: H0=100, H1=7
    Scale 125: H0=125, H1=14
  PH-dimension: 2.69 from 4 scales
    Multi-scale analysis: PH-dim=2.69
    Generated 4 scale-level diagrams
    ✅ Added 4 diagrams to collection
  Sample 77: P=32 tokens, H=19 tokens
    Point cloud: 153 points
    Order energy: 2.2875
    Asymmetric energy: 2.1151
Multi-scale persistence on 153 point cloud...
  Full cloud: H0=153, H1=16
    Scale 50: H0=50, H1=3
    Scale 75: H0=75, H1=5
    Scale 100: H0=100, H1=9
    Scale 125: H0=125, H1=12
    Scale 150: H0=150, H1=16
  PH-dimension: 2.56 from 5 scales
    Multi-scale analysis: PH-dim=2.56
    Generated 5 scale-level diagrams
    ✅ Added 5 diagrams to collection
  Sample 78: P=53 tokens, H=9 tokens
    Point cloud: 186 points
    Order energy: 2.8614
    Asymmetric energy: 3.4487
Multi-scale persistence on 186 point cloud...
  Full cloud: H0=186, H1=29
    Scale 50: H0=50, H1=2
    Scale 75: H0=75, H1=5
    Scale 100: H0=100, H1=9
    Scale 125: H0=125, H1=11
    Scale 150: H0=150, H1=13
    Scale 175: H0=175, H1=26
  PH-dimension: 3.23 from 6 scales
    Multi-scale analysis: PH-dim=3.23
    Generated 6 scale-level diagrams
    ✅ Added 6 diagrams to collection
  Sample 79: P=32 tokens, H=21 tokens
    Point cloud: 159 points
    Order energy: 1.1523
    Asymmetric energy: 1.4979
Multi-scale persistence on 159 point cloud...
  Full cloud: H0=159, H1=29
    Scale 50: H0=50, H1=5
    Scale 75: H0=75, H1=8
    Scale 100: H0=100, H1=10
    Scale 125: H0=125, H1=20
    Scale 150: H0=150, H1=28
  PH-dimension: 2.90 from 5 scales
    Multi-scale analysis: PH-dim=2.90
    Generated 5 scale-level diagrams
    ✅ Added 5 diagrams to collection
  Sample 80: P=30 tokens, H=10 tokens
    Point cloud: 120 points
    Order energy: 0.7826
    Asymmetric energy: 2.0492
Multi-scale persistence on 120 point cloud...
  Full cloud: H0=120, H1=10
    Scale 50: H0=50, H1=2
    Scale 75: H0=75, H1=3
    Scale 100: H0=100, H1=9
  PH-dimension: 1.78 from 3 scales
    Multi-scale analysis: PH-dim=1.78
    Generated 3 scale-level diagrams
    ✅ Added 3 diagrams to collection
  Sample 81: P=28 tokens, H=12 tokens
    Point cloud: 120 points
    Order energy: 1.2987
    Asymmetric energy: 2.3796
Multi-scale persistence on 120 point cloud...
  Full cloud: H0=120, H1=10
    Scale 50: H0=50, H1=1
    Scale 75: H0=75, H1=5
    Scale 100: H0=100, H1=11
  PH-dimension: -15.60 from 3 scales
    Multi-scale analysis: PH-dim=-15.60
    Generated 3 scale-level diagrams
    ✅ Added 3 diagrams to collection
  Sample 82: P=33 tokens, H=22 tokens
    Point cloud: 165 points
    Order energy: 0.2557
    Asymmetric energy: 3.6394
Multi-scale persistence on 165 point cloud...
  Full cloud: H0=165, H1=42
    Scale 50: H0=50, H1=5
    Scale 75: H0=75, H1=6
    Scale 100: H0=100, H1=17
    Scale 125: H0=125, H1=27
    Scale 150: H0=150, H1=35
  PH-dimension: 2.68 from 5 scales
    Multi-scale analysis: PH-dim=2.68
    Generated 5 scale-level diagrams
    ✅ Added 5 diagrams to collection
  Sample 83: P=35 tokens, H=9 tokens
    Point cloud: 132 points
    Order energy: 1.6556
    Asymmetric energy: 1.4384
Multi-scale persistence on 132 point cloud...
  Full cloud: H0=132, H1=11
    Scale 50: H0=50, H1=2
    Scale 75: H0=75, H1=1
    Scale 100: H0=100, H1=5
    Scale 125: H0=125, H1=11
  PH-dimension: 2.59 from 4 scales
    Multi-scale analysis: PH-dim=2.59
    Generated 4 scale-level diagrams
    ✅ Added 4 diagrams to collection
  Sample 84: P=20 tokens, H=24 tokens
    Point cloud: 132 points
    Order energy: 1.0752
    Asymmetric energy: 2.1933
Multi-scale persistence on 132 point cloud...
  Full cloud: H0=132, H1=31
    Scale 50: H0=50, H1=3
    Scale 75: H0=75, H1=9
    Scale 100: H0=100, H1=24
    Scale 125: H0=125, H1=25
  PH-dimension: 3.28 from 4 scales
    Multi-scale analysis: PH-dim=3.28
    Generated 4 scale-level diagrams
    ✅ Added 4 diagrams to collection
  Sample 85: P=45 tokens, H=21 tokens
    Point cloud: 198 points
    Order energy: 3.1251
    Asymmetric energy: 3.0195
Multi-scale persistence on 198 point cloud...
  Full cloud: H0=198, H1=21
    Scale 50: H0=50, H1=4
    Scale 75: H0=75, H1=2
    Scale 100: H0=100, H1=6
    Scale 125: H0=125, H1=10
    Scale 150: H0=150, H1=16
    Scale 175: H0=175, H1=15
  PH-dimension: 3.09 from 6 scales
    Multi-scale analysis: PH-dim=3.09
    Generated 6 scale-level diagrams
    ✅ Added 6 diagrams to collection
  Sample 86: P=24 tokens, H=20 tokens
    Point cloud: 132 points
    Order energy: 2.4196
    Asymmetric energy: 3.4391
Multi-scale persistence on 132 point cloud...
  Full cloud: H0=132, H1=25
    Scale 50: H0=50, H1=3
    Scale 75: H0=75, H1=10
    Scale 100: H0=100, H1=18
    Scale 125: H0=125, H1=22
  PH-dimension: 3.92 from 4 scales
    Multi-scale analysis: PH-dim=3.92
    Generated 4 scale-level diagrams
    ✅ Added 4 diagrams to collection
  Sample 87: P=30 tokens, H=17 tokens
    Point cloud: 141 points
    Order energy: 0.6569
    Asymmetric energy: 2.2686
Multi-scale persistence on 141 point cloud...
  Full cloud: H0=141, H1=29
    Scale 50: H0=50, H1=4
    Scale 75: H0=75, H1=11
    Scale 100: H0=100, H1=19
    Scale 125: H0=125, H1=26
  PH-dimension: 3.20 from 4 scales
    Multi-scale analysis: PH-dim=3.20
    Generated 4 scale-level diagrams
    ✅ Added 4 diagrams to collection
  Sample 88: P=41 tokens, H=14 tokens
    Point cloud: 165 points
    Order energy: 0.6888
    Asymmetric energy: 3.7176
Multi-scale persistence on 165 point cloud...
  Full cloud: H0=165, H1=22
    Scale 50: H0=50, H1=1
    Scale 75: H0=75, H1=5
    Scale 100: H0=100, H1=9
    Scale 125: H0=125, H1=13
    Scale 150: H0=150, H1=20
  PH-dimension: 5.22 from 5 scales
    Multi-scale analysis: PH-dim=5.22
    Generated 5 scale-level diagrams
    ✅ Added 5 diagrams to collection
  Sample 89: P=44 tokens, H=13 tokens
    Point cloud: 171 points
    Order energy: 1.6546
    Asymmetric energy: 2.6422
Multi-scale persistence on 171 point cloud...
  Full cloud: H0=171, H1=21
    Scale 50: H0=50, H1=2
    Scale 75: H0=75, H1=4
    Scale 100: H0=100, H1=10
    Scale 125: H0=125, H1=14
    Scale 150: H0=150, H1=16
  PH-dimension: 3.45 from 5 scales
    Multi-scale analysis: PH-dim=3.45
    Generated 5 scale-level diagrams
    ✅ Added 5 diagrams to collection
  Sample 90: P=29 tokens, H=14 tokens
    Point cloud: 129 points
    Order energy: 1.5567
    Asymmetric energy: 2.1535
Multi-scale persistence on 129 point cloud...
  Full cloud: H0=129, H1=12
    Scale 50: H0=50, H1=4
    Scale 75: H0=75, H1=6
    Scale 100: H0=100, H1=9
    Scale 125: H0=125, H1=10
  PH-dimension: 2.97 from 4 scales
    Multi-scale analysis: PH-dim=2.97
    Generated 4 scale-level diagrams
    ✅ Added 4 diagrams to collection
  Sample 91: P=32 tokens, H=18 tokens
    Point cloud: 150 points
    Order energy: 0.9507
    Asymmetric energy: 4.6711
Multi-scale persistence on 150 point cloud...
  Full cloud: H0=150, H1=14
    Scale 50: H0=50, H1=3
    Scale 75: H0=75, H1=3
    Scale 100: H0=100, H1=6
    Scale 125: H0=125, H1=11
  PH-dimension: 2.90 from 4 scales
    Multi-scale analysis: PH-dim=2.90
    Generated 4 scale-level diagrams
    ✅ Added 4 diagrams to collection
  Sample 92: P=33 tokens, H=14 tokens
    Point cloud: 141 points
    Order energy: 0.4913
    Asymmetric energy: 1.6496
Multi-scale persistence on 141 point cloud...
  Full cloud: H0=141, H1=22
    Scale 50: H0=50, H1=4
    Scale 75: H0=75, H1=3
    Scale 100: H0=100, H1=9
    Scale 125: H0=125, H1=15
  PH-dimension: 2.57 from 4 scales
    Multi-scale analysis: PH-dim=2.57
    Generated 4 scale-level diagrams
    ✅ Added 4 diagrams to collection
  Sample 93: P=27 tokens, H=16 tokens
    Point cloud: 129 points
    Order energy: 1.6849
    Asymmetric energy: 2.5412
Multi-scale persistence on 129 point cloud...
  Full cloud: H0=129, H1=14
    Scale 50: H0=50, H1=2
    Scale 75: H0=75, H1=4
    Scale 100: H0=100, H1=6
    Scale 125: H0=125, H1=12
  PH-dimension: 2.94 from 4 scales
    Multi-scale analysis: PH-dim=2.94
    Generated 4 scale-level diagrams
    ✅ Added 4 diagrams to collection
  Sample 94: P=31 tokens, H=12 tokens
    Point cloud: 129 points
    Order energy: 2.3707
    Asymmetric energy: 2.9090
Multi-scale persistence on 129 point cloud...
  Full cloud: H0=129, H1=17
    Scale 50: H0=50, H1=2
    Scale 75: H0=75, H1=3
    Scale 100: H0=100, H1=11
    Scale 125: H0=125, H1=17
  PH-dimension: 16.66 from 4 scales
    Multi-scale analysis: PH-dim=16.66
    Generated 4 scale-level diagrams
    ✅ Added 4 diagrams to collection
  Sample 95: P=34 tokens, H=17 tokens
    Point cloud: 153 points
    Order energy: 1.1902
    Asymmetric energy: 1.8489
Multi-scale persistence on 153 point cloud...
  Full cloud: H0=153, H1=23
    Scale 50: H0=50, H1=4
    Scale 75: H0=75, H1=9
    Scale 100: H0=100, H1=10
    Scale 125: H0=125, H1=21
    Scale 150: H0=150, H1=23
  PH-dimension: 4.43 from 5 scales
    Multi-scale analysis: PH-dim=4.43
    Generated 5 scale-level diagrams
    ✅ Added 5 diagrams to collection
  Sample 96: P=38 tokens, H=13 tokens
    Point cloud: 153 points
    Order energy: 2.1246
    Asymmetric energy: 3.0744
Multi-scale persistence on 153 point cloud...
  Full cloud: H0=153, H1=20
    Scale 50: H0=50, H1=2
    Scale 75: H0=75, H1=6
    Scale 100: H0=100, H1=13
    Scale 125: H0=125, H1=16
    Scale 150: H0=150, H1=22
  PH-dimension: 3.31 from 5 scales
    Multi-scale analysis: PH-dim=3.31
    Generated 5 scale-level diagrams
    ✅ Added 5 diagrams to collection
  Sample 97: P=29 tokens, H=12 tokens
    Point cloud: 123 points
    Order energy: 0.7025
    Asymmetric energy: 2.9227
Multi-scale persistence on 123 point cloud...
  Full cloud: H0=123, H1=12
    Scale 50: H0=50, H1=6
    Scale 75: H0=75, H1=4
    Scale 100: H0=100, H1=6
  PH-dimension: 1.95 from 3 scales
    Multi-scale analysis: PH-dim=1.95
    Generated 3 scale-level diagrams
    ✅ Added 3 diagrams to collection
  Sample 98: P=22 tokens, H=21 tokens
    Point cloud: 129 points
    Order energy: 1.6923
    Asymmetric energy: 1.5528
Multi-scale persistence on 129 point cloud...
  Full cloud: H0=129, H1=13
    Scale 50: H0=50, H1=3
    Scale 75: H0=75, H1=9
    Scale 100: H0=100, H1=12
    Scale 125: H0=125, H1=12
  PH-dimension: 3.86 from 4 scales
    Multi-scale analysis: PH-dim=3.86
    Generated 4 scale-level diagrams
    ✅ Added 4 diagrams to collection
  Sample 99: P=17 tokens, H=23 tokens
    Point cloud: 120 points
    Order energy: 2.1944
    Asymmetric energy: 3.0376
Multi-scale persistence on 120 point cloud...
  Full cloud: H0=120, H1=23
    Scale 50: H0=50, H1=6
    Scale 75: H0=75, H1=7
    Scale 100: H0=100, H1=14
  PH-dimension: 2.77 from 3 scales
    Multi-scale analysis: PH-dim=2.77
    Generated 3 scale-level diagrams
    ✅ Added 3 diagrams to collection
  Sample 100: P=21 tokens, H=25 tokens
    Point cloud: 138 points
    Order energy: 1.5986
    Asymmetric energy: 2.4323
Multi-scale persistence on 138 point cloud...
  Full cloud: H0=138, H1=24
    Scale 50: H0=50, H1=4
    Scale 75: H0=75, H1=9
    Scale 100: H0=100, H1=11
    Scale 125: H0=125, H1=18
  PH-dimension: 2.43 from 4 scales
    Multi-scale analysis: PH-dim=2.43
    Generated 4 scale-level diagrams
    ✅ Added 4 diagrams to collection

Processing contradiction samples...
  Sample 1: P=19 tokens, H=21 tokens
    Point cloud: 120 points
    Order energy: 1.1854
    Asymmetric energy: 1.9771
Multi-scale persistence on 120 point cloud...
  Full cloud: H0=120, H1=29
    Scale 50: H0=50, H1=6
    Scale 75: H0=75, H1=11
    Scale 100: H0=100, H1=20
  PH-dimension: 4.02 from 3 scales
    Multi-scale analysis: PH-dim=4.02
    Generated 3 scale-level diagrams
    ✅ Added 3 diagrams to collection
  Sample 2: P=55 tokens, H=10 tokens
    Point cloud: 195 points
    Order energy: 0.1535
    Asymmetric energy: 5.1841
Multi-scale persistence on 195 point cloud...
  Full cloud: H0=195, H1=26
    Scale 50: H0=50, H1=1
    Scale 75: H0=75, H1=4
    Scale 100: H0=100, H1=8
    Scale 125: H0=125, H1=11
    Scale 150: H0=150, H1=13
    Scale 175: H0=175, H1=19
  PH-dimension: 4.23 from 6 scales
    Multi-scale analysis: PH-dim=4.23
    Generated 6 scale-level diagrams
    ✅ Added 6 diagrams to collection
  Sample 3: P=40 tokens, H=9 tokens
    Point cloud: 147 points
    Order energy: 0.8137
    Asymmetric energy: 2.0131
Multi-scale persistence on 147 point cloud...
  Full cloud: H0=147, H1=21
    Scale 50: H0=50, H1=4
    Scale 75: H0=75, H1=4
    Scale 100: H0=100, H1=12
    Scale 125: H0=125, H1=16
  PH-dimension: 2.28 from 4 scales
    Multi-scale analysis: PH-dim=2.28
    Generated 4 scale-level diagrams
    ✅ Added 4 diagrams to collection
  Sample 4: P=28 tokens, H=13 tokens
    Point cloud: 123 points
    Order energy: 2.2705
    Asymmetric energy: 1.3392
Multi-scale persistence on 123 point cloud...
  Full cloud: H0=123, H1=12
    Scale 50: H0=50, H1=4
    Scale 75: H0=75, H1=4
    Scale 100: H0=100, H1=11
  PH-dimension: 2.74 from 3 scales
    Multi-scale analysis: PH-dim=2.74
    Generated 3 scale-level diagrams
    ✅ Added 3 diagrams to collection
  Sample 5: P=36 tokens, H=10 tokens
    Point cloud: 138 points
    Order energy: 1.0793
    Asymmetric energy: 1.7661
Multi-scale persistence on 138 point cloud...
  Full cloud: H0=138, H1=20
    Scale 50: H0=50, H1=4
    Scale 75: H0=75, H1=8
    Scale 100: H0=100, H1=10
    Scale 125: H0=125, H1=16
  PH-dimension: 2.99 from 4 scales
    Multi-scale analysis: PH-dim=2.99
    Generated 4 scale-level diagrams
    ✅ Added 4 diagrams to collection
  Sample 6: P=32 tokens, H=8 tokens
    Point cloud: 120 points
    Order energy: 1.6520
    Asymmetric energy: 3.1358
Multi-scale persistence on 120 point cloud...
  Full cloud: H0=120, H1=12
    Scale 50: H0=50, H1=2
    Scale 75: H0=75, H1=6
    Scale 100: H0=100, H1=11
  PH-dimension: 3.12 from 3 scales
    Multi-scale analysis: PH-dim=3.12
    Generated 3 scale-level diagrams
    ✅ Added 3 diagrams to collection
  Sample 7: P=38 tokens, H=16 tokens
    Point cloud: 162 points
    Order energy: 0.9005
    Asymmetric energy: 2.1103
Multi-scale persistence on 162 point cloud...
  Full cloud: H0=162, H1=20
    Scale 50: H0=50, H1=3
    Scale 75: H0=75, H1=2
    Scale 100: H0=100, H1=7
    Scale 125: H0=125, H1=13
    Scale 150: H0=150, H1=21
  PH-dimension: 2.83 from 5 scales
    Multi-scale analysis: PH-dim=2.83
    Generated 5 scale-level diagrams
    ✅ Added 5 diagrams to collection
  Sample 8: P=34 tokens, H=14 tokens
    Point cloud: 144 points
    Order energy: 0.7169
    Asymmetric energy: 2.4108
Multi-scale persistence on 144 point cloud...
  Full cloud: H0=144, H1=17
    Scale 50: H0=50, H1=1
    Scale 75: H0=75, H1=8
    Scale 100: H0=100, H1=7
    Scale 125: H0=125, H1=15
  PH-dimension: 3.46 from 4 scales
    Multi-scale analysis: PH-dim=3.46
    Generated 4 scale-level diagrams
    ✅ Added 4 diagrams to collection
  Sample 9: P=34 tokens, H=12 tokens
    Point cloud: 138 points
    Order energy: 1.9949
    Asymmetric energy: 2.6706
Multi-scale persistence on 138 point cloud...
  Full cloud: H0=138, H1=12
    Scale 50: H0=50, H1=0
    Scale 75: H0=75, H1=3
    Scale 100: H0=100, H1=9
    Scale 125: H0=125, H1=10
  PH-dimension: 3.31 from 4 scales
    Multi-scale analysis: PH-dim=3.31
    Generated 4 scale-level diagrams
    ✅ Added 4 diagrams to collection
  Sample 10: P=36 tokens, H=13 tokens
    Point cloud: 147 points
    Order energy: 2.0365
    Asymmetric energy: 3.1961
Multi-scale persistence on 147 point cloud...
  Full cloud: H0=147, H1=8
    Scale 50: H0=50, H1=1
    Scale 75: H0=75, H1=6
    Scale 100: H0=100, H1=5
    Scale 125: H0=125, H1=8
  PH-dimension: 6.16 from 4 scales
    Multi-scale analysis: PH-dim=6.16
    Generated 4 scale-level diagrams
    ✅ Added 4 diagrams to collection
  Sample 11: P=22 tokens, H=20 tokens
    Point cloud: 126 points
    Order energy: 4.3862
    Asymmetric energy: 4.5026
Multi-scale persistence on 126 point cloud...
  Full cloud: H0=126, H1=10
    Scale 50: H0=50, H1=0
    Scale 75: H0=75, H1=2
    Scale 100: H0=100, H1=8
    Scale 125: H0=125, H1=10
  PH-dimension: 3.63 from 4 scales
    Multi-scale analysis: PH-dim=3.63
    Generated 4 scale-level diagrams
    ✅ Added 4 diagrams to collection
  Sample 12: P=27 tokens, H=14 tokens
    Point cloud: 123 points
    Order energy: 0.3798
    Asymmetric energy: 2.7845
Multi-scale persistence on 123 point cloud...
  Full cloud: H0=123, H1=16
    Scale 50: H0=50, H1=4
    Scale 75: H0=75, H1=7
    Scale 100: H0=100, H1=9
  PH-dimension: 2.27 from 3 scales
    Multi-scale analysis: PH-dim=2.27
    Generated 3 scale-level diagrams
    ✅ Added 3 diagrams to collection
  Sample 13: P=32 tokens, H=11 tokens
    Point cloud: 129 points
    Order energy: 0.6750
    Asymmetric energy: 4.3391
Multi-scale persistence on 129 point cloud...
  Full cloud: H0=129, H1=15
    Scale 50: H0=50, H1=4
    Scale 75: H0=75, H1=6
    Scale 100: H0=100, H1=11
    Scale 125: H0=125, H1=13
  PH-dimension: 2.31 from 4 scales
    Multi-scale analysis: PH-dim=2.31
    Generated 4 scale-level diagrams
    ✅ Added 4 diagrams to collection
  Sample 14: P=30 tokens, H=11 tokens
    Point cloud: 123 points
    Order energy: 3.4891
    Asymmetric energy: 2.5328
Multi-scale persistence on 123 point cloud...
  Full cloud: H0=123, H1=11
    Scale 50: H0=50, H1=0
    Scale 75: H0=75, H1=6
    Scale 100: H0=100, H1=10
  PH-dimension: 2.63 from 3 scales
    Multi-scale analysis: PH-dim=2.63
    Generated 3 scale-level diagrams
    ✅ Added 3 diagrams to collection
  Sample 15: P=30 tokens, H=10 tokens
    Point cloud: 120 points
    Order energy: 0.6564
    Asymmetric energy: 5.0281
Multi-scale persistence on 120 point cloud...
  Full cloud: H0=120, H1=10
    Scale 50: H0=50, H1=5
    Scale 75: H0=75, H1=6
    Scale 100: H0=100, H1=6
  PH-dimension: 2.33 from 3 scales
    Multi-scale analysis: PH-dim=2.33
    Generated 3 scale-level diagrams
    ✅ Added 3 diagrams to collection
  Sample 16: P=24 tokens, H=18 tokens
    Point cloud: 126 points
    Order energy: 2.0723
    Asymmetric energy: 2.5537
Multi-scale persistence on 126 point cloud...
  Full cloud: H0=126, H1=20
    Scale 50: H0=50, H1=3
    Scale 75: H0=75, H1=12
    Scale 100: H0=100, H1=18
    Scale 125: H0=125, H1=19
  PH-dimension: 3.55 from 4 scales
    Multi-scale analysis: PH-dim=3.55
    Generated 4 scale-level diagrams
    ✅ Added 4 diagrams to collection
  Sample 17: P=27 tokens, H=21 tokens
    Point cloud: 144 points
    Order energy: 0.5311
    Asymmetric energy: 1.3697
Multi-scale persistence on 144 point cloud...
  Full cloud: H0=144, H1=33
    Scale 50: H0=50, H1=2
    Scale 75: H0=75, H1=6
    Scale 100: H0=100, H1=14
    Scale 125: H0=125, H1=25
  PH-dimension: 7.76 from 4 scales
    Multi-scale analysis: PH-dim=7.76
    Generated 4 scale-level diagrams
    ✅ Added 4 diagrams to collection
  Sample 18: P=43 tokens, H=9 tokens
    Point cloud: 156 points
    Order energy: 1.4922
    Asymmetric energy: 1.8938
Multi-scale persistence on 156 point cloud...
  Full cloud: H0=156, H1=19
    Scale 50: H0=50, H1=3
    Scale 75: H0=75, H1=5
    Scale 100: H0=100, H1=8
    Scale 125: H0=125, H1=13
    Scale 150: H0=150, H1=15
  PH-dimension: 2.27 from 5 scales
    Multi-scale analysis: PH-dim=2.27
    Generated 5 scale-level diagrams
    ✅ Added 5 diagrams to collection
  Sample 19: P=38 tokens, H=10 tokens
    Point cloud: 144 points
    Order energy: 0.1841
    Asymmetric energy: 6.4568
Multi-scale persistence on 144 point cloud...
  Full cloud: H0=144, H1=15
    Scale 50: H0=50, H1=0
    Scale 75: H0=75, H1=3
    Scale 100: H0=100, H1=4
    Scale 125: H0=125, H1=11
  PH-dimension: 2.51 from 4 scales
    Multi-scale analysis: PH-dim=2.51
    Generated 4 scale-level diagrams
    ✅ Added 4 diagrams to collection
  Sample 20: P=26 tokens, H=16 tokens
    Point cloud: 126 points
    Order energy: 0.7273
    Asymmetric energy: 1.6970
Multi-scale persistence on 126 point cloud...
  Full cloud: H0=126, H1=13
    Scale 50: H0=50, H1=2
    Scale 75: H0=75, H1=7
    Scale 100: H0=100, H1=9
    Scale 125: H0=125, H1=13
  PH-dimension: 3.64 from 4 scales
    Multi-scale analysis: PH-dim=3.64
    Generated 4 scale-level diagrams
    ✅ Added 4 diagrams to collection
  Sample 21: P=31 tokens, H=12 tokens
    Point cloud: 129 points
    Order energy: 2.3108
    Asymmetric energy: 3.2471
Multi-scale persistence on 129 point cloud...
  Full cloud: H0=129, H1=14
    Scale 50: H0=50, H1=1
    Scale 75: H0=75, H1=4
    Scale 100: H0=100, H1=8
    Scale 125: H0=125, H1=12
  PH-dimension: 3.15 from 4 scales
    Multi-scale analysis: PH-dim=3.15
    Generated 4 scale-level diagrams
    ✅ Added 4 diagrams to collection
  Sample 22: P=20 tokens, H=25 tokens
    Point cloud: 135 points
    Order energy: 4.1035
    Asymmetric energy: 2.8897
Multi-scale persistence on 135 point cloud...
  Full cloud: H0=135, H1=14
    Scale 50: H0=50, H1=3
    Scale 75: H0=75, H1=3
    Scale 100: H0=100, H1=4
    Scale 125: H0=125, H1=12
  PH-dimension: 3.32 from 4 scales
    Multi-scale analysis: PH-dim=3.32
    Generated 4 scale-level diagrams
    ✅ Added 4 diagrams to collection
  Sample 23: P=41 tokens, H=10 tokens
    Point cloud: 153 points
    Order energy: 1.2671
    Asymmetric energy: 2.9404
Multi-scale persistence on 153 point cloud...
  Full cloud: H0=153, H1=11
    Scale 50: H0=50, H1=4
    Scale 75: H0=75, H1=4
    Scale 100: H0=100, H1=5
    Scale 125: H0=125, H1=8
    Scale 150: H0=150, H1=10
  PH-dimension: 2.21 from 5 scales
    Multi-scale analysis: PH-dim=2.21
    Generated 5 scale-level diagrams
    ✅ Added 5 diagrams to collection
  Sample 24: P=37 tokens, H=14 tokens
    Point cloud: 153 points
    Order energy: 1.9265
    Asymmetric energy: 1.3179
Multi-scale persistence on 153 point cloud...
  Full cloud: H0=153, H1=17
    Scale 50: H0=50, H1=0
    Scale 75: H0=75, H1=3
    Scale 100: H0=100, H1=10
    Scale 125: H0=125, H1=10
    Scale 150: H0=150, H1=17
  PH-dimension: 2.78 from 5 scales
    Multi-scale analysis: PH-dim=2.78
    Generated 5 scale-level diagrams
    ✅ Added 5 diagrams to collection
  Sample 25: P=27 tokens, H=18 tokens
    Point cloud: 135 points
    Order energy: 1.5323
    Asymmetric energy: 1.7023
Multi-scale persistence on 135 point cloud...
  Full cloud: H0=135, H1=20
    Scale 50: H0=50, H1=4
    Scale 75: H0=75, H1=5
    Scale 100: H0=100, H1=17
    Scale 125: H0=125, H1=17
  PH-dimension: 4.91 from 4 scales
    Multi-scale analysis: PH-dim=4.91
    Generated 4 scale-level diagrams
    ✅ Added 4 diagrams to collection
  Sample 26: P=26 tokens, H=16 tokens
    Point cloud: 126 points
    Order energy: 2.6028
    Asymmetric energy: 1.3569
Multi-scale persistence on 126 point cloud...
  Full cloud: H0=126, H1=11
    Scale 50: H0=50, H1=3
    Scale 75: H0=75, H1=4
    Scale 100: H0=100, H1=8
    Scale 125: H0=125, H1=11
  PH-dimension: 2.43 from 4 scales
    Multi-scale analysis: PH-dim=2.43
    Generated 4 scale-level diagrams
    ✅ Added 4 diagrams to collection
  Sample 27: P=23 tokens, H=19 tokens
    Point cloud: 126 points
    Order energy: 4.2760
    Asymmetric energy: 3.1413
Multi-scale persistence on 126 point cloud...
  Full cloud: H0=126, H1=8
    Scale 50: H0=50, H1=1
    Scale 75: H0=75, H1=2
    Scale 100: H0=100, H1=3
    Scale 125: H0=125, H1=8
  PH-dimension: 2.27 from 4 scales
    Multi-scale analysis: PH-dim=2.27
    Generated 4 scale-level diagrams
    ✅ Added 4 diagrams to collection
  Sample 28: P=35 tokens, H=11 tokens
    Point cloud: 138 points
    Order energy: 3.2662
    Asymmetric energy: 2.0837
Multi-scale persistence on 138 point cloud...
  Full cloud: H0=138, H1=13
    Scale 50: H0=50, H1=3
    Scale 75: H0=75, H1=1
    Scale 100: H0=100, H1=8
    Scale 125: H0=125, H1=13
  PH-dimension: 11.17 from 4 scales
    Multi-scale analysis: PH-dim=11.17
    Generated 4 scale-level diagrams
    ✅ Added 4 diagrams to collection
  Sample 29: P=32 tokens, H=12 tokens
    Point cloud: 132 points
    Order energy: 1.6797
    Asymmetric energy: 2.5999
Multi-scale persistence on 132 point cloud...
  Full cloud: H0=132, H1=18
    Scale 50: H0=50, H1=2
    Scale 75: H0=75, H1=4
    Scale 100: H0=100, H1=11
    Scale 125: H0=125, H1=16
  PH-dimension: 2.64 from 4 scales
    Multi-scale analysis: PH-dim=2.64
    Generated 4 scale-level diagrams
    ✅ Added 4 diagrams to collection
  Sample 30: P=37 tokens, H=11 tokens
    Point cloud: 144 points
    Order energy: 1.5614
    Asymmetric energy: 2.0609
Multi-scale persistence on 144 point cloud...
  Full cloud: H0=144, H1=13
    Scale 50: H0=50, H1=0
    Scale 75: H0=75, H1=2
    Scale 100: H0=100, H1=6
    Scale 125: H0=125, H1=12
  PH-dimension: 3.90 from 4 scales
    Multi-scale analysis: PH-dim=3.90
    Generated 4 scale-level diagrams
    ✅ Added 4 diagrams to collection
  Sample 31: P=25 tokens, H=19 tokens
    Point cloud: 132 points
    Order energy: 3.3122
    Asymmetric energy: 2.1866
Multi-scale persistence on 132 point cloud...
  Full cloud: H0=132, H1=12
    Scale 50: H0=50, H1=0
    Scale 75: H0=75, H1=3
    Scale 100: H0=100, H1=8
    Scale 125: H0=125, H1=9
  PH-dimension: 2.98 from 4 scales
    Multi-scale analysis: PH-dim=2.98
    Generated 4 scale-level diagrams
    ✅ Added 4 diagrams to collection
  Sample 32: P=31 tokens, H=9 tokens
    Point cloud: 120 points
    Order energy: 1.3186
    Asymmetric energy: 2.8553
Multi-scale persistence on 120 point cloud...
  Full cloud: H0=120, H1=14
    Scale 50: H0=50, H1=2
    Scale 75: H0=75, H1=4
    Scale 100: H0=100, H1=10
  PH-dimension: 3.11 from 3 scales
    Multi-scale analysis: PH-dim=3.11
    Generated 3 scale-level diagrams
    ✅ Added 3 diagrams to collection
  Sample 33: P=38 tokens, H=8 tokens
    Point cloud: 138 points
    Order energy: 1.4270
    Asymmetric energy: 3.3798
Multi-scale persistence on 138 point cloud...
  Full cloud: H0=138, H1=12
    Scale 50: H0=50, H1=0
    Scale 75: H0=75, H1=3
    Scale 100: H0=100, H1=6
    Scale 125: H0=125, H1=12
  PH-dimension: 6.42 from 4 scales
    Multi-scale analysis: PH-dim=6.42
    Generated 4 scale-level diagrams
    ✅ Added 4 diagrams to collection
  Sample 34: P=45 tokens, H=11 tokens
    Point cloud: 168 points
    Order energy: 1.2501
    Asymmetric energy: 5.9037
Multi-scale persistence on 168 point cloud...
  Full cloud: H0=168, H1=17
    Scale 50: H0=50, H1=2
    Scale 75: H0=75, H1=4
    Scale 100: H0=100, H1=5
    Scale 125: H0=125, H1=8
    Scale 150: H0=150, H1=16
  PH-dimension: 3.66 from 5 scales
    Multi-scale analysis: PH-dim=3.66
    Generated 5 scale-level diagrams
    ✅ Added 5 diagrams to collection
  Sample 35: P=30 tokens, H=12 tokens
    Point cloud: 126 points
    Order energy: 0.4436
    Asymmetric energy: 1.7857
Multi-scale persistence on 126 point cloud...
  Full cloud: H0=126, H1=18
    Scale 50: H0=50, H1=4
    Scale 75: H0=75, H1=8
    Scale 100: H0=100, H1=11
    Scale 125: H0=125, H1=18
  PH-dimension: 2.62 from 4 scales
    Multi-scale analysis: PH-dim=2.62
    Generated 4 scale-level diagrams
    ✅ Added 4 diagrams to collection
  Sample 36: P=30 tokens, H=15 tokens
    Point cloud: 135 points
    Order energy: 0.9934
    Asymmetric energy: 1.8064
Multi-scale persistence on 135 point cloud...
  Full cloud: H0=135, H1=22
    Scale 50: H0=50, H1=5
    Scale 75: H0=75, H1=7
    Scale 100: H0=100, H1=11
    Scale 125: H0=125, H1=19
  PH-dimension: 3.80 from 4 scales
    Multi-scale analysis: PH-dim=3.80
    Generated 4 scale-level diagrams
    ✅ Added 4 diagrams to collection
  Sample 37: P=52 tokens, H=10 tokens
    Point cloud: 186 points
    Order energy: 2.1641
    Asymmetric energy: 1.8905
Multi-scale persistence on 186 point cloud...
  Full cloud: H0=186, H1=21
    Scale 50: H0=50, H1=1
    Scale 75: H0=75, H1=2
    Scale 100: H0=100, H1=5
    Scale 125: H0=125, H1=7
    Scale 150: H0=150, H1=14
    Scale 175: H0=175, H1=23
  PH-dimension: 2.85 from 6 scales
    Multi-scale analysis: PH-dim=2.85
    Generated 6 scale-level diagrams
    ✅ Added 6 diagrams to collection
  Sample 38: P=40 tokens, H=8 tokens
    Point cloud: 144 points
    Order energy: 0.1020
    Asymmetric energy: 6.1990
Multi-scale persistence on 144 point cloud...
  Full cloud: H0=144, H1=22
    Scale 50: H0=50, H1=3
    Scale 75: H0=75, H1=1
    Scale 100: H0=100, H1=14
    Scale 125: H0=125, H1=18
  PH-dimension: 3.16 from 4 scales
    Multi-scale analysis: PH-dim=3.16
    Generated 4 scale-level diagrams
    ✅ Added 4 diagrams to collection
  Sample 39: P=38 tokens, H=13 tokens
    Point cloud: 153 points
    Order energy: 2.5353
    Asymmetric energy: 1.5251
Multi-scale persistence on 153 point cloud...
  Full cloud: H0=153, H1=15
    Scale 50: H0=50, H1=1
    Scale 75: H0=75, H1=0
    Scale 100: H0=100, H1=2
    Scale 125: H0=125, H1=12
    Scale 150: H0=150, H1=15
  PH-dimension: 2.60 from 5 scales
    Multi-scale analysis: PH-dim=2.60
    Generated 5 scale-level diagrams
    ✅ Added 5 diagrams to collection
  Sample 40: P=30 tokens, H=12 tokens
    Point cloud: 126 points
    Order energy: 1.4765
    Asymmetric energy: 2.4494
Multi-scale persistence on 126 point cloud...
  Full cloud: H0=126, H1=13
    Scale 50: H0=50, H1=1
    Scale 75: H0=75, H1=4
    Scale 100: H0=100, H1=5
    Scale 125: H0=125, H1=13
  PH-dimension: 2.94 from 4 scales
    Multi-scale analysis: PH-dim=2.94
    Generated 4 scale-level diagrams
    ✅ Added 4 diagrams to collection
  Sample 41: P=31 tokens, H=10 tokens
    Point cloud: 123 points
    Order energy: 0.9499
    Asymmetric energy: 4.3086
Multi-scale persistence on 123 point cloud...
  Full cloud: H0=123, H1=11
    Scale 50: H0=50, H1=3
    Scale 75: H0=75, H1=7
    Scale 100: H0=100, H1=11
  PH-dimension: 2.34 from 3 scales
    Multi-scale analysis: PH-dim=2.34
    Generated 3 scale-level diagrams
    ✅ Added 3 diagrams to collection
  Sample 42: P=29 tokens, H=14 tokens
    Point cloud: 129 points
    Order energy: 1.1216
    Asymmetric energy: 4.9768
Multi-scale persistence on 129 point cloud...
  Full cloud: H0=129, H1=8
    Scale 50: H0=50, H1=1
    Scale 75: H0=75, H1=5
    Scale 100: H0=100, H1=9
    Scale 125: H0=125, H1=8
  PH-dimension: 3.40 from 4 scales
    Multi-scale analysis: PH-dim=3.40
    Generated 4 scale-level diagrams
    ✅ Added 4 diagrams to collection
  Sample 43: P=28 tokens, H=16 tokens
    Point cloud: 132 points
    Order energy: 1.5950
    Asymmetric energy: 2.2706
Multi-scale persistence on 132 point cloud...
  Full cloud: H0=132, H1=16
    Scale 50: H0=50, H1=4
    Scale 75: H0=75, H1=3
    Scale 100: H0=100, H1=6
    Scale 125: H0=125, H1=13
  PH-dimension: 2.80 from 4 scales
    Multi-scale analysis: PH-dim=2.80
    Generated 4 scale-level diagrams
    ✅ Added 4 diagrams to collection
  Sample 44: P=28 tokens, H=15 tokens
    Point cloud: 129 points
    Order energy: 5.5403
    Asymmetric energy: 2.5371
Multi-scale persistence on 129 point cloud...
  Full cloud: H0=129, H1=20
    Scale 50: H0=50, H1=2
    Scale 75: H0=75, H1=7
    Scale 100: H0=100, H1=13
    Scale 125: H0=125, H1=20
  PH-dimension: 2.20 from 4 scales
    Multi-scale analysis: PH-dim=2.20
    Generated 4 scale-level diagrams
    ✅ Added 4 diagrams to collection
  Sample 45: P=33 tokens, H=8 tokens
    Point cloud: 123 points
    Order energy: 1.9196
    Asymmetric energy: 3.4138
Multi-scale persistence on 123 point cloud...
  Full cloud: H0=123, H1=15
    Scale 50: H0=50, H1=2
    Scale 75: H0=75, H1=4
    Scale 100: H0=100, H1=7
  PH-dimension: 3.09 from 3 scales
    Multi-scale analysis: PH-dim=3.09
    Generated 3 scale-level diagrams
    ✅ Added 3 diagrams to collection
  Sample 46: P=31 tokens, H=13 tokens
    Point cloud: 132 points
    Order energy: 2.0903
    Asymmetric energy: 2.0804
Multi-scale persistence on 132 point cloud...
  Full cloud: H0=132, H1=18
    Scale 50: H0=50, H1=5
    Scale 75: H0=75, H1=7
    Scale 100: H0=100, H1=8
    Scale 125: H0=125, H1=16
  PH-dimension: 4.61 from 4 scales
    Multi-scale analysis: PH-dim=4.61
    Generated 4 scale-level diagrams
    ✅ Added 4 diagrams to collection
  Sample 47: P=31 tokens, H=12 tokens
    Point cloud: 129 points
    Order energy: 1.5623
    Asymmetric energy: 2.4177
Multi-scale persistence on 129 point cloud...
  Full cloud: H0=129, H1=16
    Scale 50: H0=50, H1=2
    Scale 75: H0=75, H1=6
    Scale 100: H0=100, H1=11
    Scale 125: H0=125, H1=15
  PH-dimension: 3.14 from 4 scales
    Multi-scale analysis: PH-dim=3.14
    Generated 4 scale-level diagrams
    ✅ Added 4 diagrams to collection
  Sample 48: P=26 tokens, H=15 tokens
    Point cloud: 123 points
    Order energy: 2.0796
    Asymmetric energy: 2.6558
Multi-scale persistence on 123 point cloud...
  Full cloud: H0=123, H1=14
    Scale 50: H0=50, H1=1
    Scale 75: H0=75, H1=4
    Scale 100: H0=100, H1=7
  PH-dimension: 4.12 from 3 scales
    Multi-scale analysis: PH-dim=4.12
    Generated 3 scale-level diagrams
    ✅ Added 3 diagrams to collection
  Sample 49: P=41 tokens, H=10 tokens
    Point cloud: 153 points
    Order energy: 1.5558
    Asymmetric energy: 2.2095
Multi-scale persistence on 153 point cloud...
  Full cloud: H0=153, H1=15
    Scale 50: H0=50, H1=1
    Scale 75: H0=75, H1=4
    Scale 100: H0=100, H1=7
    Scale 125: H0=125, H1=11
    Scale 150: H0=150, H1=15
  PH-dimension: 2.94 from 5 scales
    Multi-scale analysis: PH-dim=2.94
    Generated 5 scale-level diagrams
    ✅ Added 5 diagrams to collection
  Sample 50: P=29 tokens, H=11 tokens
    Point cloud: 120 points
    Order energy: 1.4578
    Asymmetric energy: 1.8836
Multi-scale persistence on 120 point cloud...
  Full cloud: H0=120, H1=10
    Scale 50: H0=50, H1=1
    Scale 75: H0=75, H1=6
    Scale 100: H0=100, H1=8
  PH-dimension: 2.04 from 3 scales
    Multi-scale analysis: PH-dim=2.04
    Generated 3 scale-level diagrams
    ✅ Added 3 diagrams to collection
  Sample 51: P=34 tokens, H=13 tokens
    Point cloud: 141 points
    Order energy: 2.0668
    Asymmetric energy: 1.9926
Multi-scale persistence on 141 point cloud...
  Full cloud: H0=141, H1=14
    Scale 50: H0=50, H1=4
    Scale 75: H0=75, H1=7
    Scale 100: H0=100, H1=7
    Scale 125: H0=125, H1=15
  PH-dimension: 3.12 from 4 scales
    Multi-scale analysis: PH-dim=3.12
    Generated 4 scale-level diagrams
    ✅ Added 4 diagrams to collection
  Sample 52: P=35 tokens, H=9 tokens
    Point cloud: 132 points
    Order energy: 1.7603
    Asymmetric energy: 1.3663
Multi-scale persistence on 132 point cloud...
  Full cloud: H0=132, H1=14
    Scale 50: H0=50, H1=3
    Scale 75: H0=75, H1=6
    Scale 100: H0=100, H1=4
    Scale 125: H0=125, H1=12
  PH-dimension: 3.11 from 4 scales
    Multi-scale analysis: PH-dim=3.11
    Generated 4 scale-level diagrams
    ✅ Added 4 diagrams to collection
  Sample 53: P=34 tokens, H=7 tokens
    Point cloud: 123 points
    Order energy: 1.6506
    Asymmetric energy: 1.7846
Multi-scale persistence on 123 point cloud...
  Full cloud: H0=123, H1=25
    Scale 50: H0=50, H1=6
    Scale 75: H0=75, H1=10
    Scale 100: H0=100, H1=16
  PH-dimension: 3.34 from 3 scales
    Multi-scale analysis: PH-dim=3.34
    Generated 3 scale-level diagrams
    ✅ Added 3 diagrams to collection
  Sample 54: P=20 tokens, H=20 tokens
    Point cloud: 120 points
    Order energy: 2.7614
    Asymmetric energy: 2.0785
Multi-scale persistence on 120 point cloud...
  Full cloud: H0=120, H1=9
    Scale 50: H0=50, H1=2
    Scale 75: H0=75, H1=3
    Scale 100: H0=100, H1=7
  PH-dimension: 3.65 from 3 scales
    Multi-scale analysis: PH-dim=3.65
    Generated 3 scale-level diagrams
    ✅ Added 3 diagrams to collection
  Sample 55: P=22 tokens, H=20 tokens
    Point cloud: 126 points
    Order energy: 4.2117
    Asymmetric energy: 2.9977
Multi-scale persistence on 126 point cloud...
  Full cloud: H0=126, H1=13
    Scale 50: H0=50, H1=0
    Scale 75: H0=75, H1=5
    Scale 100: H0=100, H1=12
    Scale 125: H0=125, H1=13
  PH-dimension: 3.71 from 4 scales
    Multi-scale analysis: PH-dim=3.71
    Generated 4 scale-level diagrams
    ✅ Added 4 diagrams to collection
  Sample 56: P=45 tokens, H=21 tokens
    Point cloud: 198 points
    Order energy: 0.5580
    Asymmetric energy: 3.0308
Multi-scale persistence on 198 point cloud...
  Full cloud: H0=198, H1=18
    Scale 50: H0=50, H1=3
    Scale 75: H0=75, H1=3
    Scale 100: H0=100, H1=7
    Scale 125: H0=125, H1=7
    Scale 150: H0=150, H1=9
    Scale 175: H0=175, H1=17
  PH-dimension: 3.83 from 6 scales
    Multi-scale analysis: PH-dim=3.83
    Generated 6 scale-level diagrams
    ✅ Added 6 diagrams to collection
  Sample 57: P=41 tokens, H=10 tokens
    Point cloud: 153 points
    Order energy: 1.2020
    Asymmetric energy: 3.8362
Multi-scale persistence on 153 point cloud...
  Full cloud: H0=153, H1=10
    Scale 50: H0=50, H1=1
    Scale 75: H0=75, H1=2
    Scale 100: H0=100, H1=3
    Scale 125: H0=125, H1=11
    Scale 150: H0=150, H1=9
  PH-dimension: 3.19 from 5 scales
    Multi-scale analysis: PH-dim=3.19
    Generated 5 scale-level diagrams
    ✅ Added 5 diagrams to collection
  Sample 58: P=30 tokens, H=15 tokens
    Point cloud: 135 points
    Order energy: 0.3137
    Asymmetric energy: 5.1482
Multi-scale persistence on 135 point cloud...
  Full cloud: H0=135, H1=19
    Scale 50: H0=50, H1=2
    Scale 75: H0=75, H1=6
    Scale 100: H0=100, H1=10
    Scale 125: H0=125, H1=16
  PH-dimension: 4.10 from 4 scales
    Multi-scale analysis: PH-dim=4.10
    Generated 4 scale-level diagrams
    ✅ Added 4 diagrams to collection
  Sample 59: P=25 tokens, H=15 tokens
    Point cloud: 120 points
    Order energy: 2.0864
    Asymmetric energy: 3.2897
Multi-scale persistence on 120 point cloud...
  Full cloud: H0=120, H1=12
    Scale 50: H0=50, H1=3
    Scale 75: H0=75, H1=7
    Scale 100: H0=100, H1=10
  PH-dimension: 3.02 from 3 scales
    Multi-scale analysis: PH-dim=3.02
    Generated 3 scale-level diagrams
    ✅ Added 3 diagrams to collection
  Sample 60: P=23 tokens, H=17 tokens
    Point cloud: 120 points
    Order energy: 2.5666
    Asymmetric energy: 2.0046
Multi-scale persistence on 120 point cloud...
  Full cloud: H0=120, H1=10
    Scale 50: H0=50, H1=0
    Scale 75: H0=75, H1=1
    Scale 100: H0=100, H1=3
  PH-dimension: 3.19 from 3 scales
    Multi-scale analysis: PH-dim=3.19
    Generated 3 scale-level diagrams
    ✅ Added 3 diagrams to collection
  Sample 61: P=23 tokens, H=17 tokens
    Point cloud: 120 points
    Order energy: 1.0279
    Asymmetric energy: 1.8443
Multi-scale persistence on 120 point cloud...
  Full cloud: H0=120, H1=21
    Scale 50: H0=50, H1=5
    Scale 75: H0=75, H1=10
    Scale 100: H0=100, H1=14
  PH-dimension: 2.73 from 3 scales
    Multi-scale analysis: PH-dim=2.73
    Generated 3 scale-level diagrams
    ✅ Added 3 diagrams to collection
  Sample 62: P=41 tokens, H=9 tokens
    Point cloud: 150 points
    Order energy: 0.9699
    Asymmetric energy: 1.9830
Multi-scale persistence on 150 point cloud...
  Full cloud: H0=150, H1=19
    Scale 50: H0=50, H1=1
    Scale 75: H0=75, H1=3
    Scale 100: H0=100, H1=9
    Scale 125: H0=125, H1=16
  PH-dimension: 7.37 from 4 scales
    Multi-scale analysis: PH-dim=7.37
    Generated 4 scale-level diagrams
    ✅ Added 4 diagrams to collection
  Sample 63: P=43 tokens, H=9 tokens
    Point cloud: 156 points
    Order energy: 0.2711
    Asymmetric energy: 4.1646
Multi-scale persistence on 156 point cloud...
  Full cloud: H0=156, H1=17
    Scale 50: H0=50, H1=1
    Scale 75: H0=75, H1=4
    Scale 100: H0=100, H1=5
    Scale 125: H0=125, H1=11
    Scale 150: H0=150, H1=15
  PH-dimension: 3.13 from 5 scales
    Multi-scale analysis: PH-dim=3.13
    Generated 5 scale-level diagrams
    ✅ Added 5 diagrams to collection
  Sample 64: P=33 tokens, H=15 tokens
    Point cloud: 144 points
    Order energy: 2.6370
    Asymmetric energy: 1.7358
Multi-scale persistence on 144 point cloud...
  Full cloud: H0=144, H1=20
    Scale 50: H0=50, H1=3
    Scale 75: H0=75, H1=6
    Scale 100: H0=100, H1=13
    Scale 125: H0=125, H1=15
  PH-dimension: 3.72 from 4 scales
    Multi-scale analysis: PH-dim=3.72
    Generated 4 scale-level diagrams
    ✅ Added 4 diagrams to collection
  Sample 65: P=30 tokens, H=17 tokens
    Point cloud: 141 points
    Order energy: 2.7302
    Asymmetric energy: 2.8690
Multi-scale persistence on 141 point cloud...
  Full cloud: H0=141, H1=26
    Scale 50: H0=50, H1=3
    Scale 75: H0=75, H1=7
    Scale 100: H0=100, H1=13
    Scale 125: H0=125, H1=19
  PH-dimension: 2.66 from 4 scales
    Multi-scale analysis: PH-dim=2.66
    Generated 4 scale-level diagrams
    ✅ Added 4 diagrams to collection
  Sample 66: P=28 tokens, H=24 tokens
    Point cloud: 156 points
    Order energy: 5.6166
    Asymmetric energy: 7.3274
Multi-scale persistence on 156 point cloud...
  Full cloud: H0=156, H1=13
    Scale 50: H0=50, H1=2
    Scale 75: H0=75, H1=7
    Scale 100: H0=100, H1=7
    Scale 125: H0=125, H1=12
    Scale 150: H0=150, H1=12
  PH-dimension: 3.33 from 5 scales
    Multi-scale analysis: PH-dim=3.33
    Generated 5 scale-level diagrams
    ✅ Added 5 diagrams to collection
  Sample 67: P=21 tokens, H=28 tokens
    Point cloud: 147 points
    Order energy: 1.9084
    Asymmetric energy: 1.9461
Multi-scale persistence on 147 point cloud...
  Full cloud: H0=147, H1=25
    Scale 50: H0=50, H1=4
    Scale 75: H0=75, H1=7
    Scale 100: H0=100, H1=13
    Scale 125: H0=125, H1=19
  PH-dimension: 2.97 from 4 scales
    Multi-scale analysis: PH-dim=2.97
    Generated 4 scale-level diagrams
    ✅ Added 4 diagrams to collection
  Sample 68: P=30 tokens, H=14 tokens
    Point cloud: 132 points
    Order energy: 0.6763
    Asymmetric energy: 2.8530
Multi-scale persistence on 132 point cloud...
  Full cloud: H0=132, H1=23
    Scale 50: H0=50, H1=2
    Scale 75: H0=75, H1=7
    Scale 100: H0=100, H1=11
    Scale 125: H0=125, H1=22
  PH-dimension: 2.67 from 4 scales
    Multi-scale analysis: PH-dim=2.67
    Generated 4 scale-level diagrams
    ✅ Added 4 diagrams to collection
  Sample 69: P=25 tokens, H=18 tokens
    Point cloud: 129 points
    Order energy: 3.1872
    Asymmetric energy: 2.1569
Multi-scale persistence on 129 point cloud...
  Full cloud: H0=129, H1=13
    Scale 50: H0=50, H1=1
    Scale 75: H0=75, H1=5
    Scale 100: H0=100, H1=9
    Scale 125: H0=125, H1=12
  PH-dimension: 3.19 from 4 scales
    Multi-scale analysis: PH-dim=3.19
    Generated 4 scale-level diagrams
    ✅ Added 4 diagrams to collection
  Sample 70: P=27 tokens, H=19 tokens
    Point cloud: 138 points
    Order energy: 1.2663
    Asymmetric energy: 3.3345
Multi-scale persistence on 138 point cloud...
  Full cloud: H0=138, H1=24
    Scale 50: H0=50, H1=5
    Scale 75: H0=75, H1=8
    Scale 100: H0=100, H1=16
    Scale 125: H0=125, H1=21
  PH-dimension: 4.22 from 4 scales
    Multi-scale analysis: PH-dim=4.22
    Generated 4 scale-level diagrams
    ✅ Added 4 diagrams to collection
  Sample 71: P=24 tokens, H=16 tokens
    Point cloud: 120 points
    Order energy: 0.7619
    Asymmetric energy: 2.2623
Multi-scale persistence on 120 point cloud...
  Full cloud: H0=120, H1=13
    Scale 50: H0=50, H1=6
    Scale 75: H0=75, H1=8
    Scale 100: H0=100, H1=11
  PH-dimension: 2.92 from 3 scales
    Multi-scale analysis: PH-dim=2.92
    Generated 3 scale-level diagrams
    ✅ Added 3 diagrams to collection
  Sample 72: P=51 tokens, H=11 tokens
    Point cloud: 186 points
    Order energy: 1.9995
    Asymmetric energy: 1.8437
Multi-scale persistence on 186 point cloud...
  Full cloud: H0=186, H1=18
    Scale 50: H0=50, H1=0
    Scale 75: H0=75, H1=2
    Scale 100: H0=100, H1=2
    Scale 125: H0=125, H1=9
    Scale 150: H0=150, H1=11
    Scale 175: H0=175, H1=18
  PH-dimension: 3.23 from 6 scales
    Multi-scale analysis: PH-dim=3.23
    Generated 6 scale-level diagrams
    ✅ Added 6 diagrams to collection
  Sample 73: P=33 tokens, H=9 tokens
    Point cloud: 126 points
    Order energy: 0.5923
    Asymmetric energy: 2.8772
Multi-scale persistence on 126 point cloud...
  Full cloud: H0=126, H1=18
    Scale 50: H0=50, H1=6
    Scale 75: H0=75, H1=8
    Scale 100: H0=100, H1=10
    Scale 125: H0=125, H1=18
  PH-dimension: 2.57 from 4 scales
    Multi-scale analysis: PH-dim=2.57
    Generated 4 scale-level diagrams
    ✅ Added 4 diagrams to collection
  Sample 74: P=25 tokens, H=16 tokens
    Point cloud: 123 points
    Order energy: 1.2445
    Asymmetric energy: 2.0622
Multi-scale persistence on 123 point cloud...
  Full cloud: H0=123, H1=16
    Scale 50: H0=50, H1=0
    Scale 75: H0=75, H1=7
    Scale 100: H0=100, H1=10
  PH-dimension: 3.30 from 3 scales
    Multi-scale analysis: PH-dim=3.30
    Generated 3 scale-level diagrams
    ✅ Added 3 diagrams to collection
  Sample 75: P=24 tokens, H=16 tokens
    Point cloud: 120 points
    Order energy: 0.4141
    Asymmetric energy: 0.8544
Multi-scale persistence on 120 point cloud...
  Full cloud: H0=120, H1=26
    Scale 50: H0=50, H1=3
    Scale 75: H0=75, H1=11
    Scale 100: H0=100, H1=19
  PH-dimension: -68.36 from 3 scales
    Multi-scale analysis: PH-dim=-68.36
    Generated 3 scale-level diagrams
    ✅ Added 3 diagrams to collection
  Sample 76: P=34 tokens, H=11 tokens
    Point cloud: 135 points
    Order energy: 2.6320
    Asymmetric energy: 2.2419
Multi-scale persistence on 135 point cloud...
  Full cloud: H0=135, H1=10
    Scale 50: H0=50, H1=2
    Scale 75: H0=75, H1=6
    Scale 100: H0=100, H1=5
    Scale 125: H0=125, H1=7
  PH-dimension: 1.87 from 4 scales
    Multi-scale analysis: PH-dim=1.87
    Generated 4 scale-level diagrams
    ✅ Added 4 diagrams to collection
  Sample 77: P=53 tokens, H=8 tokens
    Point cloud: 183 points
    Order energy: 0.7883
    Asymmetric energy: 2.0330
Multi-scale persistence on 183 point cloud...
  Full cloud: H0=183, H1=35
    Scale 50: H0=50, H1=4
    Scale 75: H0=75, H1=5
    Scale 100: H0=100, H1=11
    Scale 125: H0=125, H1=12
    Scale 150: H0=150, H1=25
    Scale 175: H0=175, H1=31
  PH-dimension: 3.01 from 6 scales
    Multi-scale analysis: PH-dim=3.01
    Generated 6 scale-level diagrams
    ✅ Added 6 diagrams to collection
  Sample 78: P=25 tokens, H=18 tokens
    Point cloud: 129 points
    Order energy: 0.8391
    Asymmetric energy: 1.7006
Multi-scale persistence on 129 point cloud...
  Full cloud: H0=129, H1=36
    Scale 50: H0=50, H1=5
    Scale 75: H0=75, H1=11
    Scale 100: H0=100, H1=23
    Scale 125: H0=125, H1=33
  PH-dimension: 3.04 from 4 scales
    Multi-scale analysis: PH-dim=3.04
    Generated 4 scale-level diagrams
    ✅ Added 4 diagrams to collection
  Sample 79: P=25 tokens, H=23 tokens
    Point cloud: 144 points
    Order energy: 2.8698
    Asymmetric energy: 2.4821
Multi-scale persistence on 144 point cloud...
  Full cloud: H0=144, H1=17
    Scale 50: H0=50, H1=2
    Scale 75: H0=75, H1=6
    Scale 100: H0=100, H1=12
    Scale 125: H0=125, H1=16
  PH-dimension: 2.79 from 4 scales
    Multi-scale analysis: PH-dim=2.79
    Generated 4 scale-level diagrams
    ✅ Added 4 diagrams to collection
  Sample 80: P=35 tokens, H=12 tokens
    Point cloud: 141 points
    Order energy: 0.7917
    Asymmetric energy: 3.2932
Multi-scale persistence on 141 point cloud...
  Full cloud: H0=141, H1=16
    Scale 50: H0=50, H1=1
    Scale 75: H0=75, H1=4
    Scale 100: H0=100, H1=9
    Scale 125: H0=125, H1=10
  PH-dimension: 6.94 from 4 scales
    Multi-scale analysis: PH-dim=6.94
    Generated 4 scale-level diagrams
    ✅ Added 4 diagrams to collection
  Sample 81: P=34 tokens, H=8 tokens
    Point cloud: 126 points
    Order energy: 1.4592
    Asymmetric energy: 1.5444
Multi-scale persistence on 126 point cloud...
  Full cloud: H0=126, H1=17
    Scale 50: H0=50, H1=4
    Scale 75: H0=75, H1=6
    Scale 100: H0=100, H1=10
    Scale 125: H0=125, H1=17
  PH-dimension: 2.90 from 4 scales
    Multi-scale analysis: PH-dim=2.90
    Generated 4 scale-level diagrams
    ✅ Added 4 diagrams to collection
  Sample 82: P=35 tokens, H=10 tokens
    Point cloud: 135 points
    Order energy: 0.8084
    Asymmetric energy: 2.7915
Multi-scale persistence on 135 point cloud...
  Full cloud: H0=135, H1=16
    Scale 50: H0=50, H1=3
    Scale 75: H0=75, H1=6
    Scale 100: H0=100, H1=9
    Scale 125: H0=125, H1=13
  PH-dimension: 5.92 from 4 scales
    Multi-scale analysis: PH-dim=5.92
    Generated 4 scale-level diagrams
    ✅ Added 4 diagrams to collection
  Sample 83: P=30 tokens, H=13 tokens
    Point cloud: 129 points
    Order energy: 1.7694
    Asymmetric energy: 2.3169
Multi-scale persistence on 129 point cloud...
  Full cloud: H0=129, H1=11
    Scale 50: H0=50, H1=0
    Scale 75: H0=75, H1=5
    Scale 100: H0=100, H1=4
    Scale 125: H0=125, H1=10
  PH-dimension: 2.97 from 4 scales
    Multi-scale analysis: PH-dim=2.97
    Generated 4 scale-level diagrams
    ✅ Added 4 diagrams to collection
  Sample 84: P=22 tokens, H=20 tokens
    Point cloud: 126 points
    Order energy: 3.0366
    Asymmetric energy: 2.5761
Multi-scale persistence on 126 point cloud...
  Full cloud: H0=126, H1=24
    Scale 50: H0=50, H1=4
    Scale 75: H0=75, H1=10
    Scale 100: H0=100, H1=20
    Scale 125: H0=125, H1=23
  PH-dimension: 3.03 from 4 scales
    Multi-scale analysis: PH-dim=3.03
    Generated 4 scale-level diagrams
    ✅ Added 4 diagrams to collection
  Sample 85: P=58 tokens, H=10 tokens
    Point cloud: 204 points
    Order energy: 0.8855
    Asymmetric energy: 2.4749
Multi-scale persistence on 204 point cloud...
  Full cloud: H0=204, H1=26
    Scale 50: H0=50, H1=1
    Scale 75: H0=75, H1=6
    Scale 100: H0=100, H1=4
    Scale 125: H0=125, H1=12
    Scale 150: H0=150, H1=14
    Scale 175: H0=175, H1=18
  PH-dimension: 2.79 from 6 scales
    Multi-scale analysis: PH-dim=2.79
    Generated 6 scale-level diagrams
    ✅ Added 6 diagrams to collection
  Sample 86: P=38 tokens, H=13 tokens
    Point cloud: 153 points
    Order energy: 4.3619
    Asymmetric energy: 3.3388
Multi-scale persistence on 153 point cloud...
  Full cloud: H0=153, H1=11
    Scale 50: H0=50, H1=0
    Scale 75: H0=75, H1=6
    Scale 100: H0=100, H1=8
    Scale 125: H0=125, H1=9
    Scale 150: H0=150, H1=11
  PH-dimension: 4.13 from 5 scales
    Multi-scale analysis: PH-dim=4.13
    Generated 5 scale-level diagrams
    ✅ Added 5 diagrams to collection
  Sample 87: P=33 tokens, H=13 tokens
    Point cloud: 138 points
    Order energy: 2.5807
    Asymmetric energy: 1.9719
Multi-scale persistence on 138 point cloud...
  Full cloud: H0=138, H1=13
    Scale 50: H0=50, H1=4
    Scale 75: H0=75, H1=4
    Scale 100: H0=100, H1=9
    Scale 125: H0=125, H1=11
  PH-dimension: 2.13 from 4 scales
    Multi-scale analysis: PH-dim=2.13
    Generated 4 scale-level diagrams
    ✅ Added 4 diagrams to collection
  Sample 88: P=30 tokens, H=11 tokens
    Point cloud: 123 points
    Order energy: 1.4548
    Asymmetric energy: 2.7033
Multi-scale persistence on 123 point cloud...
  Full cloud: H0=123, H1=10
    Scale 50: H0=50, H1=1
    Scale 75: H0=75, H1=1
    Scale 100: H0=100, H1=6
  PH-dimension: 2.69 from 3 scales
    Multi-scale analysis: PH-dim=2.69
    Generated 3 scale-level diagrams
    ✅ Added 3 diagrams to collection
  Sample 89: P=58 tokens, H=6 tokens
    Point cloud: 192 points
    Order energy: 1.7072
    Asymmetric energy: 3.4553
Multi-scale persistence on 192 point cloud...
  Full cloud: H0=192, H1=22
    Scale 50: H0=50, H1=0
    Scale 75: H0=75, H1=6
    Scale 100: H0=100, H1=9
    Scale 125: H0=125, H1=11
    Scale 150: H0=150, H1=17
    Scale 175: H0=175, H1=20
  PH-dimension: 2.53 from 6 scales
    Multi-scale analysis: PH-dim=2.53
    Generated 6 scale-level diagrams
    ✅ Added 6 diagrams to collection
  Sample 90: P=29 tokens, H=12 tokens
    Point cloud: 123 points
    Order energy: 2.0148
    Asymmetric energy: 1.9162
Multi-scale persistence on 123 point cloud...
  Full cloud: H0=123, H1=9
    Scale 50: H0=50, H1=0
    Scale 75: H0=75, H1=2
    Scale 100: H0=100, H1=5
  PH-dimension: 2.65 from 3 scales
    Multi-scale analysis: PH-dim=2.65
    Generated 3 scale-level diagrams
    ✅ Added 3 diagrams to collection
  Sample 91: P=32 tokens, H=16 tokens
    Point cloud: 144 points
    Order energy: 1.6297
    Asymmetric energy: 2.1455
Multi-scale persistence on 144 point cloud...
  Full cloud: H0=144, H1=18
    Scale 50: H0=50, H1=2
    Scale 75: H0=75, H1=6
    Scale 100: H0=100, H1=10
    Scale 125: H0=125, H1=16
  PH-dimension: 4.01 from 4 scales
    Multi-scale analysis: PH-dim=4.01
    Generated 4 scale-level diagrams
    ✅ Added 4 diagrams to collection
  Sample 92: P=24 tokens, H=22 tokens
    Point cloud: 138 points
    Order energy: 5.2359
    Asymmetric energy: 5.6817
Multi-scale persistence on 138 point cloud...
  Full cloud: H0=138, H1=6
    Scale 50: H0=50, H1=1
    Scale 75: H0=75, H1=4
    Scale 100: H0=100, H1=4
    Scale 125: H0=125, H1=3
  PH-dimension: 2.27 from 4 scales
    Multi-scale analysis: PH-dim=2.27
    Generated 4 scale-level diagrams
    ✅ Added 4 diagrams to collection
  Sample 93: P=39 tokens, H=11 tokens
    Point cloud: 150 points
    Order energy: 0.8547
    Asymmetric energy: 4.0283
Multi-scale persistence on 150 point cloud...
  Full cloud: H0=150, H1=19
    Scale 50: H0=50, H1=3
    Scale 75: H0=75, H1=4
    Scale 100: H0=100, H1=11
    Scale 125: H0=125, H1=13
  PH-dimension: 2.58 from 4 scales
    Multi-scale analysis: PH-dim=2.58
    Generated 4 scale-level diagrams
    ✅ Added 4 diagrams to collection
  Sample 94: P=30 tokens, H=10 tokens
    Point cloud: 120 points
    Order energy: 0.6078
    Asymmetric energy: 3.6532
Multi-scale persistence on 120 point cloud...
  Full cloud: H0=120, H1=15
    Scale 50: H0=50, H1=0
    Scale 75: H0=75, H1=3
    Scale 100: H0=100, H1=6
  PH-dimension: 4.69 from 3 scales
    Multi-scale analysis: PH-dim=4.69
    Generated 3 scale-level diagrams
    ✅ Added 3 diagrams to collection
  Sample 95: P=30 tokens, H=10 tokens
    Point cloud: 120 points
    Order energy: 0.1908
    Asymmetric energy: 4.9864
Multi-scale persistence on 120 point cloud...
  Full cloud: H0=120, H1=10
    Scale 50: H0=50, H1=1
    Scale 75: H0=75, H1=4
    Scale 100: H0=100, H1=6
  PH-dimension: 2.15 from 3 scales
    Multi-scale analysis: PH-dim=2.15
    Generated 3 scale-level diagrams
    ✅ Added 3 diagrams to collection
  Sample 96: P=27 tokens, H=13 tokens
    Point cloud: 120 points
    Order energy: 1.3953
    Asymmetric energy: 2.1590
Multi-scale persistence on 120 point cloud...
  Full cloud: H0=120, H1=10
    Scale 50: H0=50, H1=3
    Scale 75: H0=75, H1=3
    Scale 100: H0=100, H1=7
  PH-dimension: 5.90 from 3 scales
    Multi-scale analysis: PH-dim=5.90
    Generated 3 scale-level diagrams
    ✅ Added 3 diagrams to collection
  Sample 97: P=27 tokens, H=18 tokens
    Point cloud: 135 points
    Order energy: 1.9524
    Asymmetric energy: 1.7266
Multi-scale persistence on 135 point cloud...
  Full cloud: H0=135, H1=9
    Scale 50: H0=50, H1=3
    Scale 75: H0=75, H1=4
    Scale 100: H0=100, H1=7
    Scale 125: H0=125, H1=8
  PH-dimension: 4.01 from 4 scales
    Multi-scale analysis: PH-dim=4.01
    Generated 4 scale-level diagrams
    ✅ Added 4 diagrams to collection
  Sample 98: P=26 tokens, H=15 tokens
    Point cloud: 123 points
    Order energy: 1.9365
    Asymmetric energy: 2.3965
Multi-scale persistence on 123 point cloud...
  Full cloud: H0=123, H1=14
    Scale 50: H0=50, H1=2
    Scale 75: H0=75, H1=4
    Scale 100: H0=100, H1=9
  PH-dimension: 6.08 from 3 scales
    Multi-scale analysis: PH-dim=6.08
    Generated 3 scale-level diagrams
    ✅ Added 3 diagrams to collection
  Sample 99: P=32 tokens, H=10 tokens
    Point cloud: 126 points
    Order energy: 2.4376
    Asymmetric energy: 3.8834
Multi-scale persistence on 126 point cloud...
  Full cloud: H0=126, H1=7
    Scale 50: H0=50, H1=1
    Scale 75: H0=75, H1=2
    Scale 100: H0=100, H1=4
    Scale 125: H0=125, H1=7
  PH-dimension: 3.66 from 4 scales
    Multi-scale analysis: PH-dim=3.66
    Generated 4 scale-level diagrams
    ✅ Added 4 diagrams to collection
  Sample 100: P=21 tokens, H=26 tokens
    Point cloud: 141 points
    Order energy: 2.4228
    Asymmetric energy: 2.4030
Multi-scale persistence on 141 point cloud...
  Full cloud: H0=141, H1=17
    Scale 50: H0=50, H1=3
    Scale 75: H0=75, H1=7
    Scale 100: H0=100, H1=8
    Scale 125: H0=125, H1=16
  PH-dimension: 3.03 from 4 scales
    Multi-scale analysis: PH-dim=3.03
    Generated 4 scale-level diagrams
    ✅ Added 4 diagrams to collection

Collected 1217 total diagrams from multi-scale analysis
Average diagrams per sample: 4.1

Converting 1217 diagrams to persistence images...
Analyzing persistence diagram ranges...
  Diagram 0, dim 0: 49 finite features
  Diagram 0, dim 1: 6 finite features
  Diagram 1, dim 0: 74 finite features
  Diagram 1, dim 1: 9 finite features
  Diagram 2, dim 0: 99 finite features
  Diagram 2, dim 1: 13 finite features
  Diagram 3, dim 0: 49 finite features
  Diagram 3, dim 1: 4 finite features
  Diagram 4, dim 0: 74 finite features
  Diagram 4, dim 1: 2 finite features
  Diagram 5, dim 0: 99 finite features
  Diagram 5, dim 1: 7 finite features
  Diagram 6, dim 0: 124 finite features
  Diagram 6, dim 1: 11 finite features
  Diagram 7, dim 0: 49 finite features
  Diagram 7, dim 1: 3 finite features
  Diagram 8, dim 0: 74 finite features
  Diagram 8, dim 1: 4 finite features
  Diagram 9, dim 0: 99 finite features
  Diagram 9, dim 1: 4 finite features
  Diagram 10, dim 0: 124 finite features
  Diagram 10, dim 1: 6 finite features
  Diagram 11, dim 0: 49 finite features
  Diagram 11, dim 1: 4 finite features
  Diagram 12, dim 0: 74 finite features
  Diagram 12, dim 1: 5 finite features
  Diagram 13, dim 0: 99 finite features
  Diagram 13, dim 1: 12 finite features
  Diagram 14, dim 0: 124 finite features
  Diagram 14, dim 1: 28 finite features
  Diagram 15, dim 0: 49 finite features
  Diagram 15, dim 1: 1 finite features
  Diagram 16, dim 0: 74 finite features
  Diagram 16, dim 1: 7 finite features
  Diagram 17, dim 0: 99 finite features
  Diagram 17, dim 1: 8 finite features
  Diagram 18, dim 0: 49 finite features
  Diagram 18, dim 1: 4 finite features
  Diagram 19, dim 0: 74 finite features
  Diagram 19, dim 1: 5 finite features
  Diagram 20, dim 0: 99 finite features
  Diagram 20, dim 1: 6 finite features
  Diagram 21, dim 0: 124 finite features
  Diagram 21, dim 1: 12 finite features
  Diagram 22, dim 0: 49 finite features
  Diagram 22, dim 1: 2 finite features
  Diagram 23, dim 0: 74 finite features
  Diagram 23, dim 1: 7 finite features
  Diagram 24, dim 0: 99 finite features
  Diagram 24, dim 1: 7 finite features
  Diagram 25, dim 0: 124 finite features
  Diagram 25, dim 1: 14 finite features
  Diagram 26, dim 0: 49 finite features
  Diagram 26, dim 1: 4 finite features
  Diagram 27, dim 0: 74 finite features
  Diagram 27, dim 1: 7 finite features
  Diagram 28, dim 0: 99 finite features
  Diagram 28, dim 1: 15 finite features
  Diagram 29, dim 0: 49 finite features
  Diagram 29, dim 1: 2 finite features
  Diagram 30, dim 0: 74 finite features
  Diagram 30, dim 1: 6 finite features
  Diagram 31, dim 0: 99 finite features
  Diagram 31, dim 1: 9 finite features
  Diagram 32, dim 0: 124 finite features
  Diagram 32, dim 1: 15 finite features
  Diagram 33, dim 0: 49 finite features
  Diagram 33, dim 1: 4 finite features
  Diagram 34, dim 0: 74 finite features
  Diagram 34, dim 1: 12 finite features
  Diagram 35, dim 0: 99 finite features
  Diagram 35, dim 1: 15 finite features
  Diagram 36, dim 0: 124 finite features
  Diagram 36, dim 1: 28 finite features
  Diagram 37, dim 0: 49 finite features
  Diagram 37, dim 1: 5 finite features
  Diagram 38, dim 0: 74 finite features
  Diagram 38, dim 1: 8 finite features
  Diagram 39, dim 0: 99 finite features
  Diagram 39, dim 1: 17 finite features
  Diagram 40, dim 0: 124 finite features
  Diagram 40, dim 1: 28 finite features
  Diagram 41, dim 0: 49 finite features
  Diagram 41, dim 1: Empty or invalid
  Diagram 42, dim 0: 74 finite features
  Diagram 42, dim 1: 1 finite features
  Diagram 43, dim 0: 99 finite features
  Diagram 43, dim 1: 5 finite features
  Diagram 44, dim 0: 49 finite features
  Diagram 44, dim 1: 1 finite features
  Diagram 45, dim 0: 74 finite features
  Diagram 45, dim 1: 6 finite features
  Diagram 46, dim 0: 99 finite features
  Diagram 46, dim 1: 9 finite features
  Diagram 47, dim 0: 124 finite features
  Diagram 47, dim 1: 15 finite features
  Diagram 48, dim 0: 149 finite features
  Diagram 48, dim 1: 22 finite features
  Diagram 49, dim 0: 49 finite features
  Diagram 49, dim 1: 3 finite features
  Diagram 50, dim 0: 74 finite features
  Diagram 50, dim 1: 7 finite features
  Diagram 51, dim 0: 99 finite features
  Diagram 51, dim 1: 10 finite features
  Diagram 52, dim 0: 124 finite features
  Diagram 52, dim 1: 19 finite features
  Diagram 53, dim 0: 149 finite features
  Diagram 53, dim 1: 29 finite features
  Diagram 54, dim 0: 49 finite features
  Diagram 54, dim 1: 2 finite features
  Diagram 55, dim 0: 74 finite features
  Diagram 55, dim 1: 5 finite features
  Diagram 56, dim 0: 99 finite features
  Diagram 56, dim 1: 9 finite features
  Diagram 57, dim 0: 124 finite features
  Diagram 57, dim 1: 14 finite features
  Diagram 58, dim 0: 49 finite features
  Diagram 58, dim 1: 3 finite features
  Diagram 59, dim 0: 74 finite features
  Diagram 59, dim 1: 4 finite features
  Diagram 60, dim 0: 99 finite features
  Diagram 60, dim 1: 6 finite features
  Diagram 61, dim 0: 124 finite features
  Diagram 61, dim 1: 9 finite features
  Diagram 62, dim 0: 49 finite features
  Diagram 62, dim 1: 5 finite features
  Diagram 63, dim 0: 74 finite features
  Diagram 63, dim 1: 9 finite features
  Diagram 64, dim 0: 99 finite features
  Diagram 64, dim 1: 10 finite features
  Diagram 65, dim 0: 49 finite features
  Diagram 65, dim 1: 4 finite features
  Diagram 66, dim 0: 74 finite features
  Diagram 66, dim 1: 8 finite features
  Diagram 67, dim 0: 99 finite features
  Diagram 67, dim 1: 10 finite features
  Diagram 68, dim 0: 124 finite features
  Diagram 68, dim 1: 14 finite features
  Diagram 69, dim 0: 49 finite features
  Diagram 69, dim 1: 3 finite features
  Diagram 70, dim 0: 74 finite features
  Diagram 70, dim 1: 5 finite features
  Diagram 71, dim 0: 99 finite features
  Diagram 71, dim 1: 9 finite features
  Diagram 72, dim 0: 124 finite features
  Diagram 72, dim 1: 17 finite features
  Diagram 73, dim 0: 49 finite features
  Diagram 73, dim 1: 1 finite features
  Diagram 74, dim 0: 74 finite features
  Diagram 74, dim 1: 4 finite features
  Diagram 75, dim 0: 99 finite features
  Diagram 75, dim 1: 6 finite features
  Diagram 76, dim 0: 124 finite features
  Diagram 76, dim 1: 10 finite features
  Diagram 77, dim 0: 149 finite features
  Diagram 77, dim 1: 19 finite features
  Diagram 78, dim 0: 49 finite features
  Diagram 78, dim 1: 2 finite features
  Diagram 79, dim 0: 74 finite features
  Diagram 79, dim 1: 6 finite features
  Diagram 80, dim 0: 99 finite features
  Diagram 80, dim 1: 12 finite features
  Diagram 81, dim 0: 124 finite features
  Diagram 81, dim 1: 15 finite features
  Diagram 82, dim 0: 49 finite features
  Diagram 82, dim 1: 2 finite features
  Diagram 83, dim 0: 74 finite features
  Diagram 83, dim 1: 4 finite features
  Diagram 84, dim 0: 99 finite features
  Diagram 84, dim 1: 12 finite features
  Diagram 85, dim 0: 124 finite features
  Diagram 85, dim 1: 20 finite features
  Diagram 86, dim 0: 149 finite features
  Diagram 86, dim 1: 29 finite features
  Diagram 87, dim 0: 49 finite features
  Diagram 87, dim 1: 3 finite features
  Diagram 88, dim 0: 74 finite features
  Diagram 88, dim 1: 7 finite features
  Diagram 89, dim 0: 99 finite features
  Diagram 89, dim 1: 11 finite features
  Diagram 90, dim 0: 124 finite features
  Diagram 90, dim 1: 15 finite features
  Diagram 91, dim 0: 49 finite features
  Diagram 91, dim 1: 2 finite features
  Diagram 92, dim 0: 74 finite features
  Diagram 92, dim 1: 4 finite features
  Diagram 93, dim 0: 99 finite features
  Diagram 93, dim 1: 7 finite features
  Diagram 94, dim 0: 124 finite features
  Diagram 94, dim 1: 16 finite features
  Diagram 95, dim 0: 49 finite features
  Diagram 95, dim 1: 7 finite features
  Diagram 96, dim 0: 74 finite features
  Diagram 96, dim 1: 10 finite features
  Diagram 97, dim 0: 99 finite features
  Diagram 97, dim 1: 18 finite features
  Diagram 98, dim 0: 124 finite features
  Diagram 98, dim 1: 26 finite features
  Diagram 99, dim 0: 49 finite features
  Diagram 99, dim 1: 1 finite features
  Diagram 100, dim 0: 74 finite features
  Diagram 100, dim 1: 10 finite features
  Diagram 101, dim 0: 99 finite features
  Diagram 101, dim 1: 14 finite features
  Diagram 102, dim 0: 124 finite features
  Diagram 102, dim 1: 28 finite features
  Diagram 103, dim 0: 49 finite features
  Diagram 103, dim 1: 5 finite features
  Diagram 104, dim 0: 74 finite features
  Diagram 104, dim 1: 7 finite features
  Diagram 105, dim 0: 99 finite features
  Diagram 105, dim 1: 17 finite features
  Diagram 106, dim 0: 49 finite features
  Diagram 106, dim 1: 1 finite features
  Diagram 107, dim 0: 74 finite features
  Diagram 107, dim 1: 1 finite features
  Diagram 108, dim 0: 99 finite features
  Diagram 108, dim 1: 8 finite features
  Diagram 109, dim 0: 124 finite features
  Diagram 109, dim 1: 8 finite features
  Diagram 110, dim 0: 49 finite features
  Diagram 110, dim 1: 2 finite features
  Diagram 111, dim 0: 74 finite features
  Diagram 111, dim 1: 3 finite features
  Diagram 112, dim 0: 99 finite features
  Diagram 112, dim 1: 9 finite features
  Diagram 113, dim 0: 124 finite features
  Diagram 113, dim 1: 12 finite features
  Diagram 114, dim 0: 49 finite features
  Diagram 114, dim 1: 3 finite features
  Diagram 115, dim 0: 74 finite features
  Diagram 115, dim 1: 7 finite features
  Diagram 116, dim 0: 99 finite features
  Diagram 116, dim 1: 12 finite features
  Diagram 117, dim 0: 124 finite features
  Diagram 117, dim 1: 20 finite features
  Diagram 118, dim 0: 49 finite features
  Diagram 118, dim 1: 4 finite features
  Diagram 119, dim 0: 74 finite features
  Diagram 119, dim 1: 10 finite features
  Diagram 120, dim 0: 99 finite features
  Diagram 120, dim 1: 28 finite features
  Diagram 121, dim 0: 124 finite features
  Diagram 121, dim 1: 37 finite features
  Diagram 122, dim 0: 49 finite features
  Diagram 122, dim 1: 4 finite features
  Diagram 123, dim 0: 74 finite features
  Diagram 123, dim 1: 3 finite features
  Diagram 124, dim 0: 99 finite features
  Diagram 124, dim 1: 6 finite features
  Diagram 125, dim 0: 124 finite features
  Diagram 125, dim 1: 10 finite features
  Diagram 126, dim 0: 49 finite features
  Diagram 126, dim 1: 3 finite features
  Diagram 127, dim 0: 74 finite features
  Diagram 127, dim 1: 7 finite features
  Diagram 128, dim 0: 99 finite features
  Diagram 128, dim 1: 12 finite features
  Diagram 129, dim 0: 124 finite features
  Diagram 129, dim 1: 13 finite features
  Diagram 130, dim 0: 49 finite features
  Diagram 130, dim 1: Empty or invalid
  Diagram 131, dim 0: 74 finite features
  Diagram 131, dim 1: 2 finite features
  Diagram 132, dim 0: 99 finite features
  Diagram 132, dim 1: 6 finite features
  Diagram 133, dim 0: 124 finite features
  Diagram 133, dim 1: 5 finite features
  Diagram 134, dim 0: 149 finite features
  Diagram 134, dim 1: 12 finite features
  Diagram 135, dim 0: 49 finite features
  Diagram 135, dim 1: 3 finite features
  Diagram 136, dim 0: 74 finite features
  Diagram 136, dim 1: 9 finite features
  Diagram 137, dim 0: 99 finite features
  Diagram 137, dim 1: 15 finite features
  Diagram 138, dim 0: 49 finite features
  Diagram 138, dim 1: 4 finite features
  Diagram 139, dim 0: 74 finite features
  Diagram 139, dim 1: 13 finite features
  Diagram 140, dim 0: 99 finite features
  Diagram 140, dim 1: 15 finite features
  Diagram 141, dim 0: 49 finite features
  Diagram 141, dim 1: 4 finite features
  Diagram 142, dim 0: 74 finite features
  Diagram 142, dim 1: 5 finite features
  Diagram 143, dim 0: 99 finite features
  Diagram 143, dim 1: 14 finite features
  Diagram 144, dim 0: 49 finite features
  Diagram 144, dim 1: 2 finite features
  Diagram 145, dim 0: 74 finite features
  Diagram 145, dim 1: 6 finite features
  Diagram 146, dim 0: 99 finite features
  Diagram 146, dim 1: 7 finite features
  Diagram 147, dim 0: 124 finite features
  Diagram 147, dim 1: 11 finite features
  Diagram 148, dim 0: 49 finite features
  Diagram 148, dim 1: 5 finite features
  Diagram 149, dim 0: 74 finite features
  Diagram 149, dim 1: 7 finite features
  Diagram 150, dim 0: 99 finite features
  Diagram 150, dim 1: 14 finite features
  Diagram 151, dim 0: 49 finite features
  Diagram 151, dim 1: 2 finite features
  Diagram 152, dim 0: 74 finite features
  Diagram 152, dim 1: 10 finite features
  Diagram 153, dim 0: 99 finite features
  Diagram 153, dim 1: 11 finite features
  Diagram 154, dim 0: 124 finite features
  Diagram 154, dim 1: 18 finite features
  Diagram 155, dim 0: 49 finite features
  Diagram 155, dim 1: 2 finite features
  Diagram 156, dim 0: 74 finite features
  Diagram 156, dim 1: 5 finite features
  Diagram 157, dim 0: 99 finite features
  Diagram 157, dim 1: 8 finite features
  Diagram 158, dim 0: 124 finite features
  Diagram 158, dim 1: 12 finite features
  Diagram 159, dim 0: 49 finite features
  Diagram 159, dim 1: 3 finite features
  Diagram 160, dim 0: 74 finite features
  Diagram 160, dim 1: 11 finite features
  Diagram 161, dim 0: 99 finite features
  Diagram 161, dim 1: 11 finite features
  Diagram 162, dim 0: 124 finite features
  Diagram 162, dim 1: 22 finite features
  Diagram 163, dim 0: 149 finite features
  Diagram 163, dim 1: 27 finite features
  Diagram 164, dim 0: 49 finite features
  Diagram 164, dim 1: 3 finite features
  Diagram 165, dim 0: 74 finite features
  Diagram 165, dim 1: 6 finite features
  Diagram 166, dim 0: 99 finite features
  Diagram 166, dim 1: 21 finite features
  Diagram 167, dim 0: 124 finite features
  Diagram 167, dim 1: 28 finite features
  Diagram 168, dim 0: 49 finite features
  Diagram 168, dim 1: 3 finite features
  Diagram 169, dim 0: 74 finite features
  Diagram 169, dim 1: 12 finite features
  Diagram 170, dim 0: 99 finite features
  Diagram 170, dim 1: 13 finite features
  Diagram 171, dim 0: 124 finite features
  Diagram 171, dim 1: 27 finite features
  Diagram 172, dim 0: 49 finite features
  Diagram 172, dim 1: 3 finite features
  Diagram 173, dim 0: 74 finite features
  Diagram 173, dim 1: 10 finite features
  Diagram 174, dim 0: 99 finite features
  Diagram 174, dim 1: 10 finite features
  Diagram 175, dim 0: 124 finite features
  Diagram 175, dim 1: 13 finite features
  Diagram 176, dim 0: 149 finite features
  Diagram 176, dim 1: 21 finite features
  Diagram 177, dim 0: 174 finite features
  Diagram 177, dim 1: 29 finite features
  Diagram 178, dim 0: 49 finite features
  Diagram 178, dim 1: 2 finite features
  Diagram 179, dim 0: 74 finite features
  Diagram 179, dim 1: 6 finite features
  Diagram 180, dim 0: 99 finite features
  Diagram 180, dim 1: 11 finite features
  Diagram 181, dim 0: 124 finite features
  Diagram 181, dim 1: 14 finite features
  Diagram 182, dim 0: 49 finite features
  Diagram 182, dim 1: 3 finite features
  Diagram 183, dim 0: 74 finite features
  Diagram 183, dim 1: 4 finite features
  Diagram 184, dim 0: 99 finite features
  Diagram 184, dim 1: 6 finite features
  Diagram 185, dim 0: 124 finite features
  Diagram 185, dim 1: 7 finite features
  Diagram 186, dim 0: 149 finite features
  Diagram 186, dim 1: 16 finite features
  Diagram 187, dim 0: 174 finite features
  Diagram 187, dim 1: 12 finite features
  Diagram 188, dim 0: 49 finite features
  Diagram 188, dim 1: 1 finite features
  Diagram 189, dim 0: 74 finite features
  Diagram 189, dim 1: 5 finite features
  Diagram 190, dim 0: 99 finite features
  Diagram 190, dim 1: 4 finite features
  Diagram 191, dim 0: 124 finite features
  Diagram 191, dim 1: 9 finite features
  Diagram 192, dim 0: 49 finite features
  Diagram 192, dim 1: 2 finite features
  Diagram 193, dim 0: 74 finite features
  Diagram 193, dim 1: 3 finite features
  Diagram 194, dim 0: 99 finite features
  Diagram 194, dim 1: 4 finite features
  Diagram 195, dim 0: 124 finite features
  Diagram 195, dim 1: 10 finite features
  Diagram 196, dim 0: 49 finite features
  Diagram 196, dim 1: 2 finite features
  Diagram 197, dim 0: 74 finite features
  Diagram 197, dim 1: 11 finite features
  Diagram 198, dim 0: 99 finite features
  Diagram 198, dim 1: 13 finite features
  Diagram 199, dim 0: 124 finite features
  Diagram 199, dim 1: 26 finite features
  Diagram 200, dim 0: 49 finite features
  Diagram 200, dim 1: 3 finite features
  Diagram 201, dim 0: 74 finite features
  Diagram 201, dim 1: 10 finite features
  Diagram 202, dim 0: 99 finite features
  Diagram 202, dim 1: 15 finite features
  Diagram 203, dim 0: 124 finite features
  Diagram 203, dim 1: 30 finite features
  Diagram 204, dim 0: 49 finite features
  Diagram 204, dim 1: 1 finite features
  Diagram 205, dim 0: 74 finite features
  Diagram 205, dim 1: 3 finite features
  Diagram 206, dim 0: 99 finite features
  Diagram 206, dim 1: 13 finite features
  Diagram 207, dim 0: 124 finite features
  Diagram 207, dim 1: 15 finite features
  Diagram 208, dim 0: 149 finite features
  Diagram 208, dim 1: 15 finite features
  Diagram 209, dim 0: 49 finite features
  Diagram 209, dim 1: Empty or invalid
  Diagram 210, dim 0: 74 finite features
  Diagram 210, dim 1: 5 finite features
  Diagram 211, dim 0: 99 finite features
  Diagram 211, dim 1: 13 finite features
  Diagram 212, dim 0: 124 finite features
  Diagram 212, dim 1: 12 finite features
  Diagram 213, dim 0: 149 finite features
  Diagram 213, dim 1: 19 finite features
  Diagram 214, dim 0: 174 finite features
  Diagram 214, dim 1: 31 finite features
  Diagram 215, dim 0: 49 finite features
  Diagram 215, dim 1: 3 finite features
  Diagram 216, dim 0: 74 finite features
  Diagram 216, dim 1: 16 finite features
  Diagram 217, dim 0: 99 finite features
  Diagram 217, dim 1: 20 finite features
  Diagram 218, dim 0: 124 finite features
  Diagram 218, dim 1: 25 finite features
  Diagram 219, dim 0: 149 finite features
  Diagram 219, dim 1: 38 finite features
  Diagram 220, dim 0: 49 finite features
  Diagram 220, dim 1: 2 finite features
  Diagram 221, dim 0: 74 finite features
  Diagram 221, dim 1: 7 finite features
  Diagram 222, dim 0: 99 finite features
  Diagram 222, dim 1: 6 finite features
  Diagram 223, dim 0: 124 finite features
  Diagram 223, dim 1: 12 finite features
  Diagram 224, dim 0: 49 finite features
  Diagram 224, dim 1: 2 finite features
  Diagram 225, dim 0: 74 finite features
  Diagram 225, dim 1: 5 finite features
  Diagram 226, dim 0: 99 finite features
  Diagram 226, dim 1: 11 finite features
  Diagram 227, dim 0: 49 finite features
  Diagram 227, dim 1: 5 finite features
  Diagram 228, dim 0: 74 finite features
  Diagram 228, dim 1: 7 finite features
  Diagram 229, dim 0: 99 finite features
  Diagram 229, dim 1: 11 finite features
  Diagram 230, dim 0: 124 finite features
  Diagram 230, dim 1: 19 finite features
  Diagram 231, dim 0: 49 finite features
  Diagram 231, dim 1: 2 finite features
  Diagram 232, dim 0: 74 finite features
  Diagram 232, dim 1: 5 finite features
  Diagram 233, dim 0: 99 finite features
  Diagram 233, dim 1: 10 finite features
  Diagram 234, dim 0: 124 finite features
  Diagram 234, dim 1: 14 finite features
  Diagram 235, dim 0: 149 finite features
  Diagram 235, dim 1: 20 finite features
  Diagram 236, dim 0: 174 finite features
  Diagram 236, dim 1: 22 finite features
  Diagram 237, dim 0: 49 finite features
  Diagram 237, dim 1: 1 finite features
  Diagram 238, dim 0: 74 finite features
  Diagram 238, dim 1: 3 finite features
  Diagram 239, dim 0: 99 finite features
  Diagram 239, dim 1: 11 finite features
  Diagram 240, dim 0: 124 finite features
  Diagram 240, dim 1: 6 finite features
  Diagram 241, dim 0: 49 finite features
  Diagram 241, dim 1: 2 finite features
  Diagram 242, dim 0: 74 finite features
  Diagram 242, dim 1: 3 finite features
  Diagram 243, dim 0: 99 finite features
  Diagram 243, dim 1: 9 finite features
  Diagram 244, dim 0: 124 finite features
  Diagram 244, dim 1: 15 finite features
  Diagram 245, dim 0: 49 finite features
  Diagram 245, dim 1: 6 finite features
  Diagram 246, dim 0: 74 finite features
  Diagram 246, dim 1: 8 finite features
  Diagram 247, dim 0: 99 finite features
  Diagram 247, dim 1: 12 finite features
  Diagram 248, dim 0: 124 finite features
  Diagram 248, dim 1: 29 finite features
  Diagram 249, dim 0: 49 finite features
  Diagram 249, dim 1: 1 finite features
  Diagram 250, dim 0: 74 finite features
  Diagram 250, dim 1: 3 finite features
  Diagram 251, dim 0: 99 finite features
  Diagram 251, dim 1: 10 finite features
  Diagram 252, dim 0: 124 finite features
  Diagram 252, dim 1: 12 finite features
  Diagram 253, dim 0: 149 finite features
  Diagram 253, dim 1: 19 finite features
  Diagram 254, dim 0: 49 finite features
  Diagram 254, dim 1: 3 finite features
  Diagram 255, dim 0: 74 finite features
  Diagram 255, dim 1: 3 finite features
  Diagram 256, dim 0: 99 finite features
  Diagram 256, dim 1: 8 finite features
  Diagram 257, dim 0: 49 finite features
  Diagram 257, dim 1: 4 finite features
  Diagram 258, dim 0: 74 finite features
  Diagram 258, dim 1: 15 finite features
  Diagram 259, dim 0: 99 finite features
  Diagram 259, dim 1: 22 finite features
  Diagram 260, dim 0: 124 finite features
  Diagram 260, dim 1: 34 finite features
  Diagram 261, dim 0: 47 finite features
  Diagram 261, dim 1: 2 finite features
  Diagram 262, dim 0: 67 finite features
  Diagram 262, dim 1: 3 finite features
  Diagram 263, dim 0: 84 finite features
  Diagram 263, dim 1: Empty or invalid
  Diagram 264, dim 0: 107 finite features
  Diagram 264, dim 1: 2 finite features
  Diagram 265, dim 0: 122 finite features
  Diagram 265, dim 1: 5 finite features
  Diagram 266, dim 0: 146 finite features
  Diagram 266, dim 1: 3 finite features
  Diagram 267, dim 0: 49 finite features
  Diagram 267, dim 1: 3 finite features
  Diagram 268, dim 0: 74 finite features
  Diagram 268, dim 1: 2 finite features
  Diagram 269, dim 0: 99 finite features
  Diagram 269, dim 1: 6 finite features
  Diagram 270, dim 0: 124 finite features
  Diagram 270, dim 1: 6 finite features
  Diagram 271, dim 0: 149 finite features
  Diagram 271, dim 1: 11 finite features
  Diagram 272, dim 0: 49 finite features
  Diagram 272, dim 1: 1 finite features
  Diagram 273, dim 0: 74 finite features
  Diagram 273, dim 1: 7 finite features
  Diagram 274, dim 0: 99 finite features
  Diagram 274, dim 1: 13 finite features
  Diagram 275, dim 0: 49 finite features
  Diagram 275, dim 1: 5 finite features
  Diagram 276, dim 0: 74 finite features
  Diagram 276, dim 1: 6 finite features
  Diagram 277, dim 0: 99 finite features
  Diagram 277, dim 1: 13 finite features
  Diagram 278, dim 0: 124 finite features
  Diagram 278, dim 1: 19 finite features
  Diagram 279, dim 0: 149 finite features
  Diagram 279, dim 1: 30 finite features
  Diagram 280, dim 0: 49 finite features
  Diagram 280, dim 1: 4 finite features
  Diagram 281, dim 0: 74 finite features
  Diagram 281, dim 1: 8 finite features
  Diagram 282, dim 0: 99 finite features
  Diagram 282, dim 1: 9 finite features
  Diagram 283, dim 0: 49 finite features
  Diagram 283, dim 1: 2 finite features
  Diagram 284, dim 0: 74 finite features
  Diagram 284, dim 1: 8 finite features
  Diagram 285, dim 0: 99 finite features
  Diagram 285, dim 1: 6 finite features
  Diagram 286, dim 0: 124 finite features
  Diagram 286, dim 1: 14 finite features
  Diagram 287, dim 0: 49 finite features
  Diagram 287, dim 1: 4 finite features
  Diagram 288, dim 0: 74 finite features
  Diagram 288, dim 1: 3 finite features
  Diagram 289, dim 0: 99 finite features
  Diagram 289, dim 1: 9 finite features
  Diagram 290, dim 0: 49 finite features
  Diagram 290, dim 1: 6 finite features
  Diagram 291, dim 0: 74 finite features
  Diagram 291, dim 1: 7 finite features
  Diagram 292, dim 0: 99 finite features
  Diagram 292, dim 1: 15 finite features
  Diagram 293, dim 0: 124 finite features
  Diagram 293, dim 1: 23 finite features
  Diagram 294, dim 0: 49 finite features
  Diagram 294, dim 1: 2 finite features
  Diagram 295, dim 0: 74 finite features
  Diagram 295, dim 1: 10 finite features
  Diagram 296, dim 0: 99 finite features
  Diagram 296, dim 1: 18 finite features
  Diagram 297, dim 0: 124 finite features
  Diagram 297, dim 1: 23 finite features
  Diagram 298, dim 0: 49 finite features
  Diagram 298, dim 1: 5 finite features
  Diagram 299, dim 0: 74 finite features
  Diagram 299, dim 1: 6 finite features
  Diagram 300, dim 0: 99 finite features
  Diagram 300, dim 1: 12 finite features
  Diagram 301, dim 0: 124 finite features
  Diagram 301, dim 1: 15 finite features
  Diagram 302, dim 0: 49 finite features
  Diagram 302, dim 1: 4 finite features
  Diagram 303, dim 0: 74 finite features
  Diagram 303, dim 1: 7 finite features
  Diagram 304, dim 0: 99 finite features
  Diagram 304, dim 1: 14 finite features
  Diagram 305, dim 0: 124 finite features
  Diagram 305, dim 1: 19 finite features
  Diagram 306, dim 0: 149 finite features
  Diagram 306, dim 1: 29 finite features
  Diagram 307, dim 0: 49 finite features
  Diagram 307, dim 1: 4 finite features
  Diagram 308, dim 0: 74 finite features
  Diagram 308, dim 1: 10 finite features
  Diagram 309, dim 0: 99 finite features
  Diagram 309, dim 1: 9 finite features
  Diagram 310, dim 0: 124 finite features
  Diagram 310, dim 1: 17 finite features
  Diagram 311, dim 0: 49 finite features
  Diagram 311, dim 1: 1 finite features
  Diagram 312, dim 0: 74 finite features
  Diagram 312, dim 1: 4 finite features
  Diagram 313, dim 0: 99 finite features
  Diagram 313, dim 1: 7 finite features
  Diagram 314, dim 0: 49 finite features
  Diagram 314, dim 1: 3 finite features
  Diagram 315, dim 0: 74 finite features
  Diagram 315, dim 1: 10 finite features
  Diagram 316, dim 0: 99 finite features
  Diagram 316, dim 1: 11 finite features
  Diagram 317, dim 0: 49 finite features
  Diagram 317, dim 1: 2 finite features
  Diagram 318, dim 0: 74 finite features
  Diagram 318, dim 1: 5 finite features
  Diagram 319, dim 0: 99 finite features
  Diagram 319, dim 1: 12 finite features
  Diagram 320, dim 0: 124 finite features
  Diagram 320, dim 1: 16 finite features
  Diagram 321, dim 0: 49 finite features
  Diagram 321, dim 1: 5 finite features
  Diagram 322, dim 0: 74 finite features
  Diagram 322, dim 1: 10 finite features
  Diagram 323, dim 0: 99 finite features
  Diagram 323, dim 1: 15 finite features
  Diagram 324, dim 0: 124 finite features
  Diagram 324, dim 1: 21 finite features
  Diagram 325, dim 0: 49 finite features
  Diagram 325, dim 1: 5 finite features
  Diagram 326, dim 0: 74 finite features
  Diagram 326, dim 1: 8 finite features
  Diagram 327, dim 0: 99 finite features
  Diagram 327, dim 1: 10 finite features
  Diagram 328, dim 0: 124 finite features
  Diagram 328, dim 1: 17 finite features
  Diagram 329, dim 0: 49 finite features
  Diagram 329, dim 1: 5 finite features
  Diagram 330, dim 0: 74 finite features
  Diagram 330, dim 1: 6 finite features
  Diagram 331, dim 0: 99 finite features
  Diagram 331, dim 1: 9 finite features
  Diagram 332, dim 0: 49 finite features
  Diagram 332, dim 1: 5 finite features
  Diagram 333, dim 0: 74 finite features
  Diagram 333, dim 1: 8 finite features
  Diagram 334, dim 0: 99 finite features
  Diagram 334, dim 1: 17 finite features
  Diagram 335, dim 0: 124 finite features
  Diagram 335, dim 1: 22 finite features
  Diagram 336, dim 0: 149 finite features
  Diagram 336, dim 1: 30 finite features
  Diagram 337, dim 0: 49 finite features
  Diagram 337, dim 1: 3 finite features
  Diagram 338, dim 0: 74 finite features
  Diagram 338, dim 1: 6 finite features
  Diagram 339, dim 0: 99 finite features
  Diagram 339, dim 1: 10 finite features
  Diagram 340, dim 0: 124 finite features
  Diagram 340, dim 1: 12 finite features
  Diagram 341, dim 0: 49 finite features
  Diagram 341, dim 1: 4 finite features
  Diagram 342, dim 0: 74 finite features
  Diagram 342, dim 1: 15 finite features
  Diagram 343, dim 0: 99 finite features
  Diagram 343, dim 1: 19 finite features
  Diagram 344, dim 0: 49 finite features
  Diagram 344, dim 1: 4 finite features
  Diagram 345, dim 0: 74 finite features
  Diagram 345, dim 1: 8 finite features
  Diagram 346, dim 0: 99 finite features
  Diagram 346, dim 1: 12 finite features
  Diagram 347, dim 0: 124 finite features
  Diagram 347, dim 1: 8 finite features
  Diagram 348, dim 0: 149 finite features
  Diagram 348, dim 1: 18 finite features
  Diagram 349, dim 0: 174 finite features
  Diagram 349, dim 1: 29 finite features
  Diagram 350, dim 0: 49 finite features
  Diagram 350, dim 1: 1 finite features
  Diagram 351, dim 0: 74 finite features
  Diagram 351, dim 1: 2 finite features
  Diagram 352, dim 0: 99 finite features
  Diagram 352, dim 1: 10 finite features
  Diagram 353, dim 0: 124 finite features
  Diagram 353, dim 1: 22 finite features
  Diagram 354, dim 0: 49 finite features
  Diagram 354, dim 1: 5 finite features
  Diagram 355, dim 0: 74 finite features
  Diagram 355, dim 1: 7 finite features
  Diagram 356, dim 0: 99 finite features
  Diagram 356, dim 1: 14 finite features
  Diagram 357, dim 0: 124 finite features
  Diagram 357, dim 1: 18 finite features
  Diagram 358, dim 0: 49 finite features
  Diagram 358, dim 1: 2 finite features
  Diagram 359, dim 0: 74 finite features
  Diagram 359, dim 1: 2 finite features
  Diagram 360, dim 0: 99 finite features
  Diagram 360, dim 1: 5 finite features
  Diagram 361, dim 0: 124 finite features
  Diagram 361, dim 1: 12 finite features
  Diagram 362, dim 0: 49 finite features
  Diagram 362, dim 1: 4 finite features
  Diagram 363, dim 0: 74 finite features
  Diagram 363, dim 1: 9 finite features
  Diagram 364, dim 0: 99 finite features
  Diagram 364, dim 1: 19 finite features
  Diagram 365, dim 0: 124 finite features
  Diagram 365, dim 1: 26 finite features
  Diagram 366, dim 0: 149 finite features
  Diagram 366, dim 1: 32 finite features
  Diagram 367, dim 0: 49 finite features
  Diagram 367, dim 1: 4 finite features
  Diagram 368, dim 0: 74 finite features
  Diagram 368, dim 1: 11 finite features
  Diagram 369, dim 0: 99 finite features
  Diagram 369, dim 1: 14 finite features
  Diagram 370, dim 0: 124 finite features
  Diagram 370, dim 1: 34 finite features
  Diagram 371, dim 0: 49 finite features
  Diagram 371, dim 1: 3 finite features
  Diagram 372, dim 0: 74 finite features
  Diagram 372, dim 1: 6 finite features
  Diagram 373, dim 0: 99 finite features
  Diagram 373, dim 1: 13 finite features
  Diagram 374, dim 0: 124 finite features
  Diagram 374, dim 1: 20 finite features
  Diagram 375, dim 0: 49 finite features
  Diagram 375, dim 1: 1 finite features
  Diagram 376, dim 0: 74 finite features
  Diagram 376, dim 1: 7 finite features
  Diagram 377, dim 0: 99 finite features
  Diagram 377, dim 1: 13 finite features
  Diagram 378, dim 0: 124 finite features
  Diagram 378, dim 1: 17 finite features
  Diagram 379, dim 0: 49 finite features
  Diagram 379, dim 1: Empty or invalid
  Diagram 380, dim 0: 74 finite features
  Diagram 380, dim 1: 1 finite features
  Diagram 381, dim 0: 99 finite features
  Diagram 381, dim 1: 9 finite features
  Diagram 382, dim 0: 124 finite features
  Diagram 382, dim 1: 11 finite features
  Diagram 383, dim 0: 49 finite features
  Diagram 383, dim 1: 8 finite features
  Diagram 384, dim 0: 74 finite features
  Diagram 384, dim 1: 15 finite features
  Diagram 385, dim 0: 99 finite features
  Diagram 385, dim 1: 23 finite features
  Diagram 386, dim 0: 124 finite features
  Diagram 386, dim 1: 25 finite features
  Diagram 387, dim 0: 49 finite features
  Diagram 387, dim 1: 2 finite features
  Diagram 388, dim 0: 74 finite features
  Diagram 388, dim 1: 8 finite features
  Diagram 389, dim 0: 99 finite features
  Diagram 389, dim 1: 6 finite features
  Diagram 390, dim 0: 124 finite features
  Diagram 390, dim 1: 11 finite features
  Diagram 391, dim 0: 149 finite features
  Diagram 391, dim 1: 24 finite features
  Diagram 392, dim 0: 174 finite features
  Diagram 392, dim 1: 21 finite features
  Diagram 393, dim 0: 49 finite features
  Diagram 393, dim 1: 1 finite features
  Diagram 394, dim 0: 74 finite features
  Diagram 394, dim 1: 6 finite features
  Diagram 395, dim 0: 99 finite features
  Diagram 395, dim 1: 14 finite features
  Diagram 396, dim 0: 124 finite features
  Diagram 396, dim 1: 14 finite features
  Diagram 397, dim 0: 149 finite features
  Diagram 397, dim 1: 25 finite features
  Diagram 398, dim 0: 49 finite features
  Diagram 398, dim 1: 2 finite features
  Diagram 399, dim 0: 74 finite features
  Diagram 399, dim 1: 9 finite features
  Diagram 400, dim 0: 99 finite features
  Diagram 400, dim 1: 19 finite features
  Diagram 401, dim 0: 49 finite features
  Diagram 401, dim 1: 3 finite features
  Diagram 402, dim 0: 74 finite features
  Diagram 402, dim 1: 7 finite features
  Diagram 403, dim 0: 99 finite features
  Diagram 403, dim 1: 14 finite features
  Diagram 404, dim 0: 124 finite features
  Diagram 404, dim 1: 18 finite features
  Diagram 405, dim 0: 149 finite features
  Diagram 405, dim 1: 28 finite features
  Diagram 406, dim 0: 49 finite features
  Diagram 406, dim 1: 1 finite features
  Diagram 407, dim 0: 74 finite features
  Diagram 407, dim 1: 7 finite features
  Diagram 408, dim 0: 99 finite features
  Diagram 408, dim 1: 8 finite features
  Diagram 409, dim 0: 124 finite features
  Diagram 409, dim 1: 14 finite features
  Diagram 410, dim 0: 149 finite features
  Diagram 410, dim 1: 27 finite features
  Diagram 411, dim 0: 174 finite features
  Diagram 411, dim 1: 24 finite features
  Diagram 412, dim 0: 49 finite features
  Diagram 412, dim 1: 1 finite features
  Diagram 413, dim 0: 74 finite features
  Diagram 413, dim 1: 6 finite features
  Diagram 414, dim 0: 99 finite features
  Diagram 414, dim 1: 10 finite features
  Diagram 415, dim 0: 124 finite features
  Diagram 415, dim 1: 12 finite features
  Diagram 416, dim 0: 149 finite features
  Diagram 416, dim 1: 18 finite features
  Diagram 417, dim 0: 174 finite features
  Diagram 417, dim 1: 24 finite features
  Diagram 418, dim 0: 49 finite features
  Diagram 418, dim 1: 1 finite features
  Diagram 419, dim 0: 74 finite features
  Diagram 419, dim 1: 4 finite features
  Diagram 420, dim 0: 99 finite features
  Diagram 420, dim 1: 5 finite features
  Diagram 421, dim 0: 124 finite features
  Diagram 421, dim 1: 12 finite features
  Diagram 422, dim 0: 49 finite features
  Diagram 422, dim 1: 1 finite features
  Diagram 423, dim 0: 74 finite features
  Diagram 423, dim 1: 7 finite features
  Diagram 424, dim 0: 99 finite features
  Diagram 424, dim 1: 9 finite features
  Diagram 425, dim 0: 124 finite features
  Diagram 425, dim 1: 16 finite features
  Diagram 426, dim 0: 49 finite features
  Diagram 426, dim 1: 5 finite features
  Diagram 427, dim 0: 74 finite features
  Diagram 427, dim 1: 4 finite features
  Diagram 428, dim 0: 99 finite features
  Diagram 428, dim 1: 10 finite features
  Diagram 429, dim 0: 124 finite features
  Diagram 429, dim 1: 17 finite features
  Diagram 430, dim 0: 49 finite features
  Diagram 430, dim 1: 3 finite features
  Diagram 431, dim 0: 74 finite features
  Diagram 431, dim 1: 4 finite features
  Diagram 432, dim 0: 99 finite features
  Diagram 432, dim 1: 7 finite features
  Diagram 433, dim 0: 124 finite features
  Diagram 433, dim 1: 12 finite features
  Diagram 434, dim 0: 49 finite features
  Diagram 434, dim 1: 2 finite features
  Diagram 435, dim 0: 74 finite features
  Diagram 435, dim 1: 5 finite features
  Diagram 436, dim 0: 99 finite features
  Diagram 436, dim 1: 8 finite features
  Diagram 437, dim 0: 124 finite features
  Diagram 437, dim 1: 10 finite features
  Diagram 438, dim 0: 49 finite features
  Diagram 438, dim 1: 2 finite features
  Diagram 439, dim 0: 74 finite features
  Diagram 439, dim 1: 6 finite features
  Diagram 440, dim 0: 99 finite features
  Diagram 440, dim 1: 10 finite features
  Diagram 441, dim 0: 124 finite features
  Diagram 441, dim 1: 18 finite features
  Diagram 442, dim 0: 49 finite features
  Diagram 442, dim 1: 3 finite features
  Diagram 443, dim 0: 74 finite features
  Diagram 443, dim 1: 9 finite features
  Diagram 444, dim 0: 99 finite features
  Diagram 444, dim 1: 17 finite features
  Diagram 445, dim 0: 124 finite features
  Diagram 445, dim 1: 21 finite features
  Diagram 446, dim 0: 49 finite features
  Diagram 446, dim 1: 4 finite features
  Diagram 447, dim 0: 74 finite features
  Diagram 447, dim 1: 7 finite features
  Diagram 448, dim 0: 99 finite features
  Diagram 448, dim 1: 10 finite features
  Diagram 449, dim 0: 124 finite features
  Diagram 449, dim 1: 13 finite features
  Diagram 450, dim 0: 49 finite features
  Diagram 450, dim 1: 1 finite features
  Diagram 451, dim 0: 74 finite features
  Diagram 451, dim 1: 4 finite features
  Diagram 452, dim 0: 99 finite features
  Diagram 452, dim 1: 7 finite features
  Diagram 453, dim 0: 49 finite features
  Diagram 453, dim 1: 3 finite features
  Diagram 454, dim 0: 74 finite features
  Diagram 454, dim 1: 8 finite features
  Diagram 455, dim 0: 99 finite features
  Diagram 455, dim 1: 13 finite features
  Diagram 456, dim 0: 49 finite features
  Diagram 456, dim 1: 1 finite features
  Diagram 457, dim 0: 74 finite features
  Diagram 457, dim 1: 3 finite features
  Diagram 458, dim 0: 99 finite features
  Diagram 458, dim 1: 6 finite features
  Diagram 459, dim 0: 124 finite features
  Diagram 459, dim 1: 10 finite features
  Diagram 460, dim 0: 49 finite features
  Diagram 460, dim 1: 3 finite features
  Diagram 461, dim 0: 74 finite features
  Diagram 461, dim 1: 7 finite features
  Diagram 462, dim 0: 99 finite features
  Diagram 462, dim 1: 6 finite features
  Diagram 463, dim 0: 49 finite features
  Diagram 463, dim 1: 2 finite features
  Diagram 464, dim 0: 74 finite features
  Diagram 464, dim 1: 3 finite features
  Diagram 465, dim 0: 99 finite features
  Diagram 465, dim 1: 9 finite features
  Diagram 466, dim 0: 124 finite features
  Diagram 466, dim 1: 10 finite features
  Diagram 467, dim 0: 49 finite features
  Diagram 467, dim 1: 3 finite features
  Diagram 468, dim 0: 74 finite features
  Diagram 468, dim 1: 5 finite features
  Diagram 469, dim 0: 99 finite features
  Diagram 469, dim 1: 6 finite features
  Diagram 470, dim 0: 124 finite features
  Diagram 470, dim 1: 14 finite features
  Diagram 471, dim 0: 49 finite features
  Diagram 471, dim 1: 1 finite features
  Diagram 472, dim 0: 74 finite features
  Diagram 472, dim 1: 5 finite features
  Diagram 473, dim 0: 99 finite features
  Diagram 473, dim 1: 8 finite features
  Diagram 474, dim 0: 124 finite features
  Diagram 474, dim 1: 14 finite features
  Diagram 475, dim 0: 49 finite features
  Diagram 475, dim 1: Empty or invalid
  Diagram 476, dim 0: 74 finite features
  Diagram 476, dim 1: 3 finite features
  Diagram 477, dim 0: 99 finite features
  Diagram 477, dim 1: 3 finite features
  Diagram 478, dim 0: 49 finite features
  Diagram 478, dim 1: 4 finite features
  Diagram 479, dim 0: 74 finite features
  Diagram 479, dim 1: 12 finite features
  Diagram 480, dim 0: 99 finite features
  Diagram 480, dim 1: 8 finite features
  Diagram 481, dim 0: 124 finite features
  Diagram 481, dim 1: 14 finite features
  Diagram 482, dim 0: 49 finite features
  Diagram 482, dim 1: 5 finite features
  Diagram 483, dim 0: 74 finite features
  Diagram 483, dim 1: 8 finite features
  Diagram 484, dim 0: 99 finite features
  Diagram 484, dim 1: 14 finite features
  Diagram 485, dim 0: 49 finite features
  Diagram 485, dim 1: 2 finite features
  Diagram 486, dim 0: 74 finite features
  Diagram 486, dim 1: 5 finite features
  Diagram 487, dim 0: 99 finite features
  Diagram 487, dim 1: 8 finite features
  Diagram 488, dim 0: 49 finite features
  Diagram 488, dim 1: 1 finite features
  Diagram 489, dim 0: 74 finite features
  Diagram 489, dim 1: 7 finite features
  Diagram 490, dim 0: 99 finite features
  Diagram 490, dim 1: 9 finite features
  Diagram 491, dim 0: 49 finite features
  Diagram 491, dim 1: 1 finite features
  Diagram 492, dim 0: 74 finite features
  Diagram 492, dim 1: 5 finite features
  Diagram 493, dim 0: 99 finite features
  Diagram 493, dim 1: 9 finite features
  Diagram 494, dim 0: 124 finite features
  Diagram 494, dim 1: 13 finite features
  Diagram 495, dim 0: 49 finite features
  Diagram 495, dim 1: 5 finite features
  Diagram 496, dim 0: 74 finite features
  Diagram 496, dim 1: 7 finite features
  Diagram 497, dim 0: 99 finite features
  Diagram 497, dim 1: 6 finite features
  Diagram 498, dim 0: 124 finite features
  Diagram 498, dim 1: 12 finite features
  Diagram 499, dim 0: 49 finite features
  Diagram 499, dim 1: 4 finite features
  Diagram 500, dim 0: 74 finite features
  Diagram 500, dim 1: 8 finite features
  Diagram 501, dim 0: 99 finite features
  Diagram 501, dim 1: 16 finite features
  Diagram 502, dim 0: 124 finite features
  Diagram 502, dim 1: 17 finite features
  Diagram 503, dim 0: 49 finite features
  Diagram 503, dim 1: 3 finite features
  Diagram 504, dim 0: 74 finite features
  Diagram 504, dim 1: 7 finite features
  Diagram 505, dim 0: 99 finite features
  Diagram 505, dim 1: 13 finite features
  Diagram 506, dim 0: 49 finite features
  Diagram 506, dim 1: 1 finite features
  Diagram 507, dim 0: 74 finite features
  Diagram 507, dim 1: 6 finite features
  Diagram 508, dim 0: 99 finite features
  Diagram 508, dim 1: 16 finite features
  Diagram 509, dim 0: 124 finite features
  Diagram 509, dim 1: 21 finite features
  Diagram 510, dim 0: 49 finite features
  Diagram 510, dim 1: 3 finite features
  Diagram 511, dim 0: 74 finite features
  Diagram 511, dim 1: Empty or invalid
  Diagram 512, dim 0: 99 finite features
  Diagram 512, dim 1: 2 finite features
  Diagram 513, dim 0: 49 finite features
  Diagram 513, dim 1: 3 finite features
  Diagram 514, dim 0: 74 finite features
  Diagram 514, dim 1: 9 finite features
  Diagram 515, dim 0: 99 finite features
  Diagram 515, dim 1: 15 finite features
  Diagram 516, dim 0: 124 finite features
  Diagram 516, dim 1: 20 finite features
  Diagram 517, dim 0: 49 finite features
  Diagram 517, dim 1: 1 finite features
  Diagram 518, dim 0: 74 finite features
  Diagram 518, dim 1: 4 finite features
  Diagram 519, dim 0: 99 finite features
  Diagram 519, dim 1: 2 finite features
  Diagram 520, dim 0: 124 finite features
  Diagram 520, dim 1: 8 finite features
  Diagram 521, dim 0: 149 finite features
  Diagram 521, dim 1: 9 finite features
  Diagram 522, dim 0: 49 finite features
  Diagram 522, dim 1: 4 finite features
  Diagram 523, dim 0: 74 finite features
  Diagram 523, dim 1: 4 finite features
  Diagram 524, dim 0: 99 finite features
  Diagram 524, dim 1: 8 finite features
  Diagram 525, dim 0: 124 finite features
  Diagram 525, dim 1: 11 finite features
  Diagram 526, dim 0: 49 finite features
  Diagram 526, dim 1: 5 finite features
  Diagram 527, dim 0: 74 finite features
  Diagram 527, dim 1: 7 finite features
  Diagram 528, dim 0: 99 finite features
  Diagram 528, dim 1: 11 finite features
  Diagram 529, dim 0: 124 finite features
  Diagram 529, dim 1: 16 finite features
  Diagram 530, dim 0: 49 finite features
  Diagram 530, dim 1: 3 finite features
  Diagram 531, dim 0: 74 finite features
  Diagram 531, dim 1: 8 finite features
  Diagram 532, dim 0: 99 finite features
  Diagram 532, dim 1: 9 finite features
  Diagram 533, dim 0: 124 finite features
  Diagram 533, dim 1: 19 finite features
  Diagram 534, dim 0: 49 finite features
  Diagram 534, dim 1: 4 finite features
  Diagram 535, dim 0: 74 finite features
  Diagram 535, dim 1: 7 finite features
  Diagram 536, dim 0: 99 finite features
  Diagram 536, dim 1: 9 finite features
  Diagram 537, dim 0: 49 finite features
  Diagram 537, dim 1: 1 finite features
  Diagram 538, dim 0: 74 finite features
  Diagram 538, dim 1: 8 finite features
  Diagram 539, dim 0: 99 finite features
  Diagram 539, dim 1: 8 finite features
  Diagram 540, dim 0: 124 finite features
  Diagram 540, dim 1: 9 finite features
  Diagram 541, dim 0: 149 finite features
  Diagram 541, dim 1: 17 finite features
  Diagram 542, dim 0: 49 finite features
  Diagram 542, dim 1: 5 finite features
  Diagram 543, dim 0: 74 finite features
  Diagram 543, dim 1: 9 finite features
  Diagram 544, dim 0: 99 finite features
  Diagram 544, dim 1: 10 finite features
  Diagram 545, dim 0: 124 finite features
  Diagram 545, dim 1: 22 finite features
  Diagram 546, dim 0: 149 finite features
  Diagram 546, dim 1: 23 finite features
  Diagram 547, dim 0: 49 finite features
  Diagram 547, dim 1: 1 finite features
  Diagram 548, dim 0: 74 finite features
  Diagram 548, dim 1: 4 finite features
  Diagram 549, dim 0: 99 finite features
  Diagram 549, dim 1: 6 finite features
  Diagram 550, dim 0: 49 finite features
  Diagram 550, dim 1: 6 finite features
  Diagram 551, dim 0: 74 finite features
  Diagram 551, dim 1: 9 finite features
  Diagram 552, dim 0: 99 finite features
  Diagram 552, dim 1: 19 finite features
  Diagram 553, dim 0: 124 finite features
  Diagram 553, dim 1: 31 finite features
  Diagram 554, dim 0: 49 finite features
  Diagram 554, dim 1: 2 finite features
  Diagram 555, dim 0: 74 finite features
  Diagram 555, dim 1: 3 finite features
  Diagram 556, dim 0: 99 finite features
  Diagram 556, dim 1: 6 finite features
  Diagram 557, dim 0: 49 finite features
  Diagram 557, dim 1: 2 finite features
  Diagram 558, dim 0: 74 finite features
  Diagram 558, dim 1: 5 finite features
  Diagram 559, dim 0: 99 finite features
  Diagram 559, dim 1: 6 finite features
  Diagram 560, dim 0: 124 finite features
  Diagram 560, dim 1: 6 finite features
  Diagram 561, dim 0: 49 finite features
  Diagram 561, dim 1: 3 finite features
  Diagram 562, dim 0: 74 finite features
  Diagram 562, dim 1: 7 finite features
  Diagram 563, dim 0: 99 finite features
  Diagram 563, dim 1: 15 finite features
  Diagram 564, dim 0: 49 finite features
  Diagram 564, dim 1: 2 finite features
  Diagram 565, dim 0: 74 finite features
  Diagram 565, dim 1: 9 finite features
  Diagram 566, dim 0: 99 finite features
  Diagram 566, dim 1: 18 finite features
  Diagram 567, dim 0: 49 finite features
  Diagram 567, dim 1: 4 finite features
  Diagram 568, dim 0: 74 finite features
  Diagram 568, dim 1: 9 finite features
  Diagram 569, dim 0: 99 finite features
  Diagram 569, dim 1: 22 finite features
  Diagram 570, dim 0: 49 finite features
  Diagram 570, dim 1: 3 finite features
  Diagram 571, dim 0: 74 finite features
  Diagram 571, dim 1: 3 finite features
  Diagram 572, dim 0: 99 finite features
  Diagram 572, dim 1: 6 finite features
  Diagram 573, dim 0: 124 finite features
  Diagram 573, dim 1: 11 finite features
  Diagram 574, dim 0: 149 finite features
  Diagram 574, dim 1: 14 finite features
  Diagram 575, dim 0: 49 finite features
  Diagram 575, dim 1: 2 finite features
  Diagram 576, dim 0: 74 finite features
  Diagram 576, dim 1: 8 finite features
  Diagram 577, dim 0: 99 finite features
  Diagram 577, dim 1: 23 finite features
  Diagram 578, dim 0: 124 finite features
  Diagram 578, dim 1: 33 finite features
  Diagram 579, dim 0: 49 finite features
  Diagram 579, dim 1: 3 finite features
  Diagram 580, dim 0: 74 finite features
  Diagram 580, dim 1: 7 finite features
  Diagram 581, dim 0: 99 finite features
  Diagram 581, dim 1: 4 finite features
  Diagram 582, dim 0: 124 finite features
  Diagram 582, dim 1: 8 finite features
  Diagram 583, dim 0: 149 finite features
  Diagram 583, dim 1: 13 finite features
  Diagram 584, dim 0: 49 finite features
  Diagram 584, dim 1: 2 finite features
  Diagram 585, dim 0: 74 finite features
  Diagram 585, dim 1: 5 finite features
  Diagram 586, dim 0: 99 finite features
  Diagram 586, dim 1: 10 finite features
  Diagram 587, dim 0: 124 finite features
  Diagram 587, dim 1: 9 finite features
  Diagram 588, dim 0: 149 finite features
  Diagram 588, dim 1: 13 finite features
  Diagram 589, dim 0: 49 finite features
  Diagram 589, dim 1: 3 finite features
  Diagram 590, dim 0: 74 finite features
  Diagram 590, dim 1: 5 finite features
  Diagram 591, dim 0: 99 finite features
  Diagram 591, dim 1: 10 finite features
  Diagram 592, dim 0: 124 finite features
  Diagram 592, dim 1: 8 finite features
  Diagram 593, dim 0: 49 finite features
  Diagram 593, dim 1: 2 finite features
  Diagram 594, dim 0: 74 finite features
  Diagram 594, dim 1: 7 finite features
  Diagram 595, dim 0: 99 finite features
  Diagram 595, dim 1: 12 finite features
  Diagram 596, dim 0: 124 finite features
  Diagram 596, dim 1: 11 finite features
  Diagram 597, dim 0: 149 finite features
  Diagram 597, dim 1: 15 finite features
  Diagram 598, dim 0: 49 finite features
  Diagram 598, dim 1: 4 finite features
  Diagram 599, dim 0: 74 finite features
  Diagram 599, dim 1: 6 finite features
  Diagram 600, dim 0: 99 finite features
  Diagram 600, dim 1: 13 finite features
  Diagram 601, dim 0: 49 finite features
  Diagram 601, dim 1: 3 finite features
  Diagram 602, dim 0: 74 finite features
  Diagram 602, dim 1: 5 finite features
  Diagram 603, dim 0: 99 finite features
  Diagram 603, dim 1: 8 finite features
  Diagram 604, dim 0: 124 finite features
  Diagram 604, dim 1: 11 finite features
  Diagram 605, dim 0: 49 finite features
  Diagram 605, dim 1: 1 finite features
  Diagram 606, dim 0: 74 finite features
  Diagram 606, dim 1: 4 finite features
  Diagram 607, dim 0: 99 finite features
  Diagram 607, dim 1: 12 finite features
  Diagram 608, dim 0: 49 finite features
  Diagram 608, dim 1: 1 finite features
  Diagram 609, dim 0: 74 finite features
  Diagram 609, dim 1: 6 finite features
  Diagram 610, dim 0: 99 finite features
  Diagram 610, dim 1: 11 finite features
  Diagram 611, dim 0: 124 finite features
  Diagram 611, dim 1: 14 finite features
  Diagram 612, dim 0: 49 finite features
  Diagram 612, dim 1: 1 finite features
  Diagram 613, dim 0: 74 finite features
  Diagram 613, dim 1: 4 finite features
  Diagram 614, dim 0: 99 finite features
  Diagram 614, dim 1: 10 finite features
  Diagram 615, dim 0: 124 finite features
  Diagram 615, dim 1: 11 finite features
  Diagram 616, dim 0: 49 finite features
  Diagram 616, dim 1: 3 finite features
  Diagram 617, dim 0: 74 finite features
  Diagram 617, dim 1: 5 finite features
  Diagram 618, dim 0: 99 finite features
  Diagram 618, dim 1: 5 finite features
  Diagram 619, dim 0: 124 finite features
  Diagram 619, dim 1: 11 finite features
  Diagram 620, dim 0: 149 finite features
  Diagram 620, dim 1: 18 finite features
  Diagram 621, dim 0: 174 finite features
  Diagram 621, dim 1: 20 finite features
  Diagram 622, dim 0: 49 finite features
  Diagram 622, dim 1: 4 finite features
  Diagram 623, dim 0: 74 finite features
  Diagram 623, dim 1: 8 finite features
  Diagram 624, dim 0: 99 finite features
  Diagram 624, dim 1: 15 finite features
  Diagram 625, dim 0: 124 finite features
  Diagram 625, dim 1: 23 finite features
  Diagram 626, dim 0: 49 finite features
  Diagram 626, dim 1: 1 finite features
  Diagram 627, dim 0: 74 finite features
  Diagram 627, dim 1: 4 finite features
  Diagram 628, dim 0: 99 finite features
  Diagram 628, dim 1: 5 finite features
  Diagram 629, dim 0: 124 finite features
  Diagram 629, dim 1: 8 finite features
  Diagram 630, dim 0: 149 finite features
  Diagram 630, dim 1: 10 finite features
  Diagram 631, dim 0: 174 finite features
  Diagram 631, dim 1: 15 finite features
  Diagram 632, dim 0: 49 finite features
  Diagram 632, dim 1: 2 finite features
  Diagram 633, dim 0: 74 finite features
  Diagram 633, dim 1: 6 finite features
  Diagram 634, dim 0: 99 finite features
  Diagram 634, dim 1: 4 finite features
  Diagram 635, dim 0: 124 finite features
  Diagram 635, dim 1: 11 finite features
  Diagram 636, dim 0: 49 finite features
  Diagram 636, dim 1: 3 finite features
  Diagram 637, dim 0: 74 finite features
  Diagram 637, dim 1: 12 finite features
  Diagram 638, dim 0: 99 finite features
  Diagram 638, dim 1: 17 finite features
  Diagram 639, dim 0: 49 finite features
  Diagram 639, dim 1: Empty or invalid
  Diagram 640, dim 0: 74 finite features
  Diagram 640, dim 1: 5 finite features
  Diagram 641, dim 0: 99 finite features
  Diagram 641, dim 1: 7 finite features
  Diagram 642, dim 0: 49 finite features
  Diagram 642, dim 1: 6 finite features
  Diagram 643, dim 0: 74 finite features
  Diagram 643, dim 1: 8 finite features
  Diagram 644, dim 0: 99 finite features
  Diagram 644, dim 1: 15 finite features
  Diagram 645, dim 0: 124 finite features
  Diagram 645, dim 1: 29 finite features
  Diagram 646, dim 0: 149 finite features
  Diagram 646, dim 1: 38 finite features
  Diagram 647, dim 0: 174 finite features
  Diagram 647, dim 1: 49 finite features
  Diagram 648, dim 0: 49 finite features
  Diagram 648, dim 1: 2 finite features
  Diagram 649, dim 0: 74 finite features
  Diagram 649, dim 1: 6 finite features
  Diagram 650, dim 0: 99 finite features
  Diagram 650, dim 1: 7 finite features
  Diagram 651, dim 0: 124 finite features
  Diagram 651, dim 1: 9 finite features
  Diagram 652, dim 0: 49 finite features
  Diagram 652, dim 1: 1 finite features
  Diagram 653, dim 0: 74 finite features
  Diagram 653, dim 1: 1 finite features
  Diagram 654, dim 0: 99 finite features
  Diagram 654, dim 1: 7 finite features
  Diagram 655, dim 0: 124 finite features
  Diagram 655, dim 1: 10 finite features
  Diagram 656, dim 0: 49 finite features
  Diagram 656, dim 1: 7 finite features
  Diagram 657, dim 0: 74 finite features
  Diagram 657, dim 1: 12 finite features
  Diagram 658, dim 0: 99 finite features
  Diagram 658, dim 1: 22 finite features
  Diagram 659, dim 0: 49 finite features
  Diagram 659, dim 1: 3 finite features
  Diagram 660, dim 0: 74 finite features
  Diagram 660, dim 1: 8 finite features
  Diagram 661, dim 0: 99 finite features
  Diagram 661, dim 1: 7 finite features
  Diagram 662, dim 0: 124 finite features
  Diagram 662, dim 1: 17 finite features
  Diagram 663, dim 0: 149 finite features
  Diagram 663, dim 1: 26 finite features
  Diagram 664, dim 0: 174 finite features
  Diagram 664, dim 1: 20 finite features
  Diagram 665, dim 0: 49 finite features
  Diagram 665, dim 1: 2 finite features
  Diagram 666, dim 0: 74 finite features
  Diagram 666, dim 1: 4 finite features
  Diagram 667, dim 0: 99 finite features
  Diagram 667, dim 1: 6 finite features
  Diagram 668, dim 0: 124 finite features
  Diagram 668, dim 1: 10 finite features
  Diagram 669, dim 0: 49 finite features
  Diagram 669, dim 1: 1 finite features
  Diagram 670, dim 0: 74 finite features
  Diagram 670, dim 1: 6 finite features
  Diagram 671, dim 0: 99 finite features
  Diagram 671, dim 1: 16 finite features
  Diagram 672, dim 0: 49 finite features
  Diagram 672, dim 1: 2 finite features
  Diagram 673, dim 0: 74 finite features
  Diagram 673, dim 1: 4 finite features
  Diagram 674, dim 0: 99 finite features
  Diagram 674, dim 1: 6 finite features
  Diagram 675, dim 0: 49 finite features
  Diagram 675, dim 1: 1 finite features
  Diagram 676, dim 0: 74 finite features
  Diagram 676, dim 1: 5 finite features
  Diagram 677, dim 0: 99 finite features
  Diagram 677, dim 1: 11 finite features
  Diagram 678, dim 0: 124 finite features
  Diagram 678, dim 1: 9 finite features
  Diagram 679, dim 0: 149 finite features
  Diagram 679, dim 1: 11 finite features
  Diagram 680, dim 0: 174 finite features
  Diagram 680, dim 1: 19 finite features
  Diagram 681, dim 0: 49 finite features
  Diagram 681, dim 1: 2 finite features
  Diagram 682, dim 0: 74 finite features
  Diagram 682, dim 1: 5 finite features
  Diagram 683, dim 0: 99 finite features
  Diagram 683, dim 1: 9 finite features
  Diagram 684, dim 0: 49 finite features
  Diagram 684, dim 1: 1 finite features
  Diagram 685, dim 0: 74 finite features
  Diagram 685, dim 1: 3 finite features
  Diagram 686, dim 0: 99 finite features
  Diagram 686, dim 1: 8 finite features
  Diagram 687, dim 0: 124 finite features
  Diagram 687, dim 1: 9 finite features
  Diagram 688, dim 0: 149 finite features
  Diagram 688, dim 1: 14 finite features
  Diagram 689, dim 0: 49 finite features
  Diagram 689, dim 1: 6 finite features
  Diagram 690, dim 0: 74 finite features
  Diagram 690, dim 1: 5 finite features
  Diagram 691, dim 0: 99 finite features
  Diagram 691, dim 1: 15 finite features
  Diagram 692, dim 0: 124 finite features
  Diagram 692, dim 1: 23 finite features
  Diagram 693, dim 0: 49 finite features
  Diagram 693, dim 1: 9 finite features
  Diagram 694, dim 0: 74 finite features
  Diagram 694, dim 1: 9 finite features
  Diagram 695, dim 0: 99 finite features
  Diagram 695, dim 1: 17 finite features
  Diagram 696, dim 0: 124 finite features
  Diagram 696, dim 1: 16 finite features
  Diagram 697, dim 0: 149 finite features
  Diagram 697, dim 1: 25 finite features
  Diagram 698, dim 0: 49 finite features
  Diagram 698, dim 1: 5 finite features
  Diagram 699, dim 0: 74 finite features
  Diagram 699, dim 1: 6 finite features
  Diagram 700, dim 0: 99 finite features
  Diagram 700, dim 1: 12 finite features
  Diagram 701, dim 0: 49 finite features
  Diagram 701, dim 1: 4 finite features
  Diagram 702, dim 0: 74 finite features
  Diagram 702, dim 1: 5 finite features
  Diagram 703, dim 0: 99 finite features
  Diagram 703, dim 1: 9 finite features
  Diagram 704, dim 0: 124 finite features
  Diagram 704, dim 1: 16 finite features
  Diagram 705, dim 0: 49 finite features
  Diagram 705, dim 1: 2 finite features
  Diagram 706, dim 0: 74 finite features
  Diagram 706, dim 1: 4 finite features
  Diagram 707, dim 0: 99 finite features
  Diagram 707, dim 1: 6 finite features
  Diagram 708, dim 0: 124 finite features
  Diagram 708, dim 1: 10 finite features
  Diagram 709, dim 0: 149 finite features
  Diagram 709, dim 1: 13 finite features
  Diagram 710, dim 0: 49 finite features
  Diagram 710, dim 1: 4 finite features
  Diagram 711, dim 0: 74 finite features
  Diagram 711, dim 1: 7 finite features
  Diagram 712, dim 0: 99 finite features
  Diagram 712, dim 1: 7 finite features
  Diagram 713, dim 0: 124 finite features
  Diagram 713, dim 1: 14 finite features
  Diagram 714, dim 0: 49 finite features
  Diagram 714, dim 1: 3 finite features
  Diagram 715, dim 0: 74 finite features
  Diagram 715, dim 1: 5 finite features
  Diagram 716, dim 0: 99 finite features
  Diagram 716, dim 1: 9 finite features
  Diagram 717, dim 0: 124 finite features
  Diagram 717, dim 1: 12 finite features
  Diagram 718, dim 0: 149 finite features
  Diagram 718, dim 1: 16 finite features
  Diagram 719, dim 0: 49 finite features
  Diagram 719, dim 1: 2 finite features
  Diagram 720, dim 0: 74 finite features
  Diagram 720, dim 1: 5 finite features
  Diagram 721, dim 0: 99 finite features
  Diagram 721, dim 1: 9 finite features
  Diagram 722, dim 0: 124 finite features
  Diagram 722, dim 1: 11 finite features
  Diagram 723, dim 0: 149 finite features
  Diagram 723, dim 1: 13 finite features
  Diagram 724, dim 0: 174 finite features
  Diagram 724, dim 1: 26 finite features
  Diagram 725, dim 0: 49 finite features
  Diagram 725, dim 1: 5 finite features
  Diagram 726, dim 0: 74 finite features
  Diagram 726, dim 1: 8 finite features
  Diagram 727, dim 0: 99 finite features
  Diagram 727, dim 1: 10 finite features
  Diagram 728, dim 0: 124 finite features
  Diagram 728, dim 1: 20 finite features
  Diagram 729, dim 0: 149 finite features
  Diagram 729, dim 1: 28 finite features
  Diagram 730, dim 0: 49 finite features
  Diagram 730, dim 1: 2 finite features
  Diagram 731, dim 0: 74 finite features
  Diagram 731, dim 1: 3 finite features
  Diagram 732, dim 0: 99 finite features
  Diagram 732, dim 1: 9 finite features
  Diagram 733, dim 0: 49 finite features
  Diagram 733, dim 1: 1 finite features
  Diagram 734, dim 0: 74 finite features
  Diagram 734, dim 1: 5 finite features
  Diagram 735, dim 0: 99 finite features
  Diagram 735, dim 1: 11 finite features
  Diagram 736, dim 0: 49 finite features
  Diagram 736, dim 1: 5 finite features
  Diagram 737, dim 0: 74 finite features
  Diagram 737, dim 1: 6 finite features
  Diagram 738, dim 0: 99 finite features
  Diagram 738, dim 1: 17 finite features
  Diagram 739, dim 0: 124 finite features
  Diagram 739, dim 1: 27 finite features
  Diagram 740, dim 0: 149 finite features
  Diagram 740, dim 1: 35 finite features
  Diagram 741, dim 0: 49 finite features
  Diagram 741, dim 1: 2 finite features
  Diagram 742, dim 0: 74 finite features
  Diagram 742, dim 1: 1 finite features
  Diagram 743, dim 0: 99 finite features
  Diagram 743, dim 1: 5 finite features
  Diagram 744, dim 0: 124 finite features
  Diagram 744, dim 1: 11 finite features
  Diagram 745, dim 0: 49 finite features
  Diagram 745, dim 1: 3 finite features
  Diagram 746, dim 0: 74 finite features
  Diagram 746, dim 1: 9 finite features
  Diagram 747, dim 0: 99 finite features
  Diagram 747, dim 1: 24 finite features
  Diagram 748, dim 0: 124 finite features
  Diagram 748, dim 1: 25 finite features
  Diagram 749, dim 0: 49 finite features
  Diagram 749, dim 1: 4 finite features
  Diagram 750, dim 0: 74 finite features
  Diagram 750, dim 1: 2 finite features
  Diagram 751, dim 0: 99 finite features
  Diagram 751, dim 1: 6 finite features
  Diagram 752, dim 0: 124 finite features
  Diagram 752, dim 1: 10 finite features
  Diagram 753, dim 0: 149 finite features
  Diagram 753, dim 1: 16 finite features
  Diagram 754, dim 0: 174 finite features
  Diagram 754, dim 1: 15 finite features
  Diagram 755, dim 0: 49 finite features
  Diagram 755, dim 1: 3 finite features
  Diagram 756, dim 0: 74 finite features
  Diagram 756, dim 1: 10 finite features
  Diagram 757, dim 0: 99 finite features
  Diagram 757, dim 1: 18 finite features
  Diagram 758, dim 0: 124 finite features
  Diagram 758, dim 1: 22 finite features
  Diagram 759, dim 0: 49 finite features
  Diagram 759, dim 1: 4 finite features
  Diagram 760, dim 0: 74 finite features
  Diagram 760, dim 1: 11 finite features
  Diagram 761, dim 0: 99 finite features
  Diagram 761, dim 1: 19 finite features
  Diagram 762, dim 0: 124 finite features
  Diagram 762, dim 1: 26 finite features
  Diagram 763, dim 0: 49 finite features
  Diagram 763, dim 1: 1 finite features
  Diagram 764, dim 0: 74 finite features
  Diagram 764, dim 1: 5 finite features
  Diagram 765, dim 0: 99 finite features
  Diagram 765, dim 1: 9 finite features
  Diagram 766, dim 0: 124 finite features
  Diagram 766, dim 1: 13 finite features
  Diagram 767, dim 0: 149 finite features
  Diagram 767, dim 1: 20 finite features
  Diagram 768, dim 0: 49 finite features
  Diagram 768, dim 1: 2 finite features
  Diagram 769, dim 0: 74 finite features
  Diagram 769, dim 1: 4 finite features
  Diagram 770, dim 0: 99 finite features
  Diagram 770, dim 1: 10 finite features
  Diagram 771, dim 0: 124 finite features
  Diagram 771, dim 1: 14 finite features
  Diagram 772, dim 0: 149 finite features
  Diagram 772, dim 1: 16 finite features
  Diagram 773, dim 0: 49 finite features
  Diagram 773, dim 1: 4 finite features
  Diagram 774, dim 0: 74 finite features
  Diagram 774, dim 1: 6 finite features
  Diagram 775, dim 0: 99 finite features
  Diagram 775, dim 1: 9 finite features
  Diagram 776, dim 0: 124 finite features
  Diagram 776, dim 1: 10 finite features
  Diagram 777, dim 0: 49 finite features
  Diagram 777, dim 1: 3 finite features
  Diagram 778, dim 0: 74 finite features
  Diagram 778, dim 1: 3 finite features
  Diagram 779, dim 0: 99 finite features
  Diagram 779, dim 1: 6 finite features
  Diagram 780, dim 0: 124 finite features
  Diagram 780, dim 1: 11 finite features
  Diagram 781, dim 0: 49 finite features
  Diagram 781, dim 1: 4 finite features
  Diagram 782, dim 0: 74 finite features
  Diagram 782, dim 1: 3 finite features
  Diagram 783, dim 0: 99 finite features
  Diagram 783, dim 1: 9 finite features
  Diagram 784, dim 0: 124 finite features
  Diagram 784, dim 1: 15 finite features
  Diagram 785, dim 0: 49 finite features
  Diagram 785, dim 1: 2 finite features
  Diagram 786, dim 0: 74 finite features
  Diagram 786, dim 1: 4 finite features
  Diagram 787, dim 0: 99 finite features
  Diagram 787, dim 1: 6 finite features
  Diagram 788, dim 0: 124 finite features
  Diagram 788, dim 1: 12 finite features
  Diagram 789, dim 0: 49 finite features
  Diagram 789, dim 1: 2 finite features
  Diagram 790, dim 0: 74 finite features
  Diagram 790, dim 1: 3 finite features
  Diagram 791, dim 0: 99 finite features
  Diagram 791, dim 1: 11 finite features
  Diagram 792, dim 0: 124 finite features
  Diagram 792, dim 1: 17 finite features
  Diagram 793, dim 0: 49 finite features
  Diagram 793, dim 1: 4 finite features
  Diagram 794, dim 0: 74 finite features
  Diagram 794, dim 1: 9 finite features
  Diagram 795, dim 0: 99 finite features
  Diagram 795, dim 1: 10 finite features
  Diagram 796, dim 0: 124 finite features
  Diagram 796, dim 1: 21 finite features
  Diagram 797, dim 0: 149 finite features
  Diagram 797, dim 1: 23 finite features
  Diagram 798, dim 0: 49 finite features
  Diagram 798, dim 1: 2 finite features
  Diagram 799, dim 0: 74 finite features
  Diagram 799, dim 1: 6 finite features
  Diagram 800, dim 0: 99 finite features
  Diagram 800, dim 1: 13 finite features
  Diagram 801, dim 0: 124 finite features
  Diagram 801, dim 1: 16 finite features
  Diagram 802, dim 0: 149 finite features
  Diagram 802, dim 1: 22 finite features
  Diagram 803, dim 0: 49 finite features
  Diagram 803, dim 1: 6 finite features
  Diagram 804, dim 0: 74 finite features
  Diagram 804, dim 1: 4 finite features
  Diagram 805, dim 0: 99 finite features
  Diagram 805, dim 1: 6 finite features
  Diagram 806, dim 0: 49 finite features
  Diagram 806, dim 1: 3 finite features
  Diagram 807, dim 0: 74 finite features
  Diagram 807, dim 1: 9 finite features
  Diagram 808, dim 0: 99 finite features
  Diagram 808, dim 1: 12 finite features
  Diagram 809, dim 0: 124 finite features
  Diagram 809, dim 1: 12 finite features
  Diagram 810, dim 0: 49 finite features
  Diagram 810, dim 1: 6 finite features
  Diagram 811, dim 0: 74 finite features
  Diagram 811, dim 1: 7 finite features
  Diagram 812, dim 0: 99 finite features
  Diagram 812, dim 1: 14 finite features
  Diagram 813, dim 0: 49 finite features
  Diagram 813, dim 1: 4 finite features
  Diagram 814, dim 0: 74 finite features
  Diagram 814, dim 1: 9 finite features
  Diagram 815, dim 0: 99 finite features
  Diagram 815, dim 1: 11 finite features
  Diagram 816, dim 0: 124 finite features
  Diagram 816, dim 1: 18 finite features
  Diagram 817, dim 0: 49 finite features
  Diagram 817, dim 1: 6 finite features
  Diagram 818, dim 0: 74 finite features
  Diagram 818, dim 1: 11 finite features
  Diagram 819, dim 0: 99 finite features
  Diagram 819, dim 1: 20 finite features
  Diagram 820, dim 0: 49 finite features
  Diagram 820, dim 1: 1 finite features
  Diagram 821, dim 0: 74 finite features
  Diagram 821, dim 1: 4 finite features
  Diagram 822, dim 0: 99 finite features
  Diagram 822, dim 1: 8 finite features
  Diagram 823, dim 0: 124 finite features
  Diagram 823, dim 1: 11 finite features
  Diagram 824, dim 0: 149 finite features
  Diagram 824, dim 1: 13 finite features
  Diagram 825, dim 0: 174 finite features
  Diagram 825, dim 1: 19 finite features
  Diagram 826, dim 0: 49 finite features
  Diagram 826, dim 1: 4 finite features
  Diagram 827, dim 0: 74 finite features
  Diagram 827, dim 1: 4 finite features
  Diagram 828, dim 0: 99 finite features
  Diagram 828, dim 1: 12 finite features
  Diagram 829, dim 0: 124 finite features
  Diagram 829, dim 1: 16 finite features
  Diagram 830, dim 0: 49 finite features
  Diagram 830, dim 1: 4 finite features
  Diagram 831, dim 0: 74 finite features
  Diagram 831, dim 1: 4 finite features
  Diagram 832, dim 0: 99 finite features
  Diagram 832, dim 1: 11 finite features
  Diagram 833, dim 0: 49 finite features
  Diagram 833, dim 1: 4 finite features
  Diagram 834, dim 0: 74 finite features
  Diagram 834, dim 1: 8 finite features
  Diagram 835, dim 0: 99 finite features
  Diagram 835, dim 1: 10 finite features
  Diagram 836, dim 0: 124 finite features
  Diagram 836, dim 1: 16 finite features
  Diagram 837, dim 0: 49 finite features
  Diagram 837, dim 1: 2 finite features
  Diagram 838, dim 0: 74 finite features
  Diagram 838, dim 1: 6 finite features
  Diagram 839, dim 0: 99 finite features
  Diagram 839, dim 1: 11 finite features
  Diagram 840, dim 0: 49 finite features
  Diagram 840, dim 1: 3 finite features
  Diagram 841, dim 0: 74 finite features
  Diagram 841, dim 1: 2 finite features
  Diagram 842, dim 0: 99 finite features
  Diagram 842, dim 1: 7 finite features
  Diagram 843, dim 0: 124 finite features
  Diagram 843, dim 1: 13 finite features
  Diagram 844, dim 0: 149 finite features
  Diagram 844, dim 1: 21 finite features
  Diagram 845, dim 0: 49 finite features
  Diagram 845, dim 1: 1 finite features
  Diagram 846, dim 0: 74 finite features
  Diagram 846, dim 1: 8 finite features
  Diagram 847, dim 0: 99 finite features
  Diagram 847, dim 1: 7 finite features
  Diagram 848, dim 0: 124 finite features
  Diagram 848, dim 1: 15 finite features
  Diagram 849, dim 0: 49 finite features
  Diagram 849, dim 1: Empty or invalid
  Diagram 850, dim 0: 74 finite features
  Diagram 850, dim 1: 3 finite features
  Diagram 851, dim 0: 99 finite features
  Diagram 851, dim 1: 9 finite features
  Diagram 852, dim 0: 124 finite features
  Diagram 852, dim 1: 10 finite features
  Diagram 853, dim 0: 49 finite features
  Diagram 853, dim 1: 1 finite features
  Diagram 854, dim 0: 74 finite features
  Diagram 854, dim 1: 6 finite features
  Diagram 855, dim 0: 99 finite features
  Diagram 855, dim 1: 5 finite features
  Diagram 856, dim 0: 124 finite features
  Diagram 856, dim 1: 8 finite features
  Diagram 857, dim 0: 49 finite features
  Diagram 857, dim 1: Empty or invalid
  Diagram 858, dim 0: 74 finite features
  Diagram 858, dim 1: 2 finite features
  Diagram 859, dim 0: 99 finite features
  Diagram 859, dim 1: 8 finite features
  Diagram 860, dim 0: 124 finite features
  Diagram 860, dim 1: 10 finite features
  Diagram 861, dim 0: 49 finite features
  Diagram 861, dim 1: 4 finite features
  Diagram 862, dim 0: 74 finite features
  Diagram 862, dim 1: 7 finite features
  Diagram 863, dim 0: 99 finite features
  Diagram 863, dim 1: 9 finite features
  Diagram 864, dim 0: 49 finite features
  Diagram 864, dim 1: 4 finite features
  Diagram 865, dim 0: 74 finite features
  Diagram 865, dim 1: 6 finite features
  Diagram 866, dim 0: 99 finite features
  Diagram 866, dim 1: 11 finite features
  Diagram 867, dim 0: 124 finite features
  Diagram 867, dim 1: 13 finite features
  Diagram 868, dim 0: 49 finite features
  Diagram 868, dim 1: Empty or invalid
  Diagram 869, dim 0: 74 finite features
  Diagram 869, dim 1: 6 finite features
  Diagram 870, dim 0: 99 finite features
  Diagram 870, dim 1: 10 finite features
  Diagram 871, dim 0: 49 finite features
  Diagram 871, dim 1: 5 finite features
  Diagram 872, dim 0: 74 finite features
  Diagram 872, dim 1: 6 finite features
  Diagram 873, dim 0: 99 finite features
  Diagram 873, dim 1: 6 finite features
  Diagram 874, dim 0: 49 finite features
  Diagram 874, dim 1: 3 finite features
  Diagram 875, dim 0: 74 finite features
  Diagram 875, dim 1: 12 finite features
  Diagram 876, dim 0: 99 finite features
  Diagram 876, dim 1: 18 finite features
  Diagram 877, dim 0: 124 finite features
  Diagram 877, dim 1: 19 finite features
  Diagram 878, dim 0: 49 finite features
  Diagram 878, dim 1: 2 finite features
  Diagram 879, dim 0: 74 finite features
  Diagram 879, dim 1: 6 finite features
  Diagram 880, dim 0: 99 finite features
  Diagram 880, dim 1: 14 finite features
  Diagram 881, dim 0: 124 finite features
  Diagram 881, dim 1: 25 finite features
  Diagram 882, dim 0: 49 finite features
  Diagram 882, dim 1: 3 finite features
  Diagram 883, dim 0: 74 finite features
  Diagram 883, dim 1: 5 finite features
  Diagram 884, dim 0: 99 finite features
  Diagram 884, dim 1: 8 finite features
  Diagram 885, dim 0: 124 finite features
  Diagram 885, dim 1: 13 finite features
  Diagram 886, dim 0: 149 finite features
  Diagram 886, dim 1: 15 finite features
  Diagram 887, dim 0: 49 finite features
  Diagram 887, dim 1: Empty or invalid
  Diagram 888, dim 0: 74 finite features
  Diagram 888, dim 1: 3 finite features
  Diagram 889, dim 0: 99 finite features
  Diagram 889, dim 1: 4 finite features
  Diagram 890, dim 0: 124 finite features
  Diagram 890, dim 1: 11 finite features
  Diagram 891, dim 0: 49 finite features
  Diagram 891, dim 1: 2 finite features
  Diagram 892, dim 0: 74 finite features
  Diagram 892, dim 1: 7 finite features
  Diagram 893, dim 0: 99 finite features
  Diagram 893, dim 1: 9 finite features
  Diagram 894, dim 0: 124 finite features
  Diagram 894, dim 1: 13 finite features
  Diagram 895, dim 0: 49 finite features
  Diagram 895, dim 1: 1 finite features
  Diagram 896, dim 0: 74 finite features
  Diagram 896, dim 1: 4 finite features
  Diagram 897, dim 0: 99 finite features
  Diagram 897, dim 1: 8 finite features
  Diagram 898, dim 0: 124 finite features
  Diagram 898, dim 1: 12 finite features
  Diagram 899, dim 0: 49 finite features
  Diagram 899, dim 1: 3 finite features
  Diagram 900, dim 0: 74 finite features
  Diagram 900, dim 1: 3 finite features
  Diagram 901, dim 0: 99 finite features
  Diagram 901, dim 1: 4 finite features
  Diagram 902, dim 0: 124 finite features
  Diagram 902, dim 1: 12 finite features
  Diagram 903, dim 0: 49 finite features
  Diagram 903, dim 1: 4 finite features
  Diagram 904, dim 0: 74 finite features
  Diagram 904, dim 1: 4 finite features
  Diagram 905, dim 0: 99 finite features
  Diagram 905, dim 1: 5 finite features
  Diagram 906, dim 0: 124 finite features
  Diagram 906, dim 1: 8 finite features
  Diagram 907, dim 0: 149 finite features
  Diagram 907, dim 1: 10 finite features
  Diagram 908, dim 0: 49 finite features
  Diagram 908, dim 1: Empty or invalid
  Diagram 909, dim 0: 74 finite features
  Diagram 909, dim 1: 3 finite features
  Diagram 910, dim 0: 99 finite features
  Diagram 910, dim 1: 10 finite features
  Diagram 911, dim 0: 124 finite features
  Diagram 911, dim 1: 10 finite features
  Diagram 912, dim 0: 149 finite features
  Diagram 912, dim 1: 17 finite features
  Diagram 913, dim 0: 49 finite features
  Diagram 913, dim 1: 4 finite features
  Diagram 914, dim 0: 74 finite features
  Diagram 914, dim 1: 5 finite features
  Diagram 915, dim 0: 99 finite features
  Diagram 915, dim 1: 17 finite features
  Diagram 916, dim 0: 124 finite features
  Diagram 916, dim 1: 17 finite features
  Diagram 917, dim 0: 49 finite features
  Diagram 917, dim 1: 3 finite features
  Diagram 918, dim 0: 74 finite features
  Diagram 918, dim 1: 4 finite features
  Diagram 919, dim 0: 99 finite features
  Diagram 919, dim 1: 8 finite features
  Diagram 920, dim 0: 124 finite features
  Diagram 920, dim 1: 11 finite features
  Diagram 921, dim 0: 49 finite features
  Diagram 921, dim 1: 1 finite features
  Diagram 922, dim 0: 74 finite features
  Diagram 922, dim 1: 2 finite features
  Diagram 923, dim 0: 99 finite features
  Diagram 923, dim 1: 3 finite features
  Diagram 924, dim 0: 124 finite features
  Diagram 924, dim 1: 8 finite features
  Diagram 925, dim 0: 49 finite features
  Diagram 925, dim 1: 3 finite features
  Diagram 926, dim 0: 74 finite features
  Diagram 926, dim 1: 1 finite features
  Diagram 927, dim 0: 99 finite features
  Diagram 927, dim 1: 8 finite features
  Diagram 928, dim 0: 124 finite features
  Diagram 928, dim 1: 13 finite features
  Diagram 929, dim 0: 49 finite features
  Diagram 929, dim 1: 2 finite features
  Diagram 930, dim 0: 74 finite features
  Diagram 930, dim 1: 4 finite features
  Diagram 931, dim 0: 99 finite features
  Diagram 931, dim 1: 11 finite features
  Diagram 932, dim 0: 124 finite features
  Diagram 932, dim 1: 16 finite features
  Diagram 933, dim 0: 49 finite features
  Diagram 933, dim 1: Empty or invalid
  Diagram 934, dim 0: 74 finite features
  Diagram 934, dim 1: 2 finite features
  Diagram 935, dim 0: 99 finite features
  Diagram 935, dim 1: 6 finite features
  Diagram 936, dim 0: 124 finite features
  Diagram 936, dim 1: 12 finite features
  Diagram 937, dim 0: 49 finite features
  Diagram 937, dim 1: Empty or invalid
  Diagram 938, dim 0: 74 finite features
  Diagram 938, dim 1: 3 finite features
  Diagram 939, dim 0: 99 finite features
  Diagram 939, dim 1: 8 finite features
  Diagram 940, dim 0: 124 finite features
  Diagram 940, dim 1: 9 finite features
  Diagram 941, dim 0: 49 finite features
  Diagram 941, dim 1: 2 finite features
  Diagram 942, dim 0: 74 finite features
  Diagram 942, dim 1: 4 finite features
  Diagram 943, dim 0: 99 finite features
  Diagram 943, dim 1: 10 finite features
  Diagram 944, dim 0: 49 finite features
  Diagram 944, dim 1: Empty or invalid
  Diagram 945, dim 0: 74 finite features
  Diagram 945, dim 1: 3 finite features
  Diagram 946, dim 0: 99 finite features
  Diagram 946, dim 1: 6 finite features
  Diagram 947, dim 0: 124 finite features
  Diagram 947, dim 1: 12 finite features
  Diagram 948, dim 0: 49 finite features
  Diagram 948, dim 1: 2 finite features
  Diagram 949, dim 0: 74 finite features
  Diagram 949, dim 1: 4 finite features
  Diagram 950, dim 0: 99 finite features
  Diagram 950, dim 1: 5 finite features
  Diagram 951, dim 0: 124 finite features
  Diagram 951, dim 1: 8 finite features
  Diagram 952, dim 0: 149 finite features
  Diagram 952, dim 1: 16 finite features
  Diagram 953, dim 0: 49 finite features
  Diagram 953, dim 1: 4 finite features
  Diagram 954, dim 0: 74 finite features
  Diagram 954, dim 1: 8 finite features
  Diagram 955, dim 0: 99 finite features
  Diagram 955, dim 1: 11 finite features
  Diagram 956, dim 0: 124 finite features
  Diagram 956, dim 1: 18 finite features
  Diagram 957, dim 0: 49 finite features
  Diagram 957, dim 1: 5 finite features
  Diagram 958, dim 0: 74 finite features
  Diagram 958, dim 1: 7 finite features
  Diagram 959, dim 0: 99 finite features
  Diagram 959, dim 1: 11 finite features
  Diagram 960, dim 0: 124 finite features
  Diagram 960, dim 1: 19 finite features
  Diagram 961, dim 0: 49 finite features
  Diagram 961, dim 1: 1 finite features
  Diagram 962, dim 0: 74 finite features
  Diagram 962, dim 1: 2 finite features
  Diagram 963, dim 0: 99 finite features
  Diagram 963, dim 1: 5 finite features
  Diagram 964, dim 0: 124 finite features
  Diagram 964, dim 1: 7 finite features
  Diagram 965, dim 0: 149 finite features
  Diagram 965, dim 1: 14 finite features
  Diagram 966, dim 0: 174 finite features
  Diagram 966, dim 1: 23 finite features
  Diagram 967, dim 0: 49 finite features
  Diagram 967, dim 1: 3 finite features
  Diagram 968, dim 0: 74 finite features
  Diagram 968, dim 1: 1 finite features
  Diagram 969, dim 0: 99 finite features
  Diagram 969, dim 1: 14 finite features
  Diagram 970, dim 0: 124 finite features
  Diagram 970, dim 1: 18 finite features
  Diagram 971, dim 0: 49 finite features
  Diagram 971, dim 1: 1 finite features
  Diagram 972, dim 0: 74 finite features
  Diagram 972, dim 1: Empty or invalid
  Diagram 973, dim 0: 99 finite features
  Diagram 973, dim 1: 2 finite features
  Diagram 974, dim 0: 124 finite features
  Diagram 974, dim 1: 12 finite features
  Diagram 975, dim 0: 149 finite features
  Diagram 975, dim 1: 15 finite features
  Diagram 976, dim 0: 49 finite features
  Diagram 976, dim 1: 1 finite features
  Diagram 977, dim 0: 74 finite features
  Diagram 977, dim 1: 4 finite features
  Diagram 978, dim 0: 99 finite features
  Diagram 978, dim 1: 5 finite features
  Diagram 979, dim 0: 124 finite features
  Diagram 979, dim 1: 13 finite features
  Diagram 980, dim 0: 49 finite features
  Diagram 980, dim 1: 3 finite features
  Diagram 981, dim 0: 74 finite features
  Diagram 981, dim 1: 7 finite features
  Diagram 982, dim 0: 99 finite features
  Diagram 982, dim 1: 11 finite features
  Diagram 983, dim 0: 49 finite features
  Diagram 983, dim 1: 1 finite features
  Diagram 984, dim 0: 74 finite features
  Diagram 984, dim 1: 5 finite features
  Diagram 985, dim 0: 99 finite features
  Diagram 985, dim 1: 9 finite features
  Diagram 986, dim 0: 124 finite features
  Diagram 986, dim 1: 8 finite features
  Diagram 987, dim 0: 49 finite features
  Diagram 987, dim 1: 4 finite features
  Diagram 988, dim 0: 74 finite features
  Diagram 988, dim 1: 3 finite features
  Diagram 989, dim 0: 99 finite features
  Diagram 989, dim 1: 6 finite features
  Diagram 990, dim 0: 124 finite features
  Diagram 990, dim 1: 13 finite features
  Diagram 991, dim 0: 49 finite features
  Diagram 991, dim 1: 2 finite features
  Diagram 992, dim 0: 74 finite features
  Diagram 992, dim 1: 7 finite features
  Diagram 993, dim 0: 99 finite features
  Diagram 993, dim 1: 13 finite features
  Diagram 994, dim 0: 124 finite features
  Diagram 994, dim 1: 20 finite features
  Diagram 995, dim 0: 49 finite features
  Diagram 995, dim 1: 2 finite features
  Diagram 996, dim 0: 74 finite features
  Diagram 996, dim 1: 4 finite features
  Diagram 997, dim 0: 99 finite features
  Diagram 997, dim 1: 7 finite features
  Diagram 998, dim 0: 49 finite features
  Diagram 998, dim 1: 5 finite features
  Diagram 999, dim 0: 74 finite features
  Diagram 999, dim 1: 7 finite features
  Diagram 1000, dim 0: 99 finite features
  Diagram 1000, dim 1: 8 finite features
  Diagram 1001, dim 0: 124 finite features
  Diagram 1001, dim 1: 16 finite features
  Diagram 1002, dim 0: 49 finite features
  Diagram 1002, dim 1: 2 finite features
  Diagram 1003, dim 0: 74 finite features
  Diagram 1003, dim 1: 6 finite features
  Diagram 1004, dim 0: 99 finite features
  Diagram 1004, dim 1: 11 finite features
  Diagram 1005, dim 0: 124 finite features
  Diagram 1005, dim 1: 15 finite features
  Diagram 1006, dim 0: 49 finite features
  Diagram 1006, dim 1: 1 finite features
  Diagram 1007, dim 0: 74 finite features
  Diagram 1007, dim 1: 4 finite features
  Diagram 1008, dim 0: 99 finite features
  Diagram 1008, dim 1: 7 finite features
  Diagram 1009, dim 0: 49 finite features
  Diagram 1009, dim 1: 1 finite features
  Diagram 1010, dim 0: 74 finite features
  Diagram 1010, dim 1: 4 finite features
  Diagram 1011, dim 0: 99 finite features
  Diagram 1011, dim 1: 7 finite features
  Diagram 1012, dim 0: 124 finite features
  Diagram 1012, dim 1: 11 finite features
  Diagram 1013, dim 0: 149 finite features
  Diagram 1013, dim 1: 15 finite features
  Diagram 1014, dim 0: 49 finite features
  Diagram 1014, dim 1: 1 finite features
  Diagram 1015, dim 0: 74 finite features
  Diagram 1015, dim 1: 6 finite features
  Diagram 1016, dim 0: 99 finite features
  Diagram 1016, dim 1: 8 finite features
  Diagram 1017, dim 0: 49 finite features
  Diagram 1017, dim 1: 4 finite features
  Diagram 1018, dim 0: 74 finite features
  Diagram 1018, dim 1: 7 finite features
  Diagram 1019, dim 0: 99 finite features
  Diagram 1019, dim 1: 7 finite features
  Diagram 1020, dim 0: 124 finite features
  Diagram 1020, dim 1: 15 finite features
  Diagram 1021, dim 0: 49 finite features
  Diagram 1021, dim 1: 3 finite features
  Diagram 1022, dim 0: 74 finite features
  Diagram 1022, dim 1: 6 finite features
  Diagram 1023, dim 0: 99 finite features
  Diagram 1023, dim 1: 4 finite features
  Diagram 1024, dim 0: 124 finite features
  Diagram 1024, dim 1: 12 finite features
  Diagram 1025, dim 0: 49 finite features
  Diagram 1025, dim 1: 6 finite features
  Diagram 1026, dim 0: 74 finite features
  Diagram 1026, dim 1: 10 finite features
  Diagram 1027, dim 0: 99 finite features
  Diagram 1027, dim 1: 16 finite features
  Diagram 1028, dim 0: 49 finite features
  Diagram 1028, dim 1: 2 finite features
  Diagram 1029, dim 0: 74 finite features
  Diagram 1029, dim 1: 3 finite features
  Diagram 1030, dim 0: 99 finite features
  Diagram 1030, dim 1: 7 finite features
  Diagram 1031, dim 0: 49 finite features
  Diagram 1031, dim 1: Empty or invalid
  Diagram 1032, dim 0: 74 finite features
  Diagram 1032, dim 1: 5 finite features
  Diagram 1033, dim 0: 99 finite features
  Diagram 1033, dim 1: 12 finite features
  Diagram 1034, dim 0: 124 finite features
  Diagram 1034, dim 1: 13 finite features
  Diagram 1035, dim 0: 49 finite features
  Diagram 1035, dim 1: 3 finite features
  Diagram 1036, dim 0: 74 finite features
  Diagram 1036, dim 1: 3 finite features
  Diagram 1037, dim 0: 99 finite features
  Diagram 1037, dim 1: 7 finite features
  Diagram 1038, dim 0: 124 finite features
  Diagram 1038, dim 1: 7 finite features
  Diagram 1039, dim 0: 149 finite features
  Diagram 1039, dim 1: 9 finite features
  Diagram 1040, dim 0: 174 finite features
  Diagram 1040, dim 1: 17 finite features
  Diagram 1041, dim 0: 49 finite features
  Diagram 1041, dim 1: 1 finite features
  Diagram 1042, dim 0: 74 finite features
  Diagram 1042, dim 1: 2 finite features
  Diagram 1043, dim 0: 99 finite features
  Diagram 1043, dim 1: 3 finite features
  Diagram 1044, dim 0: 124 finite features
  Diagram 1044, dim 1: 11 finite features
  Diagram 1045, dim 0: 149 finite features
  Diagram 1045, dim 1: 9 finite features
  Diagram 1046, dim 0: 49 finite features
  Diagram 1046, dim 1: 2 finite features
  Diagram 1047, dim 0: 74 finite features
  Diagram 1047, dim 1: 6 finite features
  Diagram 1048, dim 0: 99 finite features
  Diagram 1048, dim 1: 10 finite features
  Diagram 1049, dim 0: 124 finite features
  Diagram 1049, dim 1: 16 finite features
  Diagram 1050, dim 0: 49 finite features
  Diagram 1050, dim 1: 3 finite features
  Diagram 1051, dim 0: 74 finite features
  Diagram 1051, dim 1: 7 finite features
  Diagram 1052, dim 0: 99 finite features
  Diagram 1052, dim 1: 10 finite features
  Diagram 1053, dim 0: 49 finite features
  Diagram 1053, dim 1: Empty or invalid
  Diagram 1054, dim 0: 74 finite features
  Diagram 1054, dim 1: 1 finite features
  Diagram 1055, dim 0: 99 finite features
  Diagram 1055, dim 1: 3 finite features
  Diagram 1056, dim 0: 49 finite features
  Diagram 1056, dim 1: 5 finite features
  Diagram 1057, dim 0: 74 finite features
  Diagram 1057, dim 1: 10 finite features
  Diagram 1058, dim 0: 99 finite features
  Diagram 1058, dim 1: 14 finite features
  Diagram 1059, dim 0: 49 finite features
  Diagram 1059, dim 1: 1 finite features
  Diagram 1060, dim 0: 74 finite features
  Diagram 1060, dim 1: 3 finite features
  Diagram 1061, dim 0: 99 finite features
  Diagram 1061, dim 1: 9 finite features
  Diagram 1062, dim 0: 124 finite features
  Diagram 1062, dim 1: 16 finite features
  Diagram 1063, dim 0: 49 finite features
  Diagram 1063, dim 1: 1 finite features
  Diagram 1064, dim 0: 74 finite features
  Diagram 1064, dim 1: 4 finite features
  Diagram 1065, dim 0: 99 finite features
  Diagram 1065, dim 1: 5 finite features
  Diagram 1066, dim 0: 124 finite features
  Diagram 1066, dim 1: 11 finite features
  Diagram 1067, dim 0: 149 finite features
  Diagram 1067, dim 1: 15 finite features
  Diagram 1068, dim 0: 49 finite features
  Diagram 1068, dim 1: 3 finite features
  Diagram 1069, dim 0: 74 finite features
  Diagram 1069, dim 1: 6 finite features
  Diagram 1070, dim 0: 99 finite features
  Diagram 1070, dim 1: 13 finite features
  Diagram 1071, dim 0: 124 finite features
  Diagram 1071, dim 1: 15 finite features
  Diagram 1072, dim 0: 49 finite features
  Diagram 1072, dim 1: 3 finite features
  Diagram 1073, dim 0: 74 finite features
  Diagram 1073, dim 1: 7 finite features
  Diagram 1074, dim 0: 99 finite features
  Diagram 1074, dim 1: 13 finite features
  Diagram 1075, dim 0: 124 finite features
  Diagram 1075, dim 1: 19 finite features
  Diagram 1076, dim 0: 49 finite features
  Diagram 1076, dim 1: 2 finite features
  Diagram 1077, dim 0: 74 finite features
  Diagram 1077, dim 1: 7 finite features
  Diagram 1078, dim 0: 99 finite features
  Diagram 1078, dim 1: 7 finite features
  Diagram 1079, dim 0: 124 finite features
  Diagram 1079, dim 1: 12 finite features
  Diagram 1080, dim 0: 149 finite features
  Diagram 1080, dim 1: 12 finite features
  Diagram 1081, dim 0: 49 finite features
  Diagram 1081, dim 1: 4 finite features
  Diagram 1082, dim 0: 74 finite features
  Diagram 1082, dim 1: 7 finite features
  Diagram 1083, dim 0: 99 finite features
  Diagram 1083, dim 1: 13 finite features
  Diagram 1084, dim 0: 124 finite features
  Diagram 1084, dim 1: 19 finite features
  Diagram 1085, dim 0: 49 finite features
  Diagram 1085, dim 1: 2 finite features
  Diagram 1086, dim 0: 74 finite features
  Diagram 1086, dim 1: 7 finite features
  Diagram 1087, dim 0: 99 finite features
  Diagram 1087, dim 1: 11 finite features
  Diagram 1088, dim 0: 124 finite features
  Diagram 1088, dim 1: 22 finite features
  Diagram 1089, dim 0: 49 finite features
  Diagram 1089, dim 1: 1 finite features
  Diagram 1090, dim 0: 74 finite features
  Diagram 1090, dim 1: 5 finite features
  Diagram 1091, dim 0: 99 finite features
  Diagram 1091, dim 1: 9 finite features
  Diagram 1092, dim 0: 124 finite features
  Diagram 1092, dim 1: 12 finite features
  Diagram 1093, dim 0: 49 finite features
  Diagram 1093, dim 1: 5 finite features
  Diagram 1094, dim 0: 74 finite features
  Diagram 1094, dim 1: 8 finite features
  Diagram 1095, dim 0: 99 finite features
  Diagram 1095, dim 1: 16 finite features
  Diagram 1096, dim 0: 124 finite features
  Diagram 1096, dim 1: 21 finite features
  Diagram 1097, dim 0: 49 finite features
  Diagram 1097, dim 1: 6 finite features
  Diagram 1098, dim 0: 74 finite features
  Diagram 1098, dim 1: 8 finite features
  Diagram 1099, dim 0: 99 finite features
  Diagram 1099, dim 1: 11 finite features
  Diagram 1100, dim 0: 49 finite features
  Diagram 1100, dim 1: Empty or invalid
  Diagram 1101, dim 0: 74 finite features
  Diagram 1101, dim 1: 2 finite features
  Diagram 1102, dim 0: 99 finite features
  Diagram 1102, dim 1: 2 finite features
  Diagram 1103, dim 0: 124 finite features
  Diagram 1103, dim 1: 9 finite features
  Diagram 1104, dim 0: 149 finite features
  Diagram 1104, dim 1: 11 finite features
  Diagram 1105, dim 0: 174 finite features
  Diagram 1105, dim 1: 18 finite features
  Diagram 1106, dim 0: 49 finite features
  Diagram 1106, dim 1: 6 finite features
  Diagram 1107, dim 0: 74 finite features
  Diagram 1107, dim 1: 8 finite features
  Diagram 1108, dim 0: 99 finite features
  Diagram 1108, dim 1: 10 finite features
  Diagram 1109, dim 0: 124 finite features
  Diagram 1109, dim 1: 18 finite features
  Diagram 1110, dim 0: 49 finite features
  Diagram 1110, dim 1: Empty or invalid
  Diagram 1111, dim 0: 74 finite features
  Diagram 1111, dim 1: 7 finite features
  Diagram 1112, dim 0: 99 finite features
  Diagram 1112, dim 1: 10 finite features
  Diagram 1113, dim 0: 49 finite features
  Diagram 1113, dim 1: 3 finite features
  Diagram 1114, dim 0: 74 finite features
  Diagram 1114, dim 1: 11 finite features
  Diagram 1115, dim 0: 99 finite features
  Diagram 1115, dim 1: 19 finite features
  Diagram 1116, dim 0: 49 finite features
  Diagram 1116, dim 1: 2 finite features
  Diagram 1117, dim 0: 74 finite features
  Diagram 1117, dim 1: 6 finite features
  Diagram 1118, dim 0: 99 finite features
  Diagram 1118, dim 1: 5 finite features
  Diagram 1119, dim 0: 124 finite features
  Diagram 1119, dim 1: 7 finite features
  Diagram 1120, dim 0: 49 finite features
  Diagram 1120, dim 1: 4 finite features
  Diagram 1121, dim 0: 74 finite features
  Diagram 1121, dim 1: 5 finite features
  Diagram 1122, dim 0: 99 finite features
  Diagram 1122, dim 1: 11 finite features
  Diagram 1123, dim 0: 124 finite features
  Diagram 1123, dim 1: 12 finite features
  Diagram 1124, dim 0: 149 finite features
  Diagram 1124, dim 1: 25 finite features
  Diagram 1125, dim 0: 174 finite features
  Diagram 1125, dim 1: 31 finite features
  Diagram 1126, dim 0: 49 finite features
  Diagram 1126, dim 1: 5 finite features
  Diagram 1127, dim 0: 74 finite features
  Diagram 1127, dim 1: 11 finite features
  Diagram 1128, dim 0: 99 finite features
  Diagram 1128, dim 1: 23 finite features
  Diagram 1129, dim 0: 124 finite features
  Diagram 1129, dim 1: 33 finite features
  Diagram 1130, dim 0: 49 finite features
  Diagram 1130, dim 1: 2 finite features
  Diagram 1131, dim 0: 74 finite features
  Diagram 1131, dim 1: 6 finite features
  Diagram 1132, dim 0: 99 finite features
  Diagram 1132, dim 1: 12 finite features
  Diagram 1133, dim 0: 124 finite features
  Diagram 1133, dim 1: 16 finite features
  Diagram 1134, dim 0: 49 finite features
  Diagram 1134, dim 1: 1 finite features
  Diagram 1135, dim 0: 74 finite features
  Diagram 1135, dim 1: 4 finite features
  Diagram 1136, dim 0: 99 finite features
  Diagram 1136, dim 1: 9 finite features
  Diagram 1137, dim 0: 124 finite features
  Diagram 1137, dim 1: 10 finite features
  Diagram 1138, dim 0: 49 finite features
  Diagram 1138, dim 1: 4 finite features
  Diagram 1139, dim 0: 74 finite features
  Diagram 1139, dim 1: 6 finite features
  Diagram 1140, dim 0: 99 finite features
  Diagram 1140, dim 1: 10 finite features
  Diagram 1141, dim 0: 124 finite features
  Diagram 1141, dim 1: 17 finite features
  Diagram 1142, dim 0: 49 finite features
  Diagram 1142, dim 1: 3 finite features
  Diagram 1143, dim 0: 74 finite features
  Diagram 1143, dim 1: 6 finite features
  Diagram 1144, dim 0: 99 finite features
  Diagram 1144, dim 1: 9 finite features
  Diagram 1145, dim 0: 124 finite features
  Diagram 1145, dim 1: 13 finite features
  Diagram 1146, dim 0: 49 finite features
  Diagram 1146, dim 1: Empty or invalid
  Diagram 1147, dim 0: 74 finite features
  Diagram 1147, dim 1: 5 finite features
  Diagram 1148, dim 0: 99 finite features
  Diagram 1148, dim 1: 4 finite features
  Diagram 1149, dim 0: 124 finite features
  Diagram 1149, dim 1: 10 finite features
  Diagram 1150, dim 0: 49 finite features
  Diagram 1150, dim 1: 4 finite features
  Diagram 1151, dim 0: 74 finite features
  Diagram 1151, dim 1: 10 finite features
  Diagram 1152, dim 0: 99 finite features
  Diagram 1152, dim 1: 20 finite features
  Diagram 1153, dim 0: 124 finite features
  Diagram 1153, dim 1: 23 finite features
  Diagram 1154, dim 0: 49 finite features
  Diagram 1154, dim 1: 1 finite features
  Diagram 1155, dim 0: 74 finite features
  Diagram 1155, dim 1: 6 finite features
  Diagram 1156, dim 0: 99 finite features
  Diagram 1156, dim 1: 4 finite features
  Diagram 1157, dim 0: 124 finite features
  Diagram 1157, dim 1: 12 finite features
  Diagram 1158, dim 0: 149 finite features
  Diagram 1158, dim 1: 14 finite features
  Diagram 1159, dim 0: 174 finite features
  Diagram 1159, dim 1: 18 finite features
  Diagram 1160, dim 0: 49 finite features
  Diagram 1160, dim 1: Empty or invalid
  Diagram 1161, dim 0: 74 finite features
  Diagram 1161, dim 1: 6 finite features
  Diagram 1162, dim 0: 99 finite features
  Diagram 1162, dim 1: 8 finite features
  Diagram 1163, dim 0: 124 finite features
  Diagram 1163, dim 1: 9 finite features
  Diagram 1164, dim 0: 149 finite features
  Diagram 1164, dim 1: 11 finite features
  Diagram 1165, dim 0: 49 finite features
  Diagram 1165, dim 1: 4 finite features
  Diagram 1166, dim 0: 74 finite features
  Diagram 1166, dim 1: 4 finite features
  Diagram 1167, dim 0: 99 finite features
  Diagram 1167, dim 1: 9 finite features
  Diagram 1168, dim 0: 124 finite features
  Diagram 1168, dim 1: 11 finite features
  Diagram 1169, dim 0: 49 finite features
  Diagram 1169, dim 1: 1 finite features
  Diagram 1170, dim 0: 74 finite features
  Diagram 1170, dim 1: 1 finite features
  Diagram 1171, dim 0: 99 finite features
  Diagram 1171, dim 1: 6 finite features
  Diagram 1172, dim 0: 49 finite features
  Diagram 1172, dim 1: Empty or invalid
  Diagram 1173, dim 0: 74 finite features
  Diagram 1173, dim 1: 6 finite features
  Diagram 1174, dim 0: 99 finite features
  Diagram 1174, dim 1: 9 finite features
  Diagram 1175, dim 0: 124 finite features
  Diagram 1175, dim 1: 11 finite features
  Diagram 1176, dim 0: 149 finite features
  Diagram 1176, dim 1: 17 finite features
  Diagram 1177, dim 0: 174 finite features
  Diagram 1177, dim 1: 20 finite features
  Diagram 1178, dim 0: 49 finite features
  Diagram 1178, dim 1: Empty or invalid
  Diagram 1179, dim 0: 74 finite features
  Diagram 1179, dim 1: 2 finite features
  Diagram 1180, dim 0: 99 finite features
  Diagram 1180, dim 1: 5 finite features
  Diagram 1181, dim 0: 49 finite features
  Diagram 1181, dim 1: 2 finite features
  Diagram 1182, dim 0: 74 finite features
  Diagram 1182, dim 1: 6 finite features
  Diagram 1183, dim 0: 99 finite features
  Diagram 1183, dim 1: 10 finite features
  Diagram 1184, dim 0: 124 finite features
  Diagram 1184, dim 1: 16 finite features
  Diagram 1185, dim 0: 49 finite features
  Diagram 1185, dim 1: 1 finite features
  Diagram 1186, dim 0: 74 finite features
  Diagram 1186, dim 1: 4 finite features
  Diagram 1187, dim 0: 99 finite features
  Diagram 1187, dim 1: 4 finite features
  Diagram 1188, dim 0: 124 finite features
  Diagram 1188, dim 1: 3 finite features
  Diagram 1189, dim 0: 49 finite features
  Diagram 1189, dim 1: 3 finite features
  Diagram 1190, dim 0: 74 finite features
  Diagram 1190, dim 1: 4 finite features
  Diagram 1191, dim 0: 99 finite features
  Diagram 1191, dim 1: 11 finite features
  Diagram 1192, dim 0: 124 finite features
  Diagram 1192, dim 1: 13 finite features
  Diagram 1193, dim 0: 49 finite features
  Diagram 1193, dim 1: Empty or invalid
  Diagram 1194, dim 0: 74 finite features
  Diagram 1194, dim 1: 3 finite features
  Diagram 1195, dim 0: 99 finite features
  Diagram 1195, dim 1: 6 finite features
  Diagram 1196, dim 0: 49 finite features
  Diagram 1196, dim 1: 1 finite features
  Diagram 1197, dim 0: 74 finite features
  Diagram 1197, dim 1: 4 finite features
  Diagram 1198, dim 0: 99 finite features
  Diagram 1198, dim 1: 6 finite features
  Diagram 1199, dim 0: 49 finite features
  Diagram 1199, dim 1: 3 finite features
  Diagram 1200, dim 0: 74 finite features
  Diagram 1200, dim 1: 3 finite features
  Diagram 1201, dim 0: 99 finite features
  Diagram 1201, dim 1: 7 finite features
  Diagram 1202, dim 0: 49 finite features
  Diagram 1202, dim 1: 3 finite features
  Diagram 1203, dim 0: 74 finite features
  Diagram 1203, dim 1: 4 finite features
  Diagram 1204, dim 0: 99 finite features
  Diagram 1204, dim 1: 7 finite features
  Diagram 1205, dim 0: 124 finite features
  Diagram 1205, dim 1: 8 finite features
  Diagram 1206, dim 0: 49 finite features
  Diagram 1206, dim 1: 2 finite features
  Diagram 1207, dim 0: 74 finite features
  Diagram 1207, dim 1: 4 finite features
  Diagram 1208, dim 0: 99 finite features
  Diagram 1208, dim 1: 9 finite features
  Diagram 1209, dim 0: 49 finite features
  Diagram 1209, dim 1: 1 finite features
  Diagram 1210, dim 0: 74 finite features
  Diagram 1210, dim 1: 2 finite features
  Diagram 1211, dim 0: 99 finite features
  Diagram 1211, dim 1: 4 finite features
  Diagram 1212, dim 0: 124 finite features
  Diagram 1212, dim 1: 7 finite features
  Diagram 1213, dim 0: 49 finite features
  Diagram 1213, dim 1: 3 finite features
  Diagram 1214, dim 0: 74 finite features
  Diagram 1214, dim 1: 7 finite features
  Diagram 1215, dim 0: 99 finite features
  Diagram 1215, dim 1: 8 finite features
  Diagram 1216, dim 0: 124 finite features
  Diagram 1216, dim 1: 16 finite features
Found 2408 valid diagrams with 119479 total finite features
Actual persistence ranges:
  Birth times: 0.0000 - 4.0758
  Lifespans: 0.0000 - 12.2507
Adjusted persistence image parameters:
  birth_range: (0.0000, 4.4834)
  pers_range: (0.0010, 13.4758)
PersistenceImager config: pixel_size=0.2695, sigma=0.4492

Persistence image conversion results:
  Successful: 1217/1217
  Success rate: 100.0%
Generated 1217 persistence images

Final clustering input: 1217 images, 1217 labels
Performing clustering analysis...
Clustering 1217 persistence images...
Feature matrix shape: (1217, 400)
True labels distribution: [412 405 400]
Performing k-means with 3 clusters...
Predicted labels distribution: [242 345 630]
Clustering results:
  Best accuracy: 0.399
  Silhouette score: 0.236
  Adjusted Rand Index: 0.013
  Best permutation: (2, 1, 0)

Confusion analysis:
  True entailment: predicted as [253 111  48]
  True neutral: predicted as [199 122  84]
  True contradiction: predicted as [178 112 110]

================================================================================
MULTI-SCALE CLUSTERING RESULTS
================================================================================
Clustering Accuracy: 0.399
Silhouette Score: 0.236
Adjusted Rand Index: 0.013
Success (>70%): ❌ NO

Multi-scale Analysis:
  Total samples processed: 300
  Total diagrams generated: 1217
  Total persistence images: 1217
  Average diagrams per sample: 4.1

============================================================
SEPARATE MODEL PERFORMANCE ANALYSIS
============================================================
Order Model (Vendrov Max-Margin Loss):
  entailment: 0.3608 ± 0.3677
  neutral: 1.4782 ± 0.9604
  contradiction: 1.7796 ± 1.1799
  ✅ ORDER MODEL SUCCESS: Correct energy ranking!

Asymmetry Model (Directional Pattern Loss):
  entailment:
    Asymmetric energy: 3.5007 ± 2.3001
    Forward energy: 0.3608
    Backward energy: 2.0167
  neutral:
    Asymmetric energy: 2.8261 ± 0.9491
    Forward energy: 1.4782
    Backward energy: 1.5074
  contradiction:
    Asymmetric energy: 2.7858 ± 1.2297
    Forward energy: 1.7796
    Backward energy: 2.1839

Asymmetry Pattern Analysis:
  ✅ Forward energy: Entailment < Contradiction
  ❌ Asymmetric energy: Incorrect pattern

Comprehensive results saved to:
  JSON: MSc_Topology_Codebase/phd_method/clustering_results/separate_model_clustering_results_20250731_191651.json
  Summary: MSc_Topology_Codebase/phd_method/clustering_results/separate_model_clustering_summary_20250731_191651.txt

================================================================================
SEPARATE MODEL CLUSTERING VALIDATION COMPLETED!
❌ Did not achieve 70% clustering threshold
Analysis points to consider:
  - Check if models trained to convergence
  - Verify point cloud generation produces sufficient points
  - Review energy ranking patterns in training plots
  - Consider alternative aggregation strategies

Detailed analysis available in: MSc_Topology_Codebase/phd_method/clustering_results/
================================================================================

Analysis completed with exit code: 0
Time: Thu 31 Jul 19:16:52 BST 2025

=== ANALYSIS SUCCESSFUL ===
Clustering successful!


Job finished.
