Job ID: 189087
Node: gpuvm17
Time: Fri  1 Aug 11:38:26 BST 2025
Loading CUDA...
Activating conda environment...
Activated conda environment: /vol/bitbucket/ahb24/tda_entailment_new
Python location: /vol/bitbucket/ahb24/tda_entailment_new/bin/python
Checking GPU availability...
Fri Aug  1 11:38:28 2025       
+-----------------------------------------------------------------------------------------+
| NVIDIA-SMI 570.133.07             Driver Version: 570.133.07     CUDA Version: 12.8     |
|-----------------------------------------+------------------------+----------------------+
| GPU  Name                 Persistence-M | Bus-Id          Disp.A | Volatile Uncorr. ECC |
| Fan  Temp   Perf          Pwr:Usage/Cap |           Memory-Usage | GPU-Util  Compute M. |
|                                         |                        |               MIG M. |
|=========================================+========================+======================|
|   0  Tesla T4                       Off |   00000000:00:06.0 Off |                    0 |
| N/A   33C    P8             13W /   70W |       0MiB /  15360MiB |      0%      Default |
|                                         |                        |                  N/A |
+-----------------------------------------+------------------------+----------------------+
                                                                                         
+-----------------------------------------------------------------------------------------+
| Processes:                                                                              |
|  GPU   GI   CI              PID   Type   Process name                        GPU Memory |
|        ID   ID                                                               Usage      |
|=========================================================================================|
|  No running processes found                                                             |
+-----------------------------------------------------------------------------------------+

Testing PyTorch and CUDA...
PyTorch version: 2.4.1
CUDA available: True
CUDA device: Tesla T4
GPU memory: 15.6 GB
PyTorch setup verified!

Starting Model training...

Loading validation data: /vol/bitbucket/ahb24/tda_entailment_new/snli_val_sbert_tokens.pkl
Loaded 9842 validation samples
Separate model clustering validator initialized
Samples per class: 100

================================================================================
DEBUGGING FULL PERSISTENCE PIPELINE
================================================================================
Generating fixed sample indices...
  entailment: 3329 total samples available
Token filtering: 254/3329 samples have ≥40 tokens
    Selected 100 samples
Token count stats: 46 ± 6 (range: 40-72)
  neutral: 3235 total samples available
Token filtering: 344/3235 samples have ≥40 tokens
    Selected 100 samples
Token count stats: 45 ± 6 (range: 40-70)
  contradiction: 3278 total samples available
Token filtering: 288/3278 samples have ≥40 tokens
    Selected 100 samples
Token count stats: 46 ± 8 (range: 40-84)

--- DEBUGGING ENTAILMENT SAMPLE ---
1. Token info: P=37, H=19
2. Point cloud: 392 points
3. Distance matrix: (392, 392)
   Distance range: 0.0000 - 1.7226
4. Testing direct ripser call...
   Direct ripser success: H0=322, H1=177
   Finite H1 features: 177
   H1 lifespans: 0.000000 - 0.041542
5. Testing fixed ph_dim function...
Computing persistence on full 392 point cloud...
  H0 features: 322
  H1 features: 177
   PH-dim function success: PH-dim=1.17
   Returned diagrams: H0=322, H1=177

--- DEBUGGING NEUTRAL SAMPLE ---
1. Token info: P=33, H=13
2. Point cloud: 322 points
3. Distance matrix: (322, 322)
   Distance range: 0.0000 - 1.7333
4. Testing direct ripser call...
   Direct ripser success: H0=267, H1=110
   Finite H1 features: 110
   H1 lifespans: 0.000002 - 0.072599
5. Testing fixed ph_dim function...
Computing persistence on full 322 point cloud...
  H0 features: 267
  H1 features: 110
   PH-dim function success: PH-dim=1.76
   Returned diagrams: H0=267, H1=110

--- DEBUGGING CONTRADICTION SAMPLE ---
1. Token info: P=30, H=13
2. Point cloud: 301 points
3. Distance matrix: (301, 301)
   Distance range: 0.0000 - 1.7181
4. Testing direct ripser call...
   Direct ripser success: H0=246, H1=101
   Finite H1 features: 101
   H1 lifespans: 0.000000 - 0.124786
5. Testing fixed ph_dim function...
Computing persistence on full 301 point cloud...
  H0 features: 246
  H1 features: 101
   PH-dim function success: PH-dim=1.93
   Returned diagrams: H0=246, H1=101

6. Testing persistence image conversion on 3 diagrams...
Analyzing persistence diagram ranges...
  Diagram 0, dim 0: 321 finite features
  Diagram 0, dim 1: 177 finite features
  Diagram 1, dim 0: 266 finite features
  Diagram 1, dim 1: 110 finite features
  Diagram 2, dim 0: 245 finite features
  Diagram 2, dim 1: 101 finite features
Found 6 valid diagrams with 1220 total finite features
Actual persistence ranges:
  Birth times: 0.0000 - 0.9679
  Lifespans: 0.0000 - 0.9849
Adjusted persistence image parameters:
  birth_range: (0.0000, 1.0647)
  pers_range: (0.0010, 1.0834)
PersistenceImager config: pixel_size=0.0216, sigma=0.0361

Persistence image conversion results:
  Successful: 3/3
  Success rate: 100.0%
   ✅ Generated 3 persistence images

================================================================================
SEPARATE MODEL POINT CLOUD CLUSTERING VALIDATION
================================================================================
Generating fixed sample indices...
  entailment: 3329 total samples available
Token filtering: 254/3329 samples have ≥40 tokens
    Selected 100 samples
Token count stats: 46 ± 6 (range: 40-72)
  neutral: 3235 total samples available
Token filtering: 344/3235 samples have ≥40 tokens
    Selected 100 samples
Token count stats: 45 ± 6 (range: 40-70)
  contradiction: 3278 total samples available
Token filtering: 288/3278 samples have ≥40 tokens
    Selected 100 samples
Token count stats: 46 ± 8 (range: 40-84)

============================================================
DIAGNOSING ENTAILMENT TOPOLOGY
============================================================

--- Topological Diagnostic: entailment_sample_1 ---
Points: 392
Point spread:
  Mean distance from centroid: 3.2966
  Std distance from centroid: 2.6979
  Min/Max: 1.0637 / 15.2728
Pairwise distances:
  Mean: 0.7717
  Std: 0.4863
  Min/Max: 0.0000 / 1.7226
Distance distribution:
  <1.0: 58.5%
  1.0-5.0: 41.5%
  >5.0: 0.0%
Persistence analysis:
  H1 features (total): 176
  H1 features (finite): 176
  H1 lifespans: 0.0046 ± 0.0066
  Longest lifespan: 0.0415

--- Topological Diagnostic: entailment_sample_2 ---
Points: 350
Point spread:
  Mean distance from centroid: 3.2512
  Std distance from centroid: 2.5387
  Min/Max: 1.0329 / 13.4723
Pairwise distances:
  Mean: 0.7834
  Std: 0.4793
  Min/Max: 0.0000 / 1.7252
Distance distribution:
  <1.0: 55.1%
  1.0-5.0: 44.9%
  >5.0: 0.0%
Persistence analysis:
  H1 features (total): 181
  H1 features (finite): 181
  H1 lifespans: 0.0085 ± 0.0120
  Longest lifespan: 0.0722

============================================================
DIAGNOSING NEUTRAL TOPOLOGY
============================================================

--- Topological Diagnostic: neutral_sample_1 ---
Points: 322
Point spread:
  Mean distance from centroid: 3.8331
  Std distance from centroid: 3.0391
  Min/Max: 1.1910 / 19.0347
Pairwise distances:
  Mean: 0.8119
  Std: 0.4741
  Min/Max: 0.0000 / 1.7333
Distance distribution:
  <1.0: 47.2%
  1.0-5.0: 52.8%
  >5.0: 0.0%
Persistence analysis:
  H1 features (total): 112
  H1 features (finite): 112
  H1 lifespans: 0.0077 ± 0.0128
  Longest lifespan: 0.0724

--- Topological Diagnostic: neutral_sample_2 ---
Points: 294
Point spread:
  Mean distance from centroid: 4.0391
  Std distance from centroid: 3.3094
  Min/Max: 1.3733 / 14.9249
Pairwise distances:
  Mean: 0.7829
  Std: 0.4882
  Min/Max: 0.0000 / 1.7286
Distance distribution:
  <1.0: 57.3%
  1.0-5.0: 42.7%
  >5.0: 0.0%
Persistence analysis:
  H1 features (total): 75
  H1 features (finite): 75
  H1 lifespans: 0.0141 ± 0.0244
  Longest lifespan: 0.1338

============================================================
DIAGNOSING CONTRADICTION TOPOLOGY
============================================================

--- Topological Diagnostic: contradiction_sample_1 ---
Points: 301
Point spread:
  Mean distance from centroid: 3.4541
  Std distance from centroid: 2.8151
  Min/Max: 1.0939 / 15.5090
Pairwise distances:
  Mean: 0.7908
  Std: 0.4710
  Min/Max: 0.0000 / 1.7181
Distance distribution:
  <1.0: 63.7%
  1.0-5.0: 36.3%
  >5.0: 0.0%
Persistence analysis:
  H1 features (total): 101
  H1 features (finite): 101
  H1 lifespans: 0.0117 ± 0.0167
  Longest lifespan: 0.1278

--- Topological Diagnostic: contradiction_sample_2 ---
Points: 420
Point spread:
  Mean distance from centroid: 3.3721
  Std distance from centroid: 2.9464
  Min/Max: 0.9833 / 15.9523
Pairwise distances:
  Mean: 0.8101
  Std: 0.4631
  Min/Max: 0.0000 / 1.7267
Distance distribution:
  <1.0: 55.3%
  1.0-5.0: 44.7%
  >5.0: 0.0%
Persistence analysis:
  H1 features (total): 157
  H1 features (finite): 157
  H1 lifespans: 0.0553 ± 0.0626
  Longest lifespan: 0.1958

============================================================
DIAGNOSIS COMPLETE
============================================================

Processing entailment samples...
  Sample 1: P=37 tokens, H=19 tokens
    Point cloud breakdown:
      Premise: 37 + 37 + 37 = 259
      Hypothesis: 19 + 19 + 19 = 133
      Combined: 392 points
      Sufficient for PHD: ✅
    Model analysis:
      Order violation energy: 0.1364
      Asymmetric energy: 2.3448
Computing persistence on full 392 point cloud...
  H0 features: 322
  H1 features: 178
    PH-dimension: 1.17
    ✅ Added diagrams to collection (total: 1)
  Sample 2: P=24 tokens, H=26 tokens
    Point cloud breakdown:
      Premise: 24 + 24 + 24 = 168
      Hypothesis: 26 + 26 + 26 = 182
      Combined: 350 points
      Sufficient for PHD: ✅
    Model analysis:
      Order violation energy: 0.4345
      Asymmetric energy: 1.6028
Computing persistence on full 350 point cloud...
  H0 features: 279
  H1 features: 181
    PH-dimension: 1.85
    ✅ Added diagrams to collection (total: 2)
  Sample 3: P=38 tokens, H=19 tokens
    Point cloud breakdown:
      Premise: 38 + 38 + 38 = 266
      Hypothesis: 19 + 19 + 19 = 133
      Combined: 399 points
      Sufficient for PHD: ✅
    Model analysis:
      Order violation energy: 0.7353
      Asymmetric energy: 1.5320
Computing persistence on full 399 point cloud...
  H0 features: 320
  H1 features: 153
    PH-dimension: 1.52
    ✅ Added diagrams to collection (total: 3)
  Sample 4: P=50 tokens, H=9 tokens
    Point cloud breakdown:
      Premise: 50 + 50 + 50 = 350
      Hypothesis: 9 + 9 + 9 = 63
      Combined: 413 points
      Sufficient for PHD: ✅
    Model analysis:
      Order violation energy: 0.0216
      Asymmetric energy: 7.5148
Computing persistence on full 413 point cloud...
  H0 features: 340
  H1 features: 155
    PH-dimension: 2.57
    ✅ Added diagrams to collection (total: 4)
  Sample 5: P=21 tokens, H=19 tokens
    Point cloud breakdown:
      Premise: 21 + 21 + 21 = 147
      Hypothesis: 19 + 19 + 19 = 133
      Combined: 280 points
      Sufficient for PHD: ✅
    Model analysis:
      Order violation energy: 0.3934
      Asymmetric energy: 2.4832
Computing persistence on full 280 point cloud...
  H0 features: 231
  H1 features: 114
    PH-dimension: 1.88
    ✅ Added diagrams to collection (total: 5)
  Sample 6: P=31 tokens, H=18 tokens
    Point cloud breakdown:
      Premise: 31 + 31 + 31 = 217
      Hypothesis: 18 + 18 + 18 = 126
      Combined: 343 points
      Sufficient for PHD: ✅
    Model analysis:
      Order violation energy: 1.1751
      Asymmetric energy: 1.8879
Computing persistence on full 343 point cloud...
  H0 features: 270
  H1 features: 89
    PH-dimension: 1.47
    ✅ Added diagrams to collection (total: 6)
  Sample 7: P=34 tokens, H=14 tokens
    Point cloud breakdown:
      Premise: 34 + 34 + 34 = 238
      Hypothesis: 14 + 14 + 14 = 98
      Combined: 336 points
      Sufficient for PHD: ✅
    Model analysis:
      Order violation energy: 0.1988
      Asymmetric energy: 5.7362
Computing persistence on full 336 point cloud...
  H0 features: 278
  H1 features: 127
    PH-dimension: 2.10
    ✅ Added diagrams to collection (total: 7)
  Sample 8: P=29 tokens, H=17 tokens
    Point cloud breakdown:
      Premise: 29 + 29 + 29 = 203
      Hypothesis: 17 + 17 + 17 = 119
      Combined: 322 points
      Sufficient for PHD: ✅
    Model analysis:
      Order violation energy: 0.3933
      Asymmetric energy: 3.8174
Computing persistence on full 322 point cloud...
  H0 features: 269
  H1 features: 125
    PH-dimension: 1.92
    ✅ Added diagrams to collection (total: 8)
  Sample 9: P=33 tokens, H=17 tokens
    Point cloud breakdown:
      Premise: 33 + 33 + 33 = 231
      Hypothesis: 17 + 17 + 17 = 119
      Combined: 350 points
      Sufficient for PHD: ✅
    Model analysis:
      Order violation energy: 1.5902
      Asymmetric energy: 2.0691
Computing persistence on full 350 point cloud...
  H0 features: 287
  H1 features: 131
    PH-dimension: 2.12
    ✅ Added diagrams to collection (total: 9)
  Sample 10: P=30 tokens, H=23 tokens
    Point cloud breakdown:
      Premise: 30 + 30 + 30 = 210
      Hypothesis: 23 + 23 + 23 = 161
      Combined: 371 points
      Sufficient for PHD: ✅
    Model analysis:
      Order violation energy: 0.3720
      Asymmetric energy: 1.1310
Computing persistence on full 371 point cloud...
  H0 features: 308
  H1 features: 203
    PH-dimension: 2.10
    ✅ Added diagrams to collection (total: 10)
  Sample 11: P=30 tokens, H=11 tokens
    Point cloud breakdown:
      Premise: 30 + 30 + 30 = 210
      Hypothesis: 11 + 11 + 11 = 77
      Combined: 287 points
      Sufficient for PHD: ✅
    Model analysis:
      Order violation energy: 0.3309
      Asymmetric energy: 4.2718
Computing persistence on full 287 point cloud...
  H0 features: 240
  H1 features: 126
    PH-dimension: 1.74
    ✅ Added diagrams to collection (total: 11)
  Sample 12: P=33 tokens, H=8 tokens
    Point cloud breakdown:
      Premise: 33 + 33 + 33 = 231
      Hypothesis: 8 + 8 + 8 = 56
      Combined: 287 points
      Sufficient for PHD: ✅
    Model analysis:
      Order violation energy: 0.0468
      Asymmetric energy: 4.9466
Computing persistence on full 287 point cloud...
  H0 features: 239
  H1 features: 110
    PH-dimension: 1.80
    ✅ Added diagrams to collection (total: 12)
  Sample 13: P=28 tokens, H=12 tokens
    Point cloud breakdown:
      Premise: 28 + 28 + 28 = 196
      Hypothesis: 12 + 12 + 12 = 84
      Combined: 280 points
      Sufficient for PHD: ✅
    Model analysis:
      Order violation energy: 0.2633
      Asymmetric energy: 2.0796
Computing persistence on full 280 point cloud...
  H0 features: 231
  H1 features: 106
    PH-dimension: 1.46
    ✅ Added diagrams to collection (total: 13)
  Sample 14: P=21 tokens, H=19 tokens
    Point cloud breakdown:
      Premise: 21 + 21 + 21 = 147
      Hypothesis: 19 + 19 + 19 = 133
      Combined: 280 points
      Sufficient for PHD: ✅
    Model analysis:
      Order violation energy: 0.0893
      Asymmetric energy: 3.6175
Computing persistence on full 280 point cloud...
  H0 features: 235
  H1 features: 114
    PH-dimension: 1.62
    ✅ Added diagrams to collection (total: 14)
  Sample 15: P=37 tokens, H=15 tokens
    Point cloud breakdown:
      Premise: 37 + 37 + 37 = 259
      Hypothesis: 15 + 15 + 15 = 105
      Combined: 364 points
      Sufficient for PHD: ✅
    Model analysis:
      Order violation energy: 0.0210
      Asymmetric energy: 8.1740
Computing persistence on full 364 point cloud...
  H0 features: 292
  H1 features: 136
    PH-dimension: 1.46
    ✅ Added diagrams to collection (total: 15)
  Sample 16: P=31 tokens, H=13 tokens
    Point cloud breakdown:
      Premise: 31 + 31 + 31 = 217
      Hypothesis: 13 + 13 + 13 = 91
      Combined: 308 points
      Sufficient for PHD: ✅
    Model analysis:
      Order violation energy: 0.2556
      Asymmetric energy: 3.2139
Computing persistence on full 308 point cloud...
  H0 features: 247
  H1 features: 113
    PH-dimension: 1.78
    ✅ Added diagrams to collection (total: 16)
  Sample 17: P=34 tokens, H=13 tokens
    Point cloud breakdown:
      Premise: 34 + 34 + 34 = 238
      Hypothesis: 13 + 13 + 13 = 91
      Combined: 329 points
      Sufficient for PHD: ✅
    Model analysis:
      Order violation energy: 0.3852
      Asymmetric energy: 2.8752
Computing persistence on full 329 point cloud...
  H0 features: 270
  H1 features: 136
    PH-dimension: 2.20
    ✅ Added diagrams to collection (total: 17)
  Sample 18: P=38 tokens, H=13 tokens
    Point cloud breakdown:
      Premise: 38 + 38 + 38 = 266
      Hypothesis: 13 + 13 + 13 = 91
      Combined: 357 points
      Sufficient for PHD: ✅
    Model analysis:
      Order violation energy: 0.1745
      Asymmetric energy: 4.7058
Computing persistence on full 357 point cloud...
  H0 features: 291
  H1 features: 148
    PH-dimension: 2.06
    ✅ Added diagrams to collection (total: 18)
  Sample 19: P=28 tokens, H=13 tokens
    Point cloud breakdown:
      Premise: 28 + 28 + 28 = 196
      Hypothesis: 13 + 13 + 13 = 91
      Combined: 287 points
      Sufficient for PHD: ✅
    Model analysis:
      Order violation energy: 0.1514
      Asymmetric energy: 3.0896
Computing persistence on full 287 point cloud...
  H0 features: 242
  H1 features: 103
    PH-dimension: 1.68
    ✅ Added diagrams to collection (total: 19)
  Sample 20: P=53 tokens, H=11 tokens
    Point cloud breakdown:
      Premise: 53 + 53 + 53 = 371
      Hypothesis: 11 + 11 + 11 = 77
      Combined: 448 points
      Sufficient for PHD: ✅
    Model analysis:
      Order violation energy: 0.9251
      Asymmetric energy: 1.7997
Computing persistence on full 448 point cloud...
  H0 features: 327
  H1 features: 121
    PH-dimension: 1.57
    ✅ Added diagrams to collection (total: 20)
  Sample 21: P=34 tokens, H=10 tokens
    Point cloud breakdown:
      Premise: 34 + 34 + 34 = 238
      Hypothesis: 10 + 10 + 10 = 70
      Combined: 308 points
      Sufficient for PHD: ✅
    Model analysis:
      Order violation energy: 0.8296
      Asymmetric energy: 0.8991
Computing persistence on full 308 point cloud...
  H0 features: 233
  H1 features: 74
    PH-dimension: 1.64
    ✅ Added diagrams to collection (total: 21)
  Sample 22: P=36 tokens, H=13 tokens
    Point cloud breakdown:
      Premise: 36 + 36 + 36 = 252
      Hypothesis: 13 + 13 + 13 = 91
      Combined: 343 points
      Sufficient for PHD: ✅
    Model analysis:
      Order violation energy: 0.1799
      Asymmetric energy: 5.1443
Computing persistence on full 343 point cloud...
  H0 features: 284
  H1 features: 115
    PH-dimension: 1.92
    ✅ Added diagrams to collection (total: 22)
  Sample 23: P=58 tokens, H=7 tokens
    Point cloud breakdown:
      Premise: 58 + 58 + 58 = 406
      Hypothesis: 7 + 7 + 7 = 49
      Combined: 455 points
      Sufficient for PHD: ✅
    Model analysis:
      Order violation energy: 0.0014
      Asymmetric energy: 12.0307
Computing persistence on full 455 point cloud...
  H0 features: 385
  H1 features: 139
    PH-dimension: 1.99
    ✅ Added diagrams to collection (total: 23)
  Sample 24: P=22 tokens, H=22 tokens
    Point cloud breakdown:
      Premise: 22 + 22 + 22 = 154
      Hypothesis: 22 + 22 + 22 = 154
      Combined: 308 points
      Sufficient for PHD: ✅
    Model analysis:
      Order violation energy: 0.4395
      Asymmetric energy: 1.3349
Computing persistence on full 308 point cloud...
  H0 features: 253
  H1 features: 111
    PH-dimension: 1.51
    ✅ Added diagrams to collection (total: 24)
  Sample 25: P=30 tokens, H=12 tokens
    Point cloud breakdown:
      Premise: 30 + 30 + 30 = 210
      Hypothesis: 12 + 12 + 12 = 84
      Combined: 294 points
      Sufficient for PHD: ✅
    Model analysis:
      Order violation energy: 0.0105
      Asymmetric energy: 2.9297
Computing persistence on full 294 point cloud...
  H0 features: 240
  H1 features: 112
    PH-dimension: 1.58
    ✅ Added diagrams to collection (total: 25)
  Sample 26: P=40 tokens, H=10 tokens
    Point cloud breakdown:
      Premise: 40 + 40 + 40 = 280
      Hypothesis: 10 + 10 + 10 = 70
      Combined: 350 points
      Sufficient for PHD: ✅
    Model analysis:
      Order violation energy: 0.1613
      Asymmetric energy: 5.6346
Computing persistence on full 350 point cloud...
  H0 features: 274
  H1 features: 134
    PH-dimension: 2.13
    ✅ Added diagrams to collection (total: 26)
  Sample 27: P=28 tokens, H=21 tokens
    Point cloud breakdown:
      Premise: 28 + 28 + 28 = 196
      Hypothesis: 21 + 21 + 21 = 147
      Combined: 343 points
      Sufficient for PHD: ✅
    Model analysis:
      Order violation energy: 0.2502
      Asymmetric energy: 1.3302
Computing persistence on full 343 point cloud...
  H0 features: 289
  H1 features: 162
    PH-dimension: 1.63
    ✅ Added diagrams to collection (total: 27)
  Sample 28: P=25 tokens, H=21 tokens
    Point cloud breakdown:
      Premise: 25 + 25 + 25 = 175
      Hypothesis: 21 + 21 + 21 = 147
      Combined: 322 points
      Sufficient for PHD: ✅
    Model analysis:
      Order violation energy: 0.1603
      Asymmetric energy: 2.0068
Computing persistence on full 322 point cloud...
  H0 features: 268
  H1 features: 160
    PH-dimension: 2.28
    ✅ Added diagrams to collection (total: 28)
  Sample 29: P=44 tokens, H=10 tokens
    Point cloud breakdown:
      Premise: 44 + 44 + 44 = 308
      Hypothesis: 10 + 10 + 10 = 70
      Combined: 378 points
      Sufficient for PHD: ✅
    Model analysis:
      Order violation energy: 0.0327
      Asymmetric energy: 10.6374
Computing persistence on full 378 point cloud...
  H0 features: 317
  H1 features: 124
    PH-dimension: 2.31
    ✅ Added diagrams to collection (total: 29)
  Sample 30: P=27 tokens, H=16 tokens
    Point cloud breakdown:
      Premise: 27 + 27 + 27 = 189
      Hypothesis: 16 + 16 + 16 = 112
      Combined: 301 points
      Sufficient for PHD: ✅
    Model analysis:
      Order violation energy: 0.3771
      Asymmetric energy: 2.9038
Computing persistence on full 301 point cloud...
  H0 features: 243
  H1 features: 125
    PH-dimension: 1.69
    ✅ Added diagrams to collection (total: 30)
  Sample 31: P=30 tokens, H=10 tokens
    Point cloud breakdown:
      Premise: 30 + 30 + 30 = 210
      Hypothesis: 10 + 10 + 10 = 70
      Combined: 280 points
      Sufficient for PHD: ✅
    Model analysis:
      Order violation energy: 0.3913
      Asymmetric energy: 3.1439
Computing persistence on full 280 point cloud...
  H0 features: 237
  H1 features: 92
    PH-dimension: 1.60
    ✅ Added diagrams to collection (total: 31)
  Sample 32: P=38 tokens, H=11 tokens
    Point cloud breakdown:
      Premise: 38 + 38 + 38 = 266
      Hypothesis: 11 + 11 + 11 = 77
      Combined: 343 points
      Sufficient for PHD: ✅
    Model analysis:
      Order violation energy: 0.4034
      Asymmetric energy: 2.8799
Computing persistence on full 343 point cloud...
  H0 features: 280
  H1 features: 122
    PH-dimension: 1.64
    ✅ Added diagrams to collection (total: 32)
  Sample 33: P=24 tokens, H=16 tokens
    Point cloud breakdown:
      Premise: 24 + 24 + 24 = 168
      Hypothesis: 16 + 16 + 16 = 112
      Combined: 280 points
      Sufficient for PHD: ✅
    Model analysis:
      Order violation energy: 0.3425
      Asymmetric energy: 3.5752
Computing persistence on full 280 point cloud...
  H0 features: 229
  H1 features: 107
    PH-dimension: 1.83
    ✅ Added diagrams to collection (total: 33)
  Sample 34: P=23 tokens, H=22 tokens
    Point cloud breakdown:
      Premise: 23 + 23 + 23 = 161
      Hypothesis: 22 + 22 + 22 = 154
      Combined: 315 points
      Sufficient for PHD: ✅
    Model analysis:
      Order violation energy: 0.2851
      Asymmetric energy: 1.3363
Computing persistence on full 315 point cloud...
  H0 features: 250
  H1 features: 149
    PH-dimension: 1.67
    ✅ Added diagrams to collection (total: 34)
  Sample 35: P=39 tokens, H=7 tokens
    Point cloud breakdown:
      Premise: 39 + 39 + 39 = 273
      Hypothesis: 7 + 7 + 7 = 49
      Combined: 322 points
      Sufficient for PHD: ✅
    Model analysis:
      Order violation energy: 0.1183
      Asymmetric energy: 6.2513
Computing persistence on full 322 point cloud...
  H0 features: 263
  H1 features: 119
    PH-dimension: 2.73
    ✅ Added diagrams to collection (total: 35)
  Sample 36: P=28 tokens, H=26 tokens
    Point cloud breakdown:
      Premise: 28 + 28 + 28 = 196
      Hypothesis: 26 + 26 + 26 = 182
      Combined: 378 points
      Sufficient for PHD: ✅
    Model analysis:
      Order violation energy: 0.8474
      Asymmetric energy: 2.4265
Computing persistence on full 378 point cloud...
  H0 features: 312
  H1 features: 123
    PH-dimension: 2.06
    ✅ Added diagrams to collection (total: 36)
  Sample 37: P=41 tokens, H=9 tokens
    Point cloud breakdown:
      Premise: 41 + 41 + 41 = 287
      Hypothesis: 9 + 9 + 9 = 63
      Combined: 350 points
      Sufficient for PHD: ✅
    Model analysis:
      Order violation energy: 0.2036
      Asymmetric energy: 4.3203
Computing persistence on full 350 point cloud...
  H0 features: 294
  H1 features: 126
    PH-dimension: 1.56
    ✅ Added diagrams to collection (total: 37)
  Sample 38: P=32 tokens, H=13 tokens
    Point cloud breakdown:
      Premise: 32 + 32 + 32 = 224
      Hypothesis: 13 + 13 + 13 = 91
      Combined: 315 points
      Sufficient for PHD: ✅
    Model analysis:
      Order violation energy: 0.0478
      Asymmetric energy: 5.4473
Computing persistence on full 315 point cloud...
  H0 features: 257
  H1 features: 123
    PH-dimension: 2.01
    ✅ Added diagrams to collection (total: 38)
  Sample 39: P=30 tokens, H=13 tokens
    Point cloud breakdown:
      Premise: 30 + 30 + 30 = 210
      Hypothesis: 13 + 13 + 13 = 91
      Combined: 301 points
      Sufficient for PHD: ✅
    Model analysis:
      Order violation energy: 0.3404
      Asymmetric energy: 1.6688
Computing persistence on full 301 point cloud...
  H0 features: 249
  H1 features: 130
    PH-dimension: 2.41
    ✅ Added diagrams to collection (total: 39)
  Sample 40: P=24 tokens, H=17 tokens
    Point cloud breakdown:
      Premise: 24 + 24 + 24 = 168
      Hypothesis: 17 + 17 + 17 = 119
      Combined: 287 points
      Sufficient for PHD: ✅
    Model analysis:
      Order violation energy: 0.0148
      Asymmetric energy: 1.3706
Computing persistence on full 287 point cloud...
  H0 features: 236
  H1 features: 120
    PH-dimension: 1.37
    ✅ Added diagrams to collection (total: 40)
  Sample 41: P=24 tokens, H=19 tokens
    Point cloud breakdown:
      Premise: 24 + 24 + 24 = 168
      Hypothesis: 19 + 19 + 19 = 133
      Combined: 301 points
      Sufficient for PHD: ✅
    Model analysis:
      Order violation energy: 0.2417
      Asymmetric energy: 1.5455
Computing persistence on full 301 point cloud...
  H0 features: 233
  H1 features: 140
    PH-dimension: 1.56
    ✅ Added diagrams to collection (total: 41)
  Sample 42: P=30 tokens, H=10 tokens
    Point cloud breakdown:
      Premise: 30 + 30 + 30 = 210
      Hypothesis: 10 + 10 + 10 = 70
      Combined: 280 points
      Sufficient for PHD: ✅
    Model analysis:
      Order violation energy: 1.4264
      Asymmetric energy: 2.3762
Computing persistence on full 280 point cloud...
  H0 features: 227
  H1 features: 84
    PH-dimension: 1.64
    ✅ Added diagrams to collection (total: 42)
  Sample 43: P=57 tokens, H=15 tokens
    Point cloud breakdown:
      Premise: 57 + 57 + 57 = 399
      Hypothesis: 15 + 15 + 15 = 105
      Combined: 504 points
      Sufficient for PHD: ✅
    Model analysis:
      Order violation energy: 1.3872
      Asymmetric energy: 2.3780
Computing persistence on full 504 point cloud...
  H0 features: 410
  H1 features: 165
    PH-dimension: 1.95
    ✅ Added diagrams to collection (total: 43)
  Sample 44: P=30 tokens, H=10 tokens
    Point cloud breakdown:
      Premise: 30 + 30 + 30 = 210
      Hypothesis: 10 + 10 + 10 = 70
      Combined: 280 points
      Sufficient for PHD: ✅
    Model analysis:
      Order violation energy: 0.4141
      Asymmetric energy: 2.0147
Computing persistence on full 280 point cloud...
  H0 features: 235
  H1 features: 100
    PH-dimension: 1.71
    ✅ Added diagrams to collection (total: 44)
  Sample 45: P=22 tokens, H=23 tokens
    Point cloud breakdown:
      Premise: 22 + 22 + 22 = 154
      Hypothesis: 23 + 23 + 23 = 161
      Combined: 315 points
      Sufficient for PHD: ✅
    Model analysis:
      Order violation energy: 0.2567
      Asymmetric energy: 1.1717
Computing persistence on full 315 point cloud...
  H0 features: 246
  H1 features: 110
    PH-dimension: 1.40
    ✅ Added diagrams to collection (total: 45)
  Sample 46: P=33 tokens, H=14 tokens
    Point cloud breakdown:
      Premise: 33 + 33 + 33 = 231
      Hypothesis: 14 + 14 + 14 = 98
      Combined: 329 points
      Sufficient for PHD: ✅
    Model analysis:
      Order violation energy: 0.0453
      Asymmetric energy: 7.2618
Computing persistence on full 329 point cloud...
  H0 features: 285
  H1 features: 118
    PH-dimension: 2.11
    ✅ Added diagrams to collection (total: 46)
  Sample 47: P=32 tokens, H=8 tokens
    Point cloud breakdown:
      Premise: 32 + 32 + 32 = 224
      Hypothesis: 8 + 8 + 8 = 56
      Combined: 280 points
      Sufficient for PHD: ✅
    Model analysis:
      Order violation energy: 0.1837
      Asymmetric energy: 3.8889
Computing persistence on full 280 point cloud...
  H0 features: 232
  H1 features: 95
    PH-dimension: 1.64
    ✅ Added diagrams to collection (total: 47)
  Sample 48: P=26 tokens, H=19 tokens
    Point cloud breakdown:
      Premise: 26 + 26 + 26 = 182
      Hypothesis: 19 + 19 + 19 = 133
      Combined: 315 points
      Sufficient for PHD: ✅
    Model analysis:
      Order violation energy: 0.1387
      Asymmetric energy: 2.2404
Computing persistence on full 315 point cloud...
  H0 features: 257
  H1 features: 160
    PH-dimension: 1.74
    ✅ Added diagrams to collection (total: 48)
  Sample 49: P=31 tokens, H=14 tokens
    Point cloud breakdown:
      Premise: 31 + 31 + 31 = 217
      Hypothesis: 14 + 14 + 14 = 98
      Combined: 315 points
      Sufficient for PHD: ✅
    Model analysis:
      Order violation energy: 0.0364
      Asymmetric energy: 9.2639
Computing persistence on full 315 point cloud...
  H0 features: 269
  H1 features: 130
    PH-dimension: 1.68
    ✅ Added diagrams to collection (total: 49)
  Sample 50: P=36 tokens, H=16 tokens
    Point cloud breakdown:
      Premise: 36 + 36 + 36 = 252
      Hypothesis: 16 + 16 + 16 = 112
      Combined: 364 points
      Sufficient for PHD: ✅
    Model analysis:
      Order violation energy: 1.1470
      Asymmetric energy: 1.6275
Computing persistence on full 364 point cloud...
  H0 features: 274
  H1 features: 92
    PH-dimension: 1.88
    ✅ Added diagrams to collection (total: 50)
  Sample 51: P=25 tokens, H=15 tokens
    Point cloud breakdown:
      Premise: 25 + 25 + 25 = 175
      Hypothesis: 15 + 15 + 15 = 105
      Combined: 280 points
      Sufficient for PHD: ✅
    Model analysis:
      Order violation energy: 0.6780
      Asymmetric energy: 2.1027
Computing persistence on full 280 point cloud...
  H0 features: 221
  H1 features: 109
    PH-dimension: 1.59
    ✅ Added diagrams to collection (total: 51)
  Sample 52: P=43 tokens, H=12 tokens
    Point cloud breakdown:
      Premise: 43 + 43 + 43 = 301
      Hypothesis: 12 + 12 + 12 = 84
      Combined: 385 points
      Sufficient for PHD: ✅
    Model analysis:
      Order violation energy: 0.4734
      Asymmetric energy: 3.0260
Computing persistence on full 385 point cloud...
  H0 features: 328
  H1 features: 141
    PH-dimension: 1.59
    ✅ Added diagrams to collection (total: 52)
  Sample 53: P=38 tokens, H=14 tokens
    Point cloud breakdown:
      Premise: 38 + 38 + 38 = 266
      Hypothesis: 14 + 14 + 14 = 98
      Combined: 364 points
      Sufficient for PHD: ✅
    Model analysis:
      Order violation energy: 0.0663
      Asymmetric energy: 3.6017
Computing persistence on full 364 point cloud...
  H0 features: 288
  H1 features: 138
    PH-dimension: 2.24
    ✅ Added diagrams to collection (total: 53)
  Sample 54: P=50 tokens, H=7 tokens
    Point cloud breakdown:
      Premise: 50 + 50 + 50 = 350
      Hypothesis: 7 + 7 + 7 = 49
      Combined: 399 points
      Sufficient for PHD: ✅
    Model analysis:
      Order violation energy: 0.6658
      Asymmetric energy: 4.1248
Computing persistence on full 399 point cloud...
  H0 features: 330
  H1 features: 152
    PH-dimension: 2.24
    ✅ Added diagrams to collection (total: 54)
  Sample 55: P=43 tokens, H=8 tokens
    Point cloud breakdown:
      Premise: 43 + 43 + 43 = 301
      Hypothesis: 8 + 8 + 8 = 56
      Combined: 357 points
      Sufficient for PHD: ✅
    Model analysis:
      Order violation energy: 0.3747
      Asymmetric energy: 2.3874
Computing persistence on full 357 point cloud...
  H0 features: 294
  H1 features: 158
    PH-dimension: 1.67
    ✅ Added diagrams to collection (total: 55)
  Sample 56: P=31 tokens, H=11 tokens
    Point cloud breakdown:
      Premise: 31 + 31 + 31 = 217
      Hypothesis: 11 + 11 + 11 = 77
      Combined: 294 points
      Sufficient for PHD: ✅
    Model analysis:
      Order violation energy: 0.5290
      Asymmetric energy: 2.5091
Computing persistence on full 294 point cloud...
  H0 features: 246
  H1 features: 148
    PH-dimension: 1.97
    ✅ Added diagrams to collection (total: 56)
  Sample 57: P=55 tokens, H=11 tokens
    Point cloud breakdown:
      Premise: 55 + 55 + 55 = 385
      Hypothesis: 11 + 11 + 11 = 77
      Combined: 462 points
      Sufficient for PHD: ✅
    Model analysis:
      Order violation energy: 0.1654
      Asymmetric energy: 4.1711
Computing persistence on full 462 point cloud...
  H0 features: 381
  H1 features: 180
    PH-dimension: 2.06
    ✅ Added diagrams to collection (total: 57)
  Sample 58: P=32 tokens, H=8 tokens
    Point cloud breakdown:
      Premise: 32 + 32 + 32 = 224
      Hypothesis: 8 + 8 + 8 = 56
      Combined: 280 points
      Sufficient for PHD: ✅
    Model analysis:
      Order violation energy: 0.9828
      Asymmetric energy: 3.7943
Computing persistence on full 280 point cloud...
  H0 features: 228
  H1 features: 111
    PH-dimension: 1.72
    ✅ Added diagrams to collection (total: 58)
  Sample 59: P=33 tokens, H=10 tokens
    Point cloud breakdown:
      Premise: 33 + 33 + 33 = 231
      Hypothesis: 10 + 10 + 10 = 70
      Combined: 301 points
      Sufficient for PHD: ✅
    Model analysis:
      Order violation energy: 0.1221
      Asymmetric energy: 2.3348
Computing persistence on full 301 point cloud...
  H0 features: 251
  H1 features: 128
    PH-dimension: 1.56
    ✅ Added diagrams to collection (total: 59)
  Sample 60: P=24 tokens, H=26 tokens
    Point cloud breakdown:
      Premise: 24 + 24 + 24 = 168
      Hypothesis: 26 + 26 + 26 = 182
      Combined: 350 points
      Sufficient for PHD: ✅
    Model analysis:
      Order violation energy: 0.2876
      Asymmetric energy: 1.1595
Computing persistence on full 350 point cloud...
  H0 features: 271
  H1 features: 92
    PH-dimension: 1.55
    ✅ Added diagrams to collection (total: 60)
  Sample 61: P=33 tokens, H=19 tokens
    Point cloud breakdown:
      Premise: 33 + 33 + 33 = 231
      Hypothesis: 19 + 19 + 19 = 133
      Combined: 364 points
      Sufficient for PHD: ✅
    Model analysis:
      Order violation energy: 1.0670
      Asymmetric energy: 2.6481
Computing persistence on full 364 point cloud...
  H0 features: 289
  H1 features: 124
    PH-dimension: 1.98
    ✅ Added diagrams to collection (total: 61)
  Sample 62: P=22 tokens, H=21 tokens
    Point cloud breakdown:
      Premise: 22 + 22 + 22 = 154
      Hypothesis: 21 + 21 + 21 = 147
      Combined: 301 points
      Sufficient for PHD: ✅
    Model analysis:
      Order violation energy: 1.2047
      Asymmetric energy: 2.3559
Computing persistence on full 301 point cloud...
  H0 features: 243
  H1 features: 88
    PH-dimension: 1.64
    ✅ Added diagrams to collection (total: 62)
  Sample 63: P=24 tokens, H=16 tokens
    Point cloud breakdown:
      Premise: 24 + 24 + 24 = 168
      Hypothesis: 16 + 16 + 16 = 112
      Combined: 280 points
      Sufficient for PHD: ✅
    Model analysis:
      Order violation energy: 0.7503
      Asymmetric energy: 1.4174
Computing persistence on full 280 point cloud...
  H0 features: 230
  H1 features: 114
    PH-dimension: 1.86
    ✅ Added diagrams to collection (total: 63)
  Sample 64: P=29 tokens, H=11 tokens
    Point cloud breakdown:
      Premise: 29 + 29 + 29 = 203
      Hypothesis: 11 + 11 + 11 = 77
      Combined: 280 points
      Sufficient for PHD: ✅
    Model analysis:
      Order violation energy: 0.0780
      Asymmetric energy: 4.2303
Computing persistence on full 280 point cloud...
  H0 features: 234
  H1 features: 116
    PH-dimension: 1.72
    ✅ Added diagrams to collection (total: 64)
  Sample 65: P=32 tokens, H=10 tokens
    Point cloud breakdown:
      Premise: 32 + 32 + 32 = 224
      Hypothesis: 10 + 10 + 10 = 70
      Combined: 294 points
      Sufficient for PHD: ✅
    Model analysis:
      Order violation energy: 0.0709
      Asymmetric energy: 10.3126
Computing persistence on full 294 point cloud...
  H0 features: 250
  H1 features: 86
    PH-dimension: 1.99
    ✅ Added diagrams to collection (total: 65)
  Sample 66: P=39 tokens, H=13 tokens
    Point cloud breakdown:
      Premise: 39 + 39 + 39 = 273
      Hypothesis: 13 + 13 + 13 = 91
      Combined: 364 points
      Sufficient for PHD: ✅
    Model analysis:
      Order violation energy: 0.1763
      Asymmetric energy: 5.5778
Computing persistence on full 364 point cloud...
  H0 features: 300
  H1 features: 140
    PH-dimension: 2.07
    ✅ Added diagrams to collection (total: 66)
  Sample 67: P=21 tokens, H=21 tokens
    Point cloud breakdown:
      Premise: 21 + 21 + 21 = 147
      Hypothesis: 21 + 21 + 21 = 147
      Combined: 294 points
      Sufficient for PHD: ✅
    Model analysis:
      Order violation energy: 0.1835
      Asymmetric energy: 0.7599
Computing persistence on full 294 point cloud...
  H0 features: 235
  H1 features: 109
    PH-dimension: 1.55
    ✅ Added diagrams to collection (total: 67)
  Sample 68: P=26 tokens, H=14 tokens
    Point cloud breakdown:
      Premise: 26 + 26 + 26 = 182
      Hypothesis: 14 + 14 + 14 = 98
      Combined: 280 points
      Sufficient for PHD: ✅
    Model analysis:
      Order violation energy: 0.1284
      Asymmetric energy: 2.5849
Computing persistence on full 280 point cloud...
  H0 features: 231
  H1 features: 107
    PH-dimension: 1.59
    ✅ Added diagrams to collection (total: 68)
  Sample 69: P=32 tokens, H=9 tokens
    Point cloud breakdown:
      Premise: 32 + 32 + 32 = 224
      Hypothesis: 9 + 9 + 9 = 63
      Combined: 287 points
      Sufficient for PHD: ✅
    Model analysis:
      Order violation energy: 1.4766
      Asymmetric energy: 2.5134
Computing persistence on full 287 point cloud...
  H0 features: 240
  H1 features: 84
    PH-dimension: 1.30
    ✅ Added diagrams to collection (total: 69)
  Sample 70: P=25 tokens, H=21 tokens
    Point cloud breakdown:
      Premise: 25 + 25 + 25 = 175
      Hypothesis: 21 + 21 + 21 = 147
      Combined: 322 points
      Sufficient for PHD: ✅
    Model analysis:
      Order violation energy: 0.3865
      Asymmetric energy: 3.8786
Computing persistence on full 322 point cloud...
  H0 features: 262
  H1 features: 130
    PH-dimension: 2.18
    ✅ Added diagrams to collection (total: 70)
  Sample 71: P=31 tokens, H=11 tokens
    Point cloud breakdown:
      Premise: 31 + 31 + 31 = 217
      Hypothesis: 11 + 11 + 11 = 77
      Combined: 294 points
      Sufficient for PHD: ✅
    Model analysis:
      Order violation energy: 1.2255
      Asymmetric energy: 1.5557
Computing persistence on full 294 point cloud...
  H0 features: 231
  H1 features: 63
    PH-dimension: 1.78
    ✅ Added diagrams to collection (total: 71)
  Sample 72: P=38 tokens, H=15 tokens
    Point cloud breakdown:
      Premise: 38 + 38 + 38 = 266
      Hypothesis: 15 + 15 + 15 = 105
      Combined: 371 points
      Sufficient for PHD: ✅
    Model analysis:
      Order violation energy: 0.3347
      Asymmetric energy: 3.1168
Computing persistence on full 371 point cloud...
  H0 features: 312
  H1 features: 147
    PH-dimension: 1.72
    ✅ Added diagrams to collection (total: 72)
  Sample 73: P=33 tokens, H=13 tokens
    Point cloud breakdown:
      Premise: 33 + 33 + 33 = 231
      Hypothesis: 13 + 13 + 13 = 91
      Combined: 322 points
      Sufficient for PHD: ✅
    Model analysis:
      Order violation energy: 0.1694
      Asymmetric energy: 5.3332
Computing persistence on full 322 point cloud...
  H0 features: 261
  H1 features: 119
    PH-dimension: 2.10
    ✅ Added diagrams to collection (total: 73)
  Sample 74: P=26 tokens, H=17 tokens
    Point cloud breakdown:
      Premise: 26 + 26 + 26 = 182
      Hypothesis: 17 + 17 + 17 = 119
      Combined: 301 points
      Sufficient for PHD: ✅
    Model analysis:
      Order violation energy: 0.6489
      Asymmetric energy: 1.4566
Computing persistence on full 301 point cloud...
  H0 features: 249
  H1 features: 134
    PH-dimension: 1.61
    ✅ Added diagrams to collection (total: 74)
  Sample 75: P=21 tokens, H=24 tokens
    Point cloud breakdown:
      Premise: 21 + 21 + 21 = 147
      Hypothesis: 24 + 24 + 24 = 168
      Combined: 315 points
      Sufficient for PHD: ✅
    Model analysis:
      Order violation energy: 1.6200
      Asymmetric energy: 3.3044
Computing persistence on full 315 point cloud...
  H0 features: 256
  H1 features: 137
    PH-dimension: 1.71
    ✅ Added diagrams to collection (total: 75)
  Sample 76: P=28 tokens, H=17 tokens
    Point cloud breakdown:
      Premise: 28 + 28 + 28 = 196
      Hypothesis: 17 + 17 + 17 = 119
      Combined: 315 points
      Sufficient for PHD: ✅
    Model analysis:
      Order violation energy: 0.0787
      Asymmetric energy: 3.7391
Computing persistence on full 315 point cloud...
  H0 features: 259
  H1 features: 149
    PH-dimension: 1.71
    ✅ Added diagrams to collection (total: 76)
  Sample 77: P=24 tokens, H=17 tokens
    Point cloud breakdown:
      Premise: 24 + 24 + 24 = 168
      Hypothesis: 17 + 17 + 17 = 119
      Combined: 287 points
      Sufficient for PHD: ✅
    Model analysis:
      Order violation energy: 0.2243
      Asymmetric energy: 1.0867
Computing persistence on full 287 point cloud...
  H0 features: 241
  H1 features: 152
    PH-dimension: 1.58
    ✅ Added diagrams to collection (total: 77)
  Sample 78: P=45 tokens, H=7 tokens
    Point cloud breakdown:
      Premise: 45 + 45 + 45 = 315
      Hypothesis: 7 + 7 + 7 = 49
      Combined: 364 points
      Sufficient for PHD: ✅
    Model analysis:
      Order violation energy: 0.2175
      Asymmetric energy: 4.4340
Computing persistence on full 364 point cloud...
  H0 features: 302
  H1 features: 152
    PH-dimension: 1.60
    ✅ Added diagrams to collection (total: 78)
  Sample 79: P=25 tokens, H=17 tokens
    Point cloud breakdown:
      Premise: 25 + 25 + 25 = 175
      Hypothesis: 17 + 17 + 17 = 119
      Combined: 294 points
      Sufficient for PHD: ✅
    Model analysis:
      Order violation energy: 0.9627
      Asymmetric energy: 2.1866
Computing persistence on full 294 point cloud...
  H0 features: 237
  H1 features: 91
    PH-dimension: 1.53
    ✅ Added diagrams to collection (total: 79)
  Sample 80: P=31 tokens, H=11 tokens
    Point cloud breakdown:
      Premise: 31 + 31 + 31 = 217
      Hypothesis: 11 + 11 + 11 = 77
      Combined: 294 points
      Sufficient for PHD: ✅
    Model analysis:
      Order violation energy: 0.5615
      Asymmetric energy: 3.5630
Computing persistence on full 294 point cloud...
  H0 features: 244
  H1 features: 118
    PH-dimension: 1.67
    ✅ Added diagrams to collection (total: 80)
  Sample 81: P=30 tokens, H=13 tokens
    Point cloud breakdown:
      Premise: 30 + 30 + 30 = 210
      Hypothesis: 13 + 13 + 13 = 91
      Combined: 301 points
      Sufficient for PHD: ✅
    Model analysis:
      Order violation energy: 0.1493
      Asymmetric energy: 4.0285
Computing persistence on full 301 point cloud...
  H0 features: 248
  H1 features: 125
    PH-dimension: 1.62
    ✅ Added diagrams to collection (total: 81)
  Sample 82: P=22 tokens, H=21 tokens
    Point cloud breakdown:
      Premise: 22 + 22 + 22 = 154
      Hypothesis: 21 + 21 + 21 = 147
      Combined: 301 points
      Sufficient for PHD: ✅
    Model analysis:
      Order violation energy: 0.0362
      Asymmetric energy: 0.4770
Computing persistence on full 301 point cloud...
  H0 features: 248
  H1 features: 99
    PH-dimension: 1.30
    ✅ Added diagrams to collection (total: 82)
  Sample 83: P=24 tokens, H=18 tokens
    Point cloud breakdown:
      Premise: 24 + 24 + 24 = 168
      Hypothesis: 18 + 18 + 18 = 126
      Combined: 294 points
      Sufficient for PHD: ✅
    Model analysis:
      Order violation energy: 0.6461
      Asymmetric energy: 1.9150
Computing persistence on full 294 point cloud...
  H0 features: 246
  H1 features: 126
    PH-dimension: 1.55
    ✅ Added diagrams to collection (total: 83)
  Sample 84: P=36 tokens, H=9 tokens
    Point cloud breakdown:
      Premise: 36 + 36 + 36 = 252
      Hypothesis: 9 + 9 + 9 = 63
      Combined: 315 points
      Sufficient for PHD: ✅
    Model analysis:
      Order violation energy: 0.0329
      Asymmetric energy: 5.4290
Computing persistence on full 315 point cloud...
  H0 features: 257
  H1 features: 126
    PH-dimension: 1.89
    ✅ Added diagrams to collection (total: 84)
  Sample 85: P=41 tokens, H=5 tokens
    Point cloud breakdown:
      Premise: 41 + 41 + 41 = 287
      Hypothesis: 5 + 5 + 5 = 35
      Combined: 322 points
      Sufficient for PHD: ✅
    Model analysis:
      Order violation energy: 0.1096
      Asymmetric energy: 4.9458
Computing persistence on full 322 point cloud...
  H0 features: 255
  H1 features: 127
    PH-dimension: 1.91
    ✅ Added diagrams to collection (total: 85)
  Sample 86: P=28 tokens, H=13 tokens
    Point cloud breakdown:
      Premise: 28 + 28 + 28 = 196
      Hypothesis: 13 + 13 + 13 = 91
      Combined: 287 points
      Sufficient for PHD: ✅
    Model analysis:
      Order violation energy: 0.2272
      Asymmetric energy: 1.6560
Computing persistence on full 287 point cloud...
  H0 features: 234
  H1 features: 124
    PH-dimension: 1.98
    ✅ Added diagrams to collection (total: 86)
  Sample 87: P=29 tokens, H=13 tokens
    Point cloud breakdown:
      Premise: 29 + 29 + 29 = 203
      Hypothesis: 13 + 13 + 13 = 91
      Combined: 294 points
      Sufficient for PHD: ✅
    Model analysis:
      Order violation energy: 0.2463
      Asymmetric energy: 1.7101
Computing persistence on full 294 point cloud...
  H0 features: 244
  H1 features: 113
    PH-dimension: 1.59
    ✅ Added diagrams to collection (total: 87)
  Sample 88: P=33 tokens, H=17 tokens
    Point cloud breakdown:
      Premise: 33 + 33 + 33 = 231
      Hypothesis: 17 + 17 + 17 = 119
      Combined: 350 points
      Sufficient for PHD: ✅
    Model analysis:
      Order violation energy: 0.2946
      Asymmetric energy: 3.3553
Computing persistence on full 350 point cloud...
  H0 features: 301
  H1 features: 160
    PH-dimension: 1.93
    ✅ Added diagrams to collection (total: 88)
  Sample 89: P=41 tokens, H=7 tokens
    Point cloud breakdown:
      Premise: 41 + 41 + 41 = 287
      Hypothesis: 7 + 7 + 7 = 49
      Combined: 336 points
      Sufficient for PHD: ✅
    Model analysis:
      Order violation energy: 0.0100
      Asymmetric energy: 8.7867
Computing persistence on full 336 point cloud...
  H0 features: 279
  H1 features: 127
    PH-dimension: 1.92
    ✅ Added diagrams to collection (total: 89)
  Sample 90: P=34 tokens, H=7 tokens
    Point cloud breakdown:
      Premise: 34 + 34 + 34 = 238
      Hypothesis: 7 + 7 + 7 = 49
      Combined: 287 points
      Sufficient for PHD: ✅
    Model analysis:
      Order violation energy: 0.3348
      Asymmetric energy: 3.9791
Computing persistence on full 287 point cloud...
  H0 features: 229
  H1 features: 110
    PH-dimension: 1.80
    ✅ Added diagrams to collection (total: 90)
  Sample 91: P=30 tokens, H=16 tokens
    Point cloud breakdown:
      Premise: 30 + 30 + 30 = 210
      Hypothesis: 16 + 16 + 16 = 112
      Combined: 322 points
      Sufficient for PHD: ✅
    Model analysis:
      Order violation energy: 0.1072
      Asymmetric energy: 3.5431
Computing persistence on full 322 point cloud...
  H0 features: 276
  H1 features: 145
    PH-dimension: 1.83
    ✅ Added diagrams to collection (total: 91)
  Sample 92: P=29 tokens, H=17 tokens
    Point cloud breakdown:
      Premise: 29 + 29 + 29 = 203
      Hypothesis: 17 + 17 + 17 = 119
      Combined: 322 points
      Sufficient for PHD: ✅
    Model analysis:
      Order violation energy: 1.2778
      Asymmetric energy: 1.9146
Computing persistence on full 322 point cloud...
  H0 features: 242
  H1 features: 86
    PH-dimension: 1.53
    ✅ Added diagrams to collection (total: 92)
  Sample 93: P=27 tokens, H=17 tokens
    Point cloud breakdown:
      Premise: 27 + 27 + 27 = 189
      Hypothesis: 17 + 17 + 17 = 119
      Combined: 308 points
      Sufficient for PHD: ✅
    Model analysis:
      Order violation energy: 0.5676
      Asymmetric energy: 3.4782
Computing persistence on full 308 point cloud...
  H0 features: 247
  H1 features: 133
    PH-dimension: 2.12
    ✅ Added diagrams to collection (total: 93)
  Sample 94: P=27 tokens, H=13 tokens
    Point cloud breakdown:
      Premise: 27 + 27 + 27 = 189
      Hypothesis: 13 + 13 + 13 = 91
      Combined: 280 points
      Sufficient for PHD: ✅
    Model analysis:
      Order violation energy: 0.0171
      Asymmetric energy: 7.4720
Computing persistence on full 280 point cloud...
  H0 features: 222
  H1 features: 99
    PH-dimension: 1.81
    ✅ Added diagrams to collection (total: 94)
  Sample 95: P=29 tokens, H=12 tokens
    Point cloud breakdown:
      Premise: 29 + 29 + 29 = 203
      Hypothesis: 12 + 12 + 12 = 84
      Combined: 287 points
      Sufficient for PHD: ✅
    Model analysis:
      Order violation energy: 0.4359
      Asymmetric energy: 2.7745
Computing persistence on full 287 point cloud...
  H0 features: 239
  H1 features: 98
    PH-dimension: 1.88
    ✅ Added diagrams to collection (total: 95)
  Sample 96: P=24 tokens, H=24 tokens
    Point cloud breakdown:
      Premise: 24 + 24 + 24 = 168
      Hypothesis: 24 + 24 + 24 = 168
      Combined: 336 points
      Sufficient for PHD: ✅
    Model analysis:
      Order violation energy: 0.0300
      Asymmetric energy: 1.1827
Computing persistence on full 336 point cloud...
  H0 features: 284
  H1 features: 170
    PH-dimension: 1.54
    ✅ Added diagrams to collection (total: 96)
  Sample 97: P=41 tokens, H=9 tokens
    Point cloud breakdown:
      Premise: 41 + 41 + 41 = 287
      Hypothesis: 9 + 9 + 9 = 63
      Combined: 350 points
      Sufficient for PHD: ✅
    Model analysis:
      Order violation energy: 0.4330
      Asymmetric energy: 7.2032
Computing persistence on full 350 point cloud...
  H0 features: 291
  H1 features: 119
    PH-dimension: 1.79
    ✅ Added diagrams to collection (total: 97)
  Sample 98: P=22 tokens, H=18 tokens
    Point cloud breakdown:
      Premise: 22 + 22 + 22 = 154
      Hypothesis: 18 + 18 + 18 = 126
      Combined: 280 points
      Sufficient for PHD: ✅
    Model analysis:
      Order violation energy: 0.4867
      Asymmetric energy: 1.5675
Computing persistence on full 280 point cloud...
  H0 features: 236
  H1 features: 114
    PH-dimension: 1.67
    ✅ Added diagrams to collection (total: 98)
  Sample 99: P=27 tokens, H=13 tokens
    Point cloud breakdown:
      Premise: 27 + 27 + 27 = 189
      Hypothesis: 13 + 13 + 13 = 91
      Combined: 280 points
      Sufficient for PHD: ✅
    Model analysis:
      Order violation energy: 0.3612
      Asymmetric energy: 1.6947
Computing persistence on full 280 point cloud...
  H0 features: 233
  H1 features: 123
    PH-dimension: 1.90
    ✅ Added diagrams to collection (total: 99)
  Sample 100: P=29 tokens, H=14 tokens
    Point cloud breakdown:
      Premise: 29 + 29 + 29 = 203
      Hypothesis: 14 + 14 + 14 = 98
      Combined: 301 points
      Sufficient for PHD: ✅
    Model analysis:
      Order violation energy: 0.1472
      Asymmetric energy: 4.3798
Computing persistence on full 301 point cloud...
  H0 features: 248
  H1 features: 135
    PH-dimension: 1.74
    ✅ Added diagrams to collection (total: 100)

Processing neutral samples...
  Sample 1: P=33 tokens, H=13 tokens
    Point cloud breakdown:
      Premise: 33 + 33 + 33 = 231
      Hypothesis: 13 + 13 + 13 = 91
      Combined: 322 points
      Sufficient for PHD: ✅
    Model analysis:
      Order violation energy: 2.4756
      Asymmetric energy: 2.2147
Computing persistence on full 322 point cloud...
  H0 features: 267
  H1 features: 111
    PH-dimension: 1.80
    ✅ Added diagrams to collection (total: 101)
  Sample 2: P=26 tokens, H=16 tokens
    Point cloud breakdown:
      Premise: 26 + 26 + 26 = 182
      Hypothesis: 16 + 16 + 16 = 112
      Combined: 294 points
      Sufficient for PHD: ✅
    Model analysis:
      Order violation energy: 1.0725
      Asymmetric energy: 1.6250
Computing persistence on full 294 point cloud...
  H0 features: 218
  H1 features: 75
    PH-dimension: 2.44
    ✅ Added diagrams to collection (total: 102)
  Sample 3: P=33 tokens, H=14 tokens
    Point cloud breakdown:
      Premise: 33 + 33 + 33 = 231
      Hypothesis: 14 + 14 + 14 = 98
      Combined: 329 points
      Sufficient for PHD: ✅
    Model analysis:
      Order violation energy: 0.4913
      Asymmetric energy: 1.6496
Computing persistence on full 329 point cloud...
  H0 features: 279
  H1 features: 138
    PH-dimension: 1.72
    ✅ Added diagrams to collection (total: 103)
  Sample 4: P=32 tokens, H=12 tokens
    Point cloud breakdown:
      Premise: 32 + 32 + 32 = 224
      Hypothesis: 12 + 12 + 12 = 84
      Combined: 308 points
      Sufficient for PHD: ✅
    Model analysis:
      Order violation energy: 0.1544
      Asymmetric energy: 4.2375
Computing persistence on full 308 point cloud...
  H0 features: 259
  H1 features: 99
    PH-dimension: 1.73
    ✅ Added diagrams to collection (total: 104)
  Sample 5: P=31 tokens, H=13 tokens
    Point cloud breakdown:
      Premise: 31 + 31 + 31 = 217
      Hypothesis: 13 + 13 + 13 = 91
      Combined: 308 points
      Sufficient for PHD: ✅
    Model analysis:
      Order violation energy: 4.7938
      Asymmetric energy: 5.0317
Computing persistence on full 308 point cloud...
  H0 features: 254
  H1 features: 116
    PH-dimension: 1.59
    ✅ Added diagrams to collection (total: 105)
  Sample 6: P=26 tokens, H=18 tokens
    Point cloud breakdown:
      Premise: 26 + 26 + 26 = 182
      Hypothesis: 18 + 18 + 18 = 126
      Combined: 308 points
      Sufficient for PHD: ✅
    Model analysis:
      Order violation energy: 0.9457
      Asymmetric energy: 3.0361
Computing persistence on full 308 point cloud...
  H0 features: 254
  H1 features: 100
    PH-dimension: 1.30
    ✅ Added diagrams to collection (total: 106)
  Sample 7: P=57 tokens, H=12 tokens
    Point cloud breakdown:
      Premise: 57 + 57 + 57 = 399
      Hypothesis: 12 + 12 + 12 = 84
      Combined: 483 points
      Sufficient for PHD: ✅
    Model analysis:
      Order violation energy: 0.7243
      Asymmetric energy: 3.0469
Computing persistence on full 483 point cloud...
  H0 features: 403
  H1 features: 188
    PH-dimension: 2.01
    ✅ Added diagrams to collection (total: 107)
  Sample 8: P=31 tokens, H=9 tokens
    Point cloud breakdown:
      Premise: 31 + 31 + 31 = 217
      Hypothesis: 9 + 9 + 9 = 63
      Combined: 280 points
      Sufficient for PHD: ✅
    Model analysis:
      Order violation energy: 1.2409
      Asymmetric energy: 2.8314
Computing persistence on full 280 point cloud...
  H0 features: 234
  H1 features: 97
    PH-dimension: 1.69
    ✅ Added diagrams to collection (total: 108)
  Sample 9: P=28 tokens, H=12 tokens
    Point cloud breakdown:
      Premise: 28 + 28 + 28 = 196
      Hypothesis: 12 + 12 + 12 = 84
      Combined: 280 points
      Sufficient for PHD: ✅
    Model analysis:
      Order violation energy: 1.2987
      Asymmetric energy: 2.3796
Computing persistence on full 280 point cloud...
  H0 features: 227
  H1 features: 79
    PH-dimension: 1.76
    ✅ Added diagrams to collection (total: 109)
  Sample 10: P=39 tokens, H=15 tokens
    Point cloud breakdown:
      Premise: 39 + 39 + 39 = 273
      Hypothesis: 15 + 15 + 15 = 105
      Combined: 378 points
      Sufficient for PHD: ✅
    Model analysis:
      Order violation energy: 1.1438
      Asymmetric energy: 1.4179
Computing persistence on full 378 point cloud...
  H0 features: 280
  H1 features: 85
    PH-dimension: 1.63
    ✅ Added diagrams to collection (total: 110)
  Sample 11: P=42 tokens, H=14 tokens
    Point cloud breakdown:
      Premise: 42 + 42 + 42 = 294
      Hypothesis: 14 + 14 + 14 = 98
      Combined: 392 points
      Sufficient for PHD: ✅
    Model analysis:
      Order violation energy: 0.5122
      Asymmetric energy: 1.4704
Computing persistence on full 392 point cloud...
  H0 features: 326
  H1 features: 148
    PH-dimension: 1.82
    ✅ Added diagrams to collection (total: 111)
  Sample 12: P=24 tokens, H=16 tokens
    Point cloud breakdown:
      Premise: 24 + 24 + 24 = 168
      Hypothesis: 16 + 16 + 16 = 112
      Combined: 280 points
      Sufficient for PHD: ✅
    Model analysis:
      Order violation energy: 0.7182
      Asymmetric energy: 2.8429
Computing persistence on full 280 point cloud...
  H0 features: 233
  H1 features: 119
    PH-dimension: 1.93
    ✅ Added diagrams to collection (total: 112)
  Sample 13: P=24 tokens, H=20 tokens
    Point cloud breakdown:
      Premise: 24 + 24 + 24 = 168
      Hypothesis: 20 + 20 + 20 = 140
      Combined: 308 points
      Sufficient for PHD: ✅
    Model analysis:
      Order violation energy: 2.4196
      Asymmetric energy: 3.4391
Computing persistence on full 308 point cloud...
  H0 features: 256
  H1 features: 139
    PH-dimension: 2.05
    ✅ Added diagrams to collection (total: 113)
  Sample 14: P=45 tokens, H=21 tokens
    Point cloud breakdown:
      Premise: 45 + 45 + 45 = 315
      Hypothesis: 21 + 21 + 21 = 147
      Combined: 462 points
      Sufficient for PHD: ✅
    Model analysis:
      Order violation energy: 3.1251
      Asymmetric energy: 3.0195
Computing persistence on full 462 point cloud...
  H0 features: 380
  H1 features: 173
    PH-dimension: 2.80
    ✅ Added diagrams to collection (total: 114)
  Sample 15: P=27 tokens, H=14 tokens
    Point cloud breakdown:
      Premise: 27 + 27 + 27 = 189
      Hypothesis: 14 + 14 + 14 = 98
      Combined: 287 points
      Sufficient for PHD: ✅
    Model analysis:
      Order violation energy: 2.8237
      Asymmetric energy: 2.4252
Computing persistence on full 287 point cloud...
  H0 features: 239
  H1 features: 103
    PH-dimension: 1.67
    ✅ Added diagrams to collection (total: 115)
  Sample 16: P=22 tokens, H=18 tokens
    Point cloud breakdown:
      Premise: 22 + 22 + 22 = 154
      Hypothesis: 18 + 18 + 18 = 126
      Combined: 280 points
      Sufficient for PHD: ✅
    Model analysis:
      Order violation energy: 2.8249
      Asymmetric energy: 2.8740
Computing persistence on full 280 point cloud...
  H0 features: 234
  H1 features: 108
    PH-dimension: 1.71
    ✅ Added diagrams to collection (total: 116)
  Sample 17: P=28 tokens, H=14 tokens
    Point cloud breakdown:
      Premise: 28 + 28 + 28 = 196
      Hypothesis: 14 + 14 + 14 = 98
      Combined: 294 points
      Sufficient for PHD: ✅
    Model analysis:
      Order violation energy: 1.8522
      Asymmetric energy: 1.9791
Computing persistence on full 294 point cloud...
  H0 features: 242
  H1 features: 105
    PH-dimension: 2.03
    ✅ Added diagrams to collection (total: 117)
  Sample 18: P=28 tokens, H=16 tokens
    Point cloud breakdown:
      Premise: 28 + 28 + 28 = 196
      Hypothesis: 16 + 16 + 16 = 112
      Combined: 308 points
      Sufficient for PHD: ✅
    Model analysis:
      Order violation energy: 1.2460
      Asymmetric energy: 1.5318
Computing persistence on full 308 point cloud...
  H0 features: 227
  H1 features: 61
    PH-dimension: 1.79
    ✅ Added diagrams to collection (total: 118)
  Sample 19: P=26 tokens, H=17 tokens
    Point cloud breakdown:
      Premise: 26 + 26 + 26 = 182
      Hypothesis: 17 + 17 + 17 = 119
      Combined: 301 points
      Sufficient for PHD: ✅
    Model analysis:
      Order violation energy: 1.3918
      Asymmetric energy: 1.7711
Computing persistence on full 301 point cloud...
  H0 features: 223
  H1 features: 74
    PH-dimension: 2.04
    ✅ Added diagrams to collection (total: 119)
  Sample 20: P=19 tokens, H=26 tokens
    Point cloud breakdown:
      Premise: 19 + 19 + 19 = 133
      Hypothesis: 26 + 26 + 26 = 182
      Combined: 315 points
      Sufficient for PHD: ✅
    Model analysis:
      Order violation energy: 2.8555
      Asymmetric energy: 4.1546
Computing persistence on full 315 point cloud...
  H0 features: 252
  H1 features: 111
    PH-dimension: 1.77
    ✅ Added diagrams to collection (total: 120)
  Sample 21: P=32 tokens, H=8 tokens
    Point cloud breakdown:
      Premise: 32 + 32 + 32 = 224
      Hypothesis: 8 + 8 + 8 = 56
      Combined: 280 points
      Sufficient for PHD: ✅
    Model analysis:
      Order violation energy: 0.5987
      Asymmetric energy: 1.9746
Computing persistence on full 280 point cloud...
  H0 features: 234
  H1 features: 90
    PH-dimension: 1.44
    ✅ Added diagrams to collection (total: 121)
  Sample 22: P=20 tokens, H=26 tokens
    Point cloud breakdown:
      Premise: 20 + 20 + 20 = 140
      Hypothesis: 26 + 26 + 26 = 182
      Combined: 322 points
      Sufficient for PHD: ✅
    Model analysis:
      Order violation energy: 5.1596
      Asymmetric energy: 5.8796
Computing persistence on full 322 point cloud...
  H0 features: 265
  H1 features: 131
    PH-dimension: 1.99
    ✅ Added diagrams to collection (total: 122)
  Sample 23: P=30 tokens, H=10 tokens
    Point cloud breakdown:
      Premise: 30 + 30 + 30 = 210
      Hypothesis: 10 + 10 + 10 = 70
      Combined: 280 points
      Sufficient for PHD: ✅
    Model analysis:
      Order violation energy: 0.1471
      Asymmetric energy: 2.9337
Computing persistence on full 280 point cloud...
  H0 features: 243
  H1 features: 113
    PH-dimension: 2.06
    ✅ Added diagrams to collection (total: 123)
  Sample 24: P=39 tokens, H=11 tokens
    Point cloud breakdown:
      Premise: 39 + 39 + 39 = 273
      Hypothesis: 11 + 11 + 11 = 77
      Combined: 350 points
      Sufficient for PHD: ✅
    Model analysis:
      Order violation energy: 1.3659
      Asymmetric energy: 2.4831
Computing persistence on full 350 point cloud...
  H0 features: 293
  H1 features: 135
    PH-dimension: 1.81
    ✅ Added diagrams to collection (total: 124)
  Sample 25: P=38 tokens, H=13 tokens
    Point cloud breakdown:
      Premise: 38 + 38 + 38 = 266
      Hypothesis: 13 + 13 + 13 = 91
      Combined: 357 points
      Sufficient for PHD: ✅
    Model analysis:
      Order violation energy: 1.2341
      Asymmetric energy: 1.9631
Computing persistence on full 357 point cloud...
  H0 features: 272
  H1 features: 92
    PH-dimension: 1.70
    ✅ Added diagrams to collection (total: 125)
  Sample 26: P=41 tokens, H=8 tokens
    Point cloud breakdown:
      Premise: 41 + 41 + 41 = 287
      Hypothesis: 8 + 8 + 8 = 56
      Combined: 343 points
      Sufficient for PHD: ✅
    Model analysis:
      Order violation energy: 0.5234
      Asymmetric energy: 7.9365
Computing persistence on full 343 point cloud...
  H0 features: 280
  H1 features: 131
    PH-dimension: 1.70
    ✅ Added diagrams to collection (total: 126)
  Sample 27: P=34 tokens, H=11 tokens
    Point cloud breakdown:
      Premise: 34 + 34 + 34 = 238
      Hypothesis: 11 + 11 + 11 = 77
      Combined: 315 points
      Sufficient for PHD: ✅
    Model analysis:
      Order violation energy: 0.9470
      Asymmetric energy: 2.9805
Computing persistence on full 315 point cloud...
  H0 features: 264
  H1 features: 119
    PH-dimension: 1.52
    ✅ Added diagrams to collection (total: 127)
  Sample 28: P=30 tokens, H=13 tokens
    Point cloud breakdown:
      Premise: 30 + 30 + 30 = 210
      Hypothesis: 13 + 13 + 13 = 91
      Combined: 301 points
      Sufficient for PHD: ✅
    Model analysis:
      Order violation energy: 1.6708
      Asymmetric energy: 2.3494
Computing persistence on full 301 point cloud...
  H0 features: 247
  H1 features: 95
    PH-dimension: 1.69
    ✅ Added diagrams to collection (total: 128)
  Sample 29: P=25 tokens, H=17 tokens
    Point cloud breakdown:
      Premise: 25 + 25 + 25 = 175
      Hypothesis: 17 + 17 + 17 = 119
      Combined: 294 points
      Sufficient for PHD: ✅
    Model analysis:
      Order violation energy: 2.5638
      Asymmetric energy: 3.9558
Computing persistence on full 294 point cloud...
  H0 features: 234
  H1 features: 120
    PH-dimension: 1.60
    ✅ Added diagrams to collection (total: 129)
  Sample 30: P=22 tokens, H=26 tokens
    Point cloud breakdown:
      Premise: 22 + 22 + 22 = 154
      Hypothesis: 26 + 26 + 26 = 182
      Combined: 336 points
      Sufficient for PHD: ✅
    Model analysis:
      Order violation energy: 1.7010
      Asymmetric energy: 2.1215
Computing persistence on full 336 point cloud...
  H0 features: 271
  H1 features: 115
    PH-dimension: 1.99
    ✅ Added diagrams to collection (total: 130)
  Sample 31: P=22 tokens, H=20 tokens
    Point cloud breakdown:
      Premise: 22 + 22 + 22 = 154
      Hypothesis: 20 + 20 + 20 = 140
      Combined: 294 points
      Sufficient for PHD: ✅
    Model analysis:
      Order violation energy: 0.6157
      Asymmetric energy: 1.5953
Computing persistence on full 294 point cloud...
  H0 features: 239
  H1 features: 128
    PH-dimension: 1.57
    ✅ Added diagrams to collection (total: 131)
  Sample 32: P=17 tokens, H=25 tokens
    Point cloud breakdown:
      Premise: 17 + 17 + 17 = 119
      Hypothesis: 25 + 25 + 25 = 175
      Combined: 294 points
      Sufficient for PHD: ✅
    Model analysis:
      Order violation energy: 1.7577
      Asymmetric energy: 3.2523
Computing persistence on full 294 point cloud...
  H0 features: 248
  H1 features: 117
    PH-dimension: 1.55
    ✅ Added diagrams to collection (total: 132)
  Sample 33: P=22 tokens, H=18 tokens
    Point cloud breakdown:
      Premise: 22 + 22 + 22 = 154
      Hypothesis: 18 + 18 + 18 = 126
      Combined: 280 points
      Sufficient for PHD: ✅
    Model analysis:
      Order violation energy: 1.0257
      Asymmetric energy: 2.8270
Computing persistence on full 280 point cloud...
  H0 features: 226
  H1 features: 113
    PH-dimension: 1.87
    ✅ Added diagrams to collection (total: 133)
  Sample 34: P=25 tokens, H=15 tokens
    Point cloud breakdown:
      Premise: 25 + 25 + 25 = 175
      Hypothesis: 15 + 15 + 15 = 105
      Combined: 280 points
      Sufficient for PHD: ✅
    Model analysis:
      Order violation energy: 0.7902
      Asymmetric energy: 1.8962
Computing persistence on full 280 point cloud...
  H0 features: 231
  H1 features: 109
    PH-dimension: 1.86
    ✅ Added diagrams to collection (total: 134)
  Sample 35: P=27 tokens, H=14 tokens
    Point cloud breakdown:
      Premise: 27 + 27 + 27 = 189
      Hypothesis: 14 + 14 + 14 = 98
      Combined: 287 points
      Sufficient for PHD: ✅
    Model analysis:
      Order violation energy: 1.6542
      Asymmetric energy: 3.0667
Computing persistence on full 287 point cloud...
  H0 features: 241
  H1 features: 105
    PH-dimension: 1.80
    ✅ Added diagrams to collection (total: 135)
  Sample 36: P=34 tokens, H=12 tokens
    Point cloud breakdown:
      Premise: 34 + 34 + 34 = 238
      Hypothesis: 12 + 12 + 12 = 84
      Combined: 322 points
      Sufficient for PHD: ✅
    Model analysis:
      Order violation energy: 5.2785
      Asymmetric energy: 5.5746
Computing persistence on full 322 point cloud...
  H0 features: 261
  H1 features: 125
    PH-dimension: 2.00
    ✅ Added diagrams to collection (total: 136)
  Sample 37: P=23 tokens, H=18 tokens
    Point cloud breakdown:
      Premise: 23 + 23 + 23 = 161
      Hypothesis: 18 + 18 + 18 = 126
      Combined: 287 points
      Sufficient for PHD: ✅
    Model analysis:
      Order violation energy: 0.7715
      Asymmetric energy: 3.0927
Computing persistence on full 287 point cloud...
  H0 features: 231
  H1 features: 113
    PH-dimension: 1.71
    ✅ Added diagrams to collection (total: 137)
  Sample 38: P=22 tokens, H=24 tokens
    Point cloud breakdown:
      Premise: 22 + 22 + 22 = 154
      Hypothesis: 24 + 24 + 24 = 168
      Combined: 322 points
      Sufficient for PHD: ✅
    Model analysis:
      Order violation energy: 1.9456
      Asymmetric energy: 2.9208
Computing persistence on full 322 point cloud...
  H0 features: 266
  H1 features: 124
    PH-dimension: 1.57
    ✅ Added diagrams to collection (total: 138)
  Sample 39: P=35 tokens, H=11 tokens
    Point cloud breakdown:
      Premise: 35 + 35 + 35 = 245
      Hypothesis: 11 + 11 + 11 = 77
      Combined: 322 points
      Sufficient for PHD: ✅
    Model analysis:
      Order violation energy: 1.6657
      Asymmetric energy: 1.8254
Computing persistence on full 322 point cloud...
  H0 features: 264
  H1 features: 114
    PH-dimension: 1.58
    ✅ Added diagrams to collection (total: 139)
  Sample 40: P=26 tokens, H=16 tokens
    Point cloud breakdown:
      Premise: 26 + 26 + 26 = 182
      Hypothesis: 16 + 16 + 16 = 112
      Combined: 294 points
      Sufficient for PHD: ✅
    Model analysis:
      Order violation energy: 1.2993
      Asymmetric energy: 1.3487
Computing persistence on full 294 point cloud...
  H0 features: 220
  H1 features: 74
    PH-dimension: 1.57
    ✅ Added diagrams to collection (total: 140)
  Sample 41: P=38 tokens, H=10 tokens
    Point cloud breakdown:
      Premise: 38 + 38 + 38 = 266
      Hypothesis: 10 + 10 + 10 = 70
      Combined: 336 points
      Sufficient for PHD: ✅
    Model analysis:
      Order violation energy: 0.7787
      Asymmetric energy: 1.6665
Computing persistence on full 336 point cloud...
  H0 features: 276
  H1 features: 118
    PH-dimension: 1.62
    ✅ Added diagrams to collection (total: 141)
  Sample 42: P=30 tokens, H=13 tokens
    Point cloud breakdown:
      Premise: 30 + 30 + 30 = 210
      Hypothesis: 13 + 13 + 13 = 91
      Combined: 301 points
      Sufficient for PHD: ✅
    Model analysis:
      Order violation energy: 5.2551
      Asymmetric energy: 5.3951
Computing persistence on full 301 point cloud...
  H0 features: 262
  H1 features: 124
    PH-dimension: 1.66
    ✅ Added diagrams to collection (total: 142)
  Sample 43: P=30 tokens, H=10 tokens
    Point cloud breakdown:
      Premise: 30 + 30 + 30 = 210
      Hypothesis: 10 + 10 + 10 = 70
      Combined: 280 points
      Sufficient for PHD: ✅
    Model analysis:
      Order violation energy: 0.7826
      Asymmetric energy: 2.0492
Computing persistence on full 280 point cloud...
  H0 features: 227
  H1 features: 87
    PH-dimension: 1.81
    ✅ Added diagrams to collection (total: 143)
  Sample 44: P=32 tokens, H=19 tokens
    Point cloud breakdown:
      Premise: 32 + 32 + 32 = 224
      Hypothesis: 19 + 19 + 19 = 133
      Combined: 357 points
      Sufficient for PHD: ✅
    Model analysis:
      Order violation energy: 2.2875
      Asymmetric energy: 2.1151
Computing persistence on full 357 point cloud...
  H0 features: 295
  H1 features: 113
    PH-dimension: 1.98
    ✅ Added diagrams to collection (total: 144)
  Sample 45: P=33 tokens, H=12 tokens
    Point cloud breakdown:
      Premise: 33 + 33 + 33 = 231
      Hypothesis: 12 + 12 + 12 = 84
      Combined: 315 points
      Sufficient for PHD: ✅
    Model analysis:
      Order violation energy: 2.0237
      Asymmetric energy: 1.6084
Computing persistence on full 315 point cloud...
  H0 features: 250
  H1 features: 109
    PH-dimension: 1.91
    ✅ Added diagrams to collection (total: 145)
  Sample 46: P=25 tokens, H=16 tokens
    Point cloud breakdown:
      Premise: 25 + 25 + 25 = 175
      Hypothesis: 16 + 16 + 16 = 112
      Combined: 287 points
      Sufficient for PHD: ✅
    Model analysis:
      Order violation energy: 0.5478
      Asymmetric energy: 2.3319
Computing persistence on full 287 point cloud...
  H0 features: 241
  H1 features: 121
    PH-dimension: 1.87
    ✅ Added diagrams to collection (total: 146)
  Sample 47: P=25 tokens, H=18 tokens
    Point cloud breakdown:
      Premise: 25 + 25 + 25 = 175
      Hypothesis: 18 + 18 + 18 = 126
      Combined: 301 points
      Sufficient for PHD: ✅
    Model analysis:
      Order violation energy: 2.9614
      Asymmetric energy: 2.1871
Computing persistence on full 301 point cloud...
  H0 features: 249
  H1 features: 96
    PH-dimension: 1.65
    ✅ Added diagrams to collection (total: 147)
  Sample 48: P=41 tokens, H=9 tokens
    Point cloud breakdown:
      Premise: 41 + 41 + 41 = 287
      Hypothesis: 9 + 9 + 9 = 63
      Combined: 350 points
      Sufficient for PHD: ✅
    Model analysis:
      Order violation energy: 0.4877
      Asymmetric energy: 2.2105
Computing persistence on full 350 point cloud...
  H0 features: 286
  H1 features: 113
    PH-dimension: 1.77
    ✅ Added diagrams to collection (total: 148)
  Sample 49: P=27 tokens, H=16 tokens
    Point cloud breakdown:
      Premise: 27 + 27 + 27 = 189
      Hypothesis: 16 + 16 + 16 = 112
      Combined: 301 points
      Sufficient for PHD: ✅
    Model analysis:
      Order violation energy: 1.8116
      Asymmetric energy: 1.5698
Computing persistence on full 301 point cloud...
  H0 features: 244
  H1 features: 104
    PH-dimension: 1.61
    ✅ Added diagrams to collection (total: 149)
  Sample 50: P=24 tokens, H=18 tokens
    Point cloud breakdown:
      Premise: 24 + 24 + 24 = 168
      Hypothesis: 18 + 18 + 18 = 126
      Combined: 294 points
      Sufficient for PHD: ✅
    Model analysis:
      Order violation energy: 0.6863
      Asymmetric energy: 2.7044
Computing persistence on full 294 point cloud...
  H0 features: 238
  H1 features: 110
    PH-dimension: 1.89
    ✅ Added diagrams to collection (total: 150)
  Sample 51: P=29 tokens, H=14 tokens
    Point cloud breakdown:
      Premise: 29 + 29 + 29 = 203
      Hypothesis: 14 + 14 + 14 = 98
      Combined: 301 points
      Sufficient for PHD: ✅
    Model analysis:
      Order violation energy: 0.9746
      Asymmetric energy: 2.3454
Computing persistence on full 301 point cloud...
  H0 features: 251
  H1 features: 77
    PH-dimension: 1.79
    ✅ Added diagrams to collection (total: 151)
  Sample 52: P=30 tokens, H=14 tokens
    Point cloud breakdown:
      Premise: 30 + 30 + 30 = 210
      Hypothesis: 14 + 14 + 14 = 98
      Combined: 308 points
      Sufficient for PHD: ✅
    Model analysis:
      Order violation energy: 3.6432
      Asymmetric energy: 3.4014
Computing persistence on full 308 point cloud...
  H0 features: 255
  H1 features: 107
    PH-dimension: 1.85
    ✅ Added diagrams to collection (total: 152)
  Sample 53: P=37 tokens, H=15 tokens
    Point cloud breakdown:
      Premise: 37 + 37 + 37 = 259
      Hypothesis: 15 + 15 + 15 = 105
      Combined: 364 points
      Sufficient for PHD: ✅
    Model analysis:
      Order violation energy: 3.8876
      Asymmetric energy: 4.1571
Computing persistence on full 364 point cloud...
  H0 features: 299
  H1 features: 146
    PH-dimension: 1.89
    ✅ Added diagrams to collection (total: 153)
  Sample 54: P=26 tokens, H=20 tokens
    Point cloud breakdown:
      Premise: 26 + 26 + 26 = 182
      Hypothesis: 20 + 20 + 20 = 140
      Combined: 322 points
      Sufficient for PHD: ✅
    Model analysis:
      Order violation energy: 1.3125
      Asymmetric energy: 1.9266
Computing persistence on full 322 point cloud...
  H0 features: 244
  H1 features: 79
    PH-dimension: 1.70
    ✅ Added diagrams to collection (total: 154)
  Sample 55: P=40 tokens, H=16 tokens
    Point cloud breakdown:
      Premise: 40 + 40 + 40 = 280
      Hypothesis: 16 + 16 + 16 = 112
      Combined: 392 points
      Sufficient for PHD: ✅
    Model analysis:
      Order violation energy: 3.5781
      Asymmetric energy: 3.3202
Computing persistence on full 392 point cloud...
  H0 features: 338
  H1 features: 156
    PH-dimension: 1.63
    ✅ Added diagrams to collection (total: 155)
  Sample 56: P=31 tokens, H=9 tokens
    Point cloud breakdown:
      Premise: 31 + 31 + 31 = 217
      Hypothesis: 9 + 9 + 9 = 63
      Combined: 280 points
      Sufficient for PHD: ✅
    Model analysis:
      Order violation energy: 0.3013
      Asymmetric energy: 5.2423
Computing persistence on full 280 point cloud...
  H0 features: 232
  H1 features: 105
    PH-dimension: 1.81
    ✅ Added diagrams to collection (total: 156)
  Sample 57: P=27 tokens, H=14 tokens
    Point cloud breakdown:
      Premise: 27 + 27 + 27 = 189
      Hypothesis: 14 + 14 + 14 = 98
      Combined: 287 points
      Sufficient for PHD: ✅
    Model analysis:
      Order violation energy: 1.3054
      Asymmetric energy: 2.1636
Computing persistence on full 287 point cloud...
  H0 features: 234
  H1 features: 76
    PH-dimension: 1.68
    ✅ Added diagrams to collection (total: 157)
  Sample 58: P=19 tokens, H=25 tokens
    Point cloud breakdown:
      Premise: 19 + 19 + 19 = 133
      Hypothesis: 25 + 25 + 25 = 175
      Combined: 308 points
      Sufficient for PHD: ✅
    Model analysis:
      Order violation energy: 0.5197
      Asymmetric energy: 1.8765
Computing persistence on full 308 point cloud...
  H0 features: 254
  H1 features: 152
    PH-dimension: 2.01
    ✅ Added diagrams to collection (total: 158)
  Sample 59: P=26 tokens, H=14 tokens
    Point cloud breakdown:
      Premise: 26 + 26 + 26 = 182
      Hypothesis: 14 + 14 + 14 = 98
      Combined: 280 points
      Sufficient for PHD: ✅
    Model analysis:
      Order violation energy: 3.1985
      Asymmetric energy: 3.7341
Computing persistence on full 280 point cloud...
  H0 features: 232
  H1 features: 99
    PH-dimension: 1.57
    ✅ Added diagrams to collection (total: 159)
  Sample 60: P=26 tokens, H=16 tokens
    Point cloud breakdown:
      Premise: 26 + 26 + 26 = 182
      Hypothesis: 16 + 16 + 16 = 112
      Combined: 294 points
      Sufficient for PHD: ✅
    Model analysis:
      Order violation energy: 0.9773
      Asymmetric energy: 1.0499
Computing persistence on full 294 point cloud...
  H0 features: 224
  H1 features: 67
    PH-dimension: 2.01
    ✅ Added diagrams to collection (total: 160)
  Sample 61: P=24 tokens, H=20 tokens
    Point cloud breakdown:
      Premise: 24 + 24 + 24 = 168
      Hypothesis: 20 + 20 + 20 = 140
      Combined: 308 points
      Sufficient for PHD: ✅
    Model analysis:
      Order violation energy: 0.8108
      Asymmetric energy: 1.7768
Computing persistence on full 308 point cloud...
  H0 features: 233
  H1 features: 84
    PH-dimension: 1.41
    ✅ Added diagrams to collection (total: 161)
  Sample 62: P=23 tokens, H=17 tokens
    Point cloud breakdown:
      Premise: 23 + 23 + 23 = 161
      Hypothesis: 17 + 17 + 17 = 119
      Combined: 280 points
      Sufficient for PHD: ✅
    Model analysis:
      Order violation energy: 0.3667
      Asymmetric energy: 2.0779
Computing persistence on full 280 point cloud...
  H0 features: 227
  H1 features: 98
    PH-dimension: 1.57
    ✅ Added diagrams to collection (total: 162)
  Sample 63: P=31 tokens, H=16 tokens
    Point cloud breakdown:
      Premise: 31 + 31 + 31 = 217
      Hypothesis: 16 + 16 + 16 = 112
      Combined: 329 points
      Sufficient for PHD: ✅
    Model analysis:
      Order violation energy: 1.3686
      Asymmetric energy: 2.3081
Computing persistence on full 329 point cloud...
  H0 features: 274
  H1 features: 81
    PH-dimension: 1.60
    ✅ Added diagrams to collection (total: 163)
  Sample 64: P=36 tokens, H=8 tokens
    Point cloud breakdown:
      Premise: 36 + 36 + 36 = 252
      Hypothesis: 8 + 8 + 8 = 56
      Combined: 308 points
      Sufficient for PHD: ✅
    Model analysis:
      Order violation energy: 1.3113
      Asymmetric energy: 2.8328
Computing persistence on full 308 point cloud...
  H0 features: 257
  H1 features: 100
    PH-dimension: 1.68
    ✅ Added diagrams to collection (total: 164)
  Sample 65: P=31 tokens, H=10 tokens
    Point cloud breakdown:
      Premise: 31 + 31 + 31 = 217
      Hypothesis: 10 + 10 + 10 = 70
      Combined: 287 points
      Sufficient for PHD: ✅
    Model analysis:
      Order violation energy: 0.9580
      Asymmetric energy: 2.2739
Computing persistence on full 287 point cloud...
  H0 features: 234
  H1 features: 92
    PH-dimension: 1.84
    ✅ Added diagrams to collection (total: 165)
  Sample 66: P=26 tokens, H=16 tokens
    Point cloud breakdown:
      Premise: 26 + 26 + 26 = 182
      Hypothesis: 16 + 16 + 16 = 112
      Combined: 294 points
      Sufficient for PHD: ✅
    Model analysis:
      Order violation energy: 0.8810
      Asymmetric energy: 2.8504
Computing persistence on full 294 point cloud...
  H0 features: 243
  H1 features: 93
    PH-dimension: 1.44
    ✅ Added diagrams to collection (total: 166)
  Sample 67: P=27 tokens, H=17 tokens
    Point cloud breakdown:
      Premise: 27 + 27 + 27 = 189
      Hypothesis: 17 + 17 + 17 = 119
      Combined: 308 points
      Sufficient for PHD: ✅
    Model analysis:
      Order violation energy: 0.7143
      Asymmetric energy: 2.9682
Computing persistence on full 308 point cloud...
  H0 features: 252
  H1 features: 109
    PH-dimension: 1.47
    ✅ Added diagrams to collection (total: 167)
  Sample 68: P=25 tokens, H=20 tokens
    Point cloud breakdown:
      Premise: 25 + 25 + 25 = 175
      Hypothesis: 20 + 20 + 20 = 140
      Combined: 315 points
      Sufficient for PHD: ✅
    Model analysis:
      Order violation energy: 1.4955
      Asymmetric energy: 2.3054
Computing persistence on full 315 point cloud...
  H0 features: 254
  H1 features: 97
    PH-dimension: 1.78
    ✅ Added diagrams to collection (total: 168)
  Sample 69: P=26 tokens, H=16 tokens
    Point cloud breakdown:
      Premise: 26 + 26 + 26 = 182
      Hypothesis: 16 + 16 + 16 = 112
      Combined: 294 points
      Sufficient for PHD: ✅
    Model analysis:
      Order violation energy: 2.4051
      Asymmetric energy: 2.1663
Computing persistence on full 294 point cloud...
  H0 features: 252
  H1 features: 109
    PH-dimension: 1.37
    ✅ Added diagrams to collection (total: 169)
  Sample 70: P=30 tokens, H=10 tokens
    Point cloud breakdown:
      Premise: 30 + 30 + 30 = 210
      Hypothesis: 10 + 10 + 10 = 70
      Combined: 280 points
      Sufficient for PHD: ✅
    Model analysis:
      Order violation energy: 2.1690
      Asymmetric energy: 2.9894
Computing persistence on full 280 point cloud...
  H0 features: 232
  H1 features: 93
    PH-dimension: 1.46
    ✅ Added diagrams to collection (total: 170)
  Sample 71: P=17 tokens, H=23 tokens
    Point cloud breakdown:
      Premise: 17 + 17 + 17 = 119
      Hypothesis: 23 + 23 + 23 = 161
      Combined: 280 points
      Sufficient for PHD: ✅
    Model analysis:
      Order violation energy: 4.4857
      Asymmetric energy: 6.2232
Computing persistence on full 280 point cloud...
  H0 features: 236
  H1 features: 112
    PH-dimension: 2.08
    ✅ Added diagrams to collection (total: 171)
  Sample 72: P=24 tokens, H=18 tokens
    Point cloud breakdown:
      Premise: 24 + 24 + 24 = 168
      Hypothesis: 18 + 18 + 18 = 126
      Combined: 294 points
      Sufficient for PHD: ✅
    Model analysis:
      Order violation energy: 2.2689
      Asymmetric energy: 3.7838
Computing persistence on full 294 point cloud...
  H0 features: 241
  H1 features: 118
    PH-dimension: 1.74
    ✅ Added diagrams to collection (total: 172)
  Sample 73: P=34 tokens, H=10 tokens
    Point cloud breakdown:
      Premise: 34 + 34 + 34 = 238
      Hypothesis: 10 + 10 + 10 = 70
      Combined: 308 points
      Sufficient for PHD: ✅
    Model analysis:
      Order violation energy: 0.5256
      Asymmetric energy: 1.8537
Computing persistence on full 308 point cloud...
  H0 features: 252
  H1 features: 107
    PH-dimension: 1.77
    ✅ Added diagrams to collection (total: 173)
  Sample 74: P=31 tokens, H=11 tokens
    Point cloud breakdown:
      Premise: 31 + 31 + 31 = 217
      Hypothesis: 11 + 11 + 11 = 77
      Combined: 294 points
      Sufficient for PHD: ✅
    Model analysis:
      Order violation energy: 0.7510
      Asymmetric energy: 2.7584
Computing persistence on full 294 point cloud...
  H0 features: 245
  H1 features: 113
    PH-dimension: 1.36
    ✅ Added diagrams to collection (total: 174)
  Sample 75: P=29 tokens, H=14 tokens
    Point cloud breakdown:
      Premise: 29 + 29 + 29 = 203
      Hypothesis: 14 + 14 + 14 = 98
      Combined: 301 points
      Sufficient for PHD: ✅
    Model analysis:
      Order violation energy: 1.9453
      Asymmetric energy: 1.7267
Computing persistence on full 301 point cloud...
  H0 features: 252
  H1 features: 105
    PH-dimension: 1.41
    ✅ Added diagrams to collection (total: 175)
  Sample 76: P=34 tokens, H=36 tokens
    Point cloud breakdown:
      Premise: 34 + 34 + 34 = 238
      Hypothesis: 36 + 36 + 36 = 252
      Combined: 490 points
      Sufficient for PHD: ✅
    Model analysis:
      Order violation energy: 0.0319
      Asymmetric energy: 0.3178
Computing persistence on full 490 point cloud...
  H0 features: 399
  H1 features: 235
    PH-dimension: 1.47
    ✅ Added diagrams to collection (total: 176)
  Sample 77: P=35 tokens, H=15 tokens
    Point cloud breakdown:
      Premise: 35 + 35 + 35 = 245
      Hypothesis: 15 + 15 + 15 = 105
      Combined: 350 points
      Sufficient for PHD: ✅
    Model analysis:
      Order violation energy: 1.2875
      Asymmetric energy: 2.6886
Computing persistence on full 350 point cloud...
  H0 features: 283
  H1 features: 123
    PH-dimension: 2.64
    ✅ Added diagrams to collection (total: 177)
  Sample 78: P=59 tokens, H=9 tokens
    Point cloud breakdown:
      Premise: 59 + 59 + 59 = 413
      Hypothesis: 9 + 9 + 9 = 63
      Combined: 476 points
      Sufficient for PHD: ✅
    Model analysis:
      Order violation energy: 0.2812
      Asymmetric energy: 4.4091
Computing persistence on full 476 point cloud...
  H0 features: 384
  H1 features: 176
    PH-dimension: 3.85
    ✅ Added diagrams to collection (total: 178)
  Sample 79: P=23 tokens, H=19 tokens
    Point cloud breakdown:
      Premise: 23 + 23 + 23 = 161
      Hypothesis: 19 + 19 + 19 = 133
      Combined: 294 points
      Sufficient for PHD: ✅
    Model analysis:
      Order violation energy: 2.8589
      Asymmetric energy: 3.4413
Computing persistence on full 294 point cloud...
  H0 features: 238
  H1 features: 113
    PH-dimension: 1.46
    ✅ Added diagrams to collection (total: 179)
  Sample 80: P=25 tokens, H=18 tokens
    Point cloud breakdown:
      Premise: 25 + 25 + 25 = 175
      Hypothesis: 18 + 18 + 18 = 126
      Combined: 301 points
      Sufficient for PHD: ✅
    Model analysis:
      Order violation energy: 0.8054
      Asymmetric energy: 1.7579
Computing persistence on full 301 point cloud...
  H0 features: 226
  H1 features: 81
    PH-dimension: 1.45
    ✅ Added diagrams to collection (total: 180)
  Sample 81: P=33 tokens, H=8 tokens
    Point cloud breakdown:
      Premise: 33 + 33 + 33 = 231
      Hypothesis: 8 + 8 + 8 = 56
      Combined: 287 points
      Sufficient for PHD: ✅
    Model analysis:
      Order violation energy: 0.2745
      Asymmetric energy: 5.1183
Computing persistence on full 287 point cloud...
  H0 features: 229
  H1 features: 103
    PH-dimension: 2.26
    ✅ Added diagrams to collection (total: 181)
  Sample 82: P=22 tokens, H=20 tokens
    Point cloud breakdown:
      Premise: 22 + 22 + 22 = 154
      Hypothesis: 20 + 20 + 20 = 140
      Combined: 294 points
      Sufficient for PHD: ✅
    Model analysis:
      Order violation energy: 2.6018
      Asymmetric energy: 3.7234
Computing persistence on full 294 point cloud...
  H0 features: 241
  H1 features: 130
    PH-dimension: 1.52
    ✅ Added diagrams to collection (total: 182)
  Sample 83: P=26 tokens, H=14 tokens
    Point cloud breakdown:
      Premise: 26 + 26 + 26 = 182
      Hypothesis: 14 + 14 + 14 = 98
      Combined: 280 points
      Sufficient for PHD: ✅
    Model analysis:
      Order violation energy: 2.3639
      Asymmetric energy: 2.8304
Computing persistence on full 280 point cloud...
  H0 features: 239
  H1 features: 92
    PH-dimension: 1.68
    ✅ Added diagrams to collection (total: 183)
  Sample 84: P=29 tokens, H=12 tokens
    Point cloud breakdown:
      Premise: 29 + 29 + 29 = 203
      Hypothesis: 12 + 12 + 12 = 84
      Combined: 287 points
      Sufficient for PHD: ✅
    Model analysis:
      Order violation energy: 0.4869
      Asymmetric energy: 3.5630
Computing persistence on full 287 point cloud...
  H0 features: 246
  H1 features: 121
    PH-dimension: 1.79
    ✅ Added diagrams to collection (total: 184)
  Sample 85: P=41 tokens, H=9 tokens
    Point cloud breakdown:
      Premise: 41 + 41 + 41 = 287
      Hypothesis: 9 + 9 + 9 = 63
      Combined: 350 points
      Sufficient for PHD: ✅
    Model analysis:
      Order violation energy: 1.1392
      Asymmetric energy: 1.9564
Computing persistence on full 350 point cloud...
  H0 features: 276
  H1 features: 83
    PH-dimension: 1.88
    ✅ Added diagrams to collection (total: 185)
  Sample 86: P=38 tokens, H=7 tokens
    Point cloud breakdown:
      Premise: 38 + 38 + 38 = 266
      Hypothesis: 7 + 7 + 7 = 49
      Combined: 315 points
      Sufficient for PHD: ✅
    Model analysis:
      Order violation energy: 0.8416
      Asymmetric energy: 2.3234
Computing persistence on full 315 point cloud...
  H0 features: 259
  H1 features: 99
    PH-dimension: 1.93
    ✅ Added diagrams to collection (total: 186)
  Sample 87: P=23 tokens, H=22 tokens
    Point cloud breakdown:
      Premise: 23 + 23 + 23 = 161
      Hypothesis: 22 + 22 + 22 = 154
      Combined: 315 points
      Sufficient for PHD: ✅
    Model analysis:
      Order violation energy: 2.5848
      Asymmetric energy: 2.1741
Computing persistence on full 315 point cloud...
  H0 features: 262
  H1 features: 101
    PH-dimension: 1.94
    ✅ Added diagrams to collection (total: 187)
  Sample 88: P=26 tokens, H=17 tokens
    Point cloud breakdown:
      Premise: 26 + 26 + 26 = 182
      Hypothesis: 17 + 17 + 17 = 119
      Combined: 301 points
      Sufficient for PHD: ✅
    Model analysis:
      Order violation energy: 1.4138
      Asymmetric energy: 2.2561
Computing persistence on full 301 point cloud...
  H0 features: 255
  H1 features: 85
    PH-dimension: 1.89
    ✅ Added diagrams to collection (total: 188)
  Sample 89: P=26 tokens, H=14 tokens
    Point cloud breakdown:
      Premise: 26 + 26 + 26 = 182
      Hypothesis: 14 + 14 + 14 = 98
      Combined: 280 points
      Sufficient for PHD: ✅
    Model analysis:
      Order violation energy: 3.3636
      Asymmetric energy: 2.8570
Computing persistence on full 280 point cloud...
  H0 features: 236
  H1 features: 95
    PH-dimension: 1.49
    ✅ Added diagrams to collection (total: 189)
  Sample 90: P=41 tokens, H=7 tokens
    Point cloud breakdown:
      Premise: 41 + 41 + 41 = 287
      Hypothesis: 7 + 7 + 7 = 49
      Combined: 336 points
      Sufficient for PHD: ✅
    Model analysis:
      Order violation energy: 1.6770
      Asymmetric energy: 1.9842
Computing persistence on full 336 point cloud...
  H0 features: 262
  H1 features: 124
    PH-dimension: 1.48
    ✅ Added diagrams to collection (total: 190)
  Sample 91: P=29 tokens, H=14 tokens
    Point cloud breakdown:
      Premise: 29 + 29 + 29 = 203
      Hypothesis: 14 + 14 + 14 = 98
      Combined: 301 points
      Sufficient for PHD: ✅
    Model analysis:
      Order violation energy: 1.5039
      Asymmetric energy: 1.3729
Computing persistence on full 301 point cloud...
  H0 features: 247
  H1 features: 97
    PH-dimension: 1.50
    ✅ Added diagrams to collection (total: 191)
  Sample 92: P=29 tokens, H=11 tokens
    Point cloud breakdown:
      Premise: 29 + 29 + 29 = 203
      Hypothesis: 11 + 11 + 11 = 77
      Combined: 280 points
      Sufficient for PHD: ✅
    Model analysis:
      Order violation energy: 0.8981
      Asymmetric energy: 2.2269
Computing persistence on full 280 point cloud...
  H0 features: 225
  H1 features: 69
    PH-dimension: 1.43
    ✅ Added diagrams to collection (total: 192)
  Sample 93: P=29 tokens, H=11 tokens
    Point cloud breakdown:
      Premise: 29 + 29 + 29 = 203
      Hypothesis: 11 + 11 + 11 = 77
      Combined: 280 points
      Sufficient for PHD: ✅
    Model analysis:
      Order violation energy: 0.3045
      Asymmetric energy: 5.2386
Computing persistence on full 280 point cloud...
  H0 features: 220
  H1 features: 116
    PH-dimension: 2.10
    ✅ Added diagrams to collection (total: 193)
  Sample 94: P=29 tokens, H=14 tokens
    Point cloud breakdown:
      Premise: 29 + 29 + 29 = 203
      Hypothesis: 14 + 14 + 14 = 98
      Combined: 301 points
      Sufficient for PHD: ✅
    Model analysis:
      Order violation energy: 1.5567
      Asymmetric energy: 2.1535
Computing persistence on full 301 point cloud...
  H0 features: 245
  H1 features: 107
    PH-dimension: 1.48
    ✅ Added diagrams to collection (total: 194)
  Sample 95: P=39 tokens, H=22 tokens
    Point cloud breakdown:
      Premise: 39 + 39 + 39 = 273
      Hypothesis: 22 + 22 + 22 = 154
      Combined: 427 points
      Sufficient for PHD: ✅
    Model analysis:
      Order violation energy: 1.0861
      Asymmetric energy: 1.7028
Computing persistence on full 427 point cloud...
  H0 features: 323
  H1 features: 103
    PH-dimension: 1.95
    ✅ Added diagrams to collection (total: 195)
  Sample 96: P=29 tokens, H=11 tokens
    Point cloud breakdown:
      Premise: 29 + 29 + 29 = 203
      Hypothesis: 11 + 11 + 11 = 77
      Combined: 280 points
      Sufficient for PHD: ✅
    Model analysis:
      Order violation energy: 0.1155
      Asymmetric energy: 4.3741
Computing persistence on full 280 point cloud...
  H0 features: 233
  H1 features: 102
    PH-dimension: 1.74
    ✅ Added diagrams to collection (total: 196)
  Sample 97: P=24 tokens, H=17 tokens
    Point cloud breakdown:
      Premise: 24 + 24 + 24 = 168
      Hypothesis: 17 + 17 + 17 = 119
      Combined: 287 points
      Sufficient for PHD: ✅
    Model analysis:
      Order violation energy: 2.9369
      Asymmetric energy: 3.4012
Computing persistence on full 287 point cloud...
  H0 features: 231
  H1 features: 108
    PH-dimension: 1.46
    ✅ Added diagrams to collection (total: 197)
  Sample 98: P=30 tokens, H=12 tokens
    Point cloud breakdown:
      Premise: 30 + 30 + 30 = 210
      Hypothesis: 12 + 12 + 12 = 84
      Combined: 294 points
      Sufficient for PHD: ✅
    Model analysis:
      Order violation energy: 1.0304
      Asymmetric energy: 1.4406
Computing persistence on full 294 point cloud...
  H0 features: 225
  H1 features: 70
    PH-dimension: 1.45
    ✅ Added diagrams to collection (total: 198)
  Sample 99: P=24 tokens, H=19 tokens
    Point cloud breakdown:
      Premise: 24 + 24 + 24 = 168
      Hypothesis: 19 + 19 + 19 = 133
      Combined: 301 points
      Sufficient for PHD: ✅
    Model analysis:
      Order violation energy: 3.6353
      Asymmetric energy: 4.0782
Computing persistence on full 301 point cloud...
  H0 features: 247
  H1 features: 118
    PH-dimension: 1.74
    ✅ Added diagrams to collection (total: 199)
  Sample 100: P=34 tokens, H=12 tokens
    Point cloud breakdown:
      Premise: 34 + 34 + 34 = 238
      Hypothesis: 12 + 12 + 12 = 84
      Combined: 322 points
      Sufficient for PHD: ✅
    Model analysis:
      Order violation energy: 0.2024
      Asymmetric energy: 3.9472
Computing persistence on full 322 point cloud...
  H0 features: 264
  H1 features: 113
    PH-dimension: 1.60
    ✅ Added diagrams to collection (total: 200)

Processing contradiction samples...
  Sample 1: P=30 tokens, H=13 tokens
    Point cloud breakdown:
      Premise: 30 + 30 + 30 = 210
      Hypothesis: 13 + 13 + 13 = 91
      Combined: 301 points
      Sufficient for PHD: ✅
    Model analysis:
      Order violation energy: 0.6107
      Asymmetric energy: 3.1688
Computing persistence on full 301 point cloud...
  H0 features: 246
  H1 features: 100
    PH-dimension: 2.07
    ✅ Added diagrams to collection (total: 201)
  Sample 2: P=50 tokens, H=10 tokens
    Point cloud breakdown:
      Premise: 50 + 50 + 50 = 350
      Hypothesis: 10 + 10 + 10 = 70
      Combined: 420 points
      Sufficient for PHD: ✅
    Model analysis:
      Order violation energy: 0.1446
      Asymmetric energy: 6.7243
Computing persistence on full 420 point cloud...
  H0 features: 346
  H1 features: 157
    PH-dimension: 2.12
    ✅ Added diagrams to collection (total: 202)
  Sample 3: P=28 tokens, H=13 tokens
    Point cloud breakdown:
      Premise: 28 + 28 + 28 = 196
      Hypothesis: 13 + 13 + 13 = 91
      Combined: 287 points
      Sufficient for PHD: ✅
    Model analysis:
      Order violation energy: 1.8029
      Asymmetric energy: 1.6351
Computing persistence on full 287 point cloud...
  H0 features: 238
  H1 features: 94
    PH-dimension: 1.99
    ✅ Added diagrams to collection (total: 203)
  Sample 4: P=39 tokens, H=9 tokens
    Point cloud breakdown:
      Premise: 39 + 39 + 39 = 273
      Hypothesis: 9 + 9 + 9 = 63
      Combined: 336 points
      Sufficient for PHD: ✅
    Model analysis:
      Order violation energy: 1.7118
      Asymmetric energy: 1.3386
Computing persistence on full 336 point cloud...
  H0 features: 279
  H1 features: 127
    PH-dimension: 2.33
    ✅ Added diagrams to collection (total: 204)
  Sample 5: P=34 tokens, H=7 tokens
    Point cloud breakdown:
      Premise: 34 + 34 + 34 = 238
      Hypothesis: 7 + 7 + 7 = 49
      Combined: 287 points
      Sufficient for PHD: ✅
    Model analysis:
      Order violation energy: 1.6506
      Asymmetric energy: 1.7846
Computing persistence on full 287 point cloud...
  H0 features: 229
  H1 features: 102
    PH-dimension: 1.57
    ✅ Added diagrams to collection (total: 205)
  Sample 6: P=22 tokens, H=19 tokens
    Point cloud breakdown:
      Premise: 22 + 22 + 22 = 154
      Hypothesis: 19 + 19 + 19 = 133
      Combined: 287 points
      Sufficient for PHD: ✅
    Model analysis:
      Order violation energy: 2.5235
      Asymmetric energy: 2.0620
Computing persistence on full 287 point cloud...
  H0 features: 232
  H1 features: 100
    PH-dimension: 1.46
    ✅ Added diagrams to collection (total: 206)
  Sample 7: P=24 tokens, H=16 tokens
    Point cloud breakdown:
      Premise: 24 + 24 + 24 = 168
      Hypothesis: 16 + 16 + 16 = 112
      Combined: 280 points
      Sufficient for PHD: ✅
    Model analysis:
      Order violation energy: 1.0500
      Asymmetric energy: 2.4613
Computing persistence on full 280 point cloud...
  H0 features: 223
  H1 features: 97
    PH-dimension: 1.49
    ✅ Added diagrams to collection (total: 207)
  Sample 8: P=31 tokens, H=10 tokens
    Point cloud breakdown:
      Premise: 31 + 31 + 31 = 217
      Hypothesis: 10 + 10 + 10 = 70
      Combined: 287 points
      Sufficient for PHD: ✅
    Model analysis:
      Order violation energy: 1.9600
      Asymmetric energy: 2.2809
Computing persistence on full 287 point cloud...
  H0 features: 239
  H1 features: 98
    PH-dimension: 1.63
    ✅ Added diagrams to collection (total: 208)
  Sample 9: P=30 tokens, H=17 tokens
    Point cloud breakdown:
      Premise: 30 + 30 + 30 = 210
      Hypothesis: 17 + 17 + 17 = 119
      Combined: 329 points
      Sufficient for PHD: ✅
    Model analysis:
      Order violation energy: 2.7302
      Asymmetric energy: 2.8690
Computing persistence on full 329 point cloud...
  H0 features: 283
  H1 features: 139
    PH-dimension: 1.50
    ✅ Added diagrams to collection (total: 209)
  Sample 10: P=35 tokens, H=10 tokens
    Point cloud breakdown:
      Premise: 35 + 35 + 35 = 245
      Hypothesis: 10 + 10 + 10 = 70
      Combined: 315 points
      Sufficient for PHD: ✅
    Model analysis:
      Order violation energy: 0.8084
      Asymmetric energy: 2.7915
Computing persistence on full 315 point cloud...
  H0 features: 257
  H1 features: 109
    PH-dimension: 1.68
    ✅ Added diagrams to collection (total: 210)
  Sample 11: P=30 tokens, H=10 tokens
    Point cloud breakdown:
      Premise: 30 + 30 + 30 = 210
      Hypothesis: 10 + 10 + 10 = 70
      Combined: 280 points
      Sufficient for PHD: ✅
    Model analysis:
      Order violation energy: 3.8783
      Asymmetric energy: 1.6962
Computing persistence on full 280 point cloud...
  H0 features: 227
  H1 features: 80
    PH-dimension: 1.72
    ✅ Added diagrams to collection (total: 211)
  Sample 12: P=20 tokens, H=20 tokens
    Point cloud breakdown:
      Premise: 20 + 20 + 20 = 140
      Hypothesis: 20 + 20 + 20 = 140
      Combined: 280 points
      Sufficient for PHD: ✅
    Model analysis:
      Order violation energy: 0.7933
      Asymmetric energy: 1.3016
Computing persistence on full 280 point cloud...
  H0 features: 234
  H1 features: 129
    PH-dimension: 1.52
    ✅ Added diagrams to collection (total: 212)
  Sample 13: P=25 tokens, H=16 tokens
    Point cloud breakdown:
      Premise: 25 + 25 + 25 = 175
      Hypothesis: 16 + 16 + 16 = 112
      Combined: 287 points
      Sufficient for PHD: ✅
    Model analysis:
      Order violation energy: 2.6419
      Asymmetric energy: 2.3308
Computing persistence on full 287 point cloud...
  H0 features: 235
  H1 features: 102
    PH-dimension: 2.01
    ✅ Added diagrams to collection (total: 213)
  Sample 14: P=19 tokens, H=23 tokens
    Point cloud breakdown:
      Premise: 19 + 19 + 19 = 133
      Hypothesis: 23 + 23 + 23 = 161
      Combined: 294 points
      Sufficient for PHD: ✅
    Model analysis:
      Order violation energy: 6.3192
      Asymmetric energy: 6.4535
Computing persistence on full 294 point cloud...
  H0 features: 245
  H1 features: 127
    PH-dimension: 2.36
    ✅ Added diagrams to collection (total: 214)
  Sample 15: P=28 tokens, H=15 tokens
    Point cloud breakdown:
      Premise: 28 + 28 + 28 = 196
      Hypothesis: 15 + 15 + 15 = 105
      Combined: 301 points
      Sufficient for PHD: ✅
    Model analysis:
      Order violation energy: 3.3634
      Asymmetric energy: 2.6143
Computing persistence on full 301 point cloud...
  H0 features: 250
  H1 features: 113
    PH-dimension: 1.92
    ✅ Added diagrams to collection (total: 215)
  Sample 16: P=33 tokens, H=13 tokens
    Point cloud breakdown:
      Premise: 33 + 33 + 33 = 231
      Hypothesis: 13 + 13 + 13 = 91
      Combined: 322 points
      Sufficient for PHD: ✅
    Model analysis:
      Order violation energy: 2.5807
      Asymmetric energy: 1.9719
Computing persistence on full 322 point cloud...
  H0 features: 255
  H1 features: 102
    PH-dimension: 1.71
    ✅ Added diagrams to collection (total: 216)
  Sample 17: P=32 tokens, H=15 tokens
    Point cloud breakdown:
      Premise: 32 + 32 + 32 = 224
      Hypothesis: 15 + 15 + 15 = 105
      Combined: 329 points
      Sufficient for PHD: ✅
    Model analysis:
      Order violation energy: 0.8236
      Asymmetric energy: 1.3243
Computing persistence on full 329 point cloud...
  H0 features: 253
  H1 features: 80
    PH-dimension: 1.82
    ✅ Added diagrams to collection (total: 217)
  Sample 18: P=55 tokens, H=10 tokens
    Point cloud breakdown:
      Premise: 55 + 55 + 55 = 385
      Hypothesis: 10 + 10 + 10 = 70
      Combined: 455 points
      Sufficient for PHD: ✅
    Model analysis:
      Order violation energy: 0.1535
      Asymmetric energy: 5.1841
Computing persistence on full 455 point cloud...
  H0 features: 376
  H1 features: 173
    PH-dimension: 2.07
    ✅ Added diagrams to collection (total: 218)
  Sample 19: P=39 tokens, H=9 tokens
    Point cloud breakdown:
      Premise: 39 + 39 + 39 = 273
      Hypothesis: 9 + 9 + 9 = 63
      Combined: 336 points
      Sufficient for PHD: ✅
    Model analysis:
      Order violation energy: 0.6986
      Asymmetric energy: 6.9928
Computing persistence on full 336 point cloud...
  H0 features: 278
  H1 features: 122
    PH-dimension: 2.74
    ✅ Added diagrams to collection (total: 219)
  Sample 20: P=13 tokens, H=28 tokens
    Point cloud breakdown:
      Premise: 13 + 13 + 13 = 91
      Hypothesis: 28 + 28 + 28 = 196
      Combined: 287 points
      Sufficient for PHD: ✅
    Model analysis:
      Order violation energy: 11.5262
      Asymmetric energy: 8.9017
Computing persistence on full 287 point cloud...
  H0 features: 246
  H1 features: 97
    PH-dimension: 1.62
    ✅ Added diagrams to collection (total: 220)
  Sample 21: P=36 tokens, H=5 tokens
    Point cloud breakdown:
      Premise: 36 + 36 + 36 = 252
      Hypothesis: 5 + 5 + 5 = 35
      Combined: 287 points
      Sufficient for PHD: ✅
    Model analysis:
      Order violation energy: 0.5959
      Asymmetric energy: 4.0580
Computing persistence on full 287 point cloud...
  H0 features: 236
  H1 features: 105
    PH-dimension: 1.90
    ✅ Added diagrams to collection (total: 221)
  Sample 22: P=26 tokens, H=25 tokens
    Point cloud breakdown:
      Premise: 26 + 26 + 26 = 182
      Hypothesis: 25 + 25 + 25 = 175
      Combined: 357 points
      Sufficient for PHD: ✅
    Model analysis:
      Order violation energy: 5.7355
      Asymmetric energy: 6.8771
Computing persistence on full 357 point cloud...
  H0 features: 301
  H1 features: 149
    PH-dimension: 1.91
    ✅ Added diagrams to collection (total: 222)
  Sample 23: P=33 tokens, H=12 tokens
    Point cloud breakdown:
      Premise: 33 + 33 + 33 = 231
      Hypothesis: 12 + 12 + 12 = 84
      Combined: 315 points
      Sufficient for PHD: ✅
    Model analysis:
      Order violation energy: 2.8289
      Asymmetric energy: 1.9948
Computing persistence on full 315 point cloud...
  H0 features: 254
  H1 features: 89
    PH-dimension: 1.51
    ✅ Added diagrams to collection (total: 223)
  Sample 24: P=29 tokens, H=14 tokens
    Point cloud breakdown:
      Premise: 29 + 29 + 29 = 203
      Hypothesis: 14 + 14 + 14 = 98
      Combined: 301 points
      Sufficient for PHD: ✅
    Model analysis:
      Order violation energy: 1.1216
      Asymmetric energy: 4.9768
Computing persistence on full 301 point cloud...
  H0 features: 253
  H1 features: 116
    PH-dimension: 1.79
    ✅ Added diagrams to collection (total: 224)
  Sample 25: P=26 tokens, H=16 tokens
    Point cloud breakdown:
      Premise: 26 + 26 + 26 = 182
      Hypothesis: 16 + 16 + 16 = 112
      Combined: 294 points
      Sufficient for PHD: ✅
    Model analysis:
      Order violation energy: 1.1177
      Asymmetric energy: 1.7548
Computing persistence on full 294 point cloud...
  H0 features: 220
  H1 features: 67
    PH-dimension: 1.54
    ✅ Added diagrams to collection (total: 225)
  Sample 26: P=37 tokens, H=11 tokens
    Point cloud breakdown:
      Premise: 37 + 37 + 37 = 259
      Hypothesis: 11 + 11 + 11 = 77
      Combined: 336 points
      Sufficient for PHD: ✅
    Model analysis:
      Order violation energy: 2.7592
      Asymmetric energy: 3.6333
Computing persistence on full 336 point cloud...
  H0 features: 277
  H1 features: 114
    PH-dimension: 1.75
    ✅ Added diagrams to collection (total: 226)
  Sample 27: P=59 tokens, H=8 tokens
    Point cloud breakdown:
      Premise: 59 + 59 + 59 = 413
      Hypothesis: 8 + 8 + 8 = 56
      Combined: 469 points
      Sufficient for PHD: ✅
    Model analysis:
      Order violation energy: 2.7108
      Asymmetric energy: 2.0003
Computing persistence on full 469 point cloud...
  H0 features: 382
  H1 features: 147
    PH-dimension: 1.79
    ✅ Added diagrams to collection (total: 227)
  Sample 28: P=45 tokens, H=10 tokens
    Point cloud breakdown:
      Premise: 45 + 45 + 45 = 315
      Hypothesis: 10 + 10 + 10 = 70
      Combined: 385 points
      Sufficient for PHD: ✅
    Model analysis:
      Order violation energy: 2.4373
      Asymmetric energy: 2.2504
Computing persistence on full 385 point cloud...
  H0 features: 322
  H1 features: 151
    PH-dimension: 1.67
    ✅ Added diagrams to collection (total: 228)
  Sample 29: P=27 tokens, H=15 tokens
    Point cloud breakdown:
      Premise: 27 + 27 + 27 = 189
      Hypothesis: 15 + 15 + 15 = 105
      Combined: 294 points
      Sufficient for PHD: ✅
    Model analysis:
      Order violation energy: 1.6544
      Asymmetric energy: 1.7056
Computing persistence on full 294 point cloud...
  H0 features: 244
  H1 features: 101
    PH-dimension: 1.88
    ✅ Added diagrams to collection (total: 229)
  Sample 30: P=29 tokens, H=13 tokens
    Point cloud breakdown:
      Premise: 29 + 29 + 29 = 203
      Hypothesis: 13 + 13 + 13 = 91
      Combined: 294 points
      Sufficient for PHD: ✅
    Model analysis:
      Order violation energy: 2.4313
      Asymmetric energy: 1.4465
Computing persistence on full 294 point cloud...
  H0 features: 242
  H1 features: 100
    PH-dimension: 1.84
    ✅ Added diagrams to collection (total: 230)
  Sample 31: P=28 tokens, H=16 tokens
    Point cloud breakdown:
      Premise: 28 + 28 + 28 = 196
      Hypothesis: 16 + 16 + 16 = 112
      Combined: 308 points
      Sufficient for PHD: ✅
    Model analysis:
      Order violation energy: 1.5950
      Asymmetric energy: 2.2706
Computing persistence on full 308 point cloud...
  H0 features: 250
  H1 features: 95
    PH-dimension: 1.53
    ✅ Added diagrams to collection (total: 231)
  Sample 32: P=54 tokens, H=9 tokens
    Point cloud breakdown:
      Premise: 54 + 54 + 54 = 378
      Hypothesis: 9 + 9 + 9 = 63
      Combined: 441 points
      Sufficient for PHD: ✅
    Model analysis:
      Order violation energy: 1.2168
      Asymmetric energy: 1.5539
Computing persistence on full 441 point cloud...
  H0 features: 337
  H1 features: 108
    PH-dimension: 1.86
    ✅ Added diagrams to collection (total: 232)
  Sample 33: P=30 tokens, H=13 tokens
    Point cloud breakdown:
      Premise: 30 + 30 + 30 = 210
      Hypothesis: 13 + 13 + 13 = 91
      Combined: 301 points
      Sufficient for PHD: ✅
    Model analysis:
      Order violation energy: 1.4395
      Asymmetric energy: 4.6734
Computing persistence on full 301 point cloud...
  H0 features: 250
  H1 features: 103
    PH-dimension: 1.93
    ✅ Added diagrams to collection (total: 233)
  Sample 34: P=30 tokens, H=10 tokens
    Point cloud breakdown:
      Premise: 30 + 30 + 30 = 210
      Hypothesis: 10 + 10 + 10 = 70
      Combined: 280 points
      Sufficient for PHD: ✅
    Model analysis:
      Order violation energy: 1.3490
      Asymmetric energy: 4.5253
Computing persistence on full 280 point cloud...
  H0 features: 229
  H1 features: 101
    PH-dimension: 1.38
    ✅ Added diagrams to collection (total: 234)
  Sample 35: P=32 tokens, H=16 tokens
    Point cloud breakdown:
      Premise: 32 + 32 + 32 = 224
      Hypothesis: 16 + 16 + 16 = 112
      Combined: 336 points
      Sufficient for PHD: ✅
    Model analysis:
      Order violation energy: 1.6297
      Asymmetric energy: 2.1455
Computing persistence on full 336 point cloud...
  H0 features: 283
  H1 features: 107
    PH-dimension: 1.48
    ✅ Added diagrams to collection (total: 235)
  Sample 36: P=23 tokens, H=17 tokens
    Point cloud breakdown:
      Premise: 23 + 23 + 23 = 161
      Hypothesis: 17 + 17 + 17 = 119
      Combined: 280 points
      Sufficient for PHD: ✅
    Model analysis:
      Order violation energy: 2.5666
      Asymmetric energy: 2.0046
Computing persistence on full 280 point cloud...
  H0 features: 237
  H1 features: 83
    PH-dimension: 1.47
    ✅ Added diagrams to collection (total: 236)
  Sample 37: P=30 tokens, H=12 tokens
    Point cloud breakdown:
      Premise: 30 + 30 + 30 = 210
      Hypothesis: 12 + 12 + 12 = 84
      Combined: 294 points
      Sufficient for PHD: ✅
    Model analysis:
      Order violation energy: 1.4765
      Asymmetric energy: 2.4494
Computing persistence on full 294 point cloud...
  H0 features: 247
  H1 features: 90
    PH-dimension: 1.66
    ✅ Added diagrams to collection (total: 237)
  Sample 38: P=48 tokens, H=16 tokens
    Point cloud breakdown:
      Premise: 48 + 48 + 48 = 336
      Hypothesis: 16 + 16 + 16 = 112
      Combined: 448 points
      Sufficient for PHD: ✅
    Model analysis:
      Order violation energy: 0.6148
      Asymmetric energy: 5.5955
Computing persistence on full 448 point cloud...
  H0 features: 365
  H1 features: 182
    PH-dimension: 2.36
    ✅ Added diagrams to collection (total: 238)
  Sample 39: P=26 tokens, H=14 tokens
    Point cloud breakdown:
      Premise: 26 + 26 + 26 = 182
      Hypothesis: 14 + 14 + 14 = 98
      Combined: 280 points
      Sufficient for PHD: ✅
    Model analysis:
      Order violation energy: 2.8574
      Asymmetric energy: 2.0551
Computing persistence on full 280 point cloud...
  H0 features: 223
  H1 features: 105
    PH-dimension: 1.55
    ✅ Added diagrams to collection (total: 239)
  Sample 40: P=30 tokens, H=13 tokens
    Point cloud breakdown:
      Premise: 30 + 30 + 30 = 210
      Hypothesis: 13 + 13 + 13 = 91
      Combined: 301 points
      Sufficient for PHD: ✅
    Model analysis:
      Order violation energy: 2.2467
      Asymmetric energy: 1.4845
Computing persistence on full 301 point cloud...
  H0 features: 245
  H1 features: 99
    PH-dimension: 2.06
    ✅ Added diagrams to collection (total: 240)
  Sample 41: P=55 tokens, H=17 tokens
    Point cloud breakdown:
      Premise: 55 + 55 + 55 = 385
      Hypothesis: 17 + 17 + 17 = 119
      Combined: 504 points
      Sufficient for PHD: ✅
    Model analysis:
      Order violation energy: 0.4529
      Asymmetric energy: 1.7338
Computing persistence on full 504 point cloud...
  H0 features: 408
  H1 features: 216
    PH-dimension: 2.07
    ✅ Added diagrams to collection (total: 241)
  Sample 42: P=37 tokens, H=14 tokens
    Point cloud breakdown:
      Premise: 37 + 37 + 37 = 259
      Hypothesis: 14 + 14 + 14 = 98
      Combined: 357 points
      Sufficient for PHD: ✅
    Model analysis:
      Order violation energy: 1.9265
      Asymmetric energy: 1.3179
Computing persistence on full 357 point cloud...
  H0 features: 296
  H1 features: 120
    PH-dimension: 1.57
    ✅ Added diagrams to collection (total: 242)
  Sample 43: P=33 tokens, H=9 tokens
    Point cloud breakdown:
      Premise: 33 + 33 + 33 = 231
      Hypothesis: 9 + 9 + 9 = 63
      Combined: 294 points
      Sufficient for PHD: ✅
    Model analysis:
      Order violation energy: 0.5923
      Asymmetric energy: 2.8772
Computing persistence on full 294 point cloud...
  H0 features: 239
  H1 features: 109
    PH-dimension: 1.85
    ✅ Added diagrams to collection (total: 243)
  Sample 44: P=32 tokens, H=10 tokens
    Point cloud breakdown:
      Premise: 32 + 32 + 32 = 224
      Hypothesis: 10 + 10 + 10 = 70
      Combined: 294 points
      Sufficient for PHD: ✅
    Model analysis:
      Order violation energy: 2.1242
      Asymmetric energy: 4.1405
Computing persistence on full 294 point cloud...
  H0 features: 252
  H1 features: 97
    PH-dimension: 1.70
    ✅ Added diagrams to collection (total: 244)
  Sample 45: P=29 tokens, H=11 tokens
    Point cloud breakdown:
      Premise: 29 + 29 + 29 = 203
      Hypothesis: 11 + 11 + 11 = 77
      Combined: 280 points
      Sufficient for PHD: ✅
    Model analysis:
      Order violation energy: 0.5893
      Asymmetric energy: 5.5123
Computing persistence on full 280 point cloud...
  H0 features: 228
  H1 features: 97
    PH-dimension: 2.54
    ✅ Added diagrams to collection (total: 245)
  Sample 46: P=32 tokens, H=10 tokens
    Point cloud breakdown:
      Premise: 32 + 32 + 32 = 224
      Hypothesis: 10 + 10 + 10 = 70
      Combined: 294 points
      Sufficient for PHD: ✅
    Model analysis:
      Order violation energy: 1.8153
      Asymmetric energy: 3.2059
Computing persistence on full 294 point cloud...
  H0 features: 253
  H1 features: 115
    PH-dimension: 1.74
    ✅ Added diagrams to collection (total: 246)
  Sample 47: P=22 tokens, H=20 tokens
    Point cloud breakdown:
      Premise: 22 + 22 + 22 = 154
      Hypothesis: 20 + 20 + 20 = 140
      Combined: 294 points
      Sufficient for PHD: ✅
    Model analysis:
      Order violation energy: 4.2117
      Asymmetric energy: 2.9977
Computing persistence on full 294 point cloud...
  H0 features: 253
  H1 features: 100
    PH-dimension: 1.63
    ✅ Added diagrams to collection (total: 247)
  Sample 48: P=38 tokens, H=14 tokens
    Point cloud breakdown:
      Premise: 38 + 38 + 38 = 266
      Hypothesis: 14 + 14 + 14 = 98
      Combined: 364 points
      Sufficient for PHD: ✅
    Model analysis:
      Order violation energy: 2.9787
      Asymmetric energy: 1.5225
Computing persistence on full 364 point cloud...
  H0 features: 298
  H1 features: 125
    PH-dimension: 1.91
    ✅ Added diagrams to collection (total: 248)
  Sample 49: P=31 tokens, H=13 tokens
    Point cloud breakdown:
      Premise: 31 + 31 + 31 = 217
      Hypothesis: 13 + 13 + 13 = 91
      Combined: 308 points
      Sufficient for PHD: ✅
    Model analysis:
      Order violation energy: 2.0903
      Asymmetric energy: 2.0804
Computing persistence on full 308 point cloud...
  H0 features: 254
  H1 features: 100
    PH-dimension: 1.39
    ✅ Added diagrams to collection (total: 249)
  Sample 50: P=32 tokens, H=11 tokens
    Point cloud breakdown:
      Premise: 32 + 32 + 32 = 224
      Hypothesis: 11 + 11 + 11 = 77
      Combined: 301 points
      Sufficient for PHD: ✅
    Model analysis:
      Order violation energy: 0.6750
      Asymmetric energy: 4.3391
Computing persistence on full 301 point cloud...
  H0 features: 248
  H1 features: 119
    PH-dimension: 1.75
    ✅ Added diagrams to collection (total: 250)
  Sample 51: P=39 tokens, H=5 tokens
    Point cloud breakdown:
      Premise: 39 + 39 + 39 = 273
      Hypothesis: 5 + 5 + 5 = 35
      Combined: 308 points
      Sufficient for PHD: ✅
    Model analysis:
      Order violation energy: 2.2480
      Asymmetric energy: 2.2014
Computing persistence on full 308 point cloud...
  H0 features: 259
  H1 features: 98
    PH-dimension: 2.09
    ✅ Added diagrams to collection (total: 251)
  Sample 52: P=26 tokens, H=17 tokens
    Point cloud breakdown:
      Premise: 26 + 26 + 26 = 182
      Hypothesis: 17 + 17 + 17 = 119
      Combined: 301 points
      Sufficient for PHD: ✅
    Model analysis:
      Order violation energy: 0.9160
      Asymmetric energy: 3.6019
Computing persistence on full 301 point cloud...
  H0 features: 247
  H1 features: 114
    PH-dimension: 1.72
    ✅ Added diagrams to collection (total: 252)
  Sample 53: P=29 tokens, H=12 tokens
    Point cloud breakdown:
      Premise: 29 + 29 + 29 = 203
      Hypothesis: 12 + 12 + 12 = 84
      Combined: 287 points
      Sufficient for PHD: ✅
    Model analysis:
      Order violation energy: 2.0148
      Asymmetric energy: 1.9162
Computing persistence on full 287 point cloud...
  H0 features: 243
  H1 features: 98
    PH-dimension: 1.72
    ✅ Added diagrams to collection (total: 253)
  Sample 54: P=34 tokens, H=10 tokens
    Point cloud breakdown:
      Premise: 34 + 34 + 34 = 238
      Hypothesis: 10 + 10 + 10 = 70
      Combined: 308 points
      Sufficient for PHD: ✅
    Model analysis:
      Order violation energy: 2.1932
      Asymmetric energy: 2.1390
Computing persistence on full 308 point cloud...
  H0 features: 251
  H1 features: 115
    PH-dimension: 1.60
    ✅ Added diagrams to collection (total: 254)
  Sample 55: P=26 tokens, H=14 tokens
    Point cloud breakdown:
      Premise: 26 + 26 + 26 = 182
      Hypothesis: 14 + 14 + 14 = 98
      Combined: 280 points
      Sufficient for PHD: ✅
    Model analysis:
      Order violation energy: 1.6896
      Asymmetric energy: 3.0518
Computing persistence on full 280 point cloud...
  H0 features: 249
  H1 features: 101
    PH-dimension: 1.51
    ✅ Added diagrams to collection (total: 255)
  Sample 56: P=32 tokens, H=8 tokens
    Point cloud breakdown:
      Premise: 32 + 32 + 32 = 224
      Hypothesis: 8 + 8 + 8 = 56
      Combined: 280 points
      Sufficient for PHD: ✅
    Model analysis:
      Order violation energy: 2.4722
      Asymmetric energy: 2.4398
Computing persistence on full 280 point cloud...
  H0 features: 240
  H1 features: 88
    PH-dimension: 1.85
    ✅ Added diagrams to collection (total: 256)
  Sample 57: P=41 tokens, H=10 tokens
    Point cloud breakdown:
      Premise: 41 + 41 + 41 = 287
      Hypothesis: 10 + 10 + 10 = 70
      Combined: 357 points
      Sufficient for PHD: ✅
    Model analysis:
      Order violation energy: 2.0091
      Asymmetric energy: 2.8121
Computing persistence on full 357 point cloud...
  H0 features: 291
  H1 features: 122
    PH-dimension: 1.66
    ✅ Added diagrams to collection (total: 257)
  Sample 58: P=33 tokens, H=17 tokens
    Point cloud breakdown:
      Premise: 33 + 33 + 33 = 231
      Hypothesis: 17 + 17 + 17 = 119
      Combined: 350 points
      Sufficient for PHD: ✅
    Model analysis:
      Order violation energy: 0.1744
      Asymmetric energy: 4.2035
Computing persistence on full 350 point cloud...
  H0 features: 283
  H1 features: 173
    PH-dimension: 2.34
    ✅ Added diagrams to collection (total: 258)
  Sample 59: P=51 tokens, H=11 tokens
    Point cloud breakdown:
      Premise: 51 + 51 + 51 = 357
      Hypothesis: 11 + 11 + 11 = 77
      Combined: 434 points
      Sufficient for PHD: ✅
    Model analysis:
      Order violation energy: 1.9995
      Asymmetric energy: 1.8437
Computing persistence on full 434 point cloud...
  H0 features: 362
  H1 features: 158
    PH-dimension: 2.14
    ✅ Added diagrams to collection (total: 259)
  Sample 60: P=30 tokens, H=11 tokens
    Point cloud breakdown:
      Premise: 30 + 30 + 30 = 210
      Hypothesis: 11 + 11 + 11 = 77
      Combined: 287 points
      Sufficient for PHD: ✅
    Model analysis:
      Order violation energy: 2.0423
      Asymmetric energy: 3.3119
Computing persistence on full 287 point cloud...
  H0 features: 239
  H1 features: 98
    PH-dimension: 1.77
    ✅ Added diagrams to collection (total: 260)
  Sample 61: P=40 tokens, H=8 tokens
    Point cloud breakdown:
      Premise: 40 + 40 + 40 = 280
      Hypothesis: 8 + 8 + 8 = 56
      Combined: 336 points
      Sufficient for PHD: ✅
    Model analysis:
      Order violation energy: 2.2673
      Asymmetric energy: 1.8435
Computing persistence on full 336 point cloud...
  H0 features: 278
  H1 features: 111
    PH-dimension: 2.50
    ✅ Added diagrams to collection (total: 261)
  Sample 62: P=30 tokens, H=13 tokens
    Point cloud breakdown:
      Premise: 30 + 30 + 30 = 210
      Hypothesis: 13 + 13 + 13 = 91
      Combined: 301 points
      Sufficient for PHD: ✅
    Model analysis:
      Order violation energy: 0.4742
      Asymmetric energy: 4.0154
Computing persistence on full 301 point cloud...
  H0 features: 253
  H1 features: 116
    PH-dimension: 1.75
    ✅ Added diagrams to collection (total: 262)
  Sample 63: P=29 tokens, H=11 tokens
    Point cloud breakdown:
      Premise: 29 + 29 + 29 = 203
      Hypothesis: 11 + 11 + 11 = 77
      Combined: 280 points
      Sufficient for PHD: ✅
    Model analysis:
      Order violation energy: 0.6191
      Asymmetric energy: 3.0401
Computing persistence on full 280 point cloud...
  H0 features: 230
  H1 features: 110
    PH-dimension: 2.31
    ✅ Added diagrams to collection (total: 263)
  Sample 64: P=29 tokens, H=15 tokens
    Point cloud breakdown:
      Premise: 29 + 29 + 29 = 203
      Hypothesis: 15 + 15 + 15 = 105
      Combined: 308 points
      Sufficient for PHD: ✅
    Model analysis:
      Order violation energy: 1.3047
      Asymmetric energy: 2.0465
Computing persistence on full 308 point cloud...
  H0 features: 260
  H1 features: 75
    PH-dimension: 1.82
    ✅ Added diagrams to collection (total: 264)
  Sample 65: P=30 tokens, H=10 tokens
    Point cloud breakdown:
      Premise: 30 + 30 + 30 = 210
      Hypothesis: 10 + 10 + 10 = 70
      Combined: 280 points
      Sufficient for PHD: ✅
    Model analysis:
      Order violation energy: 0.6564
      Asymmetric energy: 5.0281
Computing persistence on full 280 point cloud...
  H0 features: 231
  H1 features: 98
    PH-dimension: 1.58
    ✅ Added diagrams to collection (total: 265)
  Sample 66: P=25 tokens, H=20 tokens
    Point cloud breakdown:
      Premise: 25 + 25 + 25 = 175
      Hypothesis: 20 + 20 + 20 = 140
      Combined: 315 points
      Sufficient for PHD: ✅
    Model analysis:
      Order violation energy: 1.2371
      Asymmetric energy: 2.6429
Computing persistence on full 315 point cloud...
  H0 features: 265
  H1 features: 104
    PH-dimension: 1.72
    ✅ Added diagrams to collection (total: 266)
  Sample 67: P=44 tokens, H=12 tokens
    Point cloud breakdown:
      Premise: 44 + 44 + 44 = 308
      Hypothesis: 12 + 12 + 12 = 84
      Combined: 392 points
      Sufficient for PHD: ✅
    Model analysis:
      Order violation energy: 1.7869
      Asymmetric energy: 2.6931
Computing persistence on full 392 point cloud...
  H0 features: 329
  H1 features: 154
    PH-dimension: 1.58
    ✅ Added diagrams to collection (total: 267)
  Sample 68: P=36 tokens, H=10 tokens
    Point cloud breakdown:
      Premise: 36 + 36 + 36 = 252
      Hypothesis: 10 + 10 + 10 = 70
      Combined: 322 points
      Sufficient for PHD: ✅
    Model analysis:
      Order violation energy: 1.0793
      Asymmetric energy: 1.7661
Computing persistence on full 322 point cloud...
  H0 features: 233
  H1 features: 73
    PH-dimension: 1.54
    ✅ Added diagrams to collection (total: 268)
  Sample 69: P=27 tokens, H=15 tokens
    Point cloud breakdown:
      Premise: 27 + 27 + 27 = 189
      Hypothesis: 15 + 15 + 15 = 105
      Combined: 294 points
      Sufficient for PHD: ✅
    Model analysis:
      Order violation energy: 2.5958
      Asymmetric energy: 1.3602
Computing persistence on full 294 point cloud...
  H0 features: 247
  H1 features: 107
    PH-dimension: 1.40
    ✅ Added diagrams to collection (total: 269)
  Sample 70: P=23 tokens, H=19 tokens
    Point cloud breakdown:
      Premise: 23 + 23 + 23 = 161
      Hypothesis: 19 + 19 + 19 = 133
      Combined: 294 points
      Sufficient for PHD: ✅
    Model analysis:
      Order violation energy: 4.9886
      Asymmetric energy: 3.6587
Computing persistence on full 294 point cloud...
  H0 features: 246
  H1 features: 108
    PH-dimension: 1.64
    ✅ Added diagrams to collection (total: 270)
  Sample 71: P=27 tokens, H=13 tokens
    Point cloud breakdown:
      Premise: 27 + 27 + 27 = 189
      Hypothesis: 13 + 13 + 13 = 91
      Combined: 280 points
      Sufficient for PHD: ✅
    Model analysis:
      Order violation energy: 1.3953
      Asymmetric energy: 2.1590
Computing persistence on full 280 point cloud...
  H0 features: 237
  H1 features: 63
    PH-dimension: 1.42
    ✅ Added diagrams to collection (total: 271)
  Sample 72: P=26 tokens, H=18 tokens
    Point cloud breakdown:
      Premise: 26 + 26 + 26 = 182
      Hypothesis: 18 + 18 + 18 = 126
      Combined: 308 points
      Sufficient for PHD: ✅
    Model analysis:
      Order violation energy: 2.6487
      Asymmetric energy: 2.3501
Computing persistence on full 308 point cloud...
  H0 features: 254
  H1 features: 97
    PH-dimension: 1.53
    ✅ Added diagrams to collection (total: 272)
  Sample 73: P=30 tokens, H=10 tokens
    Point cloud breakdown:
      Premise: 30 + 30 + 30 = 210
      Hypothesis: 10 + 10 + 10 = 70
      Combined: 280 points
      Sufficient for PHD: ✅
    Model analysis:
      Order violation energy: 3.2266
      Asymmetric energy: 2.2375
Computing persistence on full 280 point cloud...
  H0 features: 228
  H1 features: 96
    PH-dimension: 1.57
    ✅ Added diagrams to collection (total: 273)
  Sample 74: P=39 tokens, H=9 tokens
    Point cloud breakdown:
      Premise: 39 + 39 + 39 = 273
      Hypothesis: 9 + 9 + 9 = 63
      Combined: 336 points
      Sufficient for PHD: ✅
    Model analysis:
      Order violation energy: 1.3399
      Asymmetric energy: 1.7394
Computing persistence on full 336 point cloud...
  H0 features: 248
  H1 features: 75
    PH-dimension: 1.70
    ✅ Added diagrams to collection (total: 274)
  Sample 75: P=25 tokens, H=15 tokens
    Point cloud breakdown:
      Premise: 25 + 25 + 25 = 175
      Hypothesis: 15 + 15 + 15 = 105
      Combined: 280 points
      Sufficient for PHD: ✅
    Model analysis:
      Order violation energy: 1.2384
      Asymmetric energy: 2.4514
Computing persistence on full 280 point cloud...
  H0 features: 231
  H1 features: 74
    PH-dimension: 1.83
    ✅ Added diagrams to collection (total: 275)
  Sample 76: P=31 tokens, H=10 tokens
    Point cloud breakdown:
      Premise: 31 + 31 + 31 = 217
      Hypothesis: 10 + 10 + 10 = 70
      Combined: 287 points
      Sufficient for PHD: ✅
    Model analysis:
      Order violation energy: 1.2517
      Asymmetric energy: 3.7670
Computing persistence on full 287 point cloud...
  H0 features: 232
  H1 features: 109
    PH-dimension: 2.02
    ✅ Added diagrams to collection (total: 276)
  Sample 77: P=29 tokens, H=14 tokens
    Point cloud breakdown:
      Premise: 29 + 29 + 29 = 203
      Hypothesis: 14 + 14 + 14 = 98
      Combined: 301 points
      Sufficient for PHD: ✅
    Model analysis:
      Order violation energy: 2.1513
      Asymmetric energy: 2.2822
Computing persistence on full 301 point cloud...
  H0 features: 255
  H1 features: 109
    PH-dimension: 1.34
    ✅ Added diagrams to collection (total: 277)
  Sample 78: P=29 tokens, H=11 tokens
    Point cloud breakdown:
      Premise: 29 + 29 + 29 = 203
      Hypothesis: 11 + 11 + 11 = 77
      Combined: 280 points
      Sufficient for PHD: ✅
    Model analysis:
      Order violation energy: 1.4578
      Asymmetric energy: 1.8836
Computing persistence on full 280 point cloud...
  H0 features: 209
  H1 features: 62
    PH-dimension: 1.38
    ✅ Added diagrams to collection (total: 278)
  Sample 79: P=34 tokens, H=9 tokens
    Point cloud breakdown:
      Premise: 34 + 34 + 34 = 238
      Hypothesis: 9 + 9 + 9 = 63
      Combined: 301 points
      Sufficient for PHD: ✅
    Model analysis:
      Order violation energy: 1.1671
      Asymmetric energy: 2.0327
Computing persistence on full 301 point cloud...
  H0 features: 246
  H1 features: 64
    PH-dimension: 1.28
    ✅ Added diagrams to collection (total: 279)
  Sample 80: P=38 tokens, H=16 tokens
    Point cloud breakdown:
      Premise: 38 + 38 + 38 = 266
      Hypothesis: 16 + 16 + 16 = 112
      Combined: 378 points
      Sufficient for PHD: ✅
    Model analysis:
      Order violation energy: 3.0933
      Asymmetric energy: 3.0545
Computing persistence on full 378 point cloud...
  H0 features: 295
  H1 features: 152
    PH-dimension: 1.90
    ✅ Added diagrams to collection (total: 280)
  Sample 81: P=20 tokens, H=20 tokens
    Point cloud breakdown:
      Premise: 20 + 20 + 20 = 140
      Hypothesis: 20 + 20 + 20 = 140
      Combined: 280 points
      Sufficient for PHD: ✅
    Model analysis:
      Order violation energy: 1.1193
      Asymmetric energy: 0.9128
Computing persistence on full 280 point cloud...
  H0 features: 215
  H1 features: 74
    PH-dimension: 1.43
    ✅ Added diagrams to collection (total: 281)
  Sample 82: P=26 tokens, H=16 tokens
    Point cloud breakdown:
      Premise: 26 + 26 + 26 = 182
      Hypothesis: 16 + 16 + 16 = 112
      Combined: 294 points
      Sufficient for PHD: ✅
    Model analysis:
      Order violation energy: 0.7273
      Asymmetric energy: 1.6970
Computing persistence on full 294 point cloud...
  H0 features: 245
  H1 features: 106
    PH-dimension: 1.46
    ✅ Added diagrams to collection (total: 282)
  Sample 83: P=20 tokens, H=25 tokens
    Point cloud breakdown:
      Premise: 20 + 20 + 20 = 140
      Hypothesis: 25 + 25 + 25 = 175
      Combined: 315 points
      Sufficient for PHD: ✅
    Model analysis:
      Order violation energy: 4.1035
      Asymmetric energy: 2.8897
Computing persistence on full 315 point cloud...
  H0 features: 259
  H1 features: 110
    PH-dimension: 1.74
    ✅ Added diagrams to collection (total: 283)
  Sample 84: P=32 tokens, H=8 tokens
    Point cloud breakdown:
      Premise: 32 + 32 + 32 = 224
      Hypothesis: 8 + 8 + 8 = 56
      Combined: 280 points
      Sufficient for PHD: ✅
    Model analysis:
      Order violation energy: 2.4923
      Asymmetric energy: 3.2474
Computing persistence on full 280 point cloud...
  H0 features: 234
  H1 features: 95
    PH-dimension: 1.99
    ✅ Added diagrams to collection (total: 284)
  Sample 85: P=39 tokens, H=12 tokens
    Point cloud breakdown:
      Premise: 39 + 39 + 39 = 273
      Hypothesis: 12 + 12 + 12 = 84
      Combined: 357 points
      Sufficient for PHD: ✅
    Model analysis:
      Order violation energy: 1.3973
      Asymmetric energy: 2.8383
Computing persistence on full 357 point cloud...
  H0 features: 295
  H1 features: 135
    PH-dimension: 1.88
    ✅ Added diagrams to collection (total: 285)
  Sample 86: P=49 tokens, H=16 tokens
    Point cloud breakdown:
      Premise: 49 + 49 + 49 = 343
      Hypothesis: 16 + 16 + 16 = 112
      Combined: 455 points
      Sufficient for PHD: ✅
    Model analysis:
      Order violation energy: 2.6163
      Asymmetric energy: 2.2635
Computing persistence on full 455 point cloud...
  H0 features: 381
  H1 features: 161
    PH-dimension: 1.77
    ✅ Added diagrams to collection (total: 286)
  Sample 87: P=38 tokens, H=14 tokens
    Point cloud breakdown:
      Premise: 38 + 38 + 38 = 266
      Hypothesis: 14 + 14 + 14 = 98
      Combined: 364 points
      Sufficient for PHD: ✅
    Model analysis:
      Order violation energy: 0.2344
      Asymmetric energy: 3.5387
Computing persistence on full 364 point cloud...
  H0 features: 287
  H1 features: 136
    PH-dimension: 2.05
    ✅ Added diagrams to collection (total: 287)
  Sample 88: P=25 tokens, H=24 tokens
    Point cloud breakdown:
      Premise: 25 + 25 + 25 = 175
      Hypothesis: 24 + 24 + 24 = 168
      Combined: 343 points
      Sufficient for PHD: ✅
    Model analysis:
      Order violation energy: 2.2220
      Asymmetric energy: 2.1508
Computing persistence on full 343 point cloud...
  H0 features: 276
  H1 features: 136
    PH-dimension: 1.79
    ✅ Added diagrams to collection (total: 288)
  Sample 89: P=27 tokens, H=18 tokens
    Point cloud breakdown:
      Premise: 27 + 27 + 27 = 189
      Hypothesis: 18 + 18 + 18 = 126
      Combined: 315 points
      Sufficient for PHD: ✅
    Model analysis:
      Order violation energy: 1.7793
      Asymmetric energy: 2.2508
Computing persistence on full 315 point cloud...
  H0 features: 264
  H1 features: 109
    PH-dimension: 1.59
    ✅ Added diagrams to collection (total: 289)
  Sample 90: P=30 tokens, H=15 tokens
    Point cloud breakdown:
      Premise: 30 + 30 + 30 = 210
      Hypothesis: 15 + 15 + 15 = 105
      Combined: 315 points
      Sufficient for PHD: ✅
    Model analysis:
      Order violation energy: 0.9934
      Asymmetric energy: 1.8064
Computing persistence on full 315 point cloud...
  H0 features: 233
  H1 features: 78
    PH-dimension: 1.53
    ✅ Added diagrams to collection (total: 290)
  Sample 91: P=42 tokens, H=42 tokens
    Point cloud breakdown:
      Premise: 42 + 42 + 42 = 294
      Hypothesis: 42 + 42 + 42 = 294
      Combined: 588 points
      Sufficient for PHD: ✅
    Model analysis:
      Order violation energy: 0.0252
      Asymmetric energy: 0.1181
Computing persistence on full 588 point cloud...
  H0 features: 460
  H1 features: 180
    PH-dimension: 1.59
    ✅ Added diagrams to collection (total: 291)
  Sample 92: P=34 tokens, H=13 tokens
    Point cloud breakdown:
      Premise: 34 + 34 + 34 = 238
      Hypothesis: 13 + 13 + 13 = 91
      Combined: 329 points
      Sufficient for PHD: ✅
    Model analysis:
      Order violation energy: 2.0668
      Asymmetric energy: 1.9926
Computing persistence on full 329 point cloud...
  H0 features: 266
  H1 features: 116
    PH-dimension: 1.64
    ✅ Added diagrams to collection (total: 292)
  Sample 93: P=41 tokens, H=10 tokens
    Point cloud breakdown:
      Premise: 41 + 41 + 41 = 287
      Hypothesis: 10 + 10 + 10 = 70
      Combined: 357 points
      Sufficient for PHD: ✅
    Model analysis:
      Order violation energy: 1.5558
      Asymmetric energy: 2.2095
Computing persistence on full 357 point cloud...
  H0 features: 287
  H1 features: 126
    PH-dimension: 1.33
    ✅ Added diagrams to collection (total: 293)
  Sample 94: P=24 tokens, H=24 tokens
    Point cloud breakdown:
      Premise: 24 + 24 + 24 = 168
      Hypothesis: 24 + 24 + 24 = 168
      Combined: 336 points
      Sufficient for PHD: ✅
    Model analysis:
      Order violation energy: 0.7062
      Asymmetric energy: 0.9275
Computing persistence on full 336 point cloud...
  H0 features: 272
  H1 features: 181
    PH-dimension: 1.67
    ✅ Added diagrams to collection (total: 294)
  Sample 95: P=23 tokens, H=19 tokens
    Point cloud breakdown:
      Premise: 23 + 23 + 23 = 161
      Hypothesis: 19 + 19 + 19 = 133
      Combined: 294 points
      Sufficient for PHD: ✅
    Model analysis:
      Order violation energy: 4.2760
      Asymmetric energy: 3.1413
Computing persistence on full 294 point cloud...
  H0 features: 246
  H1 features: 103
    PH-dimension: 1.56
    ✅ Added diagrams to collection (total: 295)
  Sample 96: P=30 tokens, H=12 tokens
    Point cloud breakdown:
      Premise: 30 + 30 + 30 = 210
      Hypothesis: 12 + 12 + 12 = 84
      Combined: 294 points
      Sufficient for PHD: ✅
    Model analysis:
      Order violation energy: 0.4436
      Asymmetric energy: 1.7857
Computing persistence on full 294 point cloud...
  H0 features: 236
  H1 features: 117
    PH-dimension: 1.44
    ✅ Added diagrams to collection (total: 296)
  Sample 97: P=27 tokens, H=14 tokens
    Point cloud breakdown:
      Premise: 27 + 27 + 27 = 189
      Hypothesis: 14 + 14 + 14 = 98
      Combined: 287 points
      Sufficient for PHD: ✅
    Model analysis:
      Order violation energy: 0.3798
      Asymmetric energy: 2.7845
Computing persistence on full 287 point cloud...
  H0 features: 243
  H1 features: 116
    PH-dimension: 1.38
    ✅ Added diagrams to collection (total: 297)
  Sample 98: P=25 tokens, H=18 tokens
    Point cloud breakdown:
      Premise: 25 + 25 + 25 = 175
      Hypothesis: 18 + 18 + 18 = 126
      Combined: 301 points
      Sufficient for PHD: ✅
    Model analysis:
      Order violation energy: 0.8391
      Asymmetric energy: 1.7006
Computing persistence on full 301 point cloud...
  H0 features: 224
  H1 features: 89
    PH-dimension: 1.49
    ✅ Added diagrams to collection (total: 298)
  Sample 99: P=29 tokens, H=14 tokens
    Point cloud breakdown:
      Premise: 29 + 29 + 29 = 203
      Hypothesis: 14 + 14 + 14 = 98
      Combined: 301 points
      Sufficient for PHD: ✅
    Model analysis:
      Order violation energy: 1.9505
      Asymmetric energy: 1.8975
Computing persistence on full 301 point cloud...
  H0 features: 251
  H1 features: 103
    PH-dimension: 1.58
    ✅ Added diagrams to collection (total: 299)
  Sample 100: P=35 tokens, H=9 tokens
    Point cloud breakdown:
      Premise: 35 + 35 + 35 = 245
      Hypothesis: 9 + 9 + 9 = 63
      Combined: 308 points
      Sufficient for PHD: ✅
    Model analysis:
      Order violation energy: 1.1743
      Asymmetric energy: 5.2066
Computing persistence on full 308 point cloud...
  H0 features: 255
  H1 features: 113
    PH-dimension: 1.69
    ✅ Added diagrams to collection (total: 300)

Collected 300 diagram sets for clustering
Analyzing persistence diagram ranges...
  Diagram 0, dim 0: 321 finite features
  Diagram 0, dim 1: 178 finite features
  Diagram 1, dim 0: 278 finite features
  Diagram 1, dim 1: 181 finite features
  Diagram 2, dim 0: 319 finite features
  Diagram 2, dim 1: 153 finite features
  Diagram 3, dim 0: 339 finite features
  Diagram 3, dim 1: 155 finite features
  Diagram 4, dim 0: 230 finite features
  Diagram 4, dim 1: 114 finite features
  Diagram 5, dim 0: 269 finite features
  Diagram 5, dim 1: 89 finite features
  Diagram 6, dim 0: 277 finite features
  Diagram 6, dim 1: 127 finite features
  Diagram 7, dim 0: 268 finite features
  Diagram 7, dim 1: 125 finite features
  Diagram 8, dim 0: 286 finite features
  Diagram 8, dim 1: 131 finite features
  Diagram 9, dim 0: 307 finite features
  Diagram 9, dim 1: 203 finite features
  Diagram 10, dim 0: 239 finite features
  Diagram 10, dim 1: 126 finite features
  Diagram 11, dim 0: 238 finite features
  Diagram 11, dim 1: 110 finite features
  Diagram 12, dim 0: 230 finite features
  Diagram 12, dim 1: 106 finite features
  Diagram 13, dim 0: 234 finite features
  Diagram 13, dim 1: 114 finite features
  Diagram 14, dim 0: 291 finite features
  Diagram 14, dim 1: 136 finite features
  Diagram 15, dim 0: 246 finite features
  Diagram 15, dim 1: 113 finite features
  Diagram 16, dim 0: 269 finite features
  Diagram 16, dim 1: 136 finite features
  Diagram 17, dim 0: 290 finite features
  Diagram 17, dim 1: 148 finite features
  Diagram 18, dim 0: 241 finite features
  Diagram 18, dim 1: 103 finite features
  Diagram 19, dim 0: 326 finite features
  Diagram 19, dim 1: 121 finite features
  Diagram 20, dim 0: 232 finite features
  Diagram 20, dim 1: 74 finite features
  Diagram 21, dim 0: 283 finite features
  Diagram 21, dim 1: 115 finite features
  Diagram 22, dim 0: 384 finite features
  Diagram 22, dim 1: 139 finite features
  Diagram 23, dim 0: 252 finite features
  Diagram 23, dim 1: 111 finite features
  Diagram 24, dim 0: 239 finite features
  Diagram 24, dim 1: 112 finite features
  Diagram 25, dim 0: 273 finite features
  Diagram 25, dim 1: 134 finite features
  Diagram 26, dim 0: 288 finite features
  Diagram 26, dim 1: 162 finite features
  Diagram 27, dim 0: 267 finite features
  Diagram 27, dim 1: 160 finite features
  Diagram 28, dim 0: 316 finite features
  Diagram 28, dim 1: 124 finite features
  Diagram 29, dim 0: 242 finite features
  Diagram 29, dim 1: 125 finite features
  Diagram 30, dim 0: 236 finite features
  Diagram 30, dim 1: 92 finite features
  Diagram 31, dim 0: 279 finite features
  Diagram 31, dim 1: 122 finite features
  Diagram 32, dim 0: 228 finite features
  Diagram 32, dim 1: 107 finite features
  Diagram 33, dim 0: 249 finite features
  Diagram 33, dim 1: 149 finite features
  Diagram 34, dim 0: 262 finite features
  Diagram 34, dim 1: 119 finite features
  Diagram 35, dim 0: 311 finite features
  Diagram 35, dim 1: 123 finite features
  Diagram 36, dim 0: 293 finite features
  Diagram 36, dim 1: 126 finite features
  Diagram 37, dim 0: 256 finite features
  Diagram 37, dim 1: 123 finite features
  Diagram 38, dim 0: 248 finite features
  Diagram 38, dim 1: 130 finite features
  Diagram 39, dim 0: 235 finite features
  Diagram 39, dim 1: 120 finite features
  Diagram 40, dim 0: 232 finite features
  Diagram 40, dim 1: 140 finite features
  Diagram 41, dim 0: 226 finite features
  Diagram 41, dim 1: 84 finite features
  Diagram 42, dim 0: 409 finite features
  Diagram 42, dim 1: 165 finite features
  Diagram 43, dim 0: 234 finite features
  Diagram 43, dim 1: 100 finite features
  Diagram 44, dim 0: 245 finite features
  Diagram 44, dim 1: 110 finite features
  Diagram 45, dim 0: 284 finite features
  Diagram 45, dim 1: 118 finite features
  Diagram 46, dim 0: 231 finite features
  Diagram 46, dim 1: 95 finite features
  Diagram 47, dim 0: 256 finite features
  Diagram 47, dim 1: 160 finite features
  Diagram 48, dim 0: 268 finite features
  Diagram 48, dim 1: 130 finite features
  Diagram 49, dim 0: 273 finite features
  Diagram 49, dim 1: 92 finite features
  Diagram 50, dim 0: 220 finite features
  Diagram 50, dim 1: 109 finite features
  Diagram 51, dim 0: 327 finite features
  Diagram 51, dim 1: 141 finite features
  Diagram 52, dim 0: 287 finite features
  Diagram 52, dim 1: 138 finite features
  Diagram 53, dim 0: 329 finite features
  Diagram 53, dim 1: 152 finite features
  Diagram 54, dim 0: 293 finite features
  Diagram 54, dim 1: 158 finite features
  Diagram 55, dim 0: 245 finite features
  Diagram 55, dim 1: 148 finite features
  Diagram 56, dim 0: 380 finite features
  Diagram 56, dim 1: 180 finite features
  Diagram 57, dim 0: 227 finite features
  Diagram 57, dim 1: 111 finite features
  Diagram 58, dim 0: 250 finite features
  Diagram 58, dim 1: 128 finite features
  Diagram 59, dim 0: 270 finite features
  Diagram 59, dim 1: 92 finite features
  Diagram 60, dim 0: 288 finite features
  Diagram 60, dim 1: 124 finite features
  Diagram 61, dim 0: 242 finite features
  Diagram 61, dim 1: 88 finite features
  Diagram 62, dim 0: 229 finite features
  Diagram 62, dim 1: 114 finite features
  Diagram 63, dim 0: 233 finite features
  Diagram 63, dim 1: 116 finite features
  Diagram 64, dim 0: 249 finite features
  Diagram 64, dim 1: 86 finite features
  Diagram 65, dim 0: 299 finite features
  Diagram 65, dim 1: 140 finite features
  Diagram 66, dim 0: 234 finite features
  Diagram 66, dim 1: 109 finite features
  Diagram 67, dim 0: 230 finite features
  Diagram 67, dim 1: 107 finite features
  Diagram 68, dim 0: 239 finite features
  Diagram 68, dim 1: 84 finite features
  Diagram 69, dim 0: 261 finite features
  Diagram 69, dim 1: 130 finite features
  Diagram 70, dim 0: 230 finite features
  Diagram 70, dim 1: 63 finite features
  Diagram 71, dim 0: 311 finite features
  Diagram 71, dim 1: 147 finite features
  Diagram 72, dim 0: 260 finite features
  Diagram 72, dim 1: 119 finite features
  Diagram 73, dim 0: 248 finite features
  Diagram 73, dim 1: 134 finite features
  Diagram 74, dim 0: 255 finite features
  Diagram 74, dim 1: 137 finite features
  Diagram 75, dim 0: 258 finite features
  Diagram 75, dim 1: 149 finite features
  Diagram 76, dim 0: 240 finite features
  Diagram 76, dim 1: 152 finite features
  Diagram 77, dim 0: 301 finite features
  Diagram 77, dim 1: 152 finite features
  Diagram 78, dim 0: 236 finite features
  Diagram 78, dim 1: 91 finite features
  Diagram 79, dim 0: 243 finite features
  Diagram 79, dim 1: 118 finite features
  Diagram 80, dim 0: 247 finite features
  Diagram 80, dim 1: 125 finite features
  Diagram 81, dim 0: 247 finite features
  Diagram 81, dim 1: 99 finite features
  Diagram 82, dim 0: 245 finite features
  Diagram 82, dim 1: 126 finite features
  Diagram 83, dim 0: 256 finite features
  Diagram 83, dim 1: 126 finite features
  Diagram 84, dim 0: 254 finite features
  Diagram 84, dim 1: 127 finite features
  Diagram 85, dim 0: 233 finite features
  Diagram 85, dim 1: 124 finite features
  Diagram 86, dim 0: 243 finite features
  Diagram 86, dim 1: 113 finite features
  Diagram 87, dim 0: 300 finite features
  Diagram 87, dim 1: 160 finite features
  Diagram 88, dim 0: 278 finite features
  Diagram 88, dim 1: 127 finite features
  Diagram 89, dim 0: 228 finite features
  Diagram 89, dim 1: 110 finite features
  Diagram 90, dim 0: 275 finite features
  Diagram 90, dim 1: 145 finite features
  Diagram 91, dim 0: 241 finite features
  Diagram 91, dim 1: 86 finite features
  Diagram 92, dim 0: 246 finite features
  Diagram 92, dim 1: 133 finite features
  Diagram 93, dim 0: 221 finite features
  Diagram 93, dim 1: 99 finite features
  Diagram 94, dim 0: 238 finite features
  Diagram 94, dim 1: 98 finite features
  Diagram 95, dim 0: 283 finite features
  Diagram 95, dim 1: 170 finite features
  Diagram 96, dim 0: 290 finite features
  Diagram 96, dim 1: 119 finite features
  Diagram 97, dim 0: 235 finite features
  Diagram 97, dim 1: 114 finite features
  Diagram 98, dim 0: 232 finite features
  Diagram 98, dim 1: 123 finite features
  Diagram 99, dim 0: 247 finite features
  Diagram 99, dim 1: 135 finite features
  Diagram 100, dim 0: 266 finite features
  Diagram 100, dim 1: 111 finite features
  Diagram 101, dim 0: 217 finite features
  Diagram 101, dim 1: 75 finite features
  Diagram 102, dim 0: 278 finite features
  Diagram 102, dim 1: 138 finite features
  Diagram 103, dim 0: 258 finite features
  Diagram 103, dim 1: 99 finite features
  Diagram 104, dim 0: 253 finite features
  Diagram 104, dim 1: 116 finite features
  Diagram 105, dim 0: 253 finite features
  Diagram 105, dim 1: 100 finite features
  Diagram 106, dim 0: 402 finite features
  Diagram 106, dim 1: 188 finite features
  Diagram 107, dim 0: 233 finite features
  Diagram 107, dim 1: 97 finite features
  Diagram 108, dim 0: 226 finite features
  Diagram 108, dim 1: 79 finite features
  Diagram 109, dim 0: 279 finite features
  Diagram 109, dim 1: 85 finite features
  Diagram 110, dim 0: 325 finite features
  Diagram 110, dim 1: 148 finite features
  Diagram 111, dim 0: 232 finite features
  Diagram 111, dim 1: 119 finite features
  Diagram 112, dim 0: 255 finite features
  Diagram 112, dim 1: 139 finite features
  Diagram 113, dim 0: 379 finite features
  Diagram 113, dim 1: 173 finite features
  Diagram 114, dim 0: 238 finite features
  Diagram 114, dim 1: 103 finite features
  Diagram 115, dim 0: 233 finite features
  Diagram 115, dim 1: 108 finite features
  Diagram 116, dim 0: 241 finite features
  Diagram 116, dim 1: 105 finite features
  Diagram 117, dim 0: 226 finite features
  Diagram 117, dim 1: 61 finite features
  Diagram 118, dim 0: 222 finite features
  Diagram 118, dim 1: 74 finite features
  Diagram 119, dim 0: 251 finite features
  Diagram 119, dim 1: 111 finite features
  Diagram 120, dim 0: 233 finite features
  Diagram 120, dim 1: 90 finite features
  Diagram 121, dim 0: 264 finite features
  Diagram 121, dim 1: 131 finite features
  Diagram 122, dim 0: 242 finite features
  Diagram 122, dim 1: 113 finite features
  Diagram 123, dim 0: 292 finite features
  Diagram 123, dim 1: 135 finite features
  Diagram 124, dim 0: 271 finite features
  Diagram 124, dim 1: 92 finite features
  Diagram 125, dim 0: 279 finite features
  Diagram 125, dim 1: 131 finite features
  Diagram 126, dim 0: 263 finite features
  Diagram 126, dim 1: 119 finite features
  Diagram 127, dim 0: 246 finite features
  Diagram 127, dim 1: 95 finite features
  Diagram 128, dim 0: 233 finite features
  Diagram 128, dim 1: 120 finite features
  Diagram 129, dim 0: 270 finite features
  Diagram 129, dim 1: 115 finite features
  Diagram 130, dim 0: 238 finite features
  Diagram 130, dim 1: 128 finite features
  Diagram 131, dim 0: 247 finite features
  Diagram 131, dim 1: 117 finite features
  Diagram 132, dim 0: 225 finite features
  Diagram 132, dim 1: 113 finite features
  Diagram 133, dim 0: 230 finite features
  Diagram 133, dim 1: 109 finite features
  Diagram 134, dim 0: 240 finite features
  Diagram 134, dim 1: 105 finite features
  Diagram 135, dim 0: 260 finite features
  Diagram 135, dim 1: 125 finite features
  Diagram 136, dim 0: 230 finite features
  Diagram 136, dim 1: 113 finite features
  Diagram 137, dim 0: 265 finite features
  Diagram 137, dim 1: 124 finite features
  Diagram 138, dim 0: 263 finite features
  Diagram 138, dim 1: 114 finite features
  Diagram 139, dim 0: 219 finite features
  Diagram 139, dim 1: 74 finite features
  Diagram 140, dim 0: 275 finite features
  Diagram 140, dim 1: 118 finite features
  Diagram 141, dim 0: 261 finite features
  Diagram 141, dim 1: 124 finite features
  Diagram 142, dim 0: 226 finite features
  Diagram 142, dim 1: 87 finite features
  Diagram 143, dim 0: 294 finite features
  Diagram 143, dim 1: 113 finite features
  Diagram 144, dim 0: 249 finite features
  Diagram 144, dim 1: 109 finite features
  Diagram 145, dim 0: 240 finite features
  Diagram 145, dim 1: 121 finite features
  Diagram 146, dim 0: 248 finite features
  Diagram 146, dim 1: 96 finite features
  Diagram 147, dim 0: 285 finite features
  Diagram 147, dim 1: 113 finite features
  Diagram 148, dim 0: 243 finite features
  Diagram 148, dim 1: 104 finite features
  Diagram 149, dim 0: 237 finite features
  Diagram 149, dim 1: 110 finite features
  Diagram 150, dim 0: 250 finite features
  Diagram 150, dim 1: 77 finite features
  Diagram 151, dim 0: 254 finite features
  Diagram 151, dim 1: 107 finite features
  Diagram 152, dim 0: 298 finite features
  Diagram 152, dim 1: 146 finite features
  Diagram 153, dim 0: 243 finite features
  Diagram 153, dim 1: 79 finite features
  Diagram 154, dim 0: 337 finite features
  Diagram 154, dim 1: 156 finite features
  Diagram 155, dim 0: 231 finite features
  Diagram 155, dim 1: 105 finite features
  Diagram 156, dim 0: 233 finite features
  Diagram 156, dim 1: 76 finite features
  Diagram 157, dim 0: 253 finite features
  Diagram 157, dim 1: 152 finite features
  Diagram 158, dim 0: 231 finite features
  Diagram 158, dim 1: 99 finite features
  Diagram 159, dim 0: 223 finite features
  Diagram 159, dim 1: 67 finite features
  Diagram 160, dim 0: 232 finite features
  Diagram 160, dim 1: 84 finite features
  Diagram 161, dim 0: 226 finite features
  Diagram 161, dim 1: 98 finite features
  Diagram 162, dim 0: 273 finite features
  Diagram 162, dim 1: 81 finite features
  Diagram 163, dim 0: 256 finite features
  Diagram 163, dim 1: 100 finite features
  Diagram 164, dim 0: 233 finite features
  Diagram 164, dim 1: 92 finite features
  Diagram 165, dim 0: 242 finite features
  Diagram 165, dim 1: 93 finite features
  Diagram 166, dim 0: 251 finite features
  Diagram 166, dim 1: 109 finite features
  Diagram 167, dim 0: 253 finite features
  Diagram 167, dim 1: 97 finite features
  Diagram 168, dim 0: 251 finite features
  Diagram 168, dim 1: 109 finite features
  Diagram 169, dim 0: 231 finite features
  Diagram 169, dim 1: 93 finite features
  Diagram 170, dim 0: 235 finite features
  Diagram 170, dim 1: 112 finite features
  Diagram 171, dim 0: 240 finite features
  Diagram 171, dim 1: 118 finite features
  Diagram 172, dim 0: 251 finite features
  Diagram 172, dim 1: 107 finite features
  Diagram 173, dim 0: 244 finite features
  Diagram 173, dim 1: 113 finite features
  Diagram 174, dim 0: 251 finite features
  Diagram 174, dim 1: 105 finite features
  Diagram 175, dim 0: 398 finite features
  Diagram 175, dim 1: 235 finite features
  Diagram 176, dim 0: 282 finite features
  Diagram 176, dim 1: 123 finite features
  Diagram 177, dim 0: 383 finite features
  Diagram 177, dim 1: 176 finite features
  Diagram 178, dim 0: 237 finite features
  Diagram 178, dim 1: 113 finite features
  Diagram 179, dim 0: 225 finite features
  Diagram 179, dim 1: 81 finite features
  Diagram 180, dim 0: 228 finite features
  Diagram 180, dim 1: 103 finite features
  Diagram 181, dim 0: 240 finite features
  Diagram 181, dim 1: 130 finite features
  Diagram 182, dim 0: 238 finite features
  Diagram 182, dim 1: 92 finite features
  Diagram 183, dim 0: 245 finite features
  Diagram 183, dim 1: 121 finite features
  Diagram 184, dim 0: 275 finite features
  Diagram 184, dim 1: 83 finite features
  Diagram 185, dim 0: 258 finite features
  Diagram 185, dim 1: 99 finite features
  Diagram 186, dim 0: 261 finite features
  Diagram 186, dim 1: 101 finite features
  Diagram 187, dim 0: 254 finite features
  Diagram 187, dim 1: 85 finite features
  Diagram 188, dim 0: 235 finite features
  Diagram 188, dim 1: 95 finite features
  Diagram 189, dim 0: 261 finite features
  Diagram 189, dim 1: 124 finite features
  Diagram 190, dim 0: 246 finite features
  Diagram 190, dim 1: 97 finite features
  Diagram 191, dim 0: 224 finite features
  Diagram 191, dim 1: 69 finite features
  Diagram 192, dim 0: 219 finite features
  Diagram 192, dim 1: 116 finite features
  Diagram 193, dim 0: 244 finite features
  Diagram 193, dim 1: 107 finite features
  Diagram 194, dim 0: 322 finite features
  Diagram 194, dim 1: 103 finite features
  Diagram 195, dim 0: 232 finite features
  Diagram 195, dim 1: 102 finite features
  Diagram 196, dim 0: 230 finite features
  Diagram 196, dim 1: 108 finite features
  Diagram 197, dim 0: 224 finite features
  Diagram 197, dim 1: 70 finite features
  Diagram 198, dim 0: 246 finite features
  Diagram 198, dim 1: 118 finite features
  Diagram 199, dim 0: 263 finite features
  Diagram 199, dim 1: 113 finite features
  Diagram 200, dim 0: 245 finite features
  Diagram 200, dim 1: 100 finite features
  Diagram 201, dim 0: 345 finite features
  Diagram 201, dim 1: 157 finite features
  Diagram 202, dim 0: 237 finite features
  Diagram 202, dim 1: 94 finite features
  Diagram 203, dim 0: 278 finite features
  Diagram 203, dim 1: 127 finite features
  Diagram 204, dim 0: 228 finite features
  Diagram 204, dim 1: 102 finite features
  Diagram 205, dim 0: 231 finite features
  Diagram 205, dim 1: 100 finite features
  Diagram 206, dim 0: 222 finite features
  Diagram 206, dim 1: 97 finite features
  Diagram 207, dim 0: 238 finite features
  Diagram 207, dim 1: 98 finite features
  Diagram 208, dim 0: 282 finite features
  Diagram 208, dim 1: 139 finite features
  Diagram 209, dim 0: 256 finite features
  Diagram 209, dim 1: 109 finite features
  Diagram 210, dim 0: 226 finite features
  Diagram 210, dim 1: 80 finite features
  Diagram 211, dim 0: 233 finite features
  Diagram 211, dim 1: 129 finite features
  Diagram 212, dim 0: 234 finite features
  Diagram 212, dim 1: 102 finite features
  Diagram 213, dim 0: 244 finite features
  Diagram 213, dim 1: 127 finite features
  Diagram 214, dim 0: 249 finite features
  Diagram 214, dim 1: 113 finite features
  Diagram 215, dim 0: 254 finite features
  Diagram 215, dim 1: 102 finite features
  Diagram 216, dim 0: 252 finite features
  Diagram 216, dim 1: 80 finite features
  Diagram 217, dim 0: 375 finite features
  Diagram 217, dim 1: 173 finite features
  Diagram 218, dim 0: 277 finite features
  Diagram 218, dim 1: 122 finite features
  Diagram 219, dim 0: 245 finite features
  Diagram 219, dim 1: 97 finite features
  Diagram 220, dim 0: 235 finite features
  Diagram 220, dim 1: 105 finite features
  Diagram 221, dim 0: 300 finite features
  Diagram 221, dim 1: 149 finite features
  Diagram 222, dim 0: 253 finite features
  Diagram 222, dim 1: 89 finite features
  Diagram 223, dim 0: 252 finite features
  Diagram 223, dim 1: 116 finite features
  Diagram 224, dim 0: 219 finite features
  Diagram 224, dim 1: 67 finite features
  Diagram 225, dim 0: 276 finite features
  Diagram 225, dim 1: 114 finite features
  Diagram 226, dim 0: 381 finite features
  Diagram 226, dim 1: 147 finite features
  Diagram 227, dim 0: 321 finite features
  Diagram 227, dim 1: 151 finite features
  Diagram 228, dim 0: 243 finite features
  Diagram 228, dim 1: 101 finite features
  Diagram 229, dim 0: 241 finite features
  Diagram 229, dim 1: 100 finite features
  Diagram 230, dim 0: 249 finite features
  Diagram 230, dim 1: 95 finite features
  Diagram 231, dim 0: 336 finite features
  Diagram 231, dim 1: 108 finite features
  Diagram 232, dim 0: 249 finite features
  Diagram 232, dim 1: 103 finite features
  Diagram 233, dim 0: 228 finite features
  Diagram 233, dim 1: 101 finite features
  Diagram 234, dim 0: 282 finite features
  Diagram 234, dim 1: 107 finite features
  Diagram 235, dim 0: 236 finite features
  Diagram 235, dim 1: 83 finite features
  Diagram 236, dim 0: 246 finite features
  Diagram 236, dim 1: 90 finite features
  Diagram 237, dim 0: 364 finite features
  Diagram 237, dim 1: 182 finite features
  Diagram 238, dim 0: 222 finite features
  Diagram 238, dim 1: 105 finite features
  Diagram 239, dim 0: 244 finite features
  Diagram 239, dim 1: 99 finite features
  Diagram 240, dim 0: 407 finite features
  Diagram 240, dim 1: 216 finite features
  Diagram 241, dim 0: 295 finite features
  Diagram 241, dim 1: 120 finite features
  Diagram 242, dim 0: 238 finite features
  Diagram 242, dim 1: 109 finite features
  Diagram 243, dim 0: 251 finite features
  Diagram 243, dim 1: 97 finite features
  Diagram 244, dim 0: 227 finite features
  Diagram 244, dim 1: 97 finite features
  Diagram 245, dim 0: 252 finite features
  Diagram 245, dim 1: 115 finite features
  Diagram 246, dim 0: 252 finite features
  Diagram 246, dim 1: 100 finite features
  Diagram 247, dim 0: 297 finite features
  Diagram 247, dim 1: 125 finite features
  Diagram 248, dim 0: 253 finite features
  Diagram 248, dim 1: 100 finite features
  Diagram 249, dim 0: 247 finite features
  Diagram 249, dim 1: 119 finite features
  Diagram 250, dim 0: 258 finite features
  Diagram 250, dim 1: 98 finite features
  Diagram 251, dim 0: 246 finite features
  Diagram 251, dim 1: 114 finite features
  Diagram 252, dim 0: 242 finite features
  Diagram 252, dim 1: 98 finite features
  Diagram 253, dim 0: 250 finite features
  Diagram 253, dim 1: 115 finite features
  Diagram 254, dim 0: 248 finite features
  Diagram 254, dim 1: 101 finite features
  Diagram 255, dim 0: 239 finite features
  Diagram 255, dim 1: 88 finite features
  Diagram 256, dim 0: 290 finite features
  Diagram 256, dim 1: 122 finite features
  Diagram 257, dim 0: 282 finite features
  Diagram 257, dim 1: 173 finite features
  Diagram 258, dim 0: 361 finite features
  Diagram 258, dim 1: 158 finite features
  Diagram 259, dim 0: 238 finite features
  Diagram 259, dim 1: 98 finite features
  Diagram 260, dim 0: 277 finite features
  Diagram 260, dim 1: 111 finite features
  Diagram 261, dim 0: 252 finite features
  Diagram 261, dim 1: 116 finite features
  Diagram 262, dim 0: 229 finite features
  Diagram 262, dim 1: 110 finite features
  Diagram 263, dim 0: 259 finite features
  Diagram 263, dim 1: 75 finite features
  Diagram 264, dim 0: 230 finite features
  Diagram 264, dim 1: 98 finite features
  Diagram 265, dim 0: 264 finite features
  Diagram 265, dim 1: 104 finite features
  Diagram 266, dim 0: 328 finite features
  Diagram 266, dim 1: 154 finite features
  Diagram 267, dim 0: 232 finite features
  Diagram 267, dim 1: 73 finite features
  Diagram 268, dim 0: 246 finite features
  Diagram 268, dim 1: 107 finite features
  Diagram 269, dim 0: 245 finite features
  Diagram 269, dim 1: 108 finite features
  Diagram 270, dim 0: 236 finite features
  Diagram 270, dim 1: 63 finite features
  Diagram 271, dim 0: 253 finite features
  Diagram 271, dim 1: 97 finite features
  Diagram 272, dim 0: 227 finite features
  Diagram 272, dim 1: 96 finite features
  Diagram 273, dim 0: 247 finite features
  Diagram 273, dim 1: 75 finite features
  Diagram 274, dim 0: 230 finite features
  Diagram 274, dim 1: 74 finite features
  Diagram 275, dim 0: 231 finite features
  Diagram 275, dim 1: 109 finite features
  Diagram 276, dim 0: 254 finite features
  Diagram 276, dim 1: 109 finite features
  Diagram 277, dim 0: 208 finite features
  Diagram 277, dim 1: 62 finite features
  Diagram 278, dim 0: 245 finite features
  Diagram 278, dim 1: 64 finite features
  Diagram 279, dim 0: 294 finite features
  Diagram 279, dim 1: 152 finite features
  Diagram 280, dim 0: 214 finite features
  Diagram 280, dim 1: 74 finite features
  Diagram 281, dim 0: 244 finite features
  Diagram 281, dim 1: 106 finite features
  Diagram 282, dim 0: 258 finite features
  Diagram 282, dim 1: 110 finite features
  Diagram 283, dim 0: 233 finite features
  Diagram 283, dim 1: 95 finite features
  Diagram 284, dim 0: 294 finite features
  Diagram 284, dim 1: 135 finite features
  Diagram 285, dim 0: 380 finite features
  Diagram 285, dim 1: 161 finite features
  Diagram 286, dim 0: 286 finite features
  Diagram 286, dim 1: 136 finite features
  Diagram 287, dim 0: 275 finite features
  Diagram 287, dim 1: 136 finite features
  Diagram 288, dim 0: 263 finite features
  Diagram 288, dim 1: 109 finite features
  Diagram 289, dim 0: 232 finite features
  Diagram 289, dim 1: 78 finite features
  Diagram 290, dim 0: 459 finite features
  Diagram 290, dim 1: 180 finite features
  Diagram 291, dim 0: 265 finite features
  Diagram 291, dim 1: 116 finite features
  Diagram 292, dim 0: 286 finite features
  Diagram 292, dim 1: 126 finite features
  Diagram 293, dim 0: 271 finite features
  Diagram 293, dim 1: 181 finite features
  Diagram 294, dim 0: 245 finite features
  Diagram 294, dim 1: 103 finite features
  Diagram 295, dim 0: 235 finite features
  Diagram 295, dim 1: 117 finite features
  Diagram 296, dim 0: 242 finite features
  Diagram 296, dim 1: 116 finite features
  Diagram 297, dim 0: 223 finite features
  Diagram 297, dim 1: 89 finite features
  Diagram 298, dim 0: 250 finite features
  Diagram 298, dim 1: 103 finite features
  Diagram 299, dim 0: 254 finite features
  Diagram 299, dim 1: 113 finite features
Found 600 valid diagrams with 112902 total finite features
Actual persistence ranges:
  Birth times: 0.0000 - 1.0030
  Lifespans: 0.0000 - 1.0033
Adjusted persistence image parameters:
  birth_range: (0.0000, 1.1033)
  pers_range: (0.0010, 1.1037)
PersistenceImager config: pixel_size=0.0221, sigma=0.0368

Persistence image conversion results:
  Successful: 300/300
  Success rate: 100.0%
Generated 300 persistence images for clustering
Performing clustering analysis...
Clustering 300 persistence images...
Feature matrix shape: (300, 400)
True labels distribution: [100 100 100]
Performing k-means with 3 clusters...
Predicted labels distribution: [157 130  13]
Clustering results:
  Best accuracy: 0.473
  Silhouette score: 0.361
  Adjusted Rand Index: 0.097
  Best permutation: (2, 0, 1)

Confusion analysis:
  True entailment: predicted as [68  7 25]
  True neutral: predicted as [38  2 60]
  True contradiction: predicted as [24  4 72]

================================================================================
SEPARATE MODEL CLUSTERING RESULTS
================================================================================
Clustering Accuracy: 0.473
Silhouette Score: 0.361
Adjusted Rand Index: 0.097
Success (>70%): ❌ NO

PH-Dimension Statistics:
  entailment: 1.79 ± 0.27
  neutral: 1.77 ± 0.33
  contradiction: 1.75 ± 0.29

Point Cloud Statistics:
  entailment:
    Combined: 325 ± 44 points
    Premise: 224, Hypothesis: 101
    Sufficient for PHD: 100%
  neutral:
    Combined: 314 ± 43 points
    Premise: 208, Hypothesis: 106
    Sufficient for PHD: 100%
  contradiction:
    Combined: 322 ± 55 points
    Premise: 225, Hypothesis: 98
    Sufficient for PHD: 100%

============================================================
SEPARATE MODEL PERFORMANCE ANALYSIS
============================================================
Order Model (Vendrov Max-Margin Loss):
  entailment: 0.4067 ± 0.3984
  neutral: 1.6188 ± 1.2064
  contradiction: 1.9045 ± 1.5116
  ✅ ORDER MODEL SUCCESS: Correct energy ranking!

Asymmetry Model (Directional Pattern Loss):

Analysis completed with exit code: 1
Time: Fri  1 Aug 11:39:38 BST 2025

=== ANALYSIS FAILED ===
Please check the error output above for debugging information.


Job finished.
