Starting Surface Distance Metric Analysis job...
Job ID: 200512
Node: gpuvm24
Time: Tue  2 Sep 22:07:54 BST 2025
Loading CUDA...
Activating conda environment...
Activated conda environment: /vol/bitbucket/ahb24/tda_entailment_new
Python location: /vol/bitbucket/ahb24/tda_entailment_new/bin/python
Checking GPU availability...
Tue Sep  2 22:07:56 2025       
+-----------------------------------------------------------------------------------------+
| NVIDIA-SMI 570.133.07             Driver Version: 570.133.07     CUDA Version: 12.8     |
|-----------------------------------------+------------------------+----------------------+
| GPU  Name                 Persistence-M | Bus-Id          Disp.A | Volatile Uncorr. ECC |
| Fan  Temp   Perf          Pwr:Usage/Cap |           Memory-Usage | GPU-Util  Compute M. |
|                                         |                        |               MIG M. |
|=========================================+========================+======================|
|   0  Tesla T4                       Off |   00000000:00:07.0 Off |                    0 |
| N/A   33C    P8             13W /   70W |       0MiB /  15360MiB |      0%      Default |
|                                         |                        |                  N/A |
+-----------------------------------------+------------------------+----------------------+
                                                                                         
+-----------------------------------------------------------------------------------------+
| Processes:                                                                              |
|  GPU   GI   CI              PID   Type   Process name                        GPU Memory |
|        ID   ID                                                               Usage      |
|=========================================================================================|
|  No running processes found                                                             |
+-----------------------------------------------------------------------------------------+

Testing PyTorch and CUDA...
PyTorch version: 2.4.1
CUDA available: True
CUDA device: Tesla T4
GPU memory: 15.6 GB
PyTorch setup verified!

Starting SBERT Token Extraction...

Initializing SeparateModelPointCloudGenerator on cuda...
Loading separate models...
Order model: MSc_Topology_Codebase/phd_method/models/separate_models/mnli_order_embedding_model_separate_margins.pt
Asymmetry model: MSc_Topology_Codebase/phd_method/models/separate_models/mnli_asymmetry_transform_model_(match_SNLI_v2).pt
Both models loaded on cuda
Order model training stats: Best val loss = 0.43731720269895075
Asymmetry model training stats: Best val loss = 0.9118523451861213
Generator initialized successfully
================================================================================
PRECOMPUTING CHAOSNLI PERSISTENCE IMAGES
================================================================================
Input: /vol/bitbucket/ahb24/tda_entailment_new/chaosnli_mnli_matched_sbert_tokens.pkl
Output: /vol/bitbucket/ahb24/tda_entailment_new/MNLI_ORDER_ASYMM_MODELS_precomputed_chaosnli_mnli_matched_persistence_images.pkl
Loading ChaosNLI data...

ChaosNLI Dataset Statistics:
Majority label distribution: {'n': 583, 'e': 741, 'c': 275}
Human annotation entropy:
  Mean: 1.072
  Min: 0.081
  Max: 1.584
  Std: 0.267
Agreement levels:
  High agreement (entropy < 0.5): 40 (2.5%)
  Medium agreement (0.5 ≤ entropy < 1.0): 535 (33.5%)
  Low agreement (entropy ≥ 1.0): 1024 (64.0%)
Token statistics:
  Premise tokens: 27.9 ± 20.0
  Hypothesis tokens: 14.2 ± 5.1
  Total tokens: 42.1 ± 22.0

Processing 1599 samples...
Processing batch 1: samples 1-16
Point cloud optimization: 1335 -> 500
Computing persistence on full 1037 point cloud...
  H0 features: 1037
  H1 features: 424
Computing persistence on full 263 point cloud...
  H0 features: 263
  H1 features: 63
Computing persistence on full 355 point cloud...
  H0 features: 355
  H1 features: 125
Computing persistence on full 374 point cloud...
  H0 features: 374
  H1 features: 102
Computing persistence on full 436 point cloud...
  H0 features: 436
  H1 features: 210
Point cloud optimization: 780 -> 500
Computing persistence on full 599 point cloud...
  H0 features: 599
  H1 features: 400
Point cloud optimization: 674 -> 500
Computing persistence on full 549 point cloud...
  H0 features: 549
  H1 features: 221
Computing persistence on full 478 point cloud...
  H0 features: 478
  H1 features: 278
Computing persistence on full 254 point cloud...
  H0 features: 254
  H1 features: 96
Point cloud optimization: 563 -> 500
Computing persistence on full 518 point cloud...
  H0 features: 518
  H1 features: 239
Computing persistence on full 369 point cloud...
  H0 features: 369
  H1 features: 135
Point cloud optimization: 567 -> 500
Computing persistence on full 519 point cloud...
  H0 features: 519
  H1 features: 184
Computing persistence on full 285 point cloud...
  H0 features: 285
  H1 features: 97
Computing persistence on full 372 point cloud...
  H0 features: 372
  H1 features: 168
Point cloud optimization: 665 -> 500
Computing persistence on full 539 point cloud...
  H0 features: 539
  H1 features: 83
Point cloud optimization: 729 -> 500
Computing persistence on full 578 point cloud...
  H0 features: 578
  H1 features: 164
Analyzing persistence diagram ranges...
Found 32 valid diagrams with 10498 total finite features
Actual persistence ranges:
  Birth times: 0.0000 - 0.9977
  Lifespans: 0.0000 - 0.9836
Adjusted persistence image parameters:
  birth_range: (0.0000, 1.0975)
  pers_range: (0.0010, 1.0820)
PersistenceImager config: pixel_size=0.0078, sigma=0.0131

Persistence image conversion results:
  Successful: 16/16
  Success rate: 100.0%
Processing batch 2: samples 17-32
Computing persistence on full 386 point cloud...
  H0 features: 386
  H1 features: 166
Point cloud optimization: 566 -> 500
Computing persistence on full 519 point cloud...
  H0 features: 519
  H1 features: 266
Point cloud optimization: 604 -> 500
Computing persistence on full 523 point cloud...
  H0 features: 523
  H1 features: 149
Point cloud optimization: 660 -> 500
Computing persistence on full 542 point cloud...
  H0 features: 542
  H1 features: 278
Computing persistence on full 427 point cloud...
  H0 features: 427
  H1 features: 189
Computing persistence on full 472 point cloud...
  H0 features: 472
  H1 features: 137
Point cloud optimization: 842 -> 500
Computing persistence on full 637 point cloud...
  H0 features: 637
  H1 features: 217
Computing persistence on full 466 point cloud...
  H0 features: 466
  H1 features: 205
Computing persistence on full 439 point cloud...
  H0 features: 439
  H1 features: 185
Point cloud optimization: 761 -> 500
Computing persistence on full 593 point cloud...
  H0 features: 593
  H1 features: 198
Computing persistence on full 416 point cloud...
  H0 features: 416
  H1 features: 180
Computing persistence on full 354 point cloud...
  H0 features: 354
  H1 features: 75
Computing persistence on full 464 point cloud...
  H0 features: 464
  H1 features: 162
Computing persistence on full 238 point cloud...
  H0 features: 238
  H1 features: 66
Point cloud optimization: 764 -> 500
Computing persistence on full 597 point cloud...
  H0 features: 597
  H1 features: 248
Point cloud optimization: 743 -> 500
Computing persistence on full 589 point cloud...
  H0 features: 589
  H1 features: 211
Analyzing persistence diagram ranges...
Found 32 valid diagrams with 10578 total finite features
Actual persistence ranges:
  Birth times: 0.0000 - 1.0049
  Lifespans: 0.0000 - 0.9893
Adjusted persistence image parameters:
  birth_range: (0.0000, 1.1054)
  pers_range: (0.0010, 1.0882)
PersistenceImager config: pixel_size=0.0078, sigma=0.0132

Persistence image conversion results:
  Successful: 16/16
  Success rate: 100.0%
Processing batch 3: samples 33-48
Computing persistence on full 493 point cloud...
  H0 features: 493
  H1 features: 147
Computing persistence on full 403 point cloud...
  H0 features: 403
  H1 features: 134
Computing persistence on full 374 point cloud...
  H0 features: 374
  H1 features: 83
Point cloud optimization: 1230 -> 500
Computing persistence on full 919 point cloud...
  H0 features: 919
  H1 features: 674
Point cloud optimization: 1105 -> 500
Computing persistence on full 831 point cloud...
  H0 features: 831
  H1 features: 181
Point cloud optimization: 504 -> 500
Computing persistence on full 500 point cloud...
  H0 features: 500
  H1 features: 126
Computing persistence on full 426 point cloud...
  H0 features: 426
  H1 features: 128
Point cloud optimization: 519 -> 500
Computing persistence on full 506 point cloud...
  H0 features: 506
  H1 features: 129
Point cloud optimization: 944 -> 500
Computing persistence on full 720 point cloud...
  H0 features: 720
  H1 features: 315
Point cloud optimization: 533 -> 500
Computing persistence on full 507 point cloud...
  H0 features: 507
  H1 features: 190
Computing persistence on full 274 point cloud...
  H0 features: 274
  H1 features: 124
Point cloud optimization: 514 -> 500
Computing persistence on full 502 point cloud...
  H0 features: 502
  H1 features: 202
Point cloud optimization: 703 -> 500
Computing persistence on full 551 point cloud...
  H0 features: 551
  H1 features: 174
Computing persistence on full 288 point cloud...
  H0 features: 288
  H1 features: 76
Computing persistence on full 282 point cloud...
  H0 features: 282
  H1 features: 76
Point cloud optimization: 843 -> 500
Computing persistence on full 642 point cloud...
  H0 features: 642
  H1 features: 300
Analyzing persistence diagram ranges...
Found 32 valid diagrams with 11261 total finite features
Actual persistence ranges:
  Birth times: 0.0000 - 0.9947
  Lifespans: 0.0000 - 0.9797
Adjusted persistence image parameters:
  birth_range: (0.0000, 1.0941)
  pers_range: (0.0010, 1.0776)
PersistenceImager config: pixel_size=0.0078, sigma=0.0130

Persistence image conversion results:
  Successful: 16/16
  Success rate: 100.0%
Processing batch 4: samples 49-64
Point cloud optimization: 547 -> 500
Computing persistence on full 515 point cloud...
  H0 features: 515
  H1 features: 218
Computing persistence on full 267 point cloud...
  H0 features: 267
  H1 features: 84
Point cloud optimization: 605 -> 500
Computing persistence on full 530 point cloud...
  H0 features: 530
  H1 features: 261
Point cloud optimization: 746 -> 500
Computing persistence on full 583 point cloud...
  H0 features: 583
  H1 features: 382
Point cloud optimization: 863 -> 500
Computing persistence on full 652 point cloud...
  H0 features: 652
  H1 features: 328
Point cloud optimization: 927 -> 500
Computing persistence on full 710 point cloud...
  H0 features: 710
  H1 features: 341
Point cloud optimization: 880 -> 500
Computing persistence on full 663 point cloud...
  H0 features: 663
  H1 features: 202
Point cloud optimization: 573 -> 500
Computing persistence on full 514 point cloud...
  H0 features: 514
  H1 features: 161
Computing persistence on full 405 point cloud...
  H0 features: 405
  H1 features: 108
Point cloud optimization: 562 -> 500
Computing persistence on full 520 point cloud...
  H0 features: 520
  H1 features: 186
Point cloud optimization: 540 -> 500
Computing persistence on full 511 point cloud...
  H0 features: 511
  H1 features: 231
Point cloud optimization: 888 -> 500
Computing persistence on full 672 point cloud...
  H0 features: 672
  H1 features: 318
Computing persistence on full 396 point cloud...
  H0 features: 396
  H1 features: 146
Point cloud optimization: 1088 -> 500
Computing persistence on full 827 point cloud...
  H0 features: 827
  H1 features: 237
Computing persistence on full 310 point cloud...
  H0 features: 310
  H1 features: 111
Computing persistence on full 315 point cloud...
  H0 features: 315
  H1 features: 53
Analyzing persistence diagram ranges...
Found 32 valid diagrams with 11741 total finite features
Actual persistence ranges:
  Birth times: 0.0000 - 0.9910
  Lifespans: 0.0000 - 0.9793
Adjusted persistence image parameters:
  birth_range: (0.0000, 1.0901)
  pers_range: (0.0010, 1.0772)
PersistenceImager config: pixel_size=0.0077, sigma=0.0130

Persistence image conversion results:
  Successful: 16/16
  Success rate: 100.0%
Processing batch 5: samples 65-80
Computing persistence on full 252 point cloud...
  H0 features: 252
  H1 features: 108
Point cloud optimization: 824 -> 500
Computing persistence on full 630 point cloud...
  H0 features: 630
  H1 features: 307
Point cloud optimization: 814 -> 500
Computing persistence on full 627 point cloud...
  H0 features: 627
  H1 features: 234
Computing persistence on full 450 point cloud...
  H0 features: 450
  H1 features: 136
Computing persistence on full 397 point cloud...
  H0 features: 397
  H1 features: 184
Point cloud optimization: 768 -> 500
Computing persistence on full 601 point cloud...
  H0 features: 601
  H1 features: 379
Point cloud optimization: 523 -> 500
Computing persistence on full 505 point cloud...
  H0 features: 505
  H1 features: 234
Point cloud optimization: 1118 -> 500
Computing persistence on full 853 point cloud...
  H0 features: 853
  H1 features: 600
Computing persistence on full 213 point cloud...
  H0 features: 213
  H1 features: 47
Computing persistence on full 338 point cloud...
  H0 features: 338
  H1 features: 99
Computing persistence on full 462 point cloud...
  H0 features: 462
  H1 features: 234
Computing persistence on full 324 point cloud...
  H0 features: 324
  H1 features: 90
Point cloud optimization: 696 -> 500
Computing persistence on full 554 point cloud...
  H0 features: 554
  H1 features: 339
Point cloud optimization: 1023 -> 500
Computing persistence on full 772 point cloud...
  H0 features: 772
  H1 features: 618
Point cloud optimization: 550 -> 500
Computing persistence on full 512 point cloud...
  H0 features: 512
  H1 features: 302
Point cloud optimization: 846 -> 500
Computing persistence on full 640 point cloud...
  H0 features: 640
  H1 features: 406
Analyzing persistence diagram ranges...
Found 32 valid diagrams with 12431 total finite features
Actual persistence ranges:
  Birth times: 0.0000 - 0.9932
  Lifespans: 0.0000 - 0.9872
Adjusted persistence image parameters:
  birth_range: (0.0000, 1.0926)
  pers_range: (0.0010, 1.0860)
PersistenceImager config: pixel_size=0.0078, sigma=0.0131

Persistence image conversion results:
  Successful: 16/16
  Success rate: 100.0%
Processing batch 6: samples 81-96
Computing persistence on full 363 point cloud...
  H0 features: 363
  H1 features: 142
Computing persistence on full 334 point cloud...
  H0 features: 334
  H1 features: 69
Point cloud optimization: 627 -> 500
Computing persistence on full 533 point cloud...
  H0 features: 533
  H1 features: 167
Computing persistence on full 491 point cloud...
  H0 features: 491
  H1 features: 290
Computing persistence on full 342 point cloud...
  H0 features: 342
  H1 features: 108
Computing persistence on full 279 point cloud...
  H0 features: 279
  H1 features: 89
Computing persistence on full 417 point cloud...
  H0 features: 417
  H1 features: 142
Computing persistence on full 262 point cloud...
  H0 features: 262
  H1 features: 72
Computing persistence on full 428 point cloud...
  H0 features: 428
  H1 features: 105
Point cloud optimization: 516 -> 500
Computing persistence on full 503 point cloud...
  H0 features: 503
  H1 features: 313
Point cloud optimization: 821 -> 500
Computing persistence on full 626 point cloud...
  H0 features: 626
  H1 features: 452
Computing persistence on full 323 point cloud...
  H0 features: 323
  H1 features: 168
Computing persistence on full 196 point cloud...
  H0 features: 196
  H1 features: 70
Computing persistence on full 269 point cloud...
  H0 features: 269
  H1 features: 70
Computing persistence on full 194 point cloud...
  H0 features: 194
  H1 features: 45
Computing persistence on full 143 point cloud...
  H0 features: 143
  H1 features: 37
Analyzing persistence diagram ranges...
Found 32 valid diagrams with 8026 total finite features
Actual persistence ranges:
  Birth times: 0.0000 - 0.9989
  Lifespans: 0.0000 - 0.9888
Adjusted persistence image parameters:
  birth_range: (0.0000, 1.0988)
  pers_range: (0.0010, 1.0877)
PersistenceImager config: pixel_size=0.0078, sigma=0.0132

Persistence image conversion results:
  Successful: 16/16
  Success rate: 100.0%
Processing batch 7: samples 97-112
Computing persistence on full 404 point cloud...
  H0 features: 404
  H1 features: 108
Computing persistence on full 354 point cloud...
  H0 features: 354
  H1 features: 120
Computing persistence on full 277 point cloud...
  H0 features: 277
  H1 features: 91
Computing persistence on full 373 point cloud...
  H0 features: 373
  H1 features: 145
Computing persistence on full 211 point cloud...
  H0 features: 211
  H1 features: 46
Point cloud optimization: 1875 -> 500
Computing persistence on full 1413 point cloud...
  H0 features: 1413
  H1 features: 415
Computing persistence on full 233 point cloud...
  H0 features: 233
  H1 features: 36
Point cloud optimization: 792 -> 500
Computing persistence on full 608 point cloud...
  H0 features: 608
  H1 features: 246
Point cloud optimization: 656 -> 500
Computing persistence on full 547 point cloud...
  H0 features: 547
  H1 features: 247
Computing persistence on full 309 point cloud...
  H0 features: 309
  H1 features: 135
Point cloud optimization: 755 -> 500
Computing persistence on full 598 point cloud...
  H0 features: 598
  H1 features: 236
Point cloud optimization: 549 -> 500
Computing persistence on full 512 point cloud...
  H0 features: 512
  H1 features: 360
Point cloud optimization: 634 -> 500
Computing persistence on full 544 point cloud...
  H0 features: 544
  H1 features: 257
Point cloud optimization: 924 -> 500
Computing persistence on full 705 point cloud...
  H0 features: 705
  H1 features: 332
Point cloud optimization: 1365 -> 500
Computing persistence on full 1033 point cloud...
  H0 features: 1033
  H1 features: 464
Computing persistence on full 199 point cloud...
  H0 features: 199
  H1 features: 52
Analyzing persistence diagram ranges...
Found 32 valid diagrams with 11594 total finite features
Actual persistence ranges:
  Birth times: 0.0000 - 0.9923
  Lifespans: 0.0000 - 0.9839
Adjusted persistence image parameters:
  birth_range: (0.0000, 1.0915)
  pers_range: (0.0010, 1.0823)
PersistenceImager config: pixel_size=0.0078, sigma=0.0131

Persistence image conversion results:
  Successful: 16/16
  Success rate: 100.0%
Processing batch 8: samples 113-128
Computing persistence on full 272 point cloud...
  H0 features: 272
  H1 features: 78
Computing persistence on full 276 point cloud...
  H0 features: 276
  H1 features: 59
Computing persistence on full 339 point cloud...
  H0 features: 339
  H1 features: 157
Computing persistence on full 229 point cloud...
  H0 features: 229
  H1 features: 35
Point cloud optimization: 551 -> 500
Computing persistence on full 517 point cloud...
  H0 features: 517
  H1 features: 172
Computing persistence on full 416 point cloud...
  H0 features: 416
  H1 features: 122
Point cloud optimization: 748 -> 500
Computing persistence on full 582 point cloud...
  H0 features: 582
  H1 features: 368
Computing persistence on full 385 point cloud...
  H0 features: 385
  H1 features: 178
Computing persistence on full 221 point cloud...
  H0 features: 221
  H1 features: 62
Computing persistence on full 279 point cloud...
  H0 features: 279
  H1 features: 155
Computing persistence on full 320 point cloud...
  H0 features: 320
  H1 features: 128
Computing persistence on full 336 point cloud...
  H0 features: 336
  H1 features: 84
Point cloud optimization: 527 -> 500
Computing persistence on full 507 point cloud...
  H0 features: 507
  H1 features: 180
Point cloud optimization: 589 -> 500
Computing persistence on full 527 point cloud...
  H0 features: 527
  H1 features: 239
Computing persistence on full 315 point cloud...
  H0 features: 315
  H1 features: 92
Computing persistence on full 312 point cloud...
  H0 features: 312
  H1 features: 132
Analyzing persistence diagram ranges...
Found 32 valid diagrams with 8058 total finite features
Actual persistence ranges:
  Birth times: 0.0000 - 0.9924
  Lifespans: 0.0000 - 0.9828
Adjusted persistence image parameters:
  birth_range: (0.0000, 1.0916)
  pers_range: (0.0010, 1.0811)
PersistenceImager config: pixel_size=0.0078, sigma=0.0131

Persistence image conversion results:
  Successful: 16/16
  Success rate: 100.0%
Processing batch 9: samples 129-144
Computing persistence on full 420 point cloud...
  H0 features: 420
  H1 features: 148
Point cloud optimization: 507 -> 500
Computing persistence on full 500 point cloud...
  H0 features: 500
  H1 features: 257
Computing persistence on full 399 point cloud...
  H0 features: 399
  H1 features: 78
Computing persistence on full 254 point cloud...
  H0 features: 254
  H1 features: 73
Computing persistence on full 406 point cloud...
  H0 features: 406
  H1 features: 144
Computing persistence on full 420 point cloud...
  H0 features: 420
  H1 features: 127
Computing persistence on full 353 point cloud...
  H0 features: 353
  H1 features: 119
Point cloud optimization: 738 -> 500
Computing persistence on full 581 point cloud...
  H0 features: 581
  H1 features: 184
Point cloud optimization: 541 -> 500
Computing persistence on full 509 point cloud...
  H0 features: 509
  H1 features: 227
Computing persistence on full 489 point cloud...
  H0 features: 489
  H1 features: 166
Computing persistence on full 327 point cloud...
  H0 features: 327
  H1 features: 91
Computing persistence on full 291 point cloud...
  H0 features: 291
  H1 features: 90
Point cloud optimization: 840 -> 500
Computing persistence on full 649 point cloud...
  H0 features: 649
  H1 features: 303
Computing persistence on full 493 point cloud...
  H0 features: 493
  H1 features: 236
Computing persistence on full 231 point cloud...
  H0 features: 231
  H1 features: 41
Computing persistence on full 232 point cloud...
  H0 features: 232
  H1 features: 64
Analyzing persistence diagram ranges...
Found 32 valid diagrams with 8886 total finite features
Actual persistence ranges:
  Birth times: 0.0000 - 0.9992
  Lifespans: 0.0000 - 0.9872
Adjusted persistence image parameters:
  birth_range: (0.0000, 1.0991)
  pers_range: (0.0010, 1.0859)
PersistenceImager config: pixel_size=0.0078, sigma=0.0131

Persistence image conversion results:
  Successful: 16/16
  Success rate: 100.0%
Processing batch 10: samples 145-160
Computing persistence on full 321 point cloud...
  H0 features: 321
  H1 features: 106
Point cloud optimization: 580 -> 500
Computing persistence on full 520 point cloud...
  H0 features: 520
  H1 features: 120
Point cloud optimization: 1605 -> 500
Computing persistence on full 1196 point cloud...
  H0 features: 1196
  H1 features: 751
Point cloud optimization: 503 -> 500
Computing persistence on full 500 point cloud...
  H0 features: 500
  H1 features: 146
Computing persistence on full 349 point cloud...
  H0 features: 349
  H1 features: 99
Computing persistence on full 484 point cloud...
  H0 features: 484
  H1 features: 263
Computing persistence on full 403 point cloud...
  H0 features: 403
  H1 features: 132
Computing persistence on full 488 point cloud...
  H0 features: 488
  H1 features: 294
Computing persistence on full 486 point cloud...
  H0 features: 486
  H1 features: 229
Computing persistence on full 181 point cloud...
  H0 features: 181
  H1 features: 45
Point cloud optimization: 1020 -> 500
Computing persistence on full 779 point cloud...
  H0 features: 779
  H1 features: 479
Computing persistence on full 374 point cloud...
  H0 features: 374
  H1 features: 120
Point cloud optimization: 674 -> 500
Computing persistence on full 536 point cloud...
  H0 features: 536
  H1 features: 77
Computing persistence on full 403 point cloud...
  H0 features: 403
  H1 features: 283
Computing persistence on full 300 point cloud...
  H0 features: 300
  H1 features: 61
Computing persistence on full 404 point cloud...
  H0 features: 404
  H1 features: 164
Analyzing persistence diagram ranges...
Found 32 valid diagrams with 11077 total finite features
Actual persistence ranges:
  Birth times: 0.0000 - 0.9972
  Lifespans: 0.0000 - 0.9786
Adjusted persistence image parameters:
  birth_range: (0.0000, 1.0969)
  pers_range: (0.0010, 1.0764)
PersistenceImager config: pixel_size=0.0077, sigma=0.0130

Persistence image conversion results:
  Successful: 16/16
  Success rate: 100.0%
Processing batch 11: samples 161-176
Computing persistence on full 185 point cloud...
  H0 features: 185
  H1 features: 38
Point cloud optimization: 633 -> 500
Computing persistence on full 534 point cloud...
  H0 features: 534
  H1 features: 285
Computing persistence on full 227 point cloud...
  H0 features: 227
  H1 features: 52
Computing persistence on full 336 point cloud...
  H0 features: 336
  H1 features: 147
Point cloud optimization: 592 -> 500
Computing persistence on full 526 point cloud...
  H0 features: 526
  H1 features: 291
Computing persistence on full 298 point cloud...
  H0 features: 298
  H1 features: 139
Computing persistence on full 442 point cloud...
  H0 features: 442
  H1 features: 278
Point cloud optimization: 969 -> 500
Computing persistence on full 740 point cloud...
  H0 features: 740
  H1 features: 352
Computing persistence on full 413 point cloud...
  H0 features: 413
  H1 features: 91
Computing persistence on full 172 point cloud...
  H0 features: 172
  H1 features: 48
Computing persistence on full 249 point cloud...
  H0 features: 249
  H1 features: 36
Computing persistence on full 460 point cloud...
  H0 features: 460
  H1 features: 263
Point cloud optimization: 713 -> 500
Computing persistence on full 555 point cloud...
  H0 features: 555
  H1 features: 178
Computing persistence on full 351 point cloud...
  H0 features: 351
  H1 features: 94
Computing persistence on full 429 point cloud...
  H0 features: 429
  H1 features: 126
Computing persistence on full 336 point cloud...
  H0 features: 336
  H1 features: 74
Analyzing persistence diagram ranges...
Found 32 valid diagrams with 8729 total finite features
Actual persistence ranges:
  Birth times: 0.0000 - 0.9959
  Lifespans: 0.0000 - 0.9823
Adjusted persistence image parameters:
  birth_range: (0.0000, 1.0955)
  pers_range: (0.0010, 1.0806)
PersistenceImager config: pixel_size=0.0078, sigma=0.0131

Persistence image conversion results:
  Successful: 16/16
  Success rate: 100.0%
Processing batch 12: samples 177-192
Computing persistence on full 199 point cloud...
  H0 features: 199
  H1 features: 63
Point cloud optimization: 546 -> 500
Computing persistence on full 512 point cloud...
  H0 features: 512
  H1 features: 252
Point cloud optimization: 745 -> 500
Computing persistence on full 589 point cloud...
  H0 features: 589
  H1 features: 271
Computing persistence on full 244 point cloud...
  H0 features: 244
  H1 features: 48
Computing persistence on full 432 point cloud...
  H0 features: 432
  H1 features: 172
Computing persistence on full 331 point cloud...
  H0 features: 331
  H1 features: 82
Point cloud optimization: 542 -> 500
Computing persistence on full 512 point cloud...
  H0 features: 512
  H1 features: 157
Computing persistence on full 326 point cloud...
  H0 features: 326
  H1 features: 84
Computing persistence on full 443 point cloud...
  H0 features: 443
  H1 features: 190
Computing persistence on full 334 point cloud...
  H0 features: 334
  H1 features: 130
Computing persistence on full 490 point cloud...
  H0 features: 490
  H1 features: 316
Point cloud optimization: 1106 -> 500
Computing persistence on full 857 point cloud...
  H0 features: 857
  H1 features: 230
Point cloud optimization: 545 -> 500
Computing persistence on full 513 point cloud...
  H0 features: 513
  H1 features: 190
Point cloud optimization: 605 -> 500
Computing persistence on full 523 point cloud...
  H0 features: 523
  H1 features: 157
Computing persistence on full 457 point cloud...
  H0 features: 457
  H1 features: 268
Computing persistence on full 423 point cloud...
  H0 features: 423
  H1 features: 153
Analyzing persistence diagram ranges...
Found 32 valid diagrams with 9932 total finite features
Actual persistence ranges:
  Birth times: 0.0000 - 0.9969
  Lifespans: 0.0000 - 0.9884
Adjusted persistence image parameters:
  birth_range: (0.0000, 1.0966)
  pers_range: (0.0010, 1.0873)
PersistenceImager config: pixel_size=0.0078, sigma=0.0132

Persistence image conversion results:
  Successful: 16/16
  Success rate: 100.0%
Processing batch 13: samples 193-208
Computing persistence on full 334 point cloud...
  H0 features: 334
  H1 features: 137
Point cloud optimization: 811 -> 500
Computing persistence on full 625 point cloud...
  H0 features: 625
  H1 features: 353
Point cloud optimization: 605 -> 500
Computing persistence on full 530 point cloud...
  H0 features: 530
  H1 features: 220
Point cloud optimization: 653 -> 500
Computing persistence on full 537 point cloud...
  H0 features: 537
  H1 features: 202
Point cloud optimization: 709 -> 500
Computing persistence on full 565 point cloud...
  H0 features: 565
  H1 features: 234
Point cloud optimization: 1063 -> 500
Computing persistence on full 796 point cloud...
  H0 features: 796
  H1 features: 282
Point cloud optimization: 810 -> 500
Computing persistence on full 627 point cloud...
  H0 features: 627
  H1 features: 296
Computing persistence on full 194 point cloud...
  H0 features: 194
  H1 features: 52
Computing persistence on full 435 point cloud...
  H0 features: 435
  H1 features: 249
Point cloud optimization: 778 -> 500
Computing persistence on full 605 point cloud...
  H0 features: 605
  H1 features: 150
Computing persistence on full 200 point cloud...
  H0 features: 200
  H1 features: 35
Point cloud optimization: 1518 -> 500
Computing persistence on full 1167 point cloud...
  H0 features: 1167
  H1 features: 575
Computing persistence on full 379 point cloud...
  H0 features: 379
  H1 features: 100
Point cloud optimization: 638 -> 500
Computing persistence on full 534 point cloud...
  H0 features: 534
  H1 features: 120
Computing persistence on full 227 point cloud...
  H0 features: 227
  H1 features: 47
Point cloud optimization: 739 -> 500
Computing persistence on full 579 point cloud...
  H0 features: 579
  H1 features: 148
Analyzing persistence diagram ranges...
Found 32 valid diagrams with 11518 total finite features
Actual persistence ranges:
  Birth times: 0.0000 - 0.9977
  Lifespans: 0.0000 - 0.9891
Adjusted persistence image parameters:
  birth_range: (0.0000, 1.0974)
  pers_range: (0.0010, 1.0880)
PersistenceImager config: pixel_size=0.0078, sigma=0.0132

Persistence image conversion results:
  Successful: 16/16
  Success rate: 100.0%
Processing batch 14: samples 209-224
Point cloud optimization: 686 -> 500
Computing persistence on full 553 point cloud...
  H0 features: 553
  H1 features: 228
Point cloud optimization: 619 -> 500
Computing persistence on full 530 point cloud...
  H0 features: 530
  H1 features: 239
Computing persistence on full 156 point cloud...
  H0 features: 156
  H1 features: 28
Computing persistence on full 369 point cloud...
  H0 features: 369
  H1 features: 105
Point cloud optimization: 755 -> 500
Computing persistence on full 586 point cloud...
  H0 features: 586
  H1 features: 219
Point cloud optimization: 678 -> 500
Computing persistence on full 542 point cloud...
  H0 features: 542
  H1 features: 161
Computing persistence on full 299 point cloud...
  H0 features: 299
  H1 features: 105
Computing persistence on full 447 point cloud...
  H0 features: 447
  H1 features: 206
Computing persistence on full 266 point cloud...
  H0 features: 266
  H1 features: 66
Point cloud optimization: 597 -> 500
Computing persistence on full 526 point cloud...
  H0 features: 526
  H1 features: 313
Computing persistence on full 197 point cloud...
  H0 features: 197
  H1 features: 53
Point cloud optimization: 675 -> 500
Computing persistence on full 543 point cloud...
  H0 features: 543
  H1 features: 200
Computing persistence on full 437 point cloud...
  H0 features: 437
  H1 features: 246
Computing persistence on full 332 point cloud...
  H0 features: 332
  H1 features: 130
Point cloud optimization: 637 -> 500
Computing persistence on full 543 point cloud...
  H0 features: 543
  H1 features: 248
Point cloud optimization: 1023 -> 500
Computing persistence on full 777 point cloud...
  H0 features: 777
  H1 features: 286
Analyzing persistence diagram ranges...
Found 32 valid diagrams with 9920 total finite features
Actual persistence ranges:
  Birth times: 0.0000 - 0.9964
  Lifespans: 0.0000 - 0.9862
Adjusted persistence image parameters:
  birth_range: (0.0000, 1.0961)
  pers_range: (0.0010, 1.0848)
PersistenceImager config: pixel_size=0.0078, sigma=0.0131

Persistence image conversion results:
  Successful: 16/16
  Success rate: 100.0%
Processing batch 15: samples 225-240
Point cloud optimization: 509 -> 500
Computing persistence on full 500 point cloud...
  H0 features: 500
  H1 features: 298
Computing persistence on full 231 point cloud...
  H0 features: 231
  H1 features: 77
Computing persistence on full 279 point cloud...
  H0 features: 279
  H1 features: 85
Computing persistence on full 485 point cloud...
  H0 features: 485
  H1 features: 157
Point cloud optimization: 542 -> 500
Computing persistence on full 510 point cloud...
  H0 features: 510
  H1 features: 295
Computing persistence on full 306 point cloud...
  H0 features: 306
  H1 features: 62
Point cloud optimization: 568 -> 500
Computing persistence on full 519 point cloud...
  H0 features: 519
  H1 features: 207
Computing persistence on full 167 point cloud...
  H0 features: 167
  H1 features: 37
Computing persistence on full 270 point cloud...
  H0 features: 270
  H1 features: 51
Computing persistence on full 260 point cloud...
  H0 features: 260
  H1 features: 91
Point cloud optimization: 739 -> 500
Computing persistence on full 579 point cloud...
  H0 features: 579
  H1 features: 332
Computing persistence on full 440 point cloud...
  H0 features: 440
  H1 features: 118
Point cloud optimization: 700 -> 500
Computing persistence on full 559 point cloud...
  H0 features: 559
  H1 features: 238
Computing persistence on full 198 point cloud...
  H0 features: 198
  H1 features: 46
Point cloud optimization: 836 -> 500
Computing persistence on full 656 point cloud...
  H0 features: 656
  H1 features: 250
Point cloud optimization: 671 -> 500
Computing persistence on full 540 point cloud...
  H0 features: 540
  H1 features: 160
Analyzing persistence diagram ranges...
Found 32 valid diagrams with 8987 total finite features
Actual persistence ranges:
  Birth times: 0.0000 - 1.0037
  Lifespans: 0.0000 - 0.9922
Adjusted persistence image parameters:
  birth_range: (0.0000, 1.1041)
  pers_range: (0.0010, 1.0914)
PersistenceImager config: pixel_size=0.0079, sigma=0.0132

Persistence image conversion results:
  Successful: 16/16
  Success rate: 100.0%
Processing batch 16: samples 241-256
Computing persistence on full 334 point cloud...
  H0 features: 334
  H1 features: 103
Point cloud optimization: 752 -> 500
Computing persistence on full 598 point cloud...
  H0 features: 598
  H1 features: 285
Point cloud optimization: 776 -> 500
Computing persistence on full 604 point cloud...
  H0 features: 604
  H1 features: 298
Computing persistence on full 360 point cloud...
  H0 features: 360
  H1 features: 92
Point cloud optimization: 1591 -> 500
Computing persistence on full 1217 point cloud...
  H0 features: 1217
  H1 features: 449
Point cloud optimization: 805 -> 500
Computing persistence on full 620 point cloud...
  H0 features: 620
  H1 features: 133
Point cloud optimization: 659 -> 500
Computing persistence on full 545 point cloud...
  H0 features: 545
  H1 features: 249
Computing persistence on full 314 point cloud...
  H0 features: 314
  H1 features: 103
Point cloud optimization: 576 -> 500
Computing persistence on full 524 point cloud...
  H0 features: 524
  H1 features: 243
Computing persistence on full 253 point cloud...
  H0 features: 253
  H1 features: 60
Computing persistence on full 323 point cloud...
  H0 features: 323
  H1 features: 101
Computing persistence on full 452 point cloud...
  H0 features: 452
  H1 features: 215
Point cloud optimization: 782 -> 500
Computing persistence on full 607 point cloud...
  H0 features: 607
  H1 features: 110
Point cloud optimization: 589 -> 500
Computing persistence on full 524 point cloud...
  H0 features: 524
  H1 features: 221
Computing persistence on full 495 point cloud...
  H0 features: 495
  H1 features: 242
Point cloud optimization: 576 -> 500
Computing persistence on full 521 point cloud...
  H0 features: 521
  H1 features: 309
Analyzing persistence diagram ranges...
Found 32 valid diagrams with 11488 total finite features
Actual persistence ranges:
  Birth times: 0.0000 - 1.0017
  Lifespans: 0.0000 - 0.9835
Adjusted persistence image parameters:
  birth_range: (0.0000, 1.1018)
  pers_range: (0.0010, 1.0819)
PersistenceImager config: pixel_size=0.0078, sigma=0.0131

Persistence image conversion results:
  Successful: 16/16
  Success rate: 100.0%
Processing batch 17: samples 257-272
Computing persistence on full 268 point cloud...
  H0 features: 268
  H1 features: 101
Computing persistence on full 264 point cloud...
  H0 features: 264
  H1 features: 76
Computing persistence on full 224 point cloud...
  H0 features: 224
  H1 features: 40
Computing persistence on full 212 point cloud...
  H0 features: 212
  H1 features: 45
Computing persistence on full 391 point cloud...
  H0 features: 391
  H1 features: 215
Computing persistence on full 189 point cloud...
  H0 features: 189
  H1 features: 35
Computing persistence on full 305 point cloud...
  H0 features: 305
  H1 features: 70
Point cloud optimization: 643 -> 500
Computing persistence on full 534 point cloud...
  H0 features: 534
  H1 features: 198
Point cloud optimization: 885 -> 500
Computing persistence on full 674 point cloud...
  H0 features: 674
  H1 features: 392
Point cloud optimization: 562 -> 500
Computing persistence on full 516 point cloud...
  H0 features: 516
  H1 features: 316
Computing persistence on full 409 point cloud...
  H0 features: 409
  H1 features: 158
Computing persistence on full 387 point cloud...
  H0 features: 387
  H1 features: 101
Computing persistence on full 424 point cloud...
  H0 features: 424
  H1 features: 205
Point cloud optimization: 514 -> 500
Computing persistence on full 501 point cloud...
  H0 features: 501
  H1 features: 118
Point cloud optimization: 578 -> 500
Computing persistence on full 520 point cloud...
  H0 features: 520
  H1 features: 192
Computing persistence on full 423 point cloud...
  H0 features: 423
  H1 features: 120
Analyzing persistence diagram ranges...
Found 32 valid diagrams with 8607 total finite features
Actual persistence ranges:
  Birth times: 0.0000 - 0.9966
  Lifespans: 0.0000 - 0.9865
Adjusted persistence image parameters:
  birth_range: (0.0000, 1.0963)
  pers_range: (0.0010, 1.0852)
PersistenceImager config: pixel_size=0.0078, sigma=0.0131

Persistence image conversion results:
  Successful: 16/16
  Success rate: 100.0%
Processing batch 18: samples 273-288
Computing persistence on full 429 point cloud...
  H0 features: 429
  H1 features: 105
Point cloud optimization: 519 -> 500
Computing persistence on full 505 point cloud...
  H0 features: 505
  H1 features: 205
Point cloud optimization: 615 -> 500
Computing persistence on full 532 point cloud...
  H0 features: 532
  H1 features: 312
Point cloud optimization: 940 -> 500
Computing persistence on full 724 point cloud...
  H0 features: 724
  H1 features: 288
Computing persistence on full 203 point cloud...
  H0 features: 203
  H1 features: 55
Point cloud optimization: 1084 -> 500
Computing persistence on full 820 point cloud...
  H0 features: 820
  H1 features: 405
Point cloud optimization: 515 -> 500
Computing persistence on full 502 point cloud...
  H0 features: 502
  H1 features: 195
Computing persistence on full 346 point cloud...
  H0 features: 346
  H1 features: 167
Computing persistence on full 289 point cloud...
  H0 features: 289
  H1 features: 80
Point cloud optimization: 758 -> 500
Computing persistence on full 584 point cloud...
  H0 features: 584
  H1 features: 190
Point cloud optimization: 698 -> 500
Computing persistence on full 564 point cloud...
  H0 features: 564
  H1 features: 228
Computing persistence on full 477 point cloud...
  H0 features: 477
  H1 features: 169
Point cloud optimization: 514 -> 500
Computing persistence on full 502 point cloud...
  H0 features: 502
  H1 features: 150
Computing persistence on full 358 point cloud...
  H0 features: 358
  H1 features: 102
Point cloud optimization: 1309 -> 500
Computing persistence on full 978 point cloud...
  H0 features: 978
  H1 features: 377
Point cloud optimization: 709 -> 500
Computing persistence on full 556 point cloud...
  H0 features: 556
  H1 features: 344
Analyzing persistence diagram ranges...
Found 32 valid diagrams with 11725 total finite features
Actual persistence ranges:
  Birth times: 0.0000 - 0.9965
  Lifespans: 0.0000 - 0.9872
Adjusted persistence image parameters:
  birth_range: (0.0000, 1.0962)
  pers_range: (0.0010, 1.0859)
PersistenceImager config: pixel_size=0.0078, sigma=0.0131

Persistence image conversion results:
  Successful: 16/16
  Success rate: 100.0%
Processing batch 19: samples 289-304
Computing persistence on full 422 point cloud...
  H0 features: 422
  H1 features: 129
Computing persistence on full 309 point cloud...
  H0 features: 309
  H1 features: 68
Computing persistence on full 305 point cloud...
  H0 features: 305
  H1 features: 103
Computing persistence on full 291 point cloud...
  H0 features: 291
  H1 features: 107
Point cloud optimization: 1192 -> 500
Computing persistence on full 913 point cloud...
  H0 features: 913
  H1 features: 304
Computing persistence on full 451 point cloud...
  H0 features: 451
  H1 features: 247
Computing persistence on full 252 point cloud...
  H0 features: 252
  H1 features: 67
Point cloud optimization: 825 -> 500
Computing persistence on full 628 point cloud...
  H0 features: 628
  H1 features: 428
Point cloud optimization: 619 -> 500
Computing persistence on full 535 point cloud...
  H0 features: 535
  H1 features: 269
Point cloud optimization: 510 -> 500
Computing persistence on full 500 point cloud...
  H0 features: 500
  H1 features: 115
Computing persistence on full 462 point cloud...
  H0 features: 462
  H1 features: 176
Computing persistence on full 469 point cloud...
  H0 features: 469
  H1 features: 102
Point cloud optimization: 503 -> 500
Computing persistence on full 500 point cloud...
  H0 features: 500
  H1 features: 162
Point cloud optimization: 592 -> 500
Computing persistence on full 521 point cloud...
  H0 features: 521
  H1 features: 132
Computing persistence on full 251 point cloud...
  H0 features: 251
  H1 features: 78
Point cloud optimization: 547 -> 500
Computing persistence on full 513 point cloud...
  H0 features: 513
  H1 features: 229
Analyzing persistence diagram ranges...
Found 32 valid diagrams with 10022 total finite features
Actual persistence ranges:
  Birth times: 0.0000 - 0.9965
  Lifespans: 0.0000 - 0.9874
Adjusted persistence image parameters:
  birth_range: (0.0000, 1.0961)
  pers_range: (0.0010, 1.0861)
PersistenceImager config: pixel_size=0.0078, sigma=0.0131

Persistence image conversion results:
  Successful: 16/16
  Success rate: 100.0%
Processing batch 20: samples 305-320
Point cloud optimization: 1110 -> 500
Computing persistence on full 831 point cloud...
  H0 features: 831
  H1 features: 357
Point cloud optimization: 1024 -> 500
Computing persistence on full 775 point cloud...
  H0 features: 775
  H1 features: 566
Point cloud optimization: 565 -> 500
Computing persistence on full 517 point cloud...
  H0 features: 517
  H1 features: 206
Point cloud optimization: 519 -> 500
Computing persistence on full 505 point cloud...
  H0 features: 505
  H1 features: 285
Point cloud optimization: 1146 -> 500
Computing persistence on full 863 point cloud...
  H0 features: 863
  H1 features: 289
Computing persistence on full 160 point cloud...
  H0 features: 160
  H1 features: 32
Computing persistence on full 189 point cloud...
  H0 features: 189
  H1 features: 45
Point cloud optimization: 578 -> 500
Computing persistence on full 522 point cloud...
  H0 features: 522
  H1 features: 233
Computing persistence on full 335 point cloud...
  H0 features: 335
  H1 features: 102
Point cloud optimization: 902 -> 500
Computing persistence on full 679 point cloud...
  H0 features: 679
  H1 features: 365
Point cloud optimization: 643 -> 500
Computing persistence on full 531 point cloud...
  H0 features: 531
  H1 features: 145
Point cloud optimization: 1072 -> 500
Computing persistence on full 818 point cloud...
  H0 features: 818
  H1 features: 235
Computing persistence on full 241 point cloud...
  H0 features: 241
  H1 features: 54
Computing persistence on full 361 point cloud...
  H0 features: 361
  H1 features: 109
Point cloud optimization: 816 -> 500
Computing persistence on full 632 point cloud...
  H0 features: 632
  H1 features: 313
Computing persistence on full 319 point cloud...
  H0 features: 319
  H1 features: 114
Analyzing persistence diagram ranges...
Found 32 valid diagrams with 11712 total finite features
Actual persistence ranges:
  Birth times: 0.0000 - 0.9997
  Lifespans: 0.0000 - 0.9795
Adjusted persistence image parameters:
  birth_range: (0.0000, 1.0997)
  pers_range: (0.0010, 1.0774)
PersistenceImager config: pixel_size=0.0077, sigma=0.0130

Persistence image conversion results:
  Successful: 16/16
  Success rate: 100.0%
Processing batch 21: samples 321-336
Computing persistence on full 278 point cloud...
  H0 features: 278
  H1 features: 111
Point cloud optimization: 513 -> 500
Computing persistence on full 502 point cloud...
  H0 features: 502
  H1 features: 228
Computing persistence on full 202 point cloud...
  H0 features: 202
  H1 features: 41
Point cloud optimization: 1066 -> 500
Computing persistence on full 801 point cloud...
  H0 features: 801
  H1 features: 228
Computing persistence on full 391 point cloud...
  H0 features: 391
  H1 features: 127
Point cloud optimization: 1455 -> 500
Computing persistence on full 1110 point cloud...
  H0 features: 1110
  H1 features: 638
Point cloud optimization: 987 -> 500
Computing persistence on full 743 point cloud...
  H0 features: 743
  H1 features: 180
Computing persistence on full 273 point cloud...
  H0 features: 273
  H1 features: 75
Computing persistence on full 240 point cloud...
  H0 features: 240
  H1 features: 57
Computing persistence on full 346 point cloud...
  H0 features: 346
  H1 features: 132
Computing persistence on full 184 point cloud...
  H0 features: 184
  H1 features: 47
Computing persistence on full 492 point cloud...
  H0 features: 492
  H1 features: 277
Computing persistence on full 460 point cloud...
  H0 features: 460
  H1 features: 176
Computing persistence on full 486 point cloud...
  H0 features: 486
  H1 features: 272
Point cloud optimization: 1049 -> 500
Computing persistence on full 794 point cloud...
  H0 features: 794
  H1 features: 251
Computing persistence on full 359 point cloud...
  H0 features: 359
  H1 features: 103
Analyzing persistence diagram ranges...
Found 32 valid diagrams with 10588 total finite features
Actual persistence ranges:
  Birth times: 0.0000 - 0.9964
  Lifespans: 0.0000 - 0.9839
Adjusted persistence image parameters:
  birth_range: (0.0000, 1.0960)
  pers_range: (0.0010, 1.0823)
PersistenceImager config: pixel_size=0.0078, sigma=0.0131

Persistence image conversion results:
  Successful: 16/16
  Success rate: 100.0%
Processing batch 22: samples 337-352
Computing persistence on full 237 point cloud...
  H0 features: 237
  H1 features: 56
Computing persistence on full 465 point cloud...
  H0 features: 465
  H1 features: 169
Computing persistence on full 359 point cloud...
  H0 features: 359
  H1 features: 149
Computing persistence on full 241 point cloud...
  H0 features: 241
  H1 features: 59
Computing persistence on full 324 point cloud...
  H0 features: 324
  H1 features: 90
Computing persistence on full 484 point cloud...
  H0 features: 484
  H1 features: 277
Point cloud optimization: 1530 -> 500
Computing persistence on full 1173 point cloud...
  H0 features: 1173
  H1 features: 433
Point cloud optimization: 742 -> 500
Computing persistence on full 594 point cloud...
  H0 features: 594
  H1 features: 216
Computing persistence on full 463 point cloud...
  H0 features: 463
  H1 features: 266
Computing persistence on full 336 point cloud...
  H0 features: 336
  H1 features: 113
Computing persistence on full 463 point cloud...
  H0 features: 463
  H1 features: 212
Computing persistence on full 425 point cloud...
  H0 features: 425
  H1 features: 189
Computing persistence on full 491 point cloud...
  H0 features: 491
  H1 features: 142
Point cloud optimization: 564 -> 500
Computing persistence on full 517 point cloud...
  H0 features: 517
  H1 features: 264
Computing persistence on full 470 point cloud...
  H0 features: 470
  H1 features: 331
Point cloud optimization: 687 -> 500
Computing persistence on full 549 point cloud...
  H0 features: 549
  H1 features: 188
Analyzing persistence diagram ranges...
Found 32 valid diagrams with 10729 total finite features
Actual persistence ranges:
  Birth times: 0.0000 - 0.9979
  Lifespans: 0.0000 - 0.9859
Adjusted persistence image parameters:
  birth_range: (0.0000, 1.0977)
  pers_range: (0.0010, 1.0845)
PersistenceImager config: pixel_size=0.0078, sigma=0.0131

Persistence image conversion results:
  Successful: 16/16
  Success rate: 100.0%
Processing batch 23: samples 353-368
Computing persistence on full 435 point cloud...
  H0 features: 435
  H1 features: 239
Computing persistence on full 375 point cloud...
  H0 features: 375
  H1 features: 90
Computing persistence on full 313 point cloud...
  H0 features: 313
  H1 features: 134
Computing persistence on full 262 point cloud...
  H0 features: 262
  H1 features: 57
Computing persistence on full 452 point cloud...
  H0 features: 452
  H1 features: 122
Computing persistence on full 482 point cloud...
  H0 features: 482
  H1 features: 253
Computing persistence on full 380 point cloud...
  H0 features: 380
  H1 features: 200
Computing persistence on full 312 point cloud...
  H0 features: 312
  H1 features: 96
Point cloud optimization: 803 -> 500
Computing persistence on full 614 point cloud...
  H0 features: 614
  H1 features: 217
Computing persistence on full 390 point cloud...
  H0 features: 390
  H1 features: 144
Computing persistence on full 442 point cloud...
  H0 features: 442
  H1 features: 105
Point cloud optimization: 997 -> 500
Computing persistence on full 762 point cloud...
  H0 features: 762
  H1 features: 465
Computing persistence on full 448 point cloud...
  H0 features: 448
  H1 features: 120
Computing persistence on full 185 point cloud...
  H0 features: 185
  H1 features: 41
Computing persistence on full 302 point cloud...
  H0 features: 302
  H1 features: 67
Computing persistence on full 399 point cloud...
  H0 features: 399
  H1 features: 152
Analyzing persistence diagram ranges...
Found 32 valid diagrams with 9039 total finite features
Actual persistence ranges:
  Birth times: 0.0000 - 0.9955
  Lifespans: 0.0000 - 0.9854
Adjusted persistence image parameters:
  birth_range: (0.0000, 1.0950)
  pers_range: (0.0010, 1.0840)
PersistenceImager config: pixel_size=0.0078, sigma=0.0131

Persistence image conversion results:
  Successful: 16/16
  Success rate: 100.0%
Processing batch 24: samples 369-384
Point cloud optimization: 572 -> 500
Computing persistence on full 515 point cloud...
  H0 features: 515
  H1 features: 210
Computing persistence on full 462 point cloud...
  H0 features: 462
  H1 features: 149
Computing persistence on full 428 point cloud...
  H0 features: 428
  H1 features: 128
Point cloud optimization: 662 -> 500
Computing persistence on full 544 point cloud...
  H0 features: 544
  H1 features: 210
Computing persistence on full 289 point cloud...
  H0 features: 289
  H1 features: 132
Computing persistence on full 468 point cloud...
  H0 features: 468
  H1 features: 169
Computing persistence on full 268 point cloud...
  H0 features: 268
  H1 features: 79
Computing persistence on full 350 point cloud...
  H0 features: 350
  H1 features: 156
Point cloud optimization: 587 -> 500
Computing persistence on full 526 point cloud...
  H0 features: 526
  H1 features: 166
Computing persistence on full 436 point cloud...
  H0 features: 436
  H1 features: 96
Point cloud optimization: 559 -> 500
Computing persistence on full 512 point cloud...
  H0 features: 512
  H1 features: 273
Computing persistence on full 262 point cloud...
  H0 features: 262
  H1 features: 79
Point cloud optimization: 599 -> 500
Computing persistence on full 523 point cloud...
  H0 features: 523
  H1 features: 129
Point cloud optimization: 524 -> 500
Computing persistence on full 506 point cloud...
  H0 features: 506
  H1 features: 208
Computing persistence on full 251 point cloud...
  H0 features: 251
  H1 features: 67
Point cloud optimization: 623 -> 500
Computing persistence on full 539 point cloud...
  H0 features: 539
  H1 features: 150
Analyzing persistence diagram ranges...
Found 32 valid diagrams with 9264 total finite features
Actual persistence ranges:
  Birth times: 0.0000 - 0.9963
  Lifespans: 0.0000 - 0.9881
Adjusted persistence image parameters:
  birth_range: (0.0000, 1.0959)
  pers_range: (0.0010, 1.0869)
PersistenceImager config: pixel_size=0.0078, sigma=0.0131

Persistence image conversion results:
  Successful: 16/16
  Success rate: 100.0%
Processing batch 25: samples 385-400
Computing persistence on full 394 point cloud...
  H0 features: 394
  H1 features: 129
Point cloud optimization: 690 -> 500
Computing persistence on full 540 point cloud...
  H0 features: 540
  H1 features: 154
Computing persistence on full 499 point cloud...
  H0 features: 499
  H1 features: 322
Computing persistence on full 258 point cloud...
  H0 features: 258
  H1 features: 76
Point cloud optimization: 583 -> 500
Computing persistence on full 524 point cloud...
  H0 features: 524
  H1 features: 148
Computing persistence on full 370 point cloud...
  H0 features: 370
  H1 features: 166
Computing persistence on full 380 point cloud...
  H0 features: 380
  H1 features: 112
Point cloud optimization: 870 -> 500
Computing persistence on full 671 point cloud...
  H0 features: 671
  H1 features: 222
Point cloud optimization: 714 -> 500
Computing persistence on full 575 point cloud...
  H0 features: 575
  H1 features: 209
Point cloud optimization: 505 -> 500
Computing persistence on full 500 point cloud...
  H0 features: 500
  H1 features: 248
Computing persistence on full 358 point cloud...
  H0 features: 358
  H1 features: 63
Computing persistence on full 228 point cloud...
  H0 features: 228
  H1 features: 41
Point cloud optimization: 619 -> 500
Computing persistence on full 529 point cloud...
  H0 features: 529
  H1 features: 106
Computing persistence on full 486 point cloud...
  H0 features: 486
  H1 features: 264
Point cloud optimization: 535 -> 500
Computing persistence on full 508 point cloud...
  H0 features: 508
  H1 features: 147
Point cloud optimization: 731 -> 500
Computing persistence on full 591 point cloud...
  H0 features: 591
  H1 features: 219
Analyzing persistence diagram ranges...
Found 32 valid diagrams with 10021 total finite features
Actual persistence ranges:
  Birth times: 0.0000 - 0.9976
  Lifespans: 0.0000 - 0.9904
Adjusted persistence image parameters:
  birth_range: (0.0000, 1.0973)
  pers_range: (0.0010, 1.0895)
PersistenceImager config: pixel_size=0.0078, sigma=0.0132

Persistence image conversion results:
  Successful: 16/16
  Success rate: 100.0%
  Progress: 400/1599 (25.0%) Rate: 2.0 samples/sec, ETA: 0.2h
Processing batch 26: samples 401-416
Point cloud optimization: 514 -> 500
Computing persistence on full 504 point cloud...
  H0 features: 504
  H1 features: 123
Point cloud optimization: 650 -> 500
Computing persistence on full 536 point cloud...
  H0 features: 536
  H1 features: 136
Point cloud optimization: 520 -> 500
Computing persistence on full 503 point cloud...
  H0 features: 503
  H1 features: 142
Computing persistence on full 460 point cloud...
  H0 features: 460
  H1 features: 126
Computing persistence on full 321 point cloud...
  H0 features: 321
  H1 features: 74
Computing persistence on full 207 point cloud...
  H0 features: 207
  H1 features: 44
Computing persistence on full 259 point cloud...
  H0 features: 259
  H1 features: 85
Point cloud optimization: 1439 -> 500
Computing persistence on full 1070 point cloud...
  H0 features: 1070
  H1 features: 481
Computing persistence on full 437 point cloud...
  H0 features: 437
  H1 features: 216
Computing persistence on full 242 point cloud...
  H0 features: 242
  H1 features: 50
Computing persistence on full 431 point cloud...
  H0 features: 431
  H1 features: 153
Point cloud optimization: 574 -> 500
Computing persistence on full 516 point cloud...
  H0 features: 516
  H1 features: 187
Computing persistence on full 257 point cloud...
  H0 features: 257
  H1 features: 75
Computing persistence on full 299 point cloud...
  H0 features: 299
  H1 features: 125
Point cloud optimization: 1395 -> 500
Computing persistence on full 1059 point cloud...
  H0 features: 1059
  H1 features: 331
Point cloud optimization: 722 -> 500
Computing persistence on full 561 point cloud...
  H0 features: 561
  H1 features: 184
Analyzing persistence diagram ranges...
Found 32 valid diagrams with 10178 total finite features
Actual persistence ranges:
  Birth times: 0.0000 - 0.9934
  Lifespans: 0.0000 - 0.9843
Adjusted persistence image parameters:
  birth_range: (0.0000, 1.0928)
  pers_range: (0.0010, 1.0828)
PersistenceImager config: pixel_size=0.0078, sigma=0.0131

Persistence image conversion results:
  Successful: 16/16
  Success rate: 100.0%
Processing batch 27: samples 417-432
Point cloud optimization: 1329 -> 500
Computing persistence on full 1028 point cloud...
  H0 features: 1028
  H1 features: 547
Point cloud optimization: 524 -> 500
Computing persistence on full 507 point cloud...
  H0 features: 507
  H1 features: 187
Point cloud optimization: 689 -> 500
Computing persistence on full 552 point cloud...
  H0 features: 552
  H1 features: 164
Computing persistence on full 376 point cloud...
  H0 features: 376
  H1 features: 127
Point cloud optimization: 641 -> 500
Computing persistence on full 535 point cloud...
  H0 features: 535
  H1 features: 255
Computing persistence on full 144 point cloud...
  H0 features: 144
  H1 features: 34
Computing persistence on full 380 point cloud...
  H0 features: 380
  H1 features: 167
Point cloud optimization: 502 -> 500
Computing persistence on full 500 point cloud...
  H0 features: 500
  H1 features: 143
Point cloud optimization: 511 -> 500
Computing persistence on full 500 point cloud...
  H0 features: 500
  H1 features: 141
Point cloud optimization: 627 -> 500
Computing persistence on full 538 point cloud...
  H0 features: 538
  H1 features: 260
Computing persistence on full 339 point cloud...
  H0 features: 339
  H1 features: 114
Computing persistence on full 351 point cloud...
  H0 features: 351
  H1 features: 150
Point cloud optimization: 593 -> 500
Computing persistence on full 527 point cloud...
  H0 features: 527
  H1 features: 227
Computing persistence on full 357 point cloud...
  H0 features: 357
  H1 features: 142
Point cloud optimization: 540 -> 500
Computing persistence on full 509 point cloud...
  H0 features: 509
  H1 features: 118
Point cloud optimization: 1166 -> 500
Computing persistence on full 883 point cloud...
  H0 features: 883
  H1 features: 571
Analyzing persistence diagram ranges...
Found 32 valid diagrams with 11357 total finite features
Actual persistence ranges:
  Birth times: 0.0000 - 0.9934
  Lifespans: 0.0000 - 0.9799
Adjusted persistence image parameters:
  birth_range: (0.0000, 1.0928)
  pers_range: (0.0010, 1.0778)
PersistenceImager config: pixel_size=0.0078, sigma=0.0130

Persistence image conversion results:
  Successful: 16/16
  Success rate: 100.0%
Processing batch 28: samples 433-448
Computing persistence on full 279 point cloud...
  H0 features: 279
  H1 features: 97
Point cloud optimization: 603 -> 500
Computing persistence on full 532 point cloud...
  H0 features: 532
  H1 features: 153
Computing persistence on full 398 point cloud...
  H0 features: 398
  H1 features: 136
Point cloud optimization: 531 -> 500
Computing persistence on full 507 point cloud...
  H0 features: 507
  H1 features: 333
Computing persistence on full 472 point cloud...
  H0 features: 472
  H1 features: 205
Point cloud optimization: 560 -> 500
Computing persistence on full 516 point cloud...
  H0 features: 516
  H1 features: 299
Computing persistence on full 327 point cloud...
  H0 features: 327
  H1 features: 105
Computing persistence on full 183 point cloud...
  H0 features: 183
  H1 features: 91
Point cloud optimization: 538 -> 500
Computing persistence on full 510 point cloud...
  H0 features: 510
  H1 features: 187
Computing persistence on full 493 point cloud...
  H0 features: 493
  H1 features: 278
Computing persistence on full 424 point cloud...
  H0 features: 424
  H1 features: 144
Point cloud optimization: 515 -> 500
Computing persistence on full 505 point cloud...
  H0 features: 505
  H1 features: 188
Computing persistence on full 421 point cloud...
  H0 features: 421
  H1 features: 210
Computing persistence on full 362 point cloud...
  H0 features: 362
  H1 features: 91
Computing persistence on full 347 point cloud...
  H0 features: 347
  H1 features: 114
Point cloud optimization: 797 -> 500
Computing persistence on full 610 point cloud...
  H0 features: 610
  H1 features: 263
Analyzing persistence diagram ranges...
Found 32 valid diagrams with 9764 total finite features
Actual persistence ranges:
  Birth times: 0.0000 - 0.9954
  Lifespans: 0.0000 - 0.9893
Adjusted persistence image parameters:
  birth_range: (0.0000, 1.0950)
  pers_range: (0.0010, 1.0883)
PersistenceImager config: pixel_size=0.0078, sigma=0.0132

Persistence image conversion results:
  Successful: 16/16
  Success rate: 100.0%
Processing batch 29: samples 449-464
Point cloud optimization: 751 -> 500
Computing persistence on full 584 point cloud...
  H0 features: 584
  H1 features: 355
Computing persistence on full 401 point cloud...
  H0 features: 401
  H1 features: 151
Point cloud optimization: 609 -> 500
Computing persistence on full 528 point cloud...
  H0 features: 528
  H1 features: 184
Computing persistence on full 490 point cloud...
  H0 features: 490
  H1 features: 190
Computing persistence on full 490 point cloud...
  H0 features: 490
  H1 features: 304
Point cloud optimization: 751 -> 500
Computing persistence on full 581 point cloud...
  H0 features: 581
  H1 features: 177
Computing persistence on full 445 point cloud...
  H0 features: 445
  H1 features: 145
Computing persistence on full 253 point cloud...
  H0 features: 253
  H1 features: 50
Point cloud optimization: 748 -> 500
Computing persistence on full 584 point cloud...
  H0 features: 584
  H1 features: 178
Computing persistence on full 294 point cloud...
  H0 features: 294
  H1 features: 84
Computing persistence on full 314 point cloud...
  H0 features: 314
  H1 features: 79
Computing persistence on full 434 point cloud...
  H0 features: 434
  H1 features: 173
Point cloud optimization: 599 -> 500
Computing persistence on full 521 point cloud...
  H0 features: 521
  H1 features: 158
Computing persistence on full 185 point cloud...
  H0 features: 185
  H1 features: 41
Point cloud optimization: 606 -> 500
Computing persistence on full 526 point cloud...
  H0 features: 526
  H1 features: 179
Computing persistence on full 443 point cloud...
  H0 features: 443
  H1 features: 102
Analyzing persistence diagram ranges...
Found 32 valid diagrams with 9607 total finite features
Actual persistence ranges:
  Birth times: 0.0000 - 0.9955
  Lifespans: 0.0000 - 0.9843
Adjusted persistence image parameters:
  birth_range: (0.0000, 1.0950)
  pers_range: (0.0010, 1.0828)
PersistenceImager config: pixel_size=0.0078, sigma=0.0131

Persistence image conversion results:
  Successful: 16/16
  Success rate: 100.0%
Processing batch 30: samples 465-480
Computing persistence on full 364 point cloud...
  H0 features: 364
  H1 features: 146
Point cloud optimization: 730 -> 500
Computing persistence on full 584 point cloud...
  H0 features: 584
  H1 features: 198
Point cloud optimization: 838 -> 500
Computing persistence on full 638 point cloud...
  H0 features: 638
  H1 features: 197
Computing persistence on full 383 point cloud...
  H0 features: 383
  H1 features: 97
Computing persistence on full 339 point cloud...
  H0 features: 339
  H1 features: 109
Point cloud optimization: 845 -> 500
Computing persistence on full 641 point cloud...
  H0 features: 641
  H1 features: 252
Computing persistence on full 431 point cloud...
  H0 features: 431
  H1 features: 160
Computing persistence on full 448 point cloud...
  H0 features: 448
  H1 features: 168
Point cloud optimization: 893 -> 500
Computing persistence on full 698 point cloud...
  H0 features: 698
  H1 features: 296
Computing persistence on full 441 point cloud...
  H0 features: 441
  H1 features: 211
Computing persistence on full 237 point cloud...
  H0 features: 237
  H1 features: 60
Computing persistence on full 441 point cloud...
  H0 features: 441
  H1 features: 267
Computing persistence on full 316 point cloud...
  H0 features: 316
  H1 features: 88
Computing persistence on full 383 point cloud...
  H0 features: 383
  H1 features: 197
Point cloud optimization: 598 -> 500
Computing persistence on full 531 point cloud...
  H0 features: 531
  H1 features: 283
Computing persistence on full 414 point cloud...
  H0 features: 414
  H1 features: 145
Analyzing persistence diagram ranges...
Found 32 valid diagrams with 10147 total finite features
Actual persistence ranges:
  Birth times: 0.0000 - 0.9944
  Lifespans: 0.0000 - 0.9803
Adjusted persistence image parameters:
  birth_range: (0.0000, 1.0938)
  pers_range: (0.0010, 1.0783)
PersistenceImager config: pixel_size=0.0078, sigma=0.0130

Persistence image conversion results:
  Successful: 16/16
  Success rate: 100.0%
Processing batch 31: samples 481-496
Computing persistence on full 463 point cloud...
  H0 features: 463
  H1 features: 197
Point cloud optimization: 1952 -> 500
Computing persistence on full 1483 point cloud...
  H0 features: 1483
  H1 features: 585
Point cloud optimization: 695 -> 500
Computing persistence on full 548 point cloud...
  H0 features: 548
  H1 features: 134
Computing persistence on full 237 point cloud...
  H0 features: 237
  H1 features: 63
Point cloud optimization: 630 -> 500
Computing persistence on full 534 point cloud...
  H0 features: 534
  H1 features: 157
Computing persistence on full 231 point cloud...
  H0 features: 231
  H1 features: 57
Computing persistence on full 171 point cloud...
  H0 features: 171
  H1 features: 39
Point cloud optimization: 519 -> 500
Computing persistence on full 504 point cloud...
  H0 features: 504
  H1 features: 283
Computing persistence on full 279 point cloud...
  H0 features: 279
  H1 features: 78
Point cloud optimization: 586 -> 500
Computing persistence on full 525 point cloud...
  H0 features: 525
  H1 features: 190
Computing persistence on full 260 point cloud...
  H0 features: 260
  H1 features: 102
Point cloud optimization: 651 -> 500
Computing persistence on full 542 point cloud...
  H0 features: 542
  H1 features: 282
Computing persistence on full 376 point cloud...
  H0 features: 376
  H1 features: 158
Point cloud optimization: 608 -> 500
Computing persistence on full 528 point cloud...
  H0 features: 528
  H1 features: 166
Computing persistence on full 451 point cloud...
  H0 features: 451
  H1 features: 164
Computing persistence on full 361 point cloud...
  H0 features: 361
  H1 features: 105
Analyzing persistence diagram ranges...
Found 32 valid diagrams with 10237 total finite features
Actual persistence ranges:
  Birth times: 0.0000 - 1.0024
  Lifespans: 0.0000 - 0.9863
Adjusted persistence image parameters:
  birth_range: (0.0000, 1.1026)
  pers_range: (0.0010, 1.0849)
PersistenceImager config: pixel_size=0.0078, sigma=0.0131

Persistence image conversion results:
  Successful: 16/16
  Success rate: 100.0%
Processing batch 32: samples 497-512
Computing persistence on full 477 point cloud...
  H0 features: 477
  H1 features: 210
Computing persistence on full 349 point cloud...
  H0 features: 349
  H1 features: 187
Computing persistence on full 391 point cloud...
  H0 features: 391
  H1 features: 180
Computing persistence on full 287 point cloud...
  H0 features: 287
  H1 features: 116
Point cloud optimization: 605 -> 500
Computing persistence on full 531 point cloud...
  H0 features: 531
  H1 features: 193
Computing persistence on full 266 point cloud...
  H0 features: 266
  H1 features: 68
Computing persistence on full 497 point cloud...
  H0 features: 497
  H1 features: 125
Computing persistence on full 303 point cloud...
  H0 features: 303
  H1 features: 84
Point cloud optimization: 705 -> 500
Computing persistence on full 560 point cloud...
  H0 features: 560
  H1 features: 265
Computing persistence on full 396 point cloud...
  H0 features: 396
  H1 features: 232
Computing persistence on full 244 point cloud...
  H0 features: 244
  H1 features: 70
Computing persistence on full 314 point cloud...
  H0 features: 314
  H1 features: 103
Computing persistence on full 343 point cloud...
  H0 features: 343
  H1 features: 101
Computing persistence on full 272 point cloud...
  H0 features: 272
  H1 features: 48
Computing persistence on full 348 point cloud...
  H0 features: 348
  H1 features: 141
Computing persistence on full 291 point cloud...
  H0 features: 291
  H1 features: 80
Analyzing persistence diagram ranges...
Found 32 valid diagrams with 8056 total finite features
Actual persistence ranges:
  Birth times: 0.0000 - 0.9974
  Lifespans: 0.0000 - 0.9854
Adjusted persistence image parameters:
  birth_range: (0.0000, 1.0971)
  pers_range: (0.0010, 1.0840)
PersistenceImager config: pixel_size=0.0078, sigma=0.0131

Persistence image conversion results:
  Successful: 16/16
  Success rate: 100.0%
Processing batch 33: samples 513-528
Computing persistence on full 346 point cloud...
  H0 features: 346
  H1 features: 67
Computing persistence on full 300 point cloud...
  H0 features: 300
  H1 features: 118
Point cloud optimization: 728 -> 500
Computing persistence on full 576 point cloud...
  H0 features: 576
  H1 features: 331
Computing persistence on full 288 point cloud...
  H0 features: 288
  H1 features: 73
Point cloud optimization: 709 -> 500
Computing persistence on full 565 point cloud...
  H0 features: 565
  H1 features: 293
Point cloud optimization: 667 -> 500
Computing persistence on full 536 point cloud...
  H0 features: 536
  H1 features: 185
Computing persistence on full 414 point cloud...
  H0 features: 414
  H1 features: 239
Computing persistence on full 424 point cloud...
  H0 features: 424
  H1 features: 245
Computing persistence on full 197 point cloud...
  H0 features: 197
  H1 features: 43
Computing persistence on full 245 point cloud...
  H0 features: 245
  H1 features: 48
Point cloud optimization: 592 -> 500
Computing persistence on full 524 point cloud...
  H0 features: 524
  H1 features: 147
Computing persistence on full 342 point cloud...
  H0 features: 342
  H1 features: 64
Computing persistence on full 244 point cloud...
  H0 features: 244
  H1 features: 64
Computing persistence on full 365 point cloud...
  H0 features: 365
  H1 features: 106
Computing persistence on full 257 point cloud...
  H0 features: 257
  H1 features: 97
Point cloud optimization: 657 -> 500
Computing persistence on full 536 point cloud...
  H0 features: 536
  H1 features: 269
Analyzing persistence diagram ranges...
Found 32 valid diagrams with 8532 total finite features
Actual persistence ranges:
  Birth times: 0.0000 - 0.9970
  Lifespans: 0.0000 - 0.9877
Adjusted persistence image parameters:
  birth_range: (0.0000, 1.0967)
  pers_range: (0.0010, 1.0864)
PersistenceImager config: pixel_size=0.0078, sigma=0.0131

Persistence image conversion results:
  Successful: 16/16
  Success rate: 100.0%
Processing batch 34: samples 529-544
Point cloud optimization: 543 -> 500
Computing persistence on full 512 point cloud...
  H0 features: 512
  H1 features: 208
Point cloud optimization: 967 -> 500
Computing persistence on full 725 point cloud...
  H0 features: 725
  H1 features: 180
Point cloud optimization: 563 -> 500
Computing persistence on full 519 point cloud...
  H0 features: 519
  H1 features: 198
Point cloud optimization: 1108 -> 500
Computing persistence on full 845 point cloud...
  H0 features: 845
  H1 features: 355
Computing persistence on full 180 point cloud...
  H0 features: 180
  H1 features: 38
Point cloud optimization: 629 -> 500
Computing persistence on full 536 point cloud...
  H0 features: 536
  H1 features: 266
Point cloud optimization: 895 -> 500
Computing persistence on full 688 point cloud...
  H0 features: 688
  H1 features: 292
Computing persistence on full 279 point cloud...
  H0 features: 279
  H1 features: 87
Point cloud optimization: 663 -> 500
Computing persistence on full 543 point cloud...
  H0 features: 543
  H1 features: 291
Point cloud optimization: 1055 -> 500
Computing persistence on full 801 point cloud...
  H0 features: 801
  H1 features: 281
Computing persistence on full 445 point cloud...
  H0 features: 445
  H1 features: 116
Computing persistence on full 284 point cloud...
  H0 features: 284
  H1 features: 42
Computing persistence on full 203 point cloud...
  H0 features: 203
  H1 features: 46
Point cloud optimization: 543 -> 500
Computing persistence on full 512 point cloud...
  H0 features: 512
  H1 features: 226
Computing persistence on full 364 point cloud...
  H0 features: 364
  H1 features: 70
Point cloud optimization: 581 -> 500
Computing persistence on full 524 point cloud...
  H0 features: 524
  H1 features: 233
Analyzing persistence diagram ranges...
Found 32 valid diagrams with 10873 total finite features
Actual persistence ranges:
  Birth times: 0.0000 - 0.9938
  Lifespans: 0.0000 - 0.9835
Adjusted persistence image parameters:
  birth_range: (0.0000, 1.0932)
  pers_range: (0.0010, 1.0818)
PersistenceImager config: pixel_size=0.0078, sigma=0.0131

Persistence image conversion results:
  Successful: 16/16
  Success rate: 100.0%
Processing batch 35: samples 545-560
Computing persistence on full 323 point cloud...
  H0 features: 323
  H1 features: 106
Computing persistence on full 483 point cloud...
  H0 features: 483
  H1 features: 120
Point cloud optimization: 602 -> 500
Computing persistence on full 528 point cloud...
  H0 features: 528
  H1 features: 157
Computing persistence on full 222 point cloud...
  H0 features: 222
  H1 features: 46
Point cloud optimization: 942 -> 500
Computing persistence on full 716 point cloud...
  H0 features: 716
  H1 features: 263
Point cloud optimization: 586 -> 500
Computing persistence on full 525 point cloud...
  H0 features: 525
  H1 features: 260
Point cloud optimization: 551 -> 500
Computing persistence on full 513 point cloud...
  H0 features: 513
  H1 features: 301
Computing persistence on full 260 point cloud...
  H0 features: 260
  H1 features: 102
Computing persistence on full 246 point cloud...
  H0 features: 246
  H1 features: 63
Computing persistence on full 489 point cloud...
  H0 features: 489
  H1 features: 223
Point cloud optimization: 1019 -> 500
Computing persistence on full 768 point cloud...
  H0 features: 768
  H1 features: 533
Point cloud optimization: 928 -> 500
Computing persistence on full 728 point cloud...
  H0 features: 728
  H1 features: 229
Computing persistence on full 444 point cloud...
  H0 features: 444
  H1 features: 209
Computing persistence on full 313 point cloud...
  H0 features: 313
  H1 features: 95
Point cloud optimization: 641 -> 500
Computing persistence on full 535 point cloud...
  H0 features: 535
  H1 features: 221
Point cloud optimization: 1731 -> 500
Computing persistence on full 1348 point cloud...
  H0 features: 1348
  H1 features: 609
Analyzing persistence diagram ranges...
Found 32 valid diagrams with 11962 total finite features
Actual persistence ranges:
  Birth times: 0.0000 - 0.9951
  Lifespans: 0.0000 - 0.9815
Adjusted persistence image parameters:
  birth_range: (0.0000, 1.0946)
  pers_range: (0.0010, 1.0796)
PersistenceImager config: pixel_size=0.0078, sigma=0.0131

Persistence image conversion results:
  Successful: 16/16
  Success rate: 100.0%
Processing batch 36: samples 561-576
Point cloud optimization: 1343 -> 500
Computing persistence on full 1001 point cloud...
  H0 features: 1001
  H1 features: 837
Point cloud optimization: 676 -> 500
Computing persistence on full 556 point cloud...
  H0 features: 556
  H1 features: 121
Point cloud optimization: 714 -> 500
Computing persistence on full 569 point cloud...
  H0 features: 569
  H1 features: 169
Point cloud optimization: 662 -> 500
Computing persistence on full 550 point cloud...
  H0 features: 550
  H1 features: 268
Computing persistence on full 325 point cloud...
  H0 features: 325
  H1 features: 86
Computing persistence on full 238 point cloud...
  H0 features: 238
  H1 features: 95
Computing persistence on full 324 point cloud...
  H0 features: 324
  H1 features: 76
Point cloud optimization: 684 -> 500
Computing persistence on full 543 point cloud...
  H0 features: 543
  H1 features: 322
Point cloud optimization: 1574 -> 500
Computing persistence on full 1181 point cloud...
  H0 features: 1181
  H1 features: 490
Computing persistence on full 443 point cloud...
  H0 features: 443
  H1 features: 214
Point cloud optimization: 553 -> 500
Computing persistence on full 515 point cloud...
  H0 features: 515
  H1 features: 265
Computing persistence on full 275 point cloud...
  H0 features: 275
  H1 features: 86
Point cloud optimization: 621 -> 500
Computing persistence on full 529 point cloud...
  H0 features: 529
  H1 features: 203
Computing persistence on full 296 point cloud...
  H0 features: 296
  H1 features: 90
Point cloud optimization: 682 -> 500
Computing persistence on full 538 point cloud...
  H0 features: 538
  H1 features: 149
Computing persistence on full 295 point cloud...
  H0 features: 295
  H1 features: 102
Analyzing persistence diagram ranges...
Found 32 valid diagrams with 11735 total finite features
Actual persistence ranges:
  Birth times: 0.0000 - 0.9933
  Lifespans: 0.0000 - 0.9845
Adjusted persistence image parameters:
  birth_range: (0.0000, 1.0926)
  pers_range: (0.0010, 1.0829)
PersistenceImager config: pixel_size=0.0078, sigma=0.0131

Persistence image conversion results:
  Successful: 16/16
  Success rate: 100.0%
Processing batch 37: samples 577-592
Computing persistence on full 188 point cloud...
  H0 features: 188
  H1 features: 45
Point cloud optimization: 691 -> 500
Computing persistence on full 557 point cloud...
  H0 features: 557
  H1 features: 198
Computing persistence on full 450 point cloud...
  H0 features: 450
  H1 features: 244
Computing persistence on full 329 point cloud...
  H0 features: 329
  H1 features: 100
Computing persistence on full 466 point cloud...
  H0 features: 466
  H1 features: 226
Computing persistence on full 226 point cloud...
  H0 features: 226
  H1 features: 37
Computing persistence on full 452 point cloud...
  H0 features: 452
  H1 features: 158
Computing persistence on full 482 point cloud...
  H0 features: 482
  H1 features: 259
Computing persistence on full 336 point cloud...
  H0 features: 336
  H1 features: 74
Computing persistence on full 452 point cloud...
  H0 features: 452
  H1 features: 207
Computing persistence on full 331 point cloud...
  H0 features: 331
  H1 features: 72
Computing persistence on full 210 point cloud...
  H0 features: 210
  H1 features: 42
Computing persistence on full 231 point cloud...
  H0 features: 231
  H1 features: 49
Computing persistence on full 255 point cloud...
  H0 features: 255
  H1 features: 66
Point cloud optimization: 834 -> 500
Computing persistence on full 658 point cloud...
  H0 features: 658
  H1 features: 171
Point cloud optimization: 692 -> 500
Computing persistence on full 543 point cloud...
  H0 features: 543
  H1 features: 201
Analyzing persistence diagram ranges...
Found 32 valid diagrams with 8299 total finite features
Actual persistence ranges:
  Birth times: 0.0000 - 0.9961
  Lifespans: 0.0000 - 0.9851
Adjusted persistence image parameters:
  birth_range: (0.0000, 1.0958)
  pers_range: (0.0010, 1.0837)
PersistenceImager config: pixel_size=0.0078, sigma=0.0131

Persistence image conversion results:
  Successful: 16/16
  Success rate: 100.0%
Processing batch 38: samples 593-608
Computing persistence on full 338 point cloud...
  H0 features: 338
  H1 features: 155
Computing persistence on full 259 point cloud...
  H0 features: 259
  H1 features: 103
Point cloud optimization: 505 -> 500
Computing persistence on full 500 point cloud...
  H0 features: 500
  H1 features: 319
Computing persistence on full 213 point cloud...
  H0 features: 213
  H1 features: 63
Point cloud optimization: 719 -> 500
Computing persistence on full 560 point cloud...
  H0 features: 560
  H1 features: 100
Point cloud optimization: 806 -> 500
Computing persistence on full 636 point cloud...
  H0 features: 636
  H1 features: 373
Computing persistence on full 314 point cloud...
  H0 features: 314
  H1 features: 107
Computing persistence on full 257 point cloud...
  H0 features: 257
  H1 features: 62
Point cloud optimization: 961 -> 500
Computing persistence on full 725 point cloud...
  H0 features: 725
  H1 features: 444
Computing persistence on full 488 point cloud...
  H0 features: 488
  H1 features: 314
Point cloud optimization: 511 -> 500
Computing persistence on full 502 point cloud...
  H0 features: 502
  H1 features: 249
Computing persistence on full 248 point cloud...
  H0 features: 248
  H1 features: 65
Point cloud optimization: 671 -> 500
Computing persistence on full 548 point cloud...
  H0 features: 548
  H1 features: 329
Computing persistence on full 495 point cloud...
  H0 features: 495
  H1 features: 215
Computing persistence on full 203 point cloud...
  H0 features: 203
  H1 features: 46
Point cloud optimization: 587 -> 500
Computing persistence on full 524 point cloud...
  H0 features: 524
  H1 features: 188
Analyzing persistence diagram ranges...
Found 32 valid diagrams with 9926 total finite features
Actual persistence ranges:
  Birth times: 0.0000 - 0.9933
  Lifespans: 0.0000 - 0.9831
Adjusted persistence image parameters:
  birth_range: (0.0000, 1.0926)
  pers_range: (0.0010, 1.0814)
PersistenceImager config: pixel_size=0.0078, sigma=0.0131

Persistence image conversion results:
  Successful: 16/16
  Success rate: 100.0%
Processing batch 39: samples 609-624
Computing persistence on full 331 point cloud...
  H0 features: 331
  H1 features: 76
Computing persistence on full 374 point cloud...
  H0 features: 374
  H1 features: 130
Computing persistence on full 469 point cloud...
  H0 features: 469
  H1 features: 221
Computing persistence on full 229 point cloud...
  H0 features: 229
  H1 features: 55
Computing persistence on full 260 point cloud...
  H0 features: 260
  H1 features: 73
Computing persistence on full 348 point cloud...
  H0 features: 348
  H1 features: 100
Computing persistence on full 372 point cloud...
  H0 features: 372
  H1 features: 107
Computing persistence on full 261 point cloud...
  H0 features: 261
  H1 features: 73
Computing persistence on full 446 point cloud...
  H0 features: 446
  H1 features: 127
Computing persistence on full 435 point cloud...
  H0 features: 435
  H1 features: 212
Point cloud optimization: 1382 -> 500
Computing persistence on full 1036 point cloud...
  H0 features: 1036
  H1 features: 385
Computing persistence on full 234 point cloud...
  H0 features: 234
  H1 features: 45
Point cloud optimization: 673 -> 500
Computing persistence on full 543 point cloud...
  H0 features: 543
  H1 features: 165
Point cloud optimization: 688 -> 500
Computing persistence on full 547 point cloud...
  H0 features: 547
  H1 features: 370
Point cloud optimization: 628 -> 500
Computing persistence on full 539 point cloud...
  H0 features: 539
  H1 features: 241
Computing persistence on full 181 point cloud...
  H0 features: 181
  H1 features: 46
Analyzing persistence diagram ranges...
Found 32 valid diagrams with 9015 total finite features
Actual persistence ranges:
  Birth times: 0.0000 - 0.9947
  Lifespans: 0.0000 - 0.9819
Adjusted persistence image parameters:
  birth_range: (0.0000, 1.0942)
  pers_range: (0.0010, 1.0801)
PersistenceImager config: pixel_size=0.0078, sigma=0.0131

Persistence image conversion results:
  Successful: 16/16
  Success rate: 100.0%
Processing batch 40: samples 625-640
Point cloud optimization: 506 -> 500
Computing persistence on full 500 point cloud...
  H0 features: 500
  H1 features: 167
Computing persistence on full 192 point cloud...
  H0 features: 192
  H1 features: 43
Computing persistence on full 307 point cloud...
  H0 features: 307
  H1 features: 108
Point cloud optimization: 827 -> 500
Computing persistence on full 630 point cloud...
  H0 features: 630
  H1 features: 195
Point cloud optimization: 710 -> 500
Computing persistence on full 575 point cloud...
  H0 features: 575
  H1 features: 220
Point cloud optimization: 752 -> 500
Computing persistence on full 586 point cloud...
  H0 features: 586
  H1 features: 302
Computing persistence on full 308 point cloud...
  H0 features: 308
  H1 features: 83
Computing persistence on full 383 point cloud...
  H0 features: 383
  H1 features: 159
Computing persistence on full 467 point cloud...
  H0 features: 467
  H1 features: 208
Point cloud optimization: 1878 -> 500
Computing persistence on full 1393 point cloud...
  H0 features: 1393
  H1 features: 701
Point cloud optimization: 606 -> 500
Computing persistence on full 527 point cloud...
  H0 features: 527
  H1 features: 235
Computing persistence on full 353 point cloud...
  H0 features: 353
  H1 features: 174
Point cloud optimization: 532 -> 500
Computing persistence on full 507 point cloud...
  H0 features: 507
  H1 features: 276
Computing persistence on full 493 point cloud...
  H0 features: 493
  H1 features: 219
Point cloud optimization: 1010 -> 500
Computing persistence on full 775 point cloud...
  H0 features: 775
  H1 features: 232
Computing persistence on full 169 point cloud...
  H0 features: 169
  H1 features: 35
Analyzing persistence diagram ranges...
Found 32 valid diagrams with 11506 total finite features
Actual persistence ranges:
  Birth times: 0.0000 - 0.9950
  Lifespans: 0.0000 - 0.9835
Adjusted persistence image parameters:
  birth_range: (0.0000, 1.0945)
  pers_range: (0.0010, 1.0819)
PersistenceImager config: pixel_size=0.0078, sigma=0.0131

Persistence image conversion results:
  Successful: 16/16
  Success rate: 100.0%
Processing batch 41: samples 641-656
Computing persistence on full 305 point cloud...
  H0 features: 305
  H1 features: 54
Computing persistence on full 170 point cloud...
  H0 features: 170
  H1 features: 31
Point cloud optimization: 1001 -> 500
Computing persistence on full 768 point cloud...
  H0 features: 768
  H1 features: 270
Computing persistence on full 312 point cloud...
  H0 features: 312
  H1 features: 54
Computing persistence on full 290 point cloud...
  H0 features: 290
  H1 features: 67
Computing persistence on full 416 point cloud...
  H0 features: 416
  H1 features: 169
Point cloud optimization: 609 -> 500
Computing persistence on full 522 point cloud...
  H0 features: 522
  H1 features: 257
Point cloud optimization: 960 -> 500
Computing persistence on full 722 point cloud...
  H0 features: 722
  H1 features: 196
Computing persistence on full 203 point cloud...
  H0 features: 203
  H1 features: 44
Point cloud optimization: 845 -> 500
Computing persistence on full 646 point cloud...
  H0 features: 646
  H1 features: 202
Computing persistence on full 355 point cloud...
  H0 features: 355
  H1 features: 154
Point cloud optimization: 1401 -> 500
Computing persistence on full 1055 point cloud...
  H0 features: 1055
  H1 features: 434
Computing persistence on full 392 point cloud...
  H0 features: 392
  H1 features: 106
Computing persistence on full 177 point cloud...
  H0 features: 177
  H1 features: 32
Computing persistence on full 304 point cloud...
  H0 features: 304
  H1 features: 55
Point cloud optimization: 926 -> 500
Computing persistence on full 713 point cloud...
  H0 features: 713
  H1 features: 265
Analyzing persistence diagram ranges...
Found 32 valid diagrams with 9724 total finite features
Actual persistence ranges:
  Birth times: 0.0000 - 0.9978
  Lifespans: 0.0000 - 0.9758
Adjusted persistence image parameters:
  birth_range: (0.0000, 1.0975)
  pers_range: (0.0010, 1.0734)
PersistenceImager config: pixel_size=0.0077, sigma=0.0130

Persistence image conversion results:
  Successful: 16/16
  Success rate: 100.0%
Processing batch 42: samples 657-672
Point cloud optimization: 594 -> 500
Computing persistence on full 527 point cloud...
  H0 features: 527
  H1 features: 294
Computing persistence on full 465 point cloud...
  H0 features: 465
  H1 features: 293
Point cloud optimization: 1044 -> 500
Computing persistence on full 796 point cloud...
  H0 features: 796
  H1 features: 549
Point cloud optimization: 689 -> 500
Computing persistence on full 552 point cloud...
  H0 features: 552
  H1 features: 294
Point cloud optimization: 1102 -> 500
Computing persistence on full 834 point cloud...
  H0 features: 834
  H1 features: 413
Computing persistence on full 265 point cloud...
  H0 features: 265
  H1 features: 54
Point cloud optimization: 629 -> 500
Computing persistence on full 536 point cloud...
  H0 features: 536
  H1 features: 245
Computing persistence on full 363 point cloud...
  H0 features: 363
  H1 features: 149
Point cloud optimization: 2291 -> 500
Computing persistence on full 1697 point cloud...
  H0 features: 1697
  H1 features: 1093
Computing persistence on full 344 point cloud...
  H0 features: 344
  H1 features: 119
Point cloud optimization: 1010 -> 500
Computing persistence on full 756 point cloud...
  H0 features: 756
  H1 features: 155
Computing persistence on full 361 point cloud...
  H0 features: 361
  H1 features: 136
Computing persistence on full 362 point cloud...
  H0 features: 362
  H1 features: 110
Point cloud optimization: 537 -> 500
Computing persistence on full 509 point cloud...
  H0 features: 509
  H1 features: 152
Computing persistence on full 272 point cloud...
  H0 features: 272
  H1 features: 119
Point cloud optimization: 668 -> 500
Computing persistence on full 550 point cloud...
  H0 features: 550
  H1 features: 245
Analyzing persistence diagram ranges...
Found 32 valid diagrams with 13593 total finite features
Actual persistence ranges:
  Birth times: 0.0000 - 0.9964
  Lifespans: 0.0000 - 0.9885
Adjusted persistence image parameters:
  birth_range: (0.0000, 1.0960)
  pers_range: (0.0010, 1.0873)
PersistenceImager config: pixel_size=0.0078, sigma=0.0132

Persistence image conversion results:
  Successful: 16/16
  Success rate: 100.0%
Processing batch 43: samples 673-688
Point cloud optimization: 533 -> 500
Computing persistence on full 509 point cloud...
  H0 features: 509
  H1 features: 220
Computing persistence on full 339 point cloud...
  H0 features: 339
  H1 features: 61
Computing persistence on full 466 point cloud...
  H0 features: 466
  H1 features: 166
Computing persistence on full 297 point cloud...
  H0 features: 297
  H1 features: 79
Point cloud optimization: 508 -> 500
Computing persistence on full 501 point cloud...
  H0 features: 501
  H1 features: 254
Computing persistence on full 305 point cloud...
  H0 features: 305
  H1 features: 115
Point cloud optimization: 764 -> 500
Computing persistence on full 599 point cloud...
  H0 features: 599
  H1 features: 326
Computing persistence on full 303 point cloud...
  H0 features: 303
  H1 features: 70
Point cloud optimization: 547 -> 500
Computing persistence on full 511 point cloud...
  H0 features: 511
  H1 features: 196
Point cloud optimization: 513 -> 500
Computing persistence on full 502 point cloud...
  H0 features: 502
  H1 features: 200
Computing persistence on full 237 point cloud...
  H0 features: 237
  H1 features: 64
Point cloud optimization: 758 -> 500
Computing persistence on full 590 point cloud...
  H0 features: 590
  H1 features: 259
Computing persistence on full 483 point cloud...
  H0 features: 483
  H1 features: 169
Computing persistence on full 221 point cloud...
  H0 features: 221
  H1 features: 48
Point cloud optimization: 509 -> 500
Computing persistence on full 502 point cloud...
  H0 features: 502
  H1 features: 278
Point cloud optimization: 937 -> 500
Computing persistence on full 713 point cloud...
  H0 features: 713
  H1 features: 201
Analyzing persistence diagram ranges...
Found 32 valid diagrams with 9768 total finite features
Actual persistence ranges:
  Birth times: 0.0000 - 0.9980
  Lifespans: 0.0000 - 0.9849
Adjusted persistence image parameters:
  birth_range: (0.0000, 1.0978)
  pers_range: (0.0010, 1.0834)
PersistenceImager config: pixel_size=0.0078, sigma=0.0131

Persistence image conversion results:
  Successful: 16/16
  Success rate: 100.0%
Processing batch 44: samples 689-704
Point cloud optimization: 943 -> 500
Computing persistence on full 725 point cloud...
  H0 features: 725
  H1 features: 170
Computing persistence on full 399 point cloud...
  H0 features: 399
  H1 features: 209
Point cloud optimization: 586 -> 500
Computing persistence on full 521 point cloud...
  H0 features: 521
  H1 features: 162
Point cloud optimization: 918 -> 500
Computing persistence on full 697 point cloud...
  H0 features: 697
  H1 features: 194
Computing persistence on full 222 point cloud...
  H0 features: 222
  H1 features: 91
Computing persistence on full 367 point cloud...
  H0 features: 367
  H1 features: 137
Computing persistence on full 255 point cloud...
  H0 features: 255
  H1 features: 109
Computing persistence on full 249 point cloud...
  H0 features: 249
  H1 features: 109
Computing persistence on full 320 point cloud...
  H0 features: 320
  H1 features: 116
Computing persistence on full 314 point cloud...
  H0 features: 314
  H1 features: 115
Computing persistence on full 242 point cloud...
  H0 features: 242
  H1 features: 70
Computing persistence on full 334 point cloud...
  H0 features: 334
  H1 features: 90
Point cloud optimization: 884 -> 500
Computing persistence on full 675 point cloud...
  H0 features: 675
  H1 features: 389
Computing persistence on full 282 point cloud...
  H0 features: 282
  H1 features: 109
Computing persistence on full 301 point cloud...
  H0 features: 301
  H1 features: 113
Computing persistence on full 241 point cloud...
  H0 features: 241
  H1 features: 63
Analyzing persistence diagram ranges...
Found 32 valid diagrams with 8374 total finite features
Actual persistence ranges:
  Birth times: 0.0000 - 0.9954
  Lifespans: 0.0000 - 0.9874
Adjusted persistence image parameters:
  birth_range: (0.0000, 1.0949)
  pers_range: (0.0010, 1.0862)
PersistenceImager config: pixel_size=0.0078, sigma=0.0131

Persistence image conversion results:
  Successful: 16/16
  Success rate: 100.0%
Processing batch 45: samples 705-720
Computing persistence on full 447 point cloud...
  H0 features: 447
  H1 features: 93
Point cloud optimization: 684 -> 500
Computing persistence on full 536 point cloud...
  H0 features: 536
  H1 features: 138
Computing persistence on full 333 point cloud...
  H0 features: 333
  H1 features: 175
Point cloud optimization: 503 -> 500
Computing persistence on full 500 point cloud...
  H0 features: 500
  H1 features: 219
Point cloud optimization: 1087 -> 500
Computing persistence on full 829 point cloud...
  H0 features: 829
  H1 features: 331
Computing persistence on full 498 point cloud...
  H0 features: 498
  H1 features: 180
Point cloud optimization: 630 -> 500
Computing persistence on full 535 point cloud...
  H0 features: 535
  H1 features: 165
Computing persistence on full 497 point cloud...
  H0 features: 497
  H1 features: 253
Computing persistence on full 301 point cloud...
  H0 features: 301
  H1 features: 97
Computing persistence on full 427 point cloud...
  H0 features: 427
  H1 features: 157
Computing persistence on full 398 point cloud...
  H0 features: 398
  H1 features: 238
Computing persistence on full 406 point cloud...
  H0 features: 406
  H1 features: 135
Point cloud optimization: 969 -> 500
Computing persistence on full 734 point cloud...
  H0 features: 734
  H1 features: 290
Computing persistence on full 250 point cloud...
  H0 features: 250
  H1 features: 75
Computing persistence on full 421 point cloud...
  H0 features: 421
  H1 features: 127
Computing persistence on full 378 point cloud...
  H0 features: 378
  H1 features: 170
Analyzing persistence diagram ranges...
Found 32 valid diagrams with 10317 total finite features
Actual persistence ranges:
  Birth times: 0.0000 - 0.9961
  Lifespans: 0.0000 - 0.9839
Adjusted persistence image parameters:
  birth_range: (0.0000, 1.0957)
  pers_range: (0.0010, 1.0823)
PersistenceImager config: pixel_size=0.0078, sigma=0.0131

Persistence image conversion results:
  Successful: 16/16
  Success rate: 100.0%
Processing batch 46: samples 721-736
Point cloud optimization: 1106 -> 500
Computing persistence on full 869 point cloud...
  H0 features: 869
  H1 features: 260
Computing persistence on full 164 point cloud...
  H0 features: 164
  H1 features: 32
Computing persistence on full 367 point cloud...
  H0 features: 367
  H1 features: 167
Point cloud optimization: 630 -> 500
Computing persistence on full 537 point cloud...
  H0 features: 537
  H1 features: 312
Computing persistence on full 398 point cloud...
  H0 features: 398
  H1 features: 96
Point cloud optimization: 1106 -> 500
Computing persistence on full 852 point cloud...
  H0 features: 852
  H1 features: 457
Point cloud optimization: 1005 -> 500
Computing persistence on full 759 point cloud...
  H0 features: 759
  H1 features: 433
Computing persistence on full 291 point cloud...
  H0 features: 291
  H1 features: 92
Computing persistence on full 233 point cloud...
  H0 features: 233
  H1 features: 78
Computing persistence on full 317 point cloud...
  H0 features: 317
  H1 features: 99
Computing persistence on full 259 point cloud...
  H0 features: 259
  H1 features: 80
Computing persistence on full 283 point cloud...
  H0 features: 283
  H1 features: 60
Computing persistence on full 352 point cloud...
  H0 features: 352
  H1 features: 168
Point cloud optimization: 650 -> 500
Computing persistence on full 542 point cloud...
  H0 features: 542
  H1 features: 247
Computing persistence on full 368 point cloud...
  H0 features: 368
  H1 features: 146
Computing persistence on full 203 point cloud...
  H0 features: 203
  H1 features: 51
Analyzing persistence diagram ranges...
Found 32 valid diagrams with 9556 total finite features
Actual persistence ranges:
  Birth times: 0.0000 - 0.9962
  Lifespans: 0.0000 - 0.9959
Adjusted persistence image parameters:
  birth_range: (0.0000, 1.0959)
  pers_range: (0.0010, 1.0955)
PersistenceImager config: pixel_size=0.0079, sigma=0.0133

Persistence image conversion results:
  Successful: 16/16
  Success rate: 100.0%
Processing batch 47: samples 737-752
Computing persistence on full 370 point cloud...
  H0 features: 370
  H1 features: 166
Computing persistence on full 438 point cloud...
  H0 features: 438
  H1 features: 343
Computing persistence on full 396 point cloud...
  H0 features: 396
  H1 features: 161
Point cloud optimization: 655 -> 500
Computing persistence on full 544 point cloud...
  H0 features: 544
  H1 features: 192
Computing persistence on full 485 point cloud...
  H0 features: 485
  H1 features: 201
Point cloud optimization: 537 -> 500
Computing persistence on full 510 point cloud...
  H0 features: 510
  H1 features: 240
Computing persistence on full 298 point cloud...
  H0 features: 298
  H1 features: 124
Computing persistence on full 331 point cloud...
  H0 features: 331
  H1 features: 105
Computing persistence on full 392 point cloud...
  H0 features: 392
  H1 features: 174
Computing persistence on full 450 point cloud...
  H0 features: 450
  H1 features: 197
Computing persistence on full 445 point cloud...
  H0 features: 445
  H1 features: 245
Point cloud optimization: 502 -> 500
Computing persistence on full 500 point cloud...
  H0 features: 500
  H1 features: 104
Computing persistence on full 401 point cloud...
  H0 features: 401
  H1 features: 122
Computing persistence on full 360 point cloud...
  H0 features: 360
  H1 features: 95
Computing persistence on full 241 point cloud...
  H0 features: 241
  H1 features: 86
Point cloud optimization: 893 -> 500
Computing persistence on full 691 point cloud...
  H0 features: 691
  H1 features: 212
Analyzing persistence diagram ranges...
Found 32 valid diagrams with 9603 total finite features
Actual persistence ranges:
  Birth times: 0.0000 - 0.9970
  Lifespans: 0.0000 - 0.9884
Adjusted persistence image parameters:
  birth_range: (0.0000, 1.0967)
  pers_range: (0.0010, 1.0873)
PersistenceImager config: pixel_size=0.0078, sigma=0.0132

Persistence image conversion results:
  Successful: 16/16
  Success rate: 100.0%
Processing batch 48: samples 753-768
Computing persistence on full 246 point cloud...
  H0 features: 246
  H1 features: 55
Point cloud optimization: 609 -> 500
Computing persistence on full 531 point cloud...
  H0 features: 531
  H1 features: 260
Point cloud optimization: 1124 -> 500
Computing persistence on full 843 point cloud...
  H0 features: 843
  H1 features: 336
Computing persistence on full 311 point cloud...
  H0 features: 311
  H1 features: 116
Computing persistence on full 313 point cloud...
  H0 features: 313
  H1 features: 139
Point cloud optimization: 640 -> 500
Computing persistence on full 538 point cloud...
  H0 features: 538
  H1 features: 176
Computing persistence on full 459 point cloud...
  H0 features: 459
  H1 features: 130
Computing persistence on full 300 point cloud...
  H0 features: 300
  H1 features: 105
Point cloud optimization: 571 -> 500
Computing persistence on full 517 point cloud...
  H0 features: 517
  H1 features: 159
Computing persistence on full 368 point cloud...
  H0 features: 368
  H1 features: 134
Point cloud optimization: 804 -> 500
Computing persistence on full 609 point cloud...
  H0 features: 609
  H1 features: 452
Computing persistence on full 355 point cloud...
  H0 features: 355
  H1 features: 85
Point cloud optimization: 562 -> 500
Computing persistence on full 518 point cloud...
  H0 features: 518
  H1 features: 270
Point cloud optimization: 568 -> 500
Computing persistence on full 517 point cloud...
  H0 features: 517
  H1 features: 320
Computing persistence on full 297 point cloud...
  H0 features: 297
  H1 features: 58
Computing persistence on full 361 point cloud...
  H0 features: 361
  H1 features: 82
Analyzing persistence diagram ranges...
Found 32 valid diagrams with 9944 total finite features
Actual persistence ranges:
  Birth times: 0.0000 - 0.9999
  Lifespans: 0.0000 - 0.9841
Adjusted persistence image parameters:
  birth_range: (0.0000, 1.0999)
  pers_range: (0.0010, 1.0825)
PersistenceImager config: pixel_size=0.0078, sigma=0.0131

Persistence image conversion results:
  Successful: 16/16
  Success rate: 100.0%
Processing batch 49: samples 769-784
Point cloud optimization: 536 -> 500
Computing persistence on full 512 point cloud...
  H0 features: 512
  H1 features: 180
Point cloud optimization: 604 -> 500
Computing persistence on full 522 point cloud...
  H0 features: 522
  H1 features: 194
Computing persistence on full 384 point cloud...
  H0 features: 384
  H1 features: 137
Point cloud optimization: 609 -> 500
Computing persistence on full 524 point cloud...
  H0 features: 524
  H1 features: 138
Computing persistence on full 470 point cloud...
  H0 features: 470
  H1 features: 256
Computing persistence on full 360 point cloud...
  H0 features: 360
  H1 features: 109
Computing persistence on full 477 point cloud...
  H0 features: 477
  H1 features: 242
Point cloud optimization: 507 -> 500
Computing persistence on full 500 point cloud...
  H0 features: 500
  H1 features: 283
Point cloud optimization: 613 -> 500
Computing persistence on full 528 point cloud...
  H0 features: 528
  H1 features: 175
Point cloud optimization: 585 -> 500
Computing persistence on full 524 point cloud...
  H0 features: 524
  H1 features: 182
Computing persistence on full 456 point cloud...
  H0 features: 456
  H1 features: 78
Point cloud optimization: 690 -> 500
Computing persistence on full 547 point cloud...
  H0 features: 547
  H1 features: 199
Computing persistence on full 293 point cloud...
  H0 features: 293
  H1 features: 127
Point cloud optimization: 868 -> 500
Computing persistence on full 668 point cloud...
  H0 features: 668
  H1 features: 270
Point cloud optimization: 960 -> 500
Computing persistence on full 764 point cloud...
  H0 features: 764
  H1 features: 271
Computing persistence on full 498 point cloud...
  H0 features: 498
  H1 features: 220
Analyzing persistence diagram ranges...
Found 32 valid diagrams with 11072 total finite features
Actual persistence ranges:
  Birth times: 0.0000 - 0.9960
  Lifespans: 0.0000 - 0.9842
Adjusted persistence image parameters:
  birth_range: (0.0000, 1.0956)
  pers_range: (0.0010, 1.0826)
PersistenceImager config: pixel_size=0.0078, sigma=0.0131

Persistence image conversion results:
  Successful: 16/16
  Success rate: 100.0%
Processing batch 50: samples 785-800
Computing persistence on full 464 point cloud...
  H0 features: 464
  H1 features: 180
Point cloud optimization: 787 -> 500
Computing persistence on full 607 point cloud...
  H0 features: 607
  H1 features: 218
Computing persistence on full 353 point cloud...
  H0 features: 353
  H1 features: 112
Point cloud optimization: 544 -> 500
Computing persistence on full 511 point cloud...
  H0 features: 511
  H1 features: 112
Computing persistence on full 223 point cloud...
  H0 features: 223
  H1 features: 60
Computing persistence on full 359 point cloud...
  H0 features: 359
  H1 features: 136
Point cloud optimization: 805 -> 500
Computing persistence on full 624 point cloud...
  H0 features: 624
  H1 features: 295
Computing persistence on full 485 point cloud...
  H0 features: 485
  H1 features: 133
Computing persistence on full 342 point cloud...
  H0 features: 342
  H1 features: 115
Computing persistence on full 321 point cloud...
  H0 features: 321
  H1 features: 86
Computing persistence on full 354 point cloud...
  H0 features: 354
  H1 features: 122
Computing persistence on full 281 point cloud...
  H0 features: 281
  H1 features: 86
Point cloud optimization: 1023 -> 500
Computing persistence on full 778 point cloud...
  H0 features: 778
  H1 features: 586
Computing persistence on full 248 point cloud...
  H0 features: 248
  H1 features: 67
Point cloud optimization: 821 -> 500
Computing persistence on full 630 point cloud...
  H0 features: 630
  H1 features: 242
Point cloud optimization: 576 -> 500
Computing persistence on full 516 point cloud...
  H0 features: 516
  H1 features: 142
Analyzing persistence diagram ranges...
Found 32 valid diagrams with 9772 total finite features
Actual persistence ranges:
  Birth times: 0.0000 - 0.9980
  Lifespans: 0.0000 - 0.9906
Adjusted persistence image parameters:
  birth_range: (0.0000, 1.0978)
  pers_range: (0.0010, 1.0896)
PersistenceImager config: pixel_size=0.0078, sigma=0.0132

Persistence image conversion results:
  Successful: 16/16
  Success rate: 100.0%
  Progress: 800/1599 (50.0%) Rate: 2.1 samples/sec, ETA: 0.1h
Processing batch 51: samples 801-816
Computing persistence on full 295 point cloud...
  H0 features: 295
  H1 features: 93
Computing persistence on full 166 point cloud...
  H0 features: 166
  H1 features: 36
Computing persistence on full 357 point cloud...
  H0 features: 357
  H1 features: 139
Point cloud optimization: 631 -> 500
Computing persistence on full 538 point cloud...
  H0 features: 538
  H1 features: 211
Point cloud optimization: 769 -> 500
Computing persistence on full 592 point cloud...
  H0 features: 592
  H1 features: 404
Point cloud optimization: 918 -> 500
Computing persistence on full 708 point cloud...
  H0 features: 708
  H1 features: 205
Point cloud optimization: 501 -> 500
Computing persistence on full 500 point cloud...
  H0 features: 500
  H1 features: 121
Computing persistence on full 346 point cloud...
  H0 features: 346
  H1 features: 128
Computing persistence on full 401 point cloud...
  H0 features: 401
  H1 features: 202
Point cloud optimization: 544 -> 500
Computing persistence on full 509 point cloud...
  H0 features: 509
  H1 features: 196
Point cloud optimization: 582 -> 500
Computing persistence on full 526 point cloud...
  H0 features: 526
  H1 features: 210
Computing persistence on full 378 point cloud...
  H0 features: 378
  H1 features: 162
Point cloud optimization: 643 -> 500
Computing persistence on full 537 point cloud...
  H0 features: 537
  H1 features: 221
Point cloud optimization: 589 -> 500
Computing persistence on full 520 point cloud...
  H0 features: 520
  H1 features: 113
Computing persistence on full 367 point cloud...
  H0 features: 367
  H1 features: 151
Point cloud optimization: 538 -> 500
Computing persistence on full 509 point cloud...
  H0 features: 509
  H1 features: 140
Analyzing persistence diagram ranges...
Found 32 valid diagrams with 9965 total finite features
Actual persistence ranges:
  Birth times: 0.0000 - 1.0021
  Lifespans: 0.0000 - 0.9909
Adjusted persistence image parameters:
  birth_range: (0.0000, 1.1023)
  pers_range: (0.0010, 1.0900)
PersistenceImager config: pixel_size=0.0078, sigma=0.0132

Persistence image conversion results:
  Successful: 16/16
  Success rate: 100.0%
Processing batch 52: samples 817-832
Point cloud optimization: 955 -> 500
Computing persistence on full 726 point cloud...
  H0 features: 726
  H1 features: 496
Computing persistence on full 281 point cloud...
  H0 features: 281
  H1 features: 117
Computing persistence on full 214 point cloud...
  H0 features: 214
  H1 features: 47
Computing persistence on full 213 point cloud...
  H0 features: 213
  H1 features: 58
Computing persistence on full 237 point cloud...
  H0 features: 237
  H1 features: 77
Computing persistence on full 322 point cloud...
  H0 features: 322
  H1 features: 100
Computing persistence on full 299 point cloud...
  H0 features: 299
  H1 features: 106
Point cloud optimization: 528 -> 500
Computing persistence on full 506 point cloud...
  H0 features: 506
  H1 features: 295
Computing persistence on full 435 point cloud...
  H0 features: 435
  H1 features: 131
Point cloud optimization: 1240 -> 500
Computing persistence on full 958 point cloud...
  H0 features: 958
  H1 features: 280
Point cloud optimization: 1145 -> 500
Computing persistence on full 875 point cloud...
  H0 features: 875
  H1 features: 288
Point cloud optimization: 957 -> 500
Computing persistence on full 740 point cloud...
  H0 features: 740
  H1 features: 436
Computing persistence on full 364 point cloud...
  H0 features: 364
  H1 features: 133
Computing persistence on full 358 point cloud...
  H0 features: 358
  H1 features: 151
Point cloud optimization: 514 -> 500
Computing persistence on full 502 point cloud...
  H0 features: 502
  H1 features: 341
Point cloud optimization: 1462 -> 500
Computing persistence on full 1114 point cloud...
  H0 features: 1114
  H1 features: 404
Analyzing persistence diagram ranges...
Found 32 valid diagrams with 11588 total finite features
Actual persistence ranges:
  Birth times: 0.0000 - 0.9941
  Lifespans: 0.0000 - 0.9855
Adjusted persistence image parameters:
  birth_range: (0.0000, 1.0935)
  pers_range: (0.0010, 1.0840)
PersistenceImager config: pixel_size=0.0078, sigma=0.0131

Persistence image conversion results:
  Successful: 16/16
  Success rate: 100.0%
Processing batch 53: samples 833-848
Point cloud optimization: 1085 -> 500
Computing persistence on full 828 point cloud...
  H0 features: 828
  H1 features: 275
Computing persistence on full 465 point cloud...
  H0 features: 465
  H1 features: 323
Computing persistence on full 479 point cloud...
  H0 features: 479
  H1 features: 219
Point cloud optimization: 535 -> 500
Computing persistence on full 508 point cloud...
  H0 features: 508
  H1 features: 247
Computing persistence on full 175 point cloud...
  H0 features: 175
  H1 features: 49
Point cloud optimization: 603 -> 500
Computing persistence on full 527 point cloud...
  H0 features: 527
  H1 features: 300
Point cloud optimization: 560 -> 500
Computing persistence on full 517 point cloud...
  H0 features: 517
  H1 features: 218
Point cloud optimization: 663 -> 500
Computing persistence on full 549 point cloud...
  H0 features: 549
  H1 features: 219
Computing persistence on full 417 point cloud...
  H0 features: 417
  H1 features: 151
Point cloud optimization: 842 -> 500
Computing persistence on full 644 point cloud...
  H0 features: 644
  H1 features: 193
Computing persistence on full 381 point cloud...
  H0 features: 381
  H1 features: 159
Point cloud optimization: 622 -> 500
Computing persistence on full 533 point cloud...
  H0 features: 533
  H1 features: 283
Point cloud optimization: 558 -> 500
Computing persistence on full 520 point cloud...
  H0 features: 520
  H1 features: 183
Computing persistence on full 429 point cloud...
  H0 features: 429
  H1 features: 121
Computing persistence on full 280 point cloud...
  H0 features: 280
  H1 features: 54
Point cloud optimization: 517 -> 500
Computing persistence on full 503 point cloud...
  H0 features: 503
  H1 features: 211
Analyzing persistence diagram ranges...
Found 32 valid diagrams with 10944 total finite features
Actual persistence ranges:
  Birth times: 0.0000 - 0.9984
  Lifespans: 0.0000 - 0.9871
Adjusted persistence image parameters:
  birth_range: (0.0000, 1.0982)
  pers_range: (0.0010, 1.0858)
PersistenceImager config: pixel_size=0.0078, sigma=0.0131

Persistence image conversion results:
  Successful: 16/16
  Success rate: 100.0%
Processing batch 54: samples 849-864
Computing persistence on full 340 point cloud...
  H0 features: 340
  H1 features: 117
Point cloud optimization: 602 -> 500
Computing persistence on full 524 point cloud...
  H0 features: 524
  H1 features: 193
Point cloud optimization: 535 -> 500
Computing persistence on full 511 point cloud...
  H0 features: 511
  H1 features: 205
Point cloud optimization: 516 -> 500
Computing persistence on full 504 point cloud...
  H0 features: 504
  H1 features: 180
Computing persistence on full 279 point cloud...
  H0 features: 279
  H1 features: 117
Computing persistence on full 399 point cloud...
  H0 features: 399
  H1 features: 162
Computing persistence on full 476 point cloud...
  H0 features: 476
  H1 features: 295
Computing persistence on full 399 point cloud...
  H0 features: 399
  H1 features: 111
Computing persistence on full 441 point cloud...
  H0 features: 441
  H1 features: 155
Computing persistence on full 333 point cloud...
  H0 features: 333
  H1 features: 113
Point cloud optimization: 800 -> 500
Computing persistence on full 614 point cloud...
  H0 features: 614
  H1 features: 254
Point cloud optimization: 686 -> 500
Computing persistence on full 551 point cloud...
  H0 features: 551
  H1 features: 311
Computing persistence on full 373 point cloud...
  H0 features: 373
  H1 features: 73
Point cloud optimization: 600 -> 500
Computing persistence on full 526 point cloud...
  H0 features: 526
  H1 features: 336
Computing persistence on full 390 point cloud...
  H0 features: 390
  H1 features: 127
Point cloud optimization: 782 -> 500
Computing persistence on full 609 point cloud...
  H0 features: 609
  H1 features: 200
Analyzing persistence diagram ranges...
Found 32 valid diagrams with 10202 total finite features
Actual persistence ranges:
  Birth times: 0.0000 - 0.9956
  Lifespans: 0.0000 - 0.9815
Adjusted persistence image parameters:
  birth_range: (0.0000, 1.0952)
  pers_range: (0.0010, 1.0797)
PersistenceImager config: pixel_size=0.0078, sigma=0.0131

Persistence image conversion results:
  Successful: 16/16
  Success rate: 100.0%
Processing batch 55: samples 865-880
Computing persistence on full 186 point cloud...
  H0 features: 186
  H1 features: 39
Point cloud optimization: 557 -> 500
Computing persistence on full 518 point cloud...
  H0 features: 518
  H1 features: 213
Point cloud optimization: 723 -> 500
Computing persistence on full 575 point cloud...
  H0 features: 575
  H1 features: 272
Computing persistence on full 457 point cloud...
  H0 features: 457
  H1 features: 253
Computing persistence on full 192 point cloud...
  H0 features: 192
  H1 features: 50
Computing persistence on full 269 point cloud...
  H0 features: 269
  H1 features: 91
Computing persistence on full 224 point cloud...
  H0 features: 224
  H1 features: 52
Point cloud optimization: 507 -> 500
Computing persistence on full 500 point cloud...
  H0 features: 500
  H1 features: 225
Computing persistence on full 273 point cloud...
  H0 features: 273
  H1 features: 118
Computing persistence on full 309 point cloud...
  H0 features: 309
  H1 features: 106
Point cloud optimization: 844 -> 500
Computing persistence on full 664 point cloud...
  H0 features: 664
  H1 features: 146
Point cloud optimization: 1620 -> 500
Computing persistence on full 1236 point cloud...
  H0 features: 1236
  H1 features: 356
Computing persistence on full 390 point cloud...
  H0 features: 390
  H1 features: 215
Computing persistence on full 326 point cloud...
  H0 features: 326
  H1 features: 177
Point cloud optimization: 559 -> 500
Computing persistence on full 516 point cloud...
  H0 features: 516
  H1 features: 243
Computing persistence on full 242 point cloud...
  H0 features: 242
  H1 features: 50
Analyzing persistence diagram ranges...
Found 32 valid diagrams with 9467 total finite features
Actual persistence ranges:
  Birth times: 0.0000 - 0.9959
  Lifespans: 0.0000 - 0.9935
Adjusted persistence image parameters:
  birth_range: (0.0000, 1.0955)
  pers_range: (0.0010, 1.0929)
PersistenceImager config: pixel_size=0.0079, sigma=0.0132

Persistence image conversion results:
  Successful: 16/16
  Success rate: 100.0%
Processing batch 56: samples 881-896
Computing persistence on full 468 point cloud...
  H0 features: 468
  H1 features: 241
Computing persistence on full 310 point cloud...
  H0 features: 310
  H1 features: 84
Point cloud optimization: 939 -> 500
Computing persistence on full 727 point cloud...
  H0 features: 727
  H1 features: 403
Computing persistence on full 474 point cloud...
  H0 features: 474
  H1 features: 206
Point cloud optimization: 524 -> 500
Computing persistence on full 505 point cloud...
  H0 features: 505
  H1 features: 169
Point cloud optimization: 615 -> 500
Computing persistence on full 533 point cloud...
  H0 features: 533
  H1 features: 187
Computing persistence on full 283 point cloud...
  H0 features: 283
  H1 features: 94
Point cloud optimization: 653 -> 500
Computing persistence on full 539 point cloud...
  H0 features: 539
  H1 features: 159
Computing persistence on full 396 point cloud...
  H0 features: 396
  H1 features: 114
Computing persistence on full 463 point cloud...
  H0 features: 463
  H1 features: 184
Computing persistence on full 294 point cloud...
  H0 features: 294
  H1 features: 115
Computing persistence on full 413 point cloud...
  H0 features: 413
  H1 features: 99
Computing persistence on full 460 point cloud...
  H0 features: 460
  H1 features: 329
Point cloud optimization: 986 -> 500
Computing persistence on full 759 point cloud...
  H0 features: 759
  H1 features: 204
Point cloud optimization: 2224 -> 500
Computing persistence on full 1649 point cloud...
  H0 features: 1649
  H1 features: 439
Point cloud optimization: 723 -> 500
Computing persistence on full 567 point cloud...
  H0 features: 567
  H1 features: 127
Analyzing persistence diagram ranges...
Found 32 valid diagrams with 11978 total finite features
Actual persistence ranges:
  Birth times: 0.0000 - 0.9950
  Lifespans: 0.0000 - 0.9848
Adjusted persistence image parameters:
  birth_range: (0.0000, 1.0945)
  pers_range: (0.0010, 1.0833)
PersistenceImager config: pixel_size=0.0078, sigma=0.0131

Persistence image conversion results:
  Successful: 16/16
  Success rate: 100.0%
Processing batch 57: samples 897-912
Computing persistence on full 256 point cloud...
  H0 features: 256
  H1 features: 69
Computing persistence on full 263 point cloud...
  H0 features: 263
  H1 features: 97
Computing persistence on full 208 point cloud...
  H0 features: 208
  H1 features: 65
Computing persistence on full 409 point cloud...
  H0 features: 409
  H1 features: 82
Point cloud optimization: 608 -> 500
Computing persistence on full 527 point cloud...
  H0 features: 527
  H1 features: 156
Point cloud optimization: 652 -> 500
Computing persistence on full 542 point cloud...
  H0 features: 542
  H1 features: 294
Computing persistence on full 226 point cloud...
  H0 features: 226
  H1 features: 41
Computing persistence on full 425 point cloud...
  H0 features: 425
  H1 features: 124
Point cloud optimization: 509 -> 500
Computing persistence on full 501 point cloud...
  H0 features: 501
  H1 features: 218
Computing persistence on full 270 point cloud...
  H0 features: 270
  H1 features: 81
Point cloud optimization: 756 -> 500
Computing persistence on full 593 point cloud...
  H0 features: 593
  H1 features: 358
Computing persistence on full 406 point cloud...
  H0 features: 406
  H1 features: 170
Point cloud optimization: 992 -> 500
Computing persistence on full 750 point cloud...
  H0 features: 750
  H1 features: 170
Point cloud optimization: 655 -> 500
Computing persistence on full 535 point cloud...
  H0 features: 535
  H1 features: 118
Computing persistence on full 246 point cloud...
  H0 features: 246
  H1 features: 60
Computing persistence on full 241 point cloud...
  H0 features: 241
  H1 features: 59
Analyzing persistence diagram ranges...
Found 32 valid diagrams with 8544 total finite features
Actual persistence ranges:
  Birth times: 0.0000 - 0.9953
  Lifespans: 0.0000 - 0.9863
Adjusted persistence image parameters:
  birth_range: (0.0000, 1.0948)
  pers_range: (0.0010, 1.0850)
PersistenceImager config: pixel_size=0.0078, sigma=0.0131

Persistence image conversion results:
  Successful: 16/16
  Success rate: 100.0%
Processing batch 58: samples 913-928
Computing persistence on full 459 point cloud...
  H0 features: 459
  H1 features: 153
Point cloud optimization: 794 -> 500
Computing persistence on full 621 point cloud...
  H0 features: 621
  H1 features: 214
Point cloud optimization: 544 -> 500
Computing persistence on full 510 point cloud...
  H0 features: 510
  H1 features: 364
Point cloud optimization: 560 -> 500
Computing persistence on full 517 point cloud...
  H0 features: 517
  H1 features: 239
Computing persistence on full 147 point cloud...
  H0 features: 147
  H1 features: 21
Point cloud optimization: 663 -> 500
Computing persistence on full 546 point cloud...
  H0 features: 546
  H1 features: 161
Computing persistence on full 348 point cloud...
  H0 features: 348
  H1 features: 126
Computing persistence on full 214 point cloud...
  H0 features: 214
  H1 features: 77
Point cloud optimization: 714 -> 500
Computing persistence on full 564 point cloud...
  H0 features: 564
  H1 features: 134
Point cloud optimization: 749 -> 500
Computing persistence on full 590 point cloud...
  H0 features: 590
  H1 features: 277
Computing persistence on full 347 point cloud...
  H0 features: 347
  H1 features: 124
Point cloud optimization: 896 -> 500
Computing persistence on full 687 point cloud...
  H0 features: 687
  H1 features: 468
Computing persistence on full 423 point cloud...
  H0 features: 423
  H1 features: 124
Point cloud optimization: 973 -> 500
Computing persistence on full 749 point cloud...
  H0 features: 749
  H1 features: 316
Computing persistence on full 475 point cloud...
  H0 features: 475
  H1 features: 184
Computing persistence on full 190 point cloud...
  H0 features: 190
  H1 features: 41
Analyzing persistence diagram ranges...
Found 32 valid diagrams with 10394 total finite features
Actual persistence ranges:
  Birth times: 0.0000 - 0.9937
  Lifespans: 0.0000 - 0.9901
Adjusted persistence image parameters:
  birth_range: (0.0000, 1.0930)
  pers_range: (0.0010, 1.0891)
PersistenceImager config: pixel_size=0.0078, sigma=0.0132

Persistence image conversion results:
  Successful: 16/16
  Success rate: 100.0%
Processing batch 59: samples 929-944
Point cloud optimization: 703 -> 500
Computing persistence on full 565 point cloud...
  H0 features: 565
  H1 features: 258
Computing persistence on full 286 point cloud...
  H0 features: 286
  H1 features: 92
Computing persistence on full 372 point cloud...
  H0 features: 372
  H1 features: 61
Point cloud optimization: 780 -> 500
Computing persistence on full 601 point cloud...
  H0 features: 601
  H1 features: 255
Point cloud optimization: 785 -> 500
Computing persistence on full 601 point cloud...
  H0 features: 601
  H1 features: 255
Computing persistence on full 373 point cloud...
  H0 features: 373
  H1 features: 167
Point cloud optimization: 555 -> 500
Computing persistence on full 517 point cloud...
  H0 features: 517
  H1 features: 172
Computing persistence on full 190 point cloud...
  H0 features: 190
  H1 features: 47
Point cloud optimization: 1213 -> 500
Computing persistence on full 928 point cloud...
  H0 features: 928
  H1 features: 267
Computing persistence on full 386 point cloud...
  H0 features: 386
  H1 features: 111
Computing persistence on full 207 point cloud...
  H0 features: 207
  H1 features: 42
Computing persistence on full 433 point cloud...
  H0 features: 433
  H1 features: 109
Computing persistence on full 154 point cloud...
  H0 features: 154
  H1 features: 33
Point cloud optimization: 4553 -> 500
Computing persistence on full 3399 point cloud...
  H0 features: 3399
  H1 features: 1351
Point cloud optimization: 615 -> 500
Computing persistence on full 528 point cloud...
  H0 features: 528
  H1 features: 189
Computing persistence on full 171 point cloud...
  H0 features: 171
  H1 features: 32
Analyzing persistence diagram ranges...
Found 32 valid diagrams with 13136 total finite features
Actual persistence ranges:
  Birth times: 0.0000 - 0.9995
  Lifespans: 0.0000 - 0.9930
Adjusted persistence image parameters:
  birth_range: (0.0000, 1.0995)
  pers_range: (0.0010, 1.0923)
PersistenceImager config: pixel_size=0.0079, sigma=0.0132

Persistence image conversion results:
  Successful: 16/16
  Success rate: 100.0%
Processing batch 60: samples 945-960
Computing persistence on full 324 point cloud...
  H0 features: 324
  H1 features: 75
Point cloud optimization: 633 -> 500
Computing persistence on full 537 point cloud...
  H0 features: 537
  H1 features: 279
Computing persistence on full 175 point cloud...
  H0 features: 175
  H1 features: 37
Computing persistence on full 367 point cloud...
  H0 features: 367
  H1 features: 153
Computing persistence on full 426 point cloud...
  H0 features: 426
  H1 features: 272
Computing persistence on full 435 point cloud...
  H0 features: 435
  H1 features: 186
Point cloud optimization: 630 -> 500
Computing persistence on full 541 point cloud...
  H0 features: 541
  H1 features: 311
Computing persistence on full 417 point cloud...
  H0 features: 417
  H1 features: 161
Point cloud optimization: 736 -> 500
Computing persistence on full 572 point cloud...
  H0 features: 572
  H1 features: 158
Computing persistence on full 310 point cloud...
  H0 features: 310
  H1 features: 125
Computing persistence on full 282 point cloud...
  H0 features: 282
  H1 features: 95
Computing persistence on full 349 point cloud...
  H0 features: 349
  H1 features: 119
Computing persistence on full 299 point cloud...
  H0 features: 299
  H1 features: 81
Point cloud optimization: 546 -> 500
Computing persistence on full 513 point cloud...
  H0 features: 513
  H1 features: 224
Computing persistence on full 387 point cloud...
  H0 features: 387
  H1 features: 152
Computing persistence on full 342 point cloud...
  H0 features: 342
  H1 features: 70
Analyzing persistence diagram ranges...
Found 32 valid diagrams with 8758 total finite features
Actual persistence ranges:
  Birth times: 0.0000 - 0.9995
  Lifespans: 0.0000 - 0.9872
Adjusted persistence image parameters:
  birth_range: (0.0000, 1.0995)
  pers_range: (0.0010, 1.0860)
PersistenceImager config: pixel_size=0.0078, sigma=0.0131

Persistence image conversion results:
  Successful: 16/16
  Success rate: 100.0%
Processing batch 61: samples 961-976
Computing persistence on full 234 point cloud...
  H0 features: 234
  H1 features: 69
Point cloud optimization: 728 -> 500
Computing persistence on full 577 point cloud...
  H0 features: 577
  H1 features: 236
Computing persistence on full 412 point cloud...
  H0 features: 412
  H1 features: 167
Computing persistence on full 387 point cloud...
  H0 features: 387
  H1 features: 92
Computing persistence on full 415 point cloud...
  H0 features: 415
  H1 features: 186
Computing persistence on full 306 point cloud...
  H0 features: 306
  H1 features: 121
Point cloud optimization: 639 -> 500
Computing persistence on full 533 point cloud...
  H0 features: 533
  H1 features: 212
Point cloud optimization: 1456 -> 500
Computing persistence on full 1099 point cloud...
  H0 features: 1099
  H1 features: 624
Point cloud optimization: 563 -> 500
Computing persistence on full 512 point cloud...
  H0 features: 512
  H1 features: 240
Computing persistence on full 301 point cloud...
  H0 features: 301
  H1 features: 142
Point cloud optimization: 770 -> 500
Computing persistence on full 599 point cloud...
  H0 features: 599
  H1 features: 230
Point cloud optimization: 752 -> 500
Computing persistence on full 591 point cloud...
  H0 features: 591
  H1 features: 303
Point cloud optimization: 1159 -> 500
Computing persistence on full 875 point cloud...
  H0 features: 875
  H1 features: 536
Computing persistence on full 330 point cloud...
  H0 features: 330
  H1 features: 126
Point cloud optimization: 852 -> 500
Computing persistence on full 652 point cloud...
  H0 features: 652
  H1 features: 171
Computing persistence on full 397 point cloud...
  H0 features: 397
  H1 features: 108
Analyzing persistence diagram ranges...
Found 32 valid diagrams with 11767 total finite features
Actual persistence ranges:
  Birth times: 0.0000 - 0.9968
  Lifespans: 0.0000 - 0.9819
Adjusted persistence image parameters:
  birth_range: (0.0000, 1.0965)
  pers_range: (0.0010, 1.0801)
PersistenceImager config: pixel_size=0.0078, sigma=0.0131

Persistence image conversion results:
  Successful: 16/16
  Success rate: 100.0%
Processing batch 62: samples 977-992
Point cloud optimization: 649 -> 500
Computing persistence on full 545 point cloud...
  H0 features: 545
  H1 features: 295
Computing persistence on full 257 point cloud...
  H0 features: 257
  H1 features: 115
Point cloud optimization: 620 -> 500
Computing persistence on full 528 point cloud...
  H0 features: 528
  H1 features: 213
Point cloud optimization: 543 -> 500
Computing persistence on full 511 point cloud...
  H0 features: 511
  H1 features: 295
Computing persistence on full 255 point cloud...
  H0 features: 255
  H1 features: 86
Computing persistence on full 315 point cloud...
  H0 features: 315
  H1 features: 59
Computing persistence on full 248 point cloud...
  H0 features: 248
  H1 features: 60
Point cloud optimization: 2322 -> 500
Computing persistence on full 1718 point cloud...
  H0 features: 1718
  H1 features: 730
Computing persistence on full 436 point cloud...
  H0 features: 436
  H1 features: 218
Point cloud optimization: 632 -> 500
Computing persistence on full 534 point cloud...
  H0 features: 534
  H1 features: 183
Computing persistence on full 376 point cloud...
  H0 features: 376
  H1 features: 110
Point cloud optimization: 826 -> 500
Computing persistence on full 624 point cloud...
  H0 features: 624
  H1 features: 452
Computing persistence on full 331 point cloud...
  H0 features: 331
  H1 features: 159
Computing persistence on full 438 point cloud...
  H0 features: 438
  H1 features: 159
Computing persistence on full 243 point cloud...
  H0 features: 243
  H1 features: 61
Point cloud optimization: 615 -> 500
Computing persistence on full 522 point cloud...
  H0 features: 522
  H1 features: 202
Analyzing persistence diagram ranges...
Found 32 valid diagrams with 11262 total finite features
Actual persistence ranges:
  Birth times: 0.0000 - 0.9999
  Lifespans: 0.0000 - 0.9862
Adjusted persistence image parameters:
  birth_range: (0.0000, 1.0999)
  pers_range: (0.0010, 1.0849)
PersistenceImager config: pixel_size=0.0078, sigma=0.0131

Persistence image conversion results:
  Successful: 16/16
  Success rate: 100.0%
Processing batch 63: samples 993-1008
Computing persistence on full 484 point cloud...
  H0 features: 484
  H1 features: 177
Point cloud optimization: 946 -> 500
Computing persistence on full 730 point cloud...
  H0 features: 730
  H1 features: 345
Computing persistence on full 272 point cloud...
  H0 features: 272
  H1 features: 115
Computing persistence on full 462 point cloud...
  H0 features: 462
  H1 features: 127
Computing persistence on full 339 point cloud...
  H0 features: 339
  H1 features: 109
Point cloud optimization: 579 -> 500
Computing persistence on full 516 point cloud...
  H0 features: 516
  H1 features: 217
Point cloud optimization: 512 -> 500
Computing persistence on full 502 point cloud...
  H0 features: 502
  H1 features: 167
Computing persistence on full 417 point cloud...
  H0 features: 417
  H1 features: 125
Point cloud optimization: 885 -> 500
Computing persistence on full 680 point cloud...
  H0 features: 680
  H1 features: 198
Computing persistence on full 284 point cloud...
  H0 features: 284
  H1 features: 98
Computing persistence on full 337 point cloud...
  H0 features: 337
  H1 features: 107
Computing persistence on full 493 point cloud...
  H0 features: 493
  H1 features: 173
Point cloud optimization: 1038 -> 500
Computing persistence on full 787 point cloud...
  H0 features: 787
  H1 features: 348
Computing persistence on full 151 point cloud...
  H0 features: 151
  H1 features: 55
Computing persistence on full 303 point cloud...
  H0 features: 303
  H1 features: 126
Computing persistence on full 313 point cloud...
  H0 features: 313
  H1 features: 132
Analyzing persistence diagram ranges...
Found 32 valid diagrams with 9673 total finite features
Actual persistence ranges:
  Birth times: 0.0000 - 0.9977
  Lifespans: 0.0000 - 0.9814
Adjusted persistence image parameters:
  birth_range: (0.0000, 1.0974)
  pers_range: (0.0010, 1.0796)
PersistenceImager config: pixel_size=0.0078, sigma=0.0131

Persistence image conversion results:
  Successful: 16/16
  Success rate: 100.0%
Processing batch 64: samples 1009-1024
Point cloud optimization: 536 -> 500
Computing persistence on full 508 point cloud...
  H0 features: 508
  H1 features: 221
Computing persistence on full 371 point cloud...
  H0 features: 371
  H1 features: 227
Computing persistence on full 412 point cloud...
  H0 features: 412
  H1 features: 101
Point cloud optimization: 618 -> 500
Computing persistence on full 526 point cloud...
  H0 features: 526
  H1 features: 158
Computing persistence on full 424 point cloud...
  H0 features: 424
  H1 features: 170
Point cloud optimization: 1111 -> 500
Computing persistence on full 853 point cloud...
  H0 features: 853
  H1 features: 223
Point cloud optimization: 784 -> 500
Computing persistence on full 611 point cloud...
  H0 features: 611
  H1 features: 234
Computing persistence on full 480 point cloud...
  H0 features: 480
  H1 features: 189
Computing persistence on full 474 point cloud...
  H0 features: 474
  H1 features: 159
Computing persistence on full 217 point cloud...
  H0 features: 217
  H1 features: 55
Point cloud optimization: 569 -> 500
Computing persistence on full 514 point cloud...
  H0 features: 514
  H1 features: 118
Point cloud optimization: 582 -> 500
Computing persistence on full 520 point cloud...
  H0 features: 520
  H1 features: 175
Computing persistence on full 217 point cloud...
  H0 features: 217
  H1 features: 44
Point cloud optimization: 633 -> 500
Computing persistence on full 530 point cloud...
  H0 features: 530
  H1 features: 156
Computing persistence on full 307 point cloud...
  H0 features: 307
  H1 features: 71
Computing persistence on full 233 point cloud...
  H0 features: 233
  H1 features: 85
Analyzing persistence diagram ranges...
Found 32 valid diagrams with 9567 total finite features
Actual persistence ranges:
  Birth times: 0.0000 - 0.9976
  Lifespans: 0.0000 - 0.9877
Adjusted persistence image parameters:
  birth_range: (0.0000, 1.0974)
  pers_range: (0.0010, 1.0864)
PersistenceImager config: pixel_size=0.0078, sigma=0.0131

Persistence image conversion results:
  Successful: 16/16
  Success rate: 100.0%
Processing batch 65: samples 1025-1040
Computing persistence on full 236 point cloud...
  H0 features: 236
  H1 features: 52
Computing persistence on full 259 point cloud...
  H0 features: 259
  H1 features: 123
Point cloud optimization: 1165 -> 500
Computing persistence on full 900 point cloud...
  H0 features: 900
  H1 features: 271
Point cloud optimization: 518 -> 500
Computing persistence on full 504 point cloud...
  H0 features: 504
  H1 features: 131
Point cloud optimization: 833 -> 500
Computing persistence on full 635 point cloud...
  H0 features: 635
  H1 features: 341
Computing persistence on full 224 point cloud...
  H0 features: 224
  H1 features: 43
Computing persistence on full 199 point cloud...
  H0 features: 199
  H1 features: 39
Point cloud optimization: 626 -> 500
Computing persistence on full 536 point cloud...
  H0 features: 536
  H1 features: 257
Point cloud optimization: 713 -> 500
Computing persistence on full 567 point cloud...
  H0 features: 567
  H1 features: 217
Computing persistence on full 439 point cloud...
  H0 features: 439
  H1 features: 128
Computing persistence on full 460 point cloud...
  H0 features: 460
  H1 features: 251
Computing persistence on full 225 point cloud...
  H0 features: 225
  H1 features: 24
Point cloud optimization: 739 -> 500
Computing persistence on full 586 point cloud...
  H0 features: 586
  H1 features: 160
Computing persistence on full 401 point cloud...
  H0 features: 401
  H1 features: 154
Point cloud optimization: 532 -> 500
Computing persistence on full 507 point cloud...
  H0 features: 507
  H1 features: 94
Computing persistence on full 281 point cloud...
  H0 features: 281
  H1 features: 67
Analyzing persistence diagram ranges...
Found 32 valid diagrams with 9295 total finite features
Actual persistence ranges:
  Birth times: 0.0000 - 0.9992
  Lifespans: 0.0000 - 0.9858
Adjusted persistence image parameters:
  birth_range: (0.0000, 1.0991)
  pers_range: (0.0010, 1.0844)
PersistenceImager config: pixel_size=0.0078, sigma=0.0131

Persistence image conversion results:
  Successful: 16/16
  Success rate: 100.0%
Processing batch 66: samples 1041-1056
Computing persistence on full 202 point cloud...
  H0 features: 202
  H1 features: 47
Computing persistence on full 497 point cloud...
  H0 features: 497
  H1 features: 120
Computing persistence on full 285 point cloud...
  H0 features: 285
  H1 features: 81
Computing persistence on full 495 point cloud...
  H0 features: 495
  H1 features: 125
Point cloud optimization: 502 -> 500
Computing persistence on full 500 point cloud...
  H0 features: 500
  H1 features: 299
Point cloud optimization: 982 -> 500
Computing persistence on full 752 point cloud...
  H0 features: 752
  H1 features: 496
Computing persistence on full 351 point cloud...
  H0 features: 351
  H1 features: 79
Point cloud optimization: 845 -> 500
Computing persistence on full 642 point cloud...
  H0 features: 642
  H1 features: 247
Point cloud optimization: 763 -> 500
Computing persistence on full 603 point cloud...
  H0 features: 603
  H1 features: 172
Point cloud optimization: 1023 -> 500
Computing persistence on full 766 point cloud...
  H0 features: 766
  H1 features: 295
Point cloud optimization: 504 -> 500
Computing persistence on full 500 point cloud...
  H0 features: 500
  H1 features: 100
Point cloud optimization: 995 -> 500
Computing persistence on full 755 point cloud...
  H0 features: 755
  H1 features: 268
Point cloud optimization: 683 -> 500
Computing persistence on full 546 point cloud...
  H0 features: 546
  H1 features: 338
Computing persistence on full 207 point cloud...
  H0 features: 207
  H1 features: 43
Computing persistence on full 386 point cloud...
  H0 features: 386
  H1 features: 71
Point cloud optimization: 515 -> 500
Computing persistence on full 503 point cloud...
  H0 features: 503
  H1 features: 318
Analyzing persistence diagram ranges...
Found 32 valid diagrams with 11073 total finite features
Actual persistence ranges:
  Birth times: 0.0000 - 0.9973
  Lifespans: 0.0000 - 0.9841
Adjusted persistence image parameters:
  birth_range: (0.0000, 1.0971)
  pers_range: (0.0010, 1.0825)
PersistenceImager config: pixel_size=0.0078, sigma=0.0131

Persistence image conversion results:
  Successful: 16/16
  Success rate: 100.0%
Processing batch 67: samples 1057-1072
Point cloud optimization: 751 -> 500
Computing persistence on full 585 point cloud...
  H0 features: 585
  H1 features: 177
Computing persistence on full 336 point cloud...
  H0 features: 336
  H1 features: 91
Point cloud optimization: 519 -> 500
Computing persistence on full 505 point cloud...
  H0 features: 505
  H1 features: 180
Point cloud optimization: 597 -> 500
Computing persistence on full 526 point cloud...
  H0 features: 526
  H1 features: 330
Point cloud optimization: 677 -> 500
Computing persistence on full 551 point cloud...
  H0 features: 551
  H1 features: 204
Computing persistence on full 380 point cloud...
  H0 features: 380
  H1 features: 183
Computing persistence on full 305 point cloud...
  H0 features: 305
  H1 features: 83
Point cloud optimization: 1029 -> 500
Computing persistence on full 777 point cloud...
  H0 features: 777
  H1 features: 232
Computing persistence on full 343 point cloud...
  H0 features: 343
  H1 features: 132
Computing persistence on full 373 point cloud...
  H0 features: 373
  H1 features: 166
Computing persistence on full 386 point cloud...
  H0 features: 386
  H1 features: 61
Computing persistence on full 434 point cloud...
  H0 features: 434
  H1 features: 135
Point cloud optimization: 791 -> 500
Computing persistence on full 615 point cloud...
  H0 features: 615
  H1 features: 265
Point cloud optimization: 688 -> 500
Computing persistence on full 545 point cloud...
  H0 features: 545
  H1 features: 248
Computing persistence on full 198 point cloud...
  H0 features: 198
  H1 features: 46
Computing persistence on full 446 point cloud...
  H0 features: 446
  H1 features: 208
Analyzing persistence diagram ranges...
Found 32 valid diagrams with 10030 total finite features
Actual persistence ranges:
  Birth times: 0.0000 - 0.9960
  Lifespans: 0.0000 - 0.9817
Adjusted persistence image parameters:
  birth_range: (0.0000, 1.0956)
  pers_range: (0.0010, 1.0799)
PersistenceImager config: pixel_size=0.0078, sigma=0.0131

Persistence image conversion results:
  Successful: 16/16
  Success rate: 100.0%
Processing batch 68: samples 1073-1088
Computing persistence on full 194 point cloud...
  H0 features: 194
  H1 features: 31
Computing persistence on full 293 point cloud...
  H0 features: 293
  H1 features: 107
Computing persistence on full 442 point cloud...
  H0 features: 442
  H1 features: 228
Computing persistence on full 468 point cloud...
  H0 features: 468
  H1 features: 186
Point cloud optimization: 602 -> 500
Computing persistence on full 527 point cloud...
  H0 features: 527
  H1 features: 152
Computing persistence on full 329 point cloud...
  H0 features: 329
  H1 features: 162
Computing persistence on full 446 point cloud...
  H0 features: 446
  H1 features: 233
Point cloud optimization: 520 -> 500
Computing persistence on full 505 point cloud...
  H0 features: 505
  H1 features: 193
Computing persistence on full 207 point cloud...
  H0 features: 207
  H1 features: 39
Point cloud optimization: 632 -> 500
Computing persistence on full 542 point cloud...
  H0 features: 542
  H1 features: 178
Point cloud optimization: 773 -> 500
Computing persistence on full 595 point cloud...
  H0 features: 595
  H1 features: 143
Point cloud optimization: 573 -> 500
Computing persistence on full 521 point cloud...
  H0 features: 521
  H1 features: 302
Computing persistence on full 174 point cloud...
  H0 features: 174
  H1 features: 37
Point cloud optimization: 563 -> 500
Computing persistence on full 519 point cloud...
  H0 features: 519
  H1 features: 207
Computing persistence on full 378 point cloud...
  H0 features: 378
  H1 features: 136
Point cloud optimization: 879 -> 500
Computing persistence on full 665 point cloud...
  H0 features: 665
  H1 features: 202
Analyzing persistence diagram ranges...
Found 32 valid diagrams with 9325 total finite features
Actual persistence ranges:
  Birth times: 0.0000 - 0.9983
  Lifespans: 0.0000 - 0.9839
Adjusted persistence image parameters:
  birth_range: (0.0000, 1.0981)
  pers_range: (0.0010, 1.0822)
PersistenceImager config: pixel_size=0.0078, sigma=0.0131

Persistence image conversion results:
  Successful: 16/16
  Success rate: 100.0%
Processing batch 69: samples 1089-1104
Computing persistence on full 420 point cloud...
  H0 features: 420
  H1 features: 143
Computing persistence on full 372 point cloud...
  H0 features: 372
  H1 features: 134
Computing persistence on full 259 point cloud...
  H0 features: 259
  H1 features: 64
Point cloud optimization: 611 -> 500
Computing persistence on full 525 point cloud...
  H0 features: 525
  H1 features: 263
Computing persistence on full 403 point cloud...
  H0 features: 403
  H1 features: 157
Computing persistence on full 390 point cloud...
  H0 features: 390
  H1 features: 156
Computing persistence on full 425 point cloud...
  H0 features: 425
  H1 features: 117
Computing persistence on full 490 point cloud...
  H0 features: 490
  H1 features: 180
Point cloud optimization: 713 -> 500
Computing persistence on full 572 point cloud...
  H0 features: 572
  H1 features: 284
Computing persistence on full 474 point cloud...
  H0 features: 474
  H1 features: 163
Point cloud optimization: 684 -> 500
Computing persistence on full 546 point cloud...
  H0 features: 546
  H1 features: 119
Point cloud optimization: 610 -> 500
Computing persistence on full 531 point cloud...
  H0 features: 531
  H1 features: 245
Computing persistence on full 451 point cloud...
  H0 features: 451
  H1 features: 195
Point cloud optimization: 1523 -> 500
Computing persistence on full 1145 point cloud...
  H0 features: 1145
  H1 features: 260
Point cloud optimization: 556 -> 500
Computing persistence on full 517 point cloud...
  H0 features: 517
  H1 features: 297
Computing persistence on full 247 point cloud...
  H0 features: 247
  H1 features: 69
Analyzing persistence diagram ranges...
Found 32 valid diagrams with 10597 total finite features
Actual persistence ranges:
  Birth times: 0.0000 - 0.9928
  Lifespans: 0.0000 - 0.9826
Adjusted persistence image parameters:
  birth_range: (0.0000, 1.0921)
  pers_range: (0.0010, 1.0809)
PersistenceImager config: pixel_size=0.0078, sigma=0.0131

Persistence image conversion results:
  Successful: 16/16
  Success rate: 100.0%
Processing batch 70: samples 1105-1120
Computing persistence on full 158 point cloud...
  H0 features: 158
  H1 features: 28
Point cloud optimization: 1852 -> 500
Computing persistence on full 1499 point cloud...
  H0 features: 1499
  H1 features: 708
Computing persistence on full 264 point cloud...
  H0 features: 264
  H1 features: 44
Point cloud optimization: 605 -> 500
Computing persistence on full 533 point cloud...
  H0 features: 533
  H1 features: 193
Computing persistence on full 245 point cloud...
  H0 features: 245
  H1 features: 96
Computing persistence on full 486 point cloud...
  H0 features: 486
  H1 features: 229
Point cloud optimization: 589 -> 500
Computing persistence on full 525 point cloud...
  H0 features: 525
  H1 features: 140
Computing persistence on full 164 point cloud...
  H0 features: 164
  H1 features: 37
Computing persistence on full 280 point cloud...
  H0 features: 280
  H1 features: 103
Point cloud optimization: 869 -> 500
Computing persistence on full 657 point cloud...
  H0 features: 657
  H1 features: 194
Point cloud optimization: 731 -> 500
Computing persistence on full 589 point cloud...
  H0 features: 589
  H1 features: 210
Computing persistence on full 488 point cloud...
  H0 features: 488
  H1 features: 101
Computing persistence on full 406 point cloud...
  H0 features: 406
  H1 features: 152
Point cloud optimization: 529 -> 500
Computing persistence on full 507 point cloud...
  H0 features: 507
  H1 features: 135
Computing persistence on full 362 point cloud...
  H0 features: 362
  H1 features: 189
Point cloud optimization: 861 -> 500
Computing persistence on full 654 point cloud...
  H0 features: 654
  H1 features: 213
Analyzing persistence diagram ranges...
Found 32 valid diagrams with 10573 total finite features
Actual persistence ranges:
  Birth times: 0.0000 - 0.9965
  Lifespans: 0.0000 - 0.9890
Adjusted persistence image parameters:
  birth_range: (0.0000, 1.0962)
  pers_range: (0.0010, 1.0879)
PersistenceImager config: pixel_size=0.0078, sigma=0.0132

Persistence image conversion results:
  Successful: 16/16
  Success rate: 100.0%
Processing batch 71: samples 1121-1136
Point cloud optimization: 759 -> 500
Computing persistence on full 594 point cloud...
  H0 features: 594
  H1 features: 220
Computing persistence on full 183 point cloud...
  H0 features: 183
  H1 features: 48
Computing persistence on full 419 point cloud...
  H0 features: 419
  H1 features: 142
Computing persistence on full 470 point cloud...
  H0 features: 470
  H1 features: 250
Computing persistence on full 224 point cloud...
  H0 features: 224
  H1 features: 44
Point cloud optimization: 1039 -> 500
Computing persistence on full 813 point cloud...
  H0 features: 813
  H1 features: 274
Point cloud optimization: 778 -> 500
Computing persistence on full 602 point cloud...
  H0 features: 602
  H1 features: 387
Point cloud optimization: 737 -> 500
Computing persistence on full 576 point cloud...
  H0 features: 576
  H1 features: 209
Computing persistence on full 417 point cloud...
  H0 features: 417
  H1 features: 121
Computing persistence on full 228 point cloud...
  H0 features: 228
  H1 features: 56
Point cloud optimization: 719 -> 500
Computing persistence on full 568 point cloud...
  H0 features: 568
  H1 features: 257
Computing persistence on full 367 point cloud...
  H0 features: 367
  H1 features: 127
Point cloud optimization: 653 -> 500
Computing persistence on full 543 point cloud...
  H0 features: 543
  H1 features: 129
Computing persistence on full 445 point cloud...
  H0 features: 445
  H1 features: 168
Point cloud optimization: 547 -> 500
Computing persistence on full 509 point cloud...
  H0 features: 509
  H1 features: 180
Point cloud optimization: 716 -> 500
Computing persistence on full 564 point cloud...
  H0 features: 564
  H1 features: 241
Analyzing persistence diagram ranges...
Found 32 valid diagrams with 10359 total finite features
Actual persistence ranges:
  Birth times: 0.0000 - 0.9949
  Lifespans: 0.0000 - 0.9879
Adjusted persistence image parameters:
  birth_range: (0.0000, 1.0943)
  pers_range: (0.0010, 1.0866)
PersistenceImager config: pixel_size=0.0078, sigma=0.0131

Persistence image conversion results:
  Successful: 16/16
  Success rate: 100.0%
Processing batch 72: samples 1137-1152
Point cloud optimization: 589 -> 500
Computing persistence on full 527 point cloud...
  H0 features: 527
  H1 features: 126
Point cloud optimization: 529 -> 500
Computing persistence on full 508 point cloud...
  H0 features: 508
  H1 features: 208
Point cloud optimization: 517 -> 500
Computing persistence on full 504 point cloud...
  H0 features: 504
  H1 features: 158
Point cloud optimization: 953 -> 500
Computing persistence on full 728 point cloud...
  H0 features: 728
  H1 features: 377
Point cloud optimization: 678 -> 500
Computing persistence on full 556 point cloud...
  H0 features: 556
  H1 features: 252
Computing persistence on full 427 point cloud...
  H0 features: 427
  H1 features: 215
Computing persistence on full 247 point cloud...
  H0 features: 247
  H1 features: 67
Computing persistence on full 472 point cloud...
  H0 features: 472
  H1 features: 183
Computing persistence on full 324 point cloud...
  H0 features: 324
  H1 features: 126
Point cloud optimization: 531 -> 500
Computing persistence on full 508 point cloud...
  H0 features: 508
  H1 features: 167
Computing persistence on full 236 point cloud...
  H0 features: 236
  H1 features: 73
Point cloud optimization: 650 -> 500
Computing persistence on full 531 point cloud...
  H0 features: 531
  H1 features: 264
Computing persistence on full 308 point cloud...
  H0 features: 308
  H1 features: 101
Computing persistence on full 192 point cloud...
  H0 features: 192
  H1 features: 45
Computing persistence on full 307 point cloud...
  H0 features: 307
  H1 features: 102
Computing persistence on full 427 point cloud...
  H0 features: 427
  H1 features: 117
Analyzing persistence diagram ranges...
Found 32 valid diagrams with 9367 total finite features
Actual persistence ranges:
  Birth times: 0.0000 - 0.9967
  Lifespans: 0.0000 - 0.9817
Adjusted persistence image parameters:
  birth_range: (0.0000, 1.0964)
  pers_range: (0.0010, 1.0799)
PersistenceImager config: pixel_size=0.0078, sigma=0.0131

Persistence image conversion results:
  Successful: 16/16
  Success rate: 100.0%
Processing batch 73: samples 1153-1168
Point cloud optimization: 1030 -> 500
Computing persistence on full 781 point cloud...
  H0 features: 781
  H1 features: 377
Point cloud optimization: 901 -> 500
Computing persistence on full 700 point cloud...
  H0 features: 700
  H1 features: 253
Point cloud optimization: 1332 -> 500
Computing persistence on full 1002 point cloud...
  H0 features: 1002
  H1 features: 267
Point cloud optimization: 1184 -> 500
Computing persistence on full 894 point cloud...
  H0 features: 894
  H1 features: 223
Computing persistence on full 196 point cloud...
  H0 features: 196
  H1 features: 35
Point cloud optimization: 695 -> 500
Computing persistence on full 550 point cloud...
  H0 features: 550
  H1 features: 351
Point cloud optimization: 3011 -> 500
Computing persistence on full 2318 point cloud...
  H0 features: 2318
  H1 features: 913
Computing persistence on full 367 point cloud...
  H0 features: 367
  H1 features: 150
Computing persistence on full 453 point cloud...
  H0 features: 453
  H1 features: 205
Point cloud optimization: 1397 -> 500
Computing persistence on full 1060 point cloud...
  H0 features: 1060
  H1 features: 590
Computing persistence on full 419 point cloud...
  H0 features: 419
  H1 features: 129
Point cloud optimization: 628 -> 500
Computing persistence on full 535 point cloud...
  H0 features: 535
  H1 features: 181
Computing persistence on full 392 point cloud...
  H0 features: 392
  H1 features: 243
Point cloud optimization: 513 -> 500
Computing persistence on full 500 point cloud...
  H0 features: 500
  H1 features: 307
Point cloud optimization: 752 -> 500
Computing persistence on full 581 point cloud...
  H0 features: 581
  H1 features: 138
Point cloud optimization: 799 -> 500
Computing persistence on full 611 point cloud...
  H0 features: 611
  H1 features: 268
Analyzing persistence diagram ranges...
Found 32 valid diagrams with 15973 total finite features
Actual persistence ranges:
  Birth times: 0.0000 - 0.9972
  Lifespans: 0.0000 - 0.9847
Adjusted persistence image parameters:
  birth_range: (0.0000, 1.0970)
  pers_range: (0.0010, 1.0832)
PersistenceImager config: pixel_size=0.0078, sigma=0.0131

Persistence image conversion results:
  Successful: 16/16
  Success rate: 100.0%
Processing batch 74: samples 1169-1184
Computing persistence on full 344 point cloud...
  H0 features: 344
  H1 features: 142
Computing persistence on full 318 point cloud...
  H0 features: 318
  H1 features: 90
Computing persistence on full 316 point cloud...
  H0 features: 316
  H1 features: 90
Point cloud optimization: 529 -> 500
Computing persistence on full 506 point cloud...
  H0 features: 506
  H1 features: 136
Computing persistence on full 420 point cloud...
  H0 features: 420
  H1 features: 112
Computing persistence on full 496 point cloud...
  H0 features: 496
  H1 features: 193
Computing persistence on full 280 point cloud...
  H0 features: 280
  H1 features: 125
Computing persistence on full 274 point cloud...
  H0 features: 274
  H1 features: 105
Point cloud optimization: 612 -> 500
Computing persistence on full 522 point cloud...
  H0 features: 522
  H1 features: 248
Point cloud optimization: 720 -> 500
Computing persistence on full 576 point cloud...
  H0 features: 576
  H1 features: 221
Computing persistence on full 288 point cloud...
  H0 features: 288
  H1 features: 131
Computing persistence on full 325 point cloud...
  H0 features: 325
  H1 features: 76
Point cloud optimization: 847 -> 500
Computing persistence on full 652 point cloud...
  H0 features: 652
  H1 features: 201
Computing persistence on full 300 point cloud...
  H0 features: 300
  H1 features: 204
Computing persistence on full 316 point cloud...
  H0 features: 316
  H1 features: 61
Computing persistence on full 488 point cloud...
  H0 features: 488
  H1 features: 218
Analyzing persistence diagram ranges...
Found 32 valid diagrams with 8758 total finite features
Actual persistence ranges:
  Birth times: 0.0000 - 0.9978
  Lifespans: 0.0000 - 0.9888
Adjusted persistence image parameters:
  birth_range: (0.0000, 1.0976)
  pers_range: (0.0010, 1.0877)
PersistenceImager config: pixel_size=0.0078, sigma=0.0132

Persistence image conversion results:
  Successful: 16/16
  Success rate: 100.0%
Processing batch 75: samples 1185-1200
Computing persistence on full 334 point cloud...
  H0 features: 334
  H1 features: 114
Computing persistence on full 414 point cloud...
  H0 features: 414
  H1 features: 121
Computing persistence on full 273 point cloud...
  H0 features: 273
  H1 features: 114
Computing persistence on full 375 point cloud...
  H0 features: 375
  H1 features: 85
Point cloud optimization: 574 -> 500
Computing persistence on full 525 point cloud...
  H0 features: 525
  H1 features: 136
Computing persistence on full 189 point cloud...
  H0 features: 189
  H1 features: 37
Point cloud optimization: 1361 -> 500
Computing persistence on full 1050 point cloud...
  H0 features: 1050
  H1 features: 420
Computing persistence on full 278 point cloud...
  H0 features: 278
  H1 features: 64
Point cloud optimization: 521 -> 500
Computing persistence on full 505 point cloud...
  H0 features: 505
  H1 features: 200
Point cloud optimization: 539 -> 500
Computing persistence on full 508 point cloud...
  H0 features: 508
  H1 features: 98
Point cloud optimization: 790 -> 500
Computing persistence on full 609 point cloud...
  H0 features: 609
  H1 features: 162
Computing persistence on full 497 point cloud...
  H0 features: 497
  H1 features: 176
Computing persistence on full 270 point cloud...
  H0 features: 270
  H1 features: 121
Computing persistence on full 471 point cloud...
  H0 features: 471
  H1 features: 184
Computing persistence on full 208 point cloud...
  H0 features: 208
  H1 features: 64
Point cloud optimization: 535 -> 500
Computing persistence on full 507 point cloud...
  H0 features: 507
  H1 features: 245
Analyzing persistence diagram ranges...
Found 32 valid diagrams with 9338 total finite features
Actual persistence ranges:
  Birth times: 0.0000 - 0.9985
  Lifespans: 0.0000 - 0.9929
Adjusted persistence image parameters:
  birth_range: (0.0000, 1.0983)
  pers_range: (0.0010, 1.0922)
PersistenceImager config: pixel_size=0.0079, sigma=0.0132

Persistence image conversion results:
  Successful: 16/16
  Success rate: 100.0%
  Progress: 1200/1599 (75.0%) Rate: 2.0 samples/sec, ETA: 0.1h
Processing batch 76: samples 1201-1216
Computing persistence on full 223 point cloud...
  H0 features: 223
  H1 features: 53
Computing persistence on full 471 point cloud...
  H0 features: 471
  H1 features: 178
Point cloud optimization: 578 -> 500
Computing persistence on full 518 point cloud...
  H0 features: 518
  H1 features: 335
Point cloud optimization: 670 -> 500
Computing persistence on full 549 point cloud...
  H0 features: 549
  H1 features: 294
Computing persistence on full 359 point cloud...
  H0 features: 359
  H1 features: 102
Point cloud optimization: 769 -> 500
Computing persistence on full 598 point cloud...
  H0 features: 598
  H1 features: 288
Point cloud optimization: 812 -> 500
Computing persistence on full 620 point cloud...
  H0 features: 620
  H1 features: 292
Computing persistence on full 468 point cloud...
  H0 features: 468
  H1 features: 282
Point cloud optimization: 1385 -> 500
Computing persistence on full 1037 point cloud...
  H0 features: 1037
  H1 features: 802
Point cloud optimization: 809 -> 500
Computing persistence on full 630 point cloud...
  H0 features: 630
  H1 features: 146
Point cloud optimization: 683 -> 500
Computing persistence on full 553 point cloud...
  H0 features: 553
  H1 features: 291
Point cloud optimization: 1126 -> 500
Computing persistence on full 896 point cloud...
  H0 features: 896
  H1 features: 301
Point cloud optimization: 615 -> 500
Computing persistence on full 527 point cloud...
  H0 features: 527
  H1 features: 160
Computing persistence on full 349 point cloud...
  H0 features: 349
  H1 features: 88
Point cloud optimization: 657 -> 500
Computing persistence on full 545 point cloud...
  H0 features: 545
  H1 features: 239
Computing persistence on full 195 point cloud...
  H0 features: 195
  H1 features: 49
Analyzing persistence diagram ranges...
Found 32 valid diagrams with 12422 total finite features
Actual persistence ranges:
  Birth times: 0.0000 - 1.0049
  Lifespans: 0.0000 - 0.9865
Adjusted persistence image parameters:
  birth_range: (0.0000, 1.1053)
  pers_range: (0.0010, 1.0852)
PersistenceImager config: pixel_size=0.0078, sigma=0.0131

Persistence image conversion results:
  Successful: 16/16
  Success rate: 100.0%
Processing batch 77: samples 1217-1232
Point cloud optimization: 528 -> 500
Computing persistence on full 505 point cloud...
  H0 features: 505
  H1 features: 163
Computing persistence on full 470 point cloud...
  H0 features: 470
  H1 features: 256
Computing persistence on full 340 point cloud...
  H0 features: 340
  H1 features: 72
Point cloud optimization: 1925 -> 500
Computing persistence on full 1476 point cloud...
  H0 features: 1476
  H1 features: 670
Point cloud optimization: 730 -> 500
Computing persistence on full 564 point cloud...
  H0 features: 564
  H1 features: 209
Point cloud optimization: 541 -> 500
Computing persistence on full 509 point cloud...
  H0 features: 509
  H1 features: 202
Computing persistence on full 470 point cloud...
  H0 features: 470
  H1 features: 174
Point cloud optimization: 699 -> 500
Computing persistence on full 552 point cloud...
  H0 features: 552
  H1 features: 138
Point cloud optimization: 540 -> 500
Computing persistence on full 510 point cloud...
  H0 features: 510
  H1 features: 277
Point cloud optimization: 543 -> 500
Computing persistence on full 511 point cloud...
  H0 features: 511
  H1 features: 138
Computing persistence on full 239 point cloud...
  H0 features: 239
  H1 features: 58
Point cloud optimization: 679 -> 500
Computing persistence on full 562 point cloud...
  H0 features: 562
  H1 features: 136
Point cloud optimization: 521 -> 500
Computing persistence on full 505 point cloud...
  H0 features: 505
  H1 features: 172
Computing persistence on full 480 point cloud...
  H0 features: 480
  H1 features: 209
Computing persistence on full 315 point cloud...
  H0 features: 315
  H1 features: 114
Computing persistence on full 287 point cloud...
  H0 features: 287
  H1 features: 102
Analyzing persistence diagram ranges...
Found 32 valid diagrams with 11369 total finite features
Actual persistence ranges:
  Birth times: 0.0000 - 0.9993
  Lifespans: 0.0000 - 0.9880
Adjusted persistence image parameters:
  birth_range: (0.0000, 1.0992)
  pers_range: (0.0010, 1.0868)
PersistenceImager config: pixel_size=0.0078, sigma=0.0131

Persistence image conversion results:
  Successful: 16/16
  Success rate: 100.0%
Processing batch 78: samples 1233-1248
Point cloud optimization: 502 -> 500
Computing persistence on full 500 point cloud...
  H0 features: 500
  H1 features: 167
Computing persistence on full 269 point cloud...
  H0 features: 269
  H1 features: 111
Computing persistence on full 410 point cloud...
  H0 features: 410
  H1 features: 242
Computing persistence on full 342 point cloud...
  H0 features: 342
  H1 features: 108
Point cloud optimization: 644 -> 500
Computing persistence on full 537 point cloud...
  H0 features: 537
  H1 features: 316
Computing persistence on full 479 point cloud...
  H0 features: 479
  H1 features: 222
Computing persistence on full 363 point cloud...
  H0 features: 363
  H1 features: 100
Point cloud optimization: 626 -> 500
Computing persistence on full 542 point cloud...
  H0 features: 542
  H1 features: 182
Computing persistence on full 301 point cloud...
  H0 features: 301
  H1 features: 89
Computing persistence on full 352 point cloud...
  H0 features: 352
  H1 features: 96
Point cloud optimization: 768 -> 500
Computing persistence on full 606 point cloud...
  H0 features: 606
  H1 features: 175
Computing persistence on full 366 point cloud...
  H0 features: 366
  H1 features: 176
Point cloud optimization: 714 -> 500
Computing persistence on full 563 point cloud...
  H0 features: 563
  H1 features: 158
Computing persistence on full 439 point cloud...
  H0 features: 439
  H1 features: 165
Point cloud optimization: 725 -> 500
Computing persistence on full 585 point cloud...
  H0 features: 585
  H1 features: 219
Computing persistence on full 383 point cloud...
  H0 features: 383
  H1 features: 129
Analyzing persistence diagram ranges...
Found 32 valid diagrams with 9676 total finite features
Actual persistence ranges:
  Birth times: 0.0000 - 0.9981
  Lifespans: 0.0000 - 0.9773
Adjusted persistence image parameters:
  birth_range: (0.0000, 1.0980)
  pers_range: (0.0010, 1.0751)
PersistenceImager config: pixel_size=0.0077, sigma=0.0130

Persistence image conversion results:
  Successful: 16/16
  Success rate: 100.0%
Processing batch 79: samples 1249-1264
Point cloud optimization: 719 -> 500
Computing persistence on full 566 point cloud...
  H0 features: 566
  H1 features: 400
Point cloud optimization: 659 -> 500
Computing persistence on full 540 point cloud...
  H0 features: 540
  H1 features: 208
Computing persistence on full 243 point cloud...
  H0 features: 243
  H1 features: 59
Computing persistence on full 311 point cloud...
  H0 features: 311
  H1 features: 49
Point cloud optimization: 597 -> 500
Computing persistence on full 529 point cloud...
  H0 features: 529
  H1 features: 252
Point cloud optimization: 580 -> 500
Computing persistence on full 523 point cloud...
  H0 features: 523
  H1 features: 151
Point cloud optimization: 1440 -> 500
Computing persistence on full 1083 point cloud...
  H0 features: 1083
  H1 features: 449
Computing persistence on full 403 point cloud...
  H0 features: 403
  H1 features: 200
Computing persistence on full 203 point cloud...
  H0 features: 203
  H1 features: 52
Computing persistence on full 334 point cloud...
  H0 features: 334
  H1 features: 134
Point cloud optimization: 573 -> 500
Computing persistence on full 520 point cloud...
  H0 features: 520
  H1 features: 248
Point cloud optimization: 561 -> 500
Computing persistence on full 518 point cloud...
  H0 features: 518
  H1 features: 246
Computing persistence on full 431 point cloud...
  H0 features: 431
  H1 features: 108
Computing persistence on full 373 point cloud...
  H0 features: 373
  H1 features: 88
Point cloud optimization: 780 -> 500
Computing persistence on full 607 point cloud...
  H0 features: 607
  H1 features: 291
Computing persistence on full 474 point cloud...
  H0 features: 474
  H1 features: 146
Analyzing persistence diagram ranges...
Found 32 valid diagrams with 10723 total finite features
Actual persistence ranges:
  Birth times: 0.0000 - 0.9936
  Lifespans: 0.0000 - 0.9845
Adjusted persistence image parameters:
  birth_range: (0.0000, 1.0930)
  pers_range: (0.0010, 1.0829)
PersistenceImager config: pixel_size=0.0078, sigma=0.0131

Persistence image conversion results:
  Successful: 16/16
  Success rate: 100.0%
Processing batch 80: samples 1265-1280
Point cloud optimization: 594 -> 500
Computing persistence on full 525 point cloud...
  H0 features: 525
  H1 features: 281
Point cloud optimization: 1175 -> 500
Computing persistence on full 879 point cloud...
  H0 features: 879
  H1 features: 187
Point cloud optimization: 709 -> 500
Computing persistence on full 556 point cloud...
  H0 features: 556
  H1 features: 109
Computing persistence on full 453 point cloud...
  H0 features: 453
  H1 features: 139
Computing persistence on full 411 point cloud...
  H0 features: 411
  H1 features: 190
Computing persistence on full 275 point cloud...
  H0 features: 275
  H1 features: 114
Computing persistence on full 478 point cloud...
  H0 features: 478
  H1 features: 276
Point cloud optimization: 690 -> 500
Computing persistence on full 552 point cloud...
  H0 features: 552
  H1 features: 334
Computing persistence on full 274 point cloud...
  H0 features: 274
  H1 features: 102
Computing persistence on full 249 point cloud...
  H0 features: 249
  H1 features: 38
Point cloud optimization: 694 -> 500
Computing persistence on full 546 point cloud...
  H0 features: 546
  H1 features: 148
Point cloud optimization: 508 -> 500
Computing persistence on full 500 point cloud...
  H0 features: 500
  H1 features: 212
Point cloud optimization: 650 -> 500
Computing persistence on full 539 point cloud...
  H0 features: 539
  H1 features: 296
Computing persistence on full 365 point cloud...
  H0 features: 365
  H1 features: 103
Computing persistence on full 218 point cloud...
  H0 features: 218
  H1 features: 66
Point cloud optimization: 608 -> 500
Computing persistence on full 539 point cloud...
  H0 features: 539
  H1 features: 141
Analyzing persistence diagram ranges...
Found 32 valid diagrams with 10079 total finite features
Actual persistence ranges:
  Birth times: 0.0000 - 0.9944
  Lifespans: 0.0000 - 0.9873
Adjusted persistence image parameters:
  birth_range: (0.0000, 1.0939)
  pers_range: (0.0010, 1.0860)
PersistenceImager config: pixel_size=0.0078, sigma=0.0131

Persistence image conversion results:
  Successful: 16/16
  Success rate: 100.0%
Processing batch 81: samples 1281-1296
Point cloud optimization: 673 -> 500
Computing persistence on full 533 point cloud...
  H0 features: 533
  H1 features: 207
Point cloud optimization: 586 -> 500
Computing persistence on full 522 point cloud...
  H0 features: 522
  H1 features: 242
Computing persistence on full 324 point cloud...
  H0 features: 324
  H1 features: 117
Point cloud optimization: 913 -> 500
Computing persistence on full 713 point cloud...
  H0 features: 713
  H1 features: 299
Computing persistence on full 297 point cloud...
  H0 features: 297
  H1 features: 97
Point cloud optimization: 845 -> 500
Computing persistence on full 652 point cloud...
  H0 features: 652
  H1 features: 202
Computing persistence on full 415 point cloud...
  H0 features: 415
  H1 features: 126
Point cloud optimization: 892 -> 500
Computing persistence on full 694 point cloud...
  H0 features: 694
  H1 features: 169
Computing persistence on full 474 point cloud...
  H0 features: 474
  H1 features: 168
Point cloud optimization: 612 -> 500
Computing persistence on full 529 point cloud...
  H0 features: 529
  H1 features: 159
Point cloud optimization: 647 -> 500
Computing persistence on full 538 point cloud...
  H0 features: 538
  H1 features: 278
Computing persistence on full 317 point cloud...
  H0 features: 317
  H1 features: 167
Computing persistence on full 286 point cloud...
  H0 features: 286
  H1 features: 63
Computing persistence on full 180 point cloud...
  H0 features: 180
  H1 features: 48
Computing persistence on full 313 point cloud...
  H0 features: 313
  H1 features: 139
Point cloud optimization: 2089 -> 500
Computing persistence on full 1630 point cloud...
  H0 features: 1630
  H1 features: 970
Analyzing persistence diagram ranges...
Found 32 valid diagrams with 11852 total finite features
Actual persistence ranges:
  Birth times: 0.0000 - 0.9900
  Lifespans: 0.0000 - 0.9844
Adjusted persistence image parameters:
  birth_range: (0.0000, 1.0890)
  pers_range: (0.0010, 1.0829)
PersistenceImager config: pixel_size=0.0078, sigma=0.0131

Persistence image conversion results:
  Successful: 16/16
  Success rate: 100.0%
Processing batch 82: samples 1297-1312
Computing persistence on full 388 point cloud...
  H0 features: 388
  H1 features: 100
Computing persistence on full 394 point cloud...
  H0 features: 394
  H1 features: 130
Computing persistence on full 331 point cloud...
  H0 features: 331
  H1 features: 121
Computing persistence on full 424 point cloud...
  H0 features: 424
  H1 features: 143
Point cloud optimization: 625 -> 500
Computing persistence on full 532 point cloud...
  H0 features: 532
  H1 features: 298
Computing persistence on full 247 point cloud...
  H0 features: 247
  H1 features: 61
Computing persistence on full 172 point cloud...
  H0 features: 172
  H1 features: 28
Point cloud optimization: 758 -> 500
Computing persistence on full 593 point cloud...
  H0 features: 593
  H1 features: 262
Point cloud optimization: 642 -> 500
Computing persistence on full 542 point cloud...
  H0 features: 542
  H1 features: 285
Computing persistence on full 334 point cloud...
  H0 features: 334
  H1 features: 138
Point cloud optimization: 1171 -> 500
Computing persistence on full 897 point cloud...
  H0 features: 897
  H1 features: 466
Point cloud optimization: 645 -> 500
Computing persistence on full 540 point cloud...
  H0 features: 540
  H1 features: 270
Point cloud optimization: 564 -> 500
Computing persistence on full 518 point cloud...
  H0 features: 518
  H1 features: 136
Computing persistence on full 252 point cloud...
  H0 features: 252
  H1 features: 66
Computing persistence on full 248 point cloud...
  H0 features: 248
  H1 features: 61
Point cloud optimization: 675 -> 500
Computing persistence on full 550 point cloud...
  H0 features: 550
  H1 features: 182
Analyzing persistence diagram ranges...
Found 32 valid diagrams with 9693 total finite features
Actual persistence ranges:
  Birth times: 0.0000 - 0.9975
  Lifespans: 0.0000 - 0.9852
Adjusted persistence image parameters:
  birth_range: (0.0000, 1.0973)
  pers_range: (0.0010, 1.0837)
PersistenceImager config: pixel_size=0.0078, sigma=0.0131

Persistence image conversion results:
  Successful: 16/16
  Success rate: 100.0%
Processing batch 83: samples 1313-1328
Point cloud optimization: 1030 -> 500
Computing persistence on full 778 point cloud...
  H0 features: 778
  H1 features: 450
Point cloud optimization: 590 -> 500
Computing persistence on full 523 point cloud...
  H0 features: 523
  H1 features: 282
Computing persistence on full 414 point cloud...
  H0 features: 414
  H1 features: 180
Computing persistence on full 305 point cloud...
  H0 features: 305
  H1 features: 112
Point cloud optimization: 907 -> 500
Computing persistence on full 691 point cloud...
  H0 features: 691
  H1 features: 318
Computing persistence on full 485 point cloud...
  H0 features: 485
  H1 features: 201
Computing persistence on full 211 point cloud...
  H0 features: 211
  H1 features: 56
Computing persistence on full 285 point cloud...
  H0 features: 285
  H1 features: 80
Computing persistence on full 235 point cloud...
  H0 features: 235
  H1 features: 77
Computing persistence on full 301 point cloud...
  H0 features: 301
  H1 features: 152
Point cloud optimization: 678 -> 500
Computing persistence on full 548 point cloud...
  H0 features: 548
  H1 features: 247
Point cloud optimization: 557 -> 500
Computing persistence on full 512 point cloud...
  H0 features: 512
  H1 features: 142
Point cloud optimization: 949 -> 500
Computing persistence on full 729 point cloud...
  H0 features: 729
  H1 features: 354
Computing persistence on full 446 point cloud...
  H0 features: 446
  H1 features: 191
Point cloud optimization: 717 -> 500
Computing persistence on full 567 point cloud...
  H0 features: 567
  H1 features: 173
Point cloud optimization: 518 -> 500
Computing persistence on full 503 point cloud...
  H0 features: 503
  H1 features: 185
Analyzing persistence diagram ranges...
Found 32 valid diagrams with 10717 total finite features
Actual persistence ranges:
  Birth times: 0.0000 - 0.9923
  Lifespans: 0.0000 - 0.9787
Adjusted persistence image parameters:
  birth_range: (0.0000, 1.0915)
  pers_range: (0.0010, 1.0766)
PersistenceImager config: pixel_size=0.0077, sigma=0.0130

Persistence image conversion results:
  Successful: 16/16
  Success rate: 100.0%
Processing batch 84: samples 1329-1344
Point cloud optimization: 2225 -> 500
Computing persistence on full 1759 point cloud...
  H0 features: 1759
  H1 features: 609
Computing persistence on full 387 point cloud...
  H0 features: 387
  H1 features: 174
Computing persistence on full 467 point cloud...
  H0 features: 467
  H1 features: 156
Point cloud optimization: 746 -> 500
Computing persistence on full 588 point cloud...
  H0 features: 588
  H1 features: 315
Computing persistence on full 387 point cloud...
  H0 features: 387
  H1 features: 129
Computing persistence on full 439 point cloud...
  H0 features: 439
  H1 features: 159
Point cloud optimization: 1436 -> 500
Computing persistence on full 1092 point cloud...
  H0 features: 1092
  H1 features: 388
Computing persistence on full 258 point cloud...
  H0 features: 258
  H1 features: 57
Computing persistence on full 194 point cloud...
  H0 features: 194
  H1 features: 37
Computing persistence on full 257 point cloud...
  H0 features: 257
  H1 features: 93
Computing persistence on full 294 point cloud...
  H0 features: 294
  H1 features: 108
Computing persistence on full 248 point cloud...
  H0 features: 248
  H1 features: 56
Point cloud optimization: 748 -> 500
Computing persistence on full 598 point cloud...
  H0 features: 598
  H1 features: 235
Computing persistence on full 366 point cloud...
  H0 features: 366
  H1 features: 110
Computing persistence on full 319 point cloud...
  H0 features: 319
  H1 features: 57
Point cloud optimization: 580 -> 500
Computing persistence on full 521 point cloud...
  H0 features: 521
  H1 features: 345
Analyzing persistence diagram ranges...
Found 32 valid diagrams with 11186 total finite features
Actual persistence ranges:
  Birth times: 0.0000 - 0.9968
  Lifespans: 0.0000 - 0.9849
Adjusted persistence image parameters:
  birth_range: (0.0000, 1.0964)
  pers_range: (0.0010, 1.0834)
PersistenceImager config: pixel_size=0.0078, sigma=0.0131

Persistence image conversion results:
  Successful: 16/16
  Success rate: 100.0%
Processing batch 85: samples 1345-1360
Point cloud optimization: 905 -> 500
Computing persistence on full 695 point cloud...
  H0 features: 695
  H1 features: 245
Computing persistence on full 350 point cloud...
  H0 features: 350
  H1 features: 142
Computing persistence on full 493 point cloud...
  H0 features: 493
  H1 features: 200
Point cloud optimization: 1030 -> 500
Computing persistence on full 787 point cloud...
  H0 features: 787
  H1 features: 482
Computing persistence on full 197 point cloud...
  H0 features: 197
  H1 features: 45
Computing persistence on full 357 point cloud...
  H0 features: 357
  H1 features: 148
Computing persistence on full 367 point cloud...
  H0 features: 367
  H1 features: 191
Point cloud optimization: 572 -> 500
Computing persistence on full 522 point cloud...
  H0 features: 522
  H1 features: 178
Point cloud optimization: 949 -> 500
Computing persistence on full 723 point cloud...
  H0 features: 723
  H1 features: 172
Point cloud optimization: 529 -> 500
Computing persistence on full 506 point cloud...
  H0 features: 506
  H1 features: 129
Computing persistence on full 290 point cloud...
  H0 features: 290
  H1 features: 75
Computing persistence on full 311 point cloud...
  H0 features: 311
  H1 features: 107
Computing persistence on full 480 point cloud...
  H0 features: 480
  H1 features: 167
Point cloud optimization: 568 -> 500
Computing persistence on full 521 point cloud...
  H0 features: 521
  H1 features: 165
Point cloud optimization: 508 -> 500
Computing persistence on full 500 point cloud...
  H0 features: 500
  H1 features: 199
Point cloud optimization: 534 -> 500
Computing persistence on full 509 point cloud...
  H0 features: 509
  H1 features: 200
Analyzing persistence diagram ranges...
Found 32 valid diagrams with 10437 total finite features
Actual persistence ranges:
  Birth times: 0.0000 - 0.9978
  Lifespans: 0.0000 - 0.9832
Adjusted persistence image parameters:
  birth_range: (0.0000, 1.0976)
  pers_range: (0.0010, 1.0815)
PersistenceImager config: pixel_size=0.0078, sigma=0.0131

Persistence image conversion results:
  Successful: 16/16
  Success rate: 100.0%
Processing batch 86: samples 1361-1376
Computing persistence on full 414 point cloud...
  H0 features: 414
  H1 features: 103
Point cloud optimization: 752 -> 500
Computing persistence on full 586 point cloud...
  H0 features: 586
  H1 features: 314
Computing persistence on full 292 point cloud...
  H0 features: 292
  H1 features: 107
Computing persistence on full 412 point cloud...
  H0 features: 412
  H1 features: 158
Computing persistence on full 254 point cloud...
  H0 features: 254
  H1 features: 79
Computing persistence on full 194 point cloud...
  H0 features: 194
  H1 features: 33
Point cloud optimization: 935 -> 500
Computing persistence on full 720 point cloud...
  H0 features: 720
  H1 features: 338
Point cloud optimization: 797 -> 500
Computing persistence on full 608 point cloud...
  H0 features: 608
  H1 features: 260
Point cloud optimization: 619 -> 500
Computing persistence on full 533 point cloud...
  H0 features: 533
  H1 features: 179
Computing persistence on full 372 point cloud...
  H0 features: 372
  H1 features: 102
Point cloud optimization: 591 -> 500
Computing persistence on full 524 point cloud...
  H0 features: 524
  H1 features: 227
Point cloud optimization: 578 -> 500
Computing persistence on full 520 point cloud...
  H0 features: 520
  H1 features: 349
Computing persistence on full 267 point cloud...
  H0 features: 267
  H1 features: 78
Computing persistence on full 308 point cloud...
  H0 features: 308
  H1 features: 152
Computing persistence on full 353 point cloud...
  H0 features: 353
  H1 features: 89
Computing persistence on full 226 point cloud...
  H0 features: 226
  H1 features: 43
Analyzing persistence diagram ranges...
Found 32 valid diagrams with 9178 total finite features
Actual persistence ranges:
  Birth times: 0.0000 - 0.9957
  Lifespans: 0.0000 - 0.9811
Adjusted persistence image parameters:
  birth_range: (0.0000, 1.0953)
  pers_range: (0.0010, 1.0792)
PersistenceImager config: pixel_size=0.0078, sigma=0.0131

Persistence image conversion results:
  Successful: 16/16
  Success rate: 100.0%
Processing batch 87: samples 1377-1392
Point cloud optimization: 567 -> 500
Computing persistence on full 517 point cloud...
  H0 features: 517
  H1 features: 332
Computing persistence on full 473 point cloud...
  H0 features: 473
  H1 features: 208
Point cloud optimization: 684 -> 500
Computing persistence on full 548 point cloud...
  H0 features: 548
  H1 features: 266
Computing persistence on full 366 point cloud...
  H0 features: 366
  H1 features: 69
Computing persistence on full 311 point cloud...
  H0 features: 311
  H1 features: 86
Computing persistence on full 346 point cloud...
  H0 features: 346
  H1 features: 111
Point cloud optimization: 513 -> 500
Computing persistence on full 501 point cloud...
  H0 features: 501
  H1 features: 86
Computing persistence on full 303 point cloud...
  H0 features: 303
  H1 features: 130
Point cloud optimization: 593 -> 500
Computing persistence on full 524 point cloud...
  H0 features: 524
  H1 features: 147
Point cloud optimization: 603 -> 500
Computing persistence on full 534 point cloud...
  H0 features: 534
  H1 features: 268
Point cloud optimization: 1075 -> 500
Computing persistence on full 817 point cloud...
  H0 features: 817
  H1 features: 420
Computing persistence on full 294 point cloud...
  H0 features: 294
  H1 features: 81
Computing persistence on full 405 point cloud...
  H0 features: 405
  H1 features: 165
Point cloud optimization: 556 -> 500
Computing persistence on full 516 point cloud...
  H0 features: 516
  H1 features: 296
Point cloud optimization: 664 -> 500
Computing persistence on full 543 point cloud...
  H0 features: 543
  H1 features: 221
Computing persistence on full 427 point cloud...
  H0 features: 427
  H1 features: 211
Analyzing persistence diagram ranges...
Found 32 valid diagrams with 10506 total finite features
Actual persistence ranges:
  Birth times: 0.0000 - 0.9957
  Lifespans: 0.0000 - 0.9930
Adjusted persistence image parameters:
  birth_range: (0.0000, 1.0953)
  pers_range: (0.0010, 1.0923)
PersistenceImager config: pixel_size=0.0079, sigma=0.0132

Persistence image conversion results:
  Successful: 16/16
  Success rate: 100.0%
Processing batch 88: samples 1393-1408
Computing persistence on full 464 point cloud...
  H0 features: 464
  H1 features: 251
Computing persistence on full 391 point cloud...
  H0 features: 391
  H1 features: 87
Point cloud optimization: 814 -> 500
Computing persistence on full 624 point cloud...
  H0 features: 624
  H1 features: 362
Computing persistence on full 480 point cloud...
  H0 features: 480
  H1 features: 209
Point cloud optimization: 1076 -> 500
Computing persistence on full 821 point cloud...
  H0 features: 821
  H1 features: 321
Point cloud optimization: 633 -> 500
Computing persistence on full 534 point cloud...
  H0 features: 534
  H1 features: 294
Computing persistence on full 253 point cloud...
  H0 features: 253
  H1 features: 63
Point cloud optimization: 538 -> 500
Computing persistence on full 512 point cloud...
  H0 features: 512
  H1 features: 230
Computing persistence on full 408 point cloud...
  H0 features: 408
  H1 features: 254
Computing persistence on full 337 point cloud...
  H0 features: 337
  H1 features: 79
Point cloud optimization: 590 -> 500
Computing persistence on full 528 point cloud...
  H0 features: 528
  H1 features: 325
Computing persistence on full 305 point cloud...
  H0 features: 305
  H1 features: 102
Computing persistence on full 414 point cloud...
  H0 features: 414
  H1 features: 205
Computing persistence on full 185 point cloud...
  H0 features: 185
  H1 features: 38
Computing persistence on full 190 point cloud...
  H0 features: 190
  H1 features: 74
Point cloud optimization: 576 -> 500
Computing persistence on full 520 point cloud...
  H0 features: 520
  H1 features: 275
Analyzing persistence diagram ranges...
Found 32 valid diagrams with 10119 total finite features
Actual persistence ranges:
  Birth times: 0.0000 - 1.0016
  Lifespans: 0.0000 - 0.9826
Adjusted persistence image parameters:
  birth_range: (0.0000, 1.1017)
  pers_range: (0.0010, 1.0808)
PersistenceImager config: pixel_size=0.0078, sigma=0.0131

Persistence image conversion results:
  Successful: 16/16
  Success rate: 100.0%
Processing batch 89: samples 1409-1424
Point cloud optimization: 575 -> 500
Computing persistence on full 515 point cloud...
  H0 features: 515
  H1 features: 199
Point cloud optimization: 541 -> 500
Computing persistence on full 511 point cloud...
  H0 features: 511
  H1 features: 215
Computing persistence on full 367 point cloud...
  H0 features: 367
  H1 features: 88
Computing persistence on full 293 point cloud...
  H0 features: 293
  H1 features: 98
Computing persistence on full 345 point cloud...
  H0 features: 345
  H1 features: 155
Computing persistence on full 350 point cloud...
  H0 features: 350
  H1 features: 150
Computing persistence on full 295 point cloud...
  H0 features: 295
  H1 features: 72
Computing persistence on full 376 point cloud...
  H0 features: 376
  H1 features: 160
Point cloud optimization: 538 -> 500
Computing persistence on full 510 point cloud...
  H0 features: 510
  H1 features: 117
Computing persistence on full 198 point cloud...
  H0 features: 198
  H1 features: 50
Point cloud optimization: 516 -> 500
Computing persistence on full 502 point cloud...
  H0 features: 502
  H1 features: 226
Point cloud optimization: 1121 -> 500
Computing persistence on full 836 point cloud...
  H0 features: 836
  H1 features: 392
Point cloud optimization: 628 -> 500
Computing persistence on full 533 point cloud...
  H0 features: 533
  H1 features: 301
Point cloud optimization: 970 -> 500
Computing persistence on full 731 point cloud...
  H0 features: 731
  H1 features: 556
Point cloud optimization: 838 -> 500
Computing persistence on full 642 point cloud...
  H0 features: 642
  H1 features: 303
Point cloud optimization: 863 -> 500
Computing persistence on full 658 point cloud...
  H0 features: 658
  H1 features: 166
Analyzing persistence diagram ranges...
Found 32 valid diagrams with 10894 total finite features
Actual persistence ranges:
  Birth times: 0.0000 - 0.9978
  Lifespans: 0.0000 - 0.9830
Adjusted persistence image parameters:
  birth_range: (0.0000, 1.0976)
  pers_range: (0.0010, 1.0813)
PersistenceImager config: pixel_size=0.0078, sigma=0.0131

Persistence image conversion results:
  Successful: 16/16
  Success rate: 100.0%
Processing batch 90: samples 1425-1440
Computing persistence on full 192 point cloud...
  H0 features: 192
  H1 features: 31
Point cloud optimization: 603 -> 500
Computing persistence on full 530 point cloud...
  H0 features: 530
  H1 features: 122
Computing persistence on full 402 point cloud...
  H0 features: 402
  H1 features: 206
Computing persistence on full 480 point cloud...
  H0 features: 480
  H1 features: 192
Computing persistence on full 430 point cloud...
  H0 features: 430
  H1 features: 116
Computing persistence on full 371 point cloud...
  H0 features: 371
  H1 features: 153
Point cloud optimization: 510 -> 500
Computing persistence on full 501 point cloud...
  H0 features: 501
  H1 features: 177
Computing persistence on full 301 point cloud...
  H0 features: 301
  H1 features: 112
Point cloud optimization: 776 -> 500
Computing persistence on full 610 point cloud...
  H0 features: 610
  H1 features: 345
Point cloud optimization: 531 -> 500
Computing persistence on full 508 point cloud...
  H0 features: 508
  H1 features: 273
Point cloud optimization: 513 -> 500
Computing persistence on full 502 point cloud...
  H0 features: 502
  H1 features: 142
Computing persistence on full 216 point cloud...
  H0 features: 216
  H1 features: 37
Computing persistence on full 500 point cloud...
  H0 features: 500
  H1 features: 199
Point cloud optimization: 1111 -> 500
Computing persistence on full 840 point cloud...
  H0 features: 840
  H1 features: 336
Point cloud optimization: 536 -> 500
Computing persistence on full 508 point cloud...
  H0 features: 508
  H1 features: 135
Point cloud optimization: 547 -> 500
Computing persistence on full 516 point cloud...
  H0 features: 516
  H1 features: 221
Analyzing persistence diagram ranges...
Found 32 valid diagrams with 10188 total finite features
Actual persistence ranges:
  Birth times: 0.0000 - 1.0001
  Lifespans: 0.0000 - 0.9934
Adjusted persistence image parameters:
  birth_range: (0.0000, 1.1001)
  pers_range: (0.0010, 1.0928)
PersistenceImager config: pixel_size=0.0079, sigma=0.0132

Persistence image conversion results:
  Successful: 16/16
  Success rate: 100.0%
Processing batch 91: samples 1441-1456
Computing persistence on full 445 point cloud...
  H0 features: 445
  H1 features: 256
Computing persistence on full 493 point cloud...
  H0 features: 493
  H1 features: 151
Point cloud optimization: 596 -> 500
Computing persistence on full 525 point cloud...
  H0 features: 525
  H1 features: 320
Computing persistence on full 316 point cloud...
  H0 features: 316
  H1 features: 73
Computing persistence on full 335 point cloud...
  H0 features: 335
  H1 features: 81
Computing persistence on full 443 point cloud...
  H0 features: 443
  H1 features: 283
Point cloud optimization: 1363 -> 500
Computing persistence on full 1030 point cloud...
  H0 features: 1030
  H1 features: 361
Computing persistence on full 349 point cloud...
  H0 features: 349
  H1 features: 144
Computing persistence on full 259 point cloud...
  H0 features: 259
  H1 features: 77
Point cloud optimization: 1136 -> 500
Computing persistence on full 860 point cloud...
  H0 features: 860
  H1 features: 318
Computing persistence on full 414 point cloud...
  H0 features: 414
  H1 features: 134
Computing persistence on full 369 point cloud...
  H0 features: 369
  H1 features: 133
Computing persistence on full 414 point cloud...
  H0 features: 414
  H1 features: 166
Point cloud optimization: 754 -> 500
Computing persistence on full 585 point cloud...
  H0 features: 585
  H1 features: 205
Computing persistence on full 253 point cloud...
  H0 features: 253
  H1 features: 52
Computing persistence on full 420 point cloud...
  H0 features: 420
  H1 features: 164
Analyzing persistence diagram ranges...
Found 32 valid diagrams with 10412 total finite features
Actual persistence ranges:
  Birth times: 0.0000 - 0.9972
  Lifespans: 0.0000 - 0.9850
Adjusted persistence image parameters:
  birth_range: (0.0000, 1.0969)
  pers_range: (0.0010, 1.0835)
PersistenceImager config: pixel_size=0.0078, sigma=0.0131

Persistence image conversion results:
  Successful: 16/16
  Success rate: 100.0%
Processing batch 92: samples 1457-1472
Computing persistence on full 368 point cloud...
  H0 features: 368
  H1 features: 120
Point cloud optimization: 606 -> 500
Computing persistence on full 533 point cloud...
  H0 features: 533
  H1 features: 170
Point cloud optimization: 866 -> 500
Computing persistence on full 658 point cloud...
  H0 features: 658
  H1 features: 127
Point cloud optimization: 708 -> 500
Computing persistence on full 564 point cloud...
  H0 features: 564
  H1 features: 239
Computing persistence on full 414 point cloud...
  H0 features: 414
  H1 features: 164
Computing persistence on full 366 point cloud...
  H0 features: 366
  H1 features: 146
Computing persistence on full 283 point cloud...
  H0 features: 283
  H1 features: 133
Computing persistence on full 325 point cloud...
  H0 features: 325
  H1 features: 89
Computing persistence on full 360 point cloud...
  H0 features: 360
  H1 features: 158
Point cloud optimization: 671 -> 500
Computing persistence on full 559 point cloud...
  H0 features: 559
  H1 features: 253
Computing persistence on full 339 point cloud...
  H0 features: 339
  H1 features: 125
Computing persistence on full 160 point cloud...
  H0 features: 160
  H1 features: 33
Computing persistence on full 297 point cloud...
  H0 features: 297
  H1 features: 103
Computing persistence on full 298 point cloud...
  H0 features: 298
  H1 features: 104
Computing persistence on full 412 point cloud...
  H0 features: 412
  H1 features: 255
Computing persistence on full 464 point cloud...
  H0 features: 464
  H1 features: 151
Analyzing persistence diagram ranges...
Found 32 valid diagrams with 8754 total finite features
Actual persistence ranges:
  Birth times: 0.0000 - 0.9960
  Lifespans: 0.0000 - 0.9821
Adjusted persistence image parameters:
  birth_range: (0.0000, 1.0956)
  pers_range: (0.0010, 1.0803)
PersistenceImager config: pixel_size=0.0078, sigma=0.0131

Persistence image conversion results:
  Successful: 16/16
  Success rate: 100.0%
Processing batch 93: samples 1473-1488
Computing persistence on full 248 point cloud...
  H0 features: 248
  H1 features: 48
Computing persistence on full 296 point cloud...
  H0 features: 296
  H1 features: 98
Computing persistence on full 227 point cloud...
  H0 features: 227
  H1 features: 69
Point cloud optimization: 514 -> 500
Computing persistence on full 503 point cloud...
  H0 features: 503
  H1 features: 309
Point cloud optimization: 1093 -> 500
Computing persistence on full 844 point cloud...
  H0 features: 844
  H1 features: 328
Computing persistence on full 285 point cloud...
  H0 features: 285
  H1 features: 86
Computing persistence on full 361 point cloud...
  H0 features: 361
  H1 features: 112
Point cloud optimization: 539 -> 500
Computing persistence on full 511 point cloud...
  H0 features: 511
  H1 features: 142
Computing persistence on full 326 point cloud...
  H0 features: 326
  H1 features: 93
Computing persistence on full 472 point cloud...
  H0 features: 472
  H1 features: 223
Computing persistence on full 235 point cloud...
  H0 features: 235
  H1 features: 53
Computing persistence on full 147 point cloud...
  H0 features: 147
  H1 features: 26
Computing persistence on full 370 point cloud...
  H0 features: 370
  H1 features: 151
Point cloud optimization: 624 -> 500
Computing persistence on full 539 point cloud...
  H0 features: 539
  H1 features: 156
Computing persistence on full 341 point cloud...
  H0 features: 341
  H1 features: 164
Point cloud optimization: 786 -> 500
Computing persistence on full 607 point cloud...
  H0 features: 607
  H1 features: 151
Analyzing persistence diagram ranges...
Found 32 valid diagrams with 8505 total finite features
Actual persistence ranges:
  Birth times: 0.0000 - 0.9988
  Lifespans: 0.0000 - 0.9854
Adjusted persistence image parameters:
  birth_range: (0.0000, 1.0987)
  pers_range: (0.0010, 1.0839)
PersistenceImager config: pixel_size=0.0078, sigma=0.0131

Persistence image conversion results:
  Successful: 16/16
  Success rate: 100.0%
Processing batch 94: samples 1489-1504
Point cloud optimization: 597 -> 500
Computing persistence on full 526 point cloud...
  H0 features: 526
  H1 features: 364
Point cloud optimization: 560 -> 500
Computing persistence on full 513 point cloud...
  H0 features: 513
  H1 features: 172
Point cloud optimization: 723 -> 500
Computing persistence on full 567 point cloud...
  H0 features: 567
  H1 features: 126
Point cloud optimization: 717 -> 500
Computing persistence on full 568 point cloud...
  H0 features: 568
  H1 features: 322
Point cloud optimization: 632 -> 500
Computing persistence on full 536 point cloud...
  H0 features: 536
  H1 features: 223
Point cloud optimization: 559 -> 500
Computing persistence on full 512 point cloud...
  H0 features: 512
  H1 features: 86
Point cloud optimization: 512 -> 500
Computing persistence on full 502 point cloud...
  H0 features: 502
  H1 features: 170
Computing persistence on full 445 point cloud...
  H0 features: 445
  H1 features: 190
Point cloud optimization: 566 -> 500
Computing persistence on full 521 point cloud...
  H0 features: 521
  H1 features: 199
Point cloud optimization: 687 -> 500
Computing persistence on full 537 point cloud...
  H0 features: 537
  H1 features: 142
Point cloud optimization: 791 -> 500
Computing persistence on full 609 point cloud...
  H0 features: 609
  H1 features: 269
Computing persistence on full 396 point cloud...
  H0 features: 396
  H1 features: 120
Computing persistence on full 282 point cloud...
  H0 features: 282
  H1 features: 85
Point cloud optimization: 852 -> 500
Computing persistence on full 655 point cloud...
  H0 features: 655
  H1 features: 266
Computing persistence on full 349 point cloud...
  H0 features: 349
  H1 features: 135
Point cloud optimization: 730 -> 500
Computing persistence on full 582 point cloud...
  H0 features: 582
  H1 features: 185
Analyzing persistence diagram ranges...
Found 32 valid diagrams with 11138 total finite features
Actual persistence ranges:
  Birth times: 0.0000 - 0.9970
  Lifespans: 0.0000 - 0.9897
Adjusted persistence image parameters:
  birth_range: (0.0000, 1.0967)
  pers_range: (0.0010, 1.0887)
PersistenceImager config: pixel_size=0.0078, sigma=0.0132

Persistence image conversion results:
  Successful: 16/16
  Success rate: 100.0%
Processing batch 95: samples 1505-1520
Point cloud optimization: 565 -> 500
Computing persistence on full 520 point cloud...
  H0 features: 520
  H1 features: 152
Point cloud optimization: 1059 -> 500
Computing persistence on full 796 point cloud...
  H0 features: 796
  H1 features: 375
Point cloud optimization: 819 -> 500
Computing persistence on full 630 point cloud...
  H0 features: 630
  H1 features: 364
Computing persistence on full 275 point cloud...
  H0 features: 275
  H1 features: 83
Computing persistence on full 234 point cloud...
  H0 features: 234
  H1 features: 56
Computing persistence on full 386 point cloud...
  H0 features: 386
  H1 features: 196
Computing persistence on full 296 point cloud...
  H0 features: 296
  H1 features: 115
Point cloud optimization: 516 -> 500
Computing persistence on full 504 point cloud...
  H0 features: 504
  H1 features: 199
Computing persistence on full 305 point cloud...
  H0 features: 305
  H1 features: 144
Computing persistence on full 290 point cloud...
  H0 features: 290
  H1 features: 63
Computing persistence on full 337 point cloud...
  H0 features: 337
  H1 features: 154
Point cloud optimization: 536 -> 500
Computing persistence on full 509 point cloud...
  H0 features: 509
  H1 features: 188
Point cloud optimization: 780 -> 500
Computing persistence on full 598 point cloud...
  H0 features: 598
  H1 features: 321
Computing persistence on full 444 point cloud...
  H0 features: 444
  H1 features: 205
Computing persistence on full 482 point cloud...
  H0 features: 482
  H1 features: 130
Computing persistence on full 340 point cloud...
  H0 features: 340
  H1 features: 161
Analyzing persistence diagram ranges...
Found 32 valid diagrams with 9836 total finite features
Actual persistence ranges:
  Birth times: 0.0000 - 0.9983
  Lifespans: 0.0000 - 0.9832
Adjusted persistence image parameters:
  birth_range: (0.0000, 1.0981)
  pers_range: (0.0010, 1.0815)
PersistenceImager config: pixel_size=0.0078, sigma=0.0131

Persistence image conversion results:
  Successful: 16/16
  Success rate: 100.0%
Processing batch 96: samples 1521-1536
Computing persistence on full 370 point cloud...
  H0 features: 370
  H1 features: 175
Point cloud optimization: 520 -> 500
Computing persistence on full 505 point cloud...
  H0 features: 505
  H1 features: 142
Computing persistence on full 256 point cloud...
  H0 features: 256
  H1 features: 69
Computing persistence on full 284 point cloud...
  H0 features: 284
  H1 features: 117
Computing persistence on full 209 point cloud...
  H0 features: 209
  H1 features: 32
Computing persistence on full 380 point cloud...
  H0 features: 380
  H1 features: 206
Point cloud optimization: 791 -> 500
Computing persistence on full 609 point cloud...
  H0 features: 609
  H1 features: 424
Point cloud optimization: 1168 -> 500
Computing persistence on full 880 point cloud...
  H0 features: 880
  H1 features: 593
Computing persistence on full 487 point cloud...
  H0 features: 487
  H1 features: 193
Point cloud optimization: 963 -> 500
Computing persistence on full 739 point cloud...
  H0 features: 739
  H1 features: 187
Point cloud optimization: 699 -> 500
Computing persistence on full 546 point cloud...
  H0 features: 546
  H1 features: 192
Point cloud optimization: 575 -> 500
Computing persistence on full 520 point cloud...
  H0 features: 520
  H1 features: 274
Point cloud optimization: 565 -> 500
Computing persistence on full 512 point cloud...
  H0 features: 512
  H1 features: 108
Computing persistence on full 498 point cloud...
  H0 features: 498
  H1 features: 224
Point cloud optimization: 1283 -> 500
Computing persistence on full 982 point cloud...
  H0 features: 982
  H1 features: 326
Point cloud optimization: 2818 -> 500
Computing persistence on full 2179 point cloud...
  H0 features: 2179
  H1 features: 997
Analyzing persistence diagram ranges...
Found 32 valid diagrams with 14199 total finite features
Actual persistence ranges:
  Birth times: 0.0000 - 0.9958
  Lifespans: 0.0000 - 0.9821
Adjusted persistence image parameters:
  birth_range: (0.0000, 1.0954)
  pers_range: (0.0010, 1.0803)
PersistenceImager config: pixel_size=0.0078, sigma=0.0131

Persistence image conversion results:
  Successful: 16/16
  Success rate: 100.0%
Processing batch 97: samples 1537-1552
Point cloud optimization: 627 -> 500
Computing persistence on full 535 point cloud...
  H0 features: 535
  H1 features: 121
Point cloud optimization: 620 -> 500
Computing persistence on full 527 point cloud...
  H0 features: 527
  H1 features: 141
Computing persistence on full 384 point cloud...
  H0 features: 384
  H1 features: 95
Point cloud optimization: 587 -> 500
Computing persistence on full 527 point cloud...
  H0 features: 527
  H1 features: 181
Point cloud optimization: 786 -> 500
Computing persistence on full 611 point cloud...
  H0 features: 611
  H1 features: 287
Computing persistence on full 304 point cloud...
  H0 features: 304
  H1 features: 123
Computing persistence on full 378 point cloud...
  H0 features: 378
  H1 features: 99
Computing persistence on full 199 point cloud...
  H0 features: 199
  H1 features: 65
Computing persistence on full 319 point cloud...
  H0 features: 319
  H1 features: 58
Computing persistence on full 249 point cloud...
  H0 features: 249
  H1 features: 95
Computing persistence on full 414 point cloud...
  H0 features: 414
  H1 features: 130
Computing persistence on full 495 point cloud...
  H0 features: 495
  H1 features: 259
Computing persistence on full 335 point cloud...
  H0 features: 335
  H1 features: 152
Computing persistence on full 362 point cloud...
  H0 features: 362
  H1 features: 162
Computing persistence on full 327 point cloud...
  H0 features: 327
  H1 features: 107
Computing persistence on full 382 point cloud...
  H0 features: 382
  H1 features: 135
Analyzing persistence diagram ranges...
Found 32 valid diagrams with 8542 total finite features
Actual persistence ranges:
  Birth times: 0.0000 - 1.0017
  Lifespans: 0.0000 - 0.9868
Adjusted persistence image parameters:
  birth_range: (0.0000, 1.1019)
  pers_range: (0.0010, 1.0855)
PersistenceImager config: pixel_size=0.0078, sigma=0.0131

Persistence image conversion results:
  Successful: 16/16
  Success rate: 100.0%
Processing batch 98: samples 1553-1568
Point cloud optimization: 891 -> 500
Computing persistence on full 674 point cloud...
  H0 features: 674
  H1 features: 222
Point cloud optimization: 902 -> 500
Computing persistence on full 685 point cloud...
  H0 features: 685
  H1 features: 299
Computing persistence on full 326 point cloud...
  H0 features: 326
  H1 features: 141
Computing persistence on full 206 point cloud...
  H0 features: 206
  H1 features: 51
Computing persistence on full 484 point cloud...
  H0 features: 484
  H1 features: 185
Computing persistence on full 483 point cloud...
  H0 features: 483
  H1 features: 199
Computing persistence on full 438 point cloud...
  H0 features: 438
  H1 features: 175
Point cloud optimization: 565 -> 500
Computing persistence on full 521 point cloud...
  H0 features: 521
  H1 features: 233
Computing persistence on full 249 point cloud...
  H0 features: 249
  H1 features: 109
Point cloud optimization: 587 -> 500
Computing persistence on full 527 point cloud...
  H0 features: 527
  H1 features: 248
Computing persistence on full 194 point cloud...
  H0 features: 194
  H1 features: 44
Point cloud optimization: 505 -> 500
Computing persistence on full 500 point cloud...
  H0 features: 500
  H1 features: 258
Computing persistence on full 440 point cloud...
  H0 features: 440
  H1 features: 154
Computing persistence on full 322 point cloud...
  H0 features: 322
  H1 features: 143
Computing persistence on full 377 point cloud...
  H0 features: 377
  H1 features: 95
Computing persistence on full 330 point cloud...
  H0 features: 330
  H1 features: 105
Analyzing persistence diagram ranges...
Found 32 valid diagrams with 9401 total finite features
Actual persistence ranges:
  Birth times: 0.0000 - 0.9972
  Lifespans: 0.0000 - 0.9838
Adjusted persistence image parameters:
  birth_range: (0.0000, 1.0970)
  pers_range: (0.0010, 1.0822)
PersistenceImager config: pixel_size=0.0078, sigma=0.0131

Persistence image conversion results:
  Successful: 16/16
  Success rate: 100.0%
Processing batch 99: samples 1569-1584
Computing persistence on full 386 point cloud...
  H0 features: 386
  H1 features: 200
Computing persistence on full 427 point cloud...
  H0 features: 427
  H1 features: 157
Point cloud optimization: 533 -> 500
Computing persistence on full 508 point cloud...
  H0 features: 508
  H1 features: 208
Computing persistence on full 423 point cloud...
  H0 features: 423
  H1 features: 223
Point cloud optimization: 877 -> 500
Computing persistence on full 666 point cloud...
  H0 features: 666
  H1 features: 227
Computing persistence on full 337 point cloud...
  H0 features: 337
  H1 features: 151
Point cloud optimization: 1155 -> 500
Computing persistence on full 881 point cloud...
  H0 features: 881
  H1 features: 635
Computing persistence on full 392 point cloud...
  H0 features: 392
  H1 features: 200
Point cloud optimization: 753 -> 500
Computing persistence on full 587 point cloud...
  H0 features: 587
  H1 features: 194
Computing persistence on full 178 point cloud...
  H0 features: 178
  H1 features: 48
Point cloud optimization: 528 -> 500
Computing persistence on full 505 point cloud...
  H0 features: 505
  H1 features: 316
Computing persistence on full 373 point cloud...
  H0 features: 373
  H1 features: 119
Computing persistence on full 249 point cloud...
  H0 features: 249
  H1 features: 55
Point cloud optimization: 607 -> 500
Computing persistence on full 529 point cloud...
  H0 features: 529
  H1 features: 310
Point cloud optimization: 515 -> 500
Computing persistence on full 503 point cloud...
  H0 features: 503
  H1 features: 271
Computing persistence on full 210 point cloud...
  H0 features: 210
  H1 features: 47
Analyzing persistence diagram ranges...
Found 32 valid diagrams with 10499 total finite features
Actual persistence ranges:
  Birth times: 0.0000 - 0.9973
  Lifespans: 0.0000 - 0.9800
Adjusted persistence image parameters:
  birth_range: (0.0000, 1.0970)
  pers_range: (0.0010, 1.0780)
PersistenceImager config: pixel_size=0.0078, sigma=0.0130

Persistence image conversion results:
  Successful: 16/16
  Success rate: 100.0%
Processing batch 100: samples 1585-1599
Computing persistence on full 426 point cloud...
  H0 features: 426
  H1 features: 184
Point cloud optimization: 700 -> 500
Computing persistence on full 560 point cloud...
  H0 features: 560
  H1 features: 170
Computing persistence on full 329 point cloud...
  H0 features: 329
  H1 features: 178
Computing persistence on full 222 point cloud...
  H0 features: 222
  H1 features: 53
Computing persistence on full 446 point cloud...
  H0 features: 446
  H1 features: 193
Point cloud optimization: 656 -> 500
Computing persistence on full 545 point cloud...
  H0 features: 545
  H1 features: 207
Computing persistence on full 484 point cloud...
  H0 features: 484
  H1 features: 137
Computing persistence on full 276 point cloud...
  H0 features: 276
  H1 features: 45
Computing persistence on full 213 point cloud...
  H0 features: 213
  H1 features: 38
Computing persistence on full 272 point cloud...
  H0 features: 272
  H1 features: 82
Point cloud optimization: 516 -> 500
Computing persistence on full 504 point cloud...
  H0 features: 504
  H1 features: 122
Point cloud optimization: 530 -> 500
Computing persistence on full 510 point cloud...
  H0 features: 510
  H1 features: 149
Computing persistence on full 435 point cloud...
  H0 features: 435
  H1 features: 253
Computing persistence on full 184 point cloud...
  H0 features: 184
  H1 features: 29
Point cloud optimization: 597 -> 500
Computing persistence on full 528 point cloud...
  H0 features: 528
  H1 features: 179
Analyzing persistence diagram ranges...
Found 30 valid diagrams with 7938 total finite features
Actual persistence ranges:
  Birth times: 0.0000 - 0.9916
  Lifespans: 0.0000 - 0.9771
Adjusted persistence image parameters:
  birth_range: (0.0000, 1.0908)
  pers_range: (0.0010, 1.0748)
PersistenceImager config: pixel_size=0.0077, sigma=0.0130

Persistence image conversion results:
  Successful: 15/15
  Success rate: 100.0%

Final ChaosNLI results saved:
  Persistence images: /vol/bitbucket/ahb24/tda_entailment_new/MNLI_ORDER_ASYMM_MODELS_precomputed_chaosnli_mnli_matched_persistence_images.pkl
  Metadata: /vol/bitbucket/ahb24/tda_entailment_new/MNLI_ORDER_ASYMM_MODELS_precomputed_chaosnli_mnli_matched_persistence_images_metadata.json
  Shape: (1599, 900)
  Image resolution: 30x30 (900 features per sample)
  Human label distributions preserved: 1599

✅ ChaosNLI persistence image precomputation completed!
Total time: 0.2 hours
Persistence images saved to: /vol/bitbucket/ahb24/tda_entailment_new/MNLI_ORDER_ASYMM_MODELS_precomputed_chaosnli_mnli_matched_persistence_images.pkl

Analysis completed with exit code: 0
Time: Tue  2 Sep 22:26:39 BST 2025

=== ANALYSIS SUCCESSFUL ===
Extraction successful!


Job finished.
