Starting Surface Distance Metric Analysis job...
Job ID: 198859
Node: parrot
Time: Wed 27 Aug 18:12:37 BST 2025
Loading CUDA...
Activating conda environment...
Activated conda environment: /vol/bitbucket/ahb24/tda_entailment_new
Python location: /vol/bitbucket/ahb24/tda_entailment_new/bin/python
Checking GPU availability...
Wed Aug 27 18:12:41 2025       
+-----------------------------------------------------------------------------------------+
| NVIDIA-SMI 570.133.07             Driver Version: 570.133.07     CUDA Version: 12.8     |
|-----------------------------------------+------------------------+----------------------+
| GPU  Name                 Persistence-M | Bus-Id          Disp.A | Volatile Uncorr. ECC |
| Fan  Temp   Perf          Pwr:Usage/Cap |           Memory-Usage | GPU-Util  Compute M. |
|                                         |                        |               MIG M. |
|=========================================+========================+======================|
|   0  NVIDIA A16                     Off |   00000000:C9:00.0 Off |                  Off |
|  0%   39C    P8             16W /   62W |       3MiB /  16380MiB |      0%      Default |
|                                         |                        |                  N/A |
+-----------------------------------------+------------------------+----------------------+
                                                                                         
+-----------------------------------------------------------------------------------------+
| Processes:                                                                              |
|  GPU   GI   CI              PID   Type   Process name                        GPU Memory |
|        ID   ID                                                               Usage      |
|=========================================================================================|
|  No running processes found                                                             |
+-----------------------------------------------------------------------------------------+

Testing PyTorch and CUDA...
PyTorch version: 2.4.1
CUDA available: True
CUDA device: NVIDIA A16
GPU memory: 16.8 GB
PyTorch setup verified!

Starting SBERT Token Extraction...

Starting SNLI chunk processing...
Initializing SeparateModelPointCloudGenerator on cuda...
Loading separate models...
Order model: MSc_Topology_Codebase/phd_method/models/separate_models/order_embedding_model_separate_margins.pt
Asymmetry model: MSc_Topology_Codebase/phd_method/models/separate_models/new_independent_asymmetry_transform_model_v2.pt
Both models loaded on cuda
Order model training stats: Best val loss = 0.3095578676823919
Asymmetry model training stats: Best val loss = 3.3644538818131413
Generator initialized successfully
================================================================================
PROCESSING ALL CHUNKS FOR PERSISTENCE IMAGES
================================================================================
Input base: /vol/bitbucket/ahb24/tda_entailment_new/chunked_snli_train_sbert_tokens.pkl
Output base: /vol/bitbucket/ahb24/tda_entailment_new/chunked_snli_train_persistence_images.pkl
Number of chunks: 5

============================================================
PROCESSING CHUNK 1/5
============================================================
⚠️  Output already exists: /vol/bitbucket/ahb24/tda_entailment_new/chunked_snli_train_persistence_images_chunk_1_of_5.pkl
Skipping this chunk...

============================================================
PROCESSING CHUNK 2/5
============================================================
⚠️  Output already exists: /vol/bitbucket/ahb24/tda_entailment_new/chunked_snli_train_persistence_images_chunk_2_of_5.pkl
Skipping this chunk...

============================================================
PROCESSING CHUNK 3/5
============================================================
⚠️  Output already exists: /vol/bitbucket/ahb24/tda_entailment_new/chunked_snli_train_persistence_images_chunk_3_of_5.pkl
Skipping this chunk...

============================================================
PROCESSING CHUNK 4/5
============================================================
⚠️  Output already exists: /vol/bitbucket/ahb24/tda_entailment_new/chunked_snli_train_persistence_images_chunk_4_of_5.pkl
Skipping this chunk...

============================================================
PROCESSING CHUNK 5/5
============================================================
⚠️  Output already exists: /vol/bitbucket/ahb24/tda_entailment_new/chunked_snli_train_persistence_images_chunk_5_of_5.pkl
Skipping this chunk...

================================================================================
ALL CHUNKS PROCESSING COMPLETED!
Total time: 0.0 hours
================================================================================

================================================================================
Starting MNLI chunk processing...
Initializing SeparateModelPointCloudGenerator on cuda...
Loading separate models...
Order model: MSc_Topology_Codebase/phd_method/models/separate_models/order_embedding_model_separate_margins.pt
Asymmetry model: MSc_Topology_Codebase/phd_method/models/separate_models/new_independent_asymmetry_transform_model_v2.pt
Both models loaded on cuda
Order model training stats: Best val loss = 0.3095578676823919
Asymmetry model training stats: Best val loss = 3.3644538818131413
Generator initialized successfully
================================================================================
PROCESSING ALL CHUNKS FOR PERSISTENCE IMAGES
================================================================================
Input base: /vol/bitbucket/ahb24/tda_entailment_new/chunked_mnli_train_sbert_tokens.pkl
Output base: /vol/bitbucket/ahb24/tda_entailment_new/chunked_mnli_train_persistence_images.pkl
Number of chunks: 5

============================================================
PROCESSING CHUNK 1/5
============================================================
⚠️  Output already exists: /vol/bitbucket/ahb24/tda_entailment_new/chunked_mnli_train_persistence_images_chunk_1_of_5.pkl
Skipping this chunk...

============================================================
PROCESSING CHUNK 2/5
============================================================
⚠️  Output already exists: /vol/bitbucket/ahb24/tda_entailment_new/chunked_mnli_train_persistence_images_chunk_2_of_5.pkl
Skipping this chunk...

============================================================
PROCESSING CHUNK 3/5
============================================================
================================================================================
PROCESSING SINGLE CHUNK: /vol/bitbucket/ahb24/tda_entailment_new/chunked_mnli_train_sbert_tokens_chunk_3_of_5.pkl
================================================================================
Loading chunk data...
Chunk info: {'chunk_idx': 3, 'total_chunks': 5, 'start_idx': 157082, 'end_idx': 235623, 'chunk_size': 78541}
Loaded 78541 samples from chunk

Chunk statistics after filtering:
  entailment: 26205 samples
    Token stats: 41 ± 19
  neutral: 26081 samples
    Token stats: 42 ± 19
  contradiction: 26255 samples
    Token stats: 40 ± 19

Processing 78541 samples from chunk...

Processing entailment: 26205 samples
Point cloud optimization: 633 -> 500
Computing persistence on full 534 point cloud...
  H0 features: 534
  H1 features: 185
Computing persistence on full 220 point cloud...
  H0 features: 220
  H1 features: 49
Point cloud optimization: 579 -> 500
Computing persistence on full 523 point cloud...
  H0 features: 523
  H1 features: 150
Point cloud optimization: 732 -> 500
Computing persistence on full 580 point cloud...
  H0 features: 580
  H1 features: 150
Computing persistence on full 386 point cloud...
  H0 features: 386
  H1 features: 102
Point cloud optimization: 900 -> 500
Computing persistence on full 681 point cloud...
  H0 features: 681
  H1 features: 261
Computing persistence on full 281 point cloud...
  H0 features: 281
  H1 features: 62
Computing persistence on full 211 point cloud...
  H0 features: 211
  H1 features: 53
Point cloud optimization: 563 -> 500
Computing persistence on full 516 point cloud...
  H0 features: 516
  H1 features: 197
Computing persistence on full 240 point cloud...
  H0 features: 240
  H1 features: 66
Point cloud optimization: 868 -> 500
Computing persistence on full 659 point cloud...
  H0 features: 659
  H1 features: 321
Point cloud optimization: 1378 -> 500
Computing persistence on full 1045 point cloud...
  H0 features: 1045
  H1 features: 298
Computing persistence on full 429 point cloud...
  H0 features: 429
  H1 features: 147
Computing persistence on full 499 point cloud...
  H0 features: 499
  H1 features: 215
Point cloud optimization: 697 -> 500
Computing persistence on full 567 point cloud...
  H0 features: 567
  H1 features: 136
Point cloud optimization: 716 -> 500
Computing persistence on full 561 point cloud...
  H0 features: 561
  H1 features: 321
Analyzing persistence diagram ranges...
Found 32 valid diagrams with 10629 total finite features
Actual persistence ranges:
  Birth times: 0.0000 - 0.9992
  Lifespans: 0.0000 - 0.9902
Adjusted persistence image parameters:
  birth_range: (0.0000, 1.0992)
  pers_range: (0.0010, 1.0892)
PersistenceImager config: pixel_size=0.0078, sigma=0.0132

Persistence image conversion results:
  Successful: 16/16
  Success rate: 100.0%
Computing persistence on full 346 point cloud...
  H0 features: 346
  H1 features: 97
Computing persistence on full 421 point cloud...
  H0 features: 421
  H1 features: 213
Point cloud optimization: 948 -> 500
Computing persistence on full 722 point cloud...
  H0 features: 722
  H1 features: 298
Computing persistence on full 411 point cloud...
  H0 features: 411
  H1 features: 188
Point cloud optimization: 567 -> 500
Computing persistence on full 518 point cloud...
  H0 features: 518
  H1 features: 239
Point cloud optimization: 1013 -> 500
Computing persistence on full 775 point cloud...
  H0 features: 775
  H1 features: 191
Computing persistence on full 398 point cloud...
  H0 features: 398
  H1 features: 224
Computing persistence on full 244 point cloud...
  H0 features: 244
  H1 features: 50
Computing persistence on full 482 point cloud...
  H0 features: 482
  H1 features: 155
Point cloud optimization: 603 -> 500
Computing persistence on full 527 point cloud...
  H0 features: 527
  H1 features: 202
Point cloud optimization: 2016 -> 500
Computing persistence on full 1495 point cloud...
  H0 features: 1495
  H1 features: 827
Computing persistence on full 321 point cloud...
  H0 features: 321
  H1 features: 151
Computing persistence on full 446 point cloud...
  H0 features: 446
  H1 features: 169
Computing persistence on full 325 point cloud...
  H0 features: 325
  H1 features: 148
Point cloud optimization: 1032 -> 500
Computing persistence on full 825 point cloud...
  H0 features: 825
  H1 features: 284
Point cloud optimization: 560 -> 500
Computing persistence on full 516 point cloud...
  H0 features: 516
  H1 features: 281
Analyzing persistence diagram ranges...
Found 32 valid diagrams with 12473 total finite features
Actual persistence ranges:
  Birth times: 0.0000 - 0.9985
  Lifespans: 0.0000 - 0.9787
Adjusted persistence image parameters:
  birth_range: (0.0000, 1.0983)
  pers_range: (0.0010, 1.0766)
PersistenceImager config: pixel_size=0.0077, sigma=0.0130

Persistence image conversion results:
  Successful: 16/16
  Success rate: 100.0%
Point cloud optimization: 502 -> 500
Computing persistence on full 500 point cloud...
  H0 features: 500
  H1 features: 182
Point cloud optimization: 569 -> 500
Computing persistence on full 519 point cloud...
  H0 features: 519
  H1 features: 163
Point cloud optimization: 1219 -> 500
Computing persistence on full 925 point cloud...
  H0 features: 925
  H1 features: 240
Computing persistence on full 476 point cloud...
  H0 features: 476
  H1 features: 205
Point cloud optimization: 544 -> 500
Computing persistence on full 511 point cloud...
  H0 features: 511
  H1 features: 169
Point cloud optimization: 617 -> 500
Computing persistence on full 536 point cloud...
  H0 features: 536
  H1 features: 151
Point cloud optimization: 890 -> 500
Computing persistence on full 687 point cloud...
  H0 features: 687
  H1 features: 269
Computing persistence on full 421 point cloud...
  H0 features: 421
  H1 features: 155
Computing persistence on full 469 point cloud...
  H0 features: 469
  H1 features: 153
Point cloud optimization: 801 -> 500
Computing persistence on full 628 point cloud...
  H0 features: 628
  H1 features: 206
Computing persistence on full 351 point cloud...
  H0 features: 351
  H1 features: 158
Computing persistence on full 336 point cloud...
  H0 features: 336
  H1 features: 101
Computing persistence on full 366 point cloud...
  H0 features: 366
  H1 features: 115
Point cloud optimization: 595 -> 500
Computing persistence on full 524 point cloud...
  H0 features: 524
  H1 features: 219
Computing persistence on full 258 point cloud...
  H0 features: 258
  H1 features: 51
Point cloud optimization: 1961 -> 500
Computing persistence on full 1477 point cloud...
  H0 features: 1477
  H1 features: 668
Analyzing persistence diagram ranges...
Found 32 valid diagrams with 12173 total finite features
Actual persistence ranges:
  Birth times: 0.0000 - 0.9985
  Lifespans: 0.0000 - 0.9737
Adjusted persistence image parameters:
  birth_range: (0.0000, 1.0983)
  pers_range: (0.0010, 1.0710)
PersistenceImager config: pixel_size=0.0077, sigma=0.0130

Persistence image conversion results:
  Successful: 16/16
  Success rate: 100.0%
Point cloud optimization: 1025 -> 500
Computing persistence on full 784 point cloud...
  H0 features: 784
  H1 features: 214
Point cloud optimization: 1197 -> 500
Computing persistence on full 903 point cloud...
  H0 features: 903
  H1 features: 217
Computing persistence on full 424 point cloud...
  H0 features: 424
  H1 features: 218
Point cloud optimization: 664 -> 500
Computing persistence on full 549 point cloud...
  H0 features: 549
  H1 features: 201
Computing persistence on full 391 point cloud...
  H0 features: 391
  H1 features: 154
Point cloud optimization: 576 -> 500
Computing persistence on full 520 point cloud...
  H0 features: 520
  H1 features: 310
Computing persistence on full 328 point cloud...
  H0 features: 328
  H1 features: 152
Computing persistence on full 484 point cloud...
  H0 features: 484
  H1 features: 295
Point cloud optimization: 549 -> 500
Computing persistence on full 514 point cloud...
  H0 features: 514
  H1 features: 219
Computing persistence on full 269 point cloud...
  H0 features: 269
  H1 features: 70
Computing persistence on full 490 point cloud...
  H0 features: 490
  H1 features: 182
Computing persistence on full 318 point cloud...
  H0 features: 318
  H1 features: 59
Computing persistence on full 467 point cloud...
  H0 features: 467
  H1 features: 197
Computing persistence on full 314 point cloud...
  H0 features: 314
  H1 features: 149
Computing persistence on full 370 point cloud...
  H0 features: 370
  H1 features: 138
Point cloud optimization: 802 -> 500
Computing persistence on full 614 point cloud...
  H0 features: 614
  H1 features: 223
Analyzing persistence diagram ranges...
Found 32 valid diagrams with 10721 total finite features
Actual persistence ranges:
  Birth times: 0.0000 - 0.9986
  Lifespans: 0.0000 - 0.9784
Adjusted persistence image parameters:
  birth_range: (0.0000, 1.0985)
  pers_range: (0.0010, 1.0763)
PersistenceImager config: pixel_size=0.0077, sigma=0.0130

Persistence image conversion results:
  Successful: 16/16
  Success rate: 100.0%
Computing persistence on full 371 point cloud...
  H0 features: 371
  H1 features: 117
Point cloud optimization: 2353 -> 500
Computing persistence on full 1746 point cloud...
  H0 features: 1746
  H1 features: 451
Computing persistence on full 235 point cloud...
  H0 features: 235
  H1 features: 50
Computing persistence on full 385 point cloud...
  H0 features: 385
  H1 features: 178
Computing persistence on full 289 point cloud...
  H0 features: 289
  H1 features: 121
Computing persistence on full 494 point cloud...
  H0 features: 494
  H1 features: 165
Computing persistence on full 392 point cloud...
  H0 features: 392
  H1 features: 153
Computing persistence on full 304 point cloud...
  H0 features: 304
  H1 features: 136
Point cloud optimization: 725 -> 500
Computing persistence on full 575 point cloud...
  H0 features: 575
  H1 features: 260
Point cloud optimization: 929 -> 500
Computing persistence on full 711 point cloud...
  H0 features: 711
  H1 features: 176
Point cloud optimization: 1165 -> 500
Computing persistence on full 903 point cloud...
  H0 features: 903
  H1 features: 431
Computing persistence on full 478 point cloud...
  H0 features: 478
  H1 features: 148
Computing persistence on full 394 point cloud...
  H0 features: 394
  H1 features: 147
Point cloud optimization: 1017 -> 500
Computing persistence on full 772 point cloud...
  H0 features: 772
  H1 features: 326
Computing persistence on full 242 point cloud...
  H0 features: 242
  H1 features: 58
Computing persistence on full 327 point cloud...
  H0 features: 327
  H1 features: 154
Analyzing persistence diagram ranges...
Found 32 valid diagrams with 11673 total finite features
Actual persistence ranges:
  Birth times: 0.0000 - 0.9989
  Lifespans: 0.0000 - 0.9835
Adjusted persistence image parameters:
  birth_range: (0.0000, 1.0988)
  pers_range: (0.0010, 1.0819)
PersistenceImager config: pixel_size=0.0078, sigma=0.0131

Persistence image conversion results:
  Successful: 16/16
  Success rate: 100.0%
Point cloud optimization: 647 -> 500
Computing persistence on full 543 point cloud...
  H0 features: 543
  H1 features: 192
Point cloud optimization: 1228 -> 500
Computing persistence on full 920 point cloud...
  H0 features: 920
  H1 features: 277
Point cloud optimization: 639 -> 500
Computing persistence on full 534 point cloud...
  H0 features: 534
  H1 features: 115
Point cloud optimization: 589 -> 500
Computing persistence on full 524 point cloud...
  H0 features: 524
  H1 features: 263
Point cloud optimization: 585 -> 500
Computing persistence on full 523 point cloud...
  H0 features: 523
  H1 features: 198
Point cloud optimization: 569 -> 500
Computing persistence on full 519 point cloud...
  H0 features: 519
  H1 features: 188
Computing persistence on full 423 point cloud...
  H0 features: 423
  H1 features: 106
Point cloud optimization: 1302 -> 500
Computing persistence on full 989 point cloud...
  H0 features: 989
  H1 features: 344
Point cloud optimization: 615 -> 500
Computing persistence on full 529 point cloud...
  H0 features: 529
  H1 features: 257
Point cloud optimization: 541 -> 500
Computing persistence on full 510 point cloud...
  H0 features: 510
  H1 features: 199
Point cloud optimization: 583 -> 500
Computing persistence on full 524 point cloud...
  H0 features: 524
  H1 features: 142
Computing persistence on full 426 point cloud...
  H0 features: 426
  H1 features: 231
Computing persistence on full 298 point cloud...
  H0 features: 298
  H1 features: 134
Point cloud optimization: 629 -> 500
Computing persistence on full 535 point cloud...
  H0 features: 535
  H1 features: 170
Point cloud optimization: 553 -> 500
Computing persistence on full 515 point cloud...
  H0 features: 515
  H1 features: 208
Point cloud optimization: 555 -> 500
Computing persistence on full 515 point cloud...
  H0 features: 515
  H1 features: 253
Analyzing persistence diagram ranges...
Found 32 valid diagrams with 12088 total finite features
Actual persistence ranges:
  Birth times: 0.0000 - 0.9986
  Lifespans: 0.0000 - 0.9751
Adjusted persistence image parameters:
  birth_range: (0.0000, 1.0984)
  pers_range: (0.0010, 1.0726)
PersistenceImager config: pixel_size=0.0077, sigma=0.0130

Persistence image conversion results:
  Successful: 16/16
  Success rate: 100.0%
Computing persistence on full 434 point cloud...
  H0 features: 434
  H1 features: 207
Point cloud optimization: 1132 -> 500
Computing persistence on full 862 point cloud...
  H0 features: 862
  H1 features: 257
Point cloud optimization: 704 -> 500
Computing persistence on full 558 point cloud...
  H0 features: 558
  H1 features: 269
Computing persistence on full 260 point cloud...
  H0 features: 260
  H1 features: 59
Computing persistence on full 424 point cloud...
  H0 features: 424
  H1 features: 229
Point cloud optimization: 863 -> 500
Computing persistence on full 654 point cloud...
  H0 features: 654
  H1 features: 205
Computing persistence on full 404 point cloud...
  H0 features: 404
  H1 features: 113
Computing persistence on full 314 point cloud...
  H0 features: 314
  H1 features: 153
Point cloud optimization: 660 -> 500
Computing persistence on full 542 point cloud...
  H0 features: 542
  H1 features: 128
Computing persistence on full 409 point cloud...
  H0 features: 409
  H1 features: 118
Computing persistence on full 500 point cloud...
  H0 features: 500
  H1 features: 127
Computing persistence on full 309 point cloud...
  H0 features: 309
  H1 features: 74
Point cloud optimization: 883 -> 500
Computing persistence on full 672 point cloud...
  H0 features: 672
  H1 features: 271
Computing persistence on full 487 point cloud...
  H0 features: 487
  H1 features: 216
Computing persistence on full 343 point cloud...
  H0 features: 343
  H1 features: 78
Point cloud optimization: 669 -> 500
Computing persistence on full 542 point cloud...
  H0 features: 542
  H1 features: 264
Analyzing persistence diagram ranges...
Found 32 valid diagrams with 10466 total finite features
Actual persistence ranges:
  Birth times: 0.0000 - 0.9989
  Lifespans: 0.0000 - 0.9839
Adjusted persistence image parameters:
  birth_range: (0.0000, 1.0987)
  pers_range: (0.0010, 1.0823)
PersistenceImager config: pixel_size=0.0078, sigma=0.0131

Persistence image conversion results:
  Successful: 16/16
  Success rate: 100.0%
Point cloud optimization: 709 -> 500
Computing persistence on full 561 point cloud...
  H0 features: 561
  H1 features: 130
Computing persistence on full 182 point cloud...
  H0 features: 182
  H1 features: 40
Point cloud optimization: 581 -> 500
Computing persistence on full 521 point cloud...
  H0 features: 521
  H1 features: 244
Computing persistence on full 496 point cloud...
  H0 features: 496
  H1 features: 260
Computing persistence on full 303 point cloud...
  H0 features: 303
  H1 features: 105
Computing persistence on full 345 point cloud...
  H0 features: 345
  H1 features: 155
Point cloud optimization: 617 -> 500
Computing persistence on full 531 point cloud...
  H0 features: 531
  H1 features: 243
Point cloud optimization: 537 -> 500
Computing persistence on full 510 point cloud...
  H0 features: 510
  H1 features: 201
Point cloud optimization: 610 -> 500
Computing persistence on full 533 point cloud...
  H0 features: 533
  H1 features: 185
Point cloud optimization: 825 -> 500
Computing persistence on full 628 point cloud...
  H0 features: 628
  H1 features: 210
Computing persistence on full 385 point cloud...
  H0 features: 385
  H1 features: 195
Computing persistence on full 441 point cloud...
  H0 features: 441
  H1 features: 225
Computing persistence on full 374 point cloud...
  H0 features: 374
  H1 features: 139
Point cloud optimization: 973 -> 500
Computing persistence on full 734 point cloud...
  H0 features: 734
  H1 features: 255
Computing persistence on full 451 point cloud...
  H0 features: 451
  H1 features: 174
Computing persistence on full 393 point cloud...
  H0 features: 393
  H1 features: 229
Analyzing persistence diagram ranges...
Found 32 valid diagrams with 10362 total finite features
Actual persistence ranges:
  Birth times: 0.0000 - 0.9990
  Lifespans: 0.0000 - 0.9793
Adjusted persistence image parameters:
  birth_range: (0.0000, 1.0988)
  pers_range: (0.0010, 1.0773)
PersistenceImager config: pixel_size=0.0077, sigma=0.0130

Persistence image conversion results:
  Successful: 16/16
  Success rate: 100.0%
Computing persistence on full 198 point cloud...
  H0 features: 198
  H1 features: 47
Point cloud optimization: 1012 -> 500
Computing persistence on full 773 point cloud...
  H0 features: 773
  H1 features: 345
Point cloud optimization: 1156 -> 500
Computing persistence on full 872 point cloud...
  H0 features: 872
  H1 features: 335
Point cloud optimization: 585 -> 500
Computing persistence on full 522 point cloud...
  H0 features: 522
  H1 features: 189
Computing persistence on full 290 point cloud...
  H0 features: 290
  H1 features: 96
Computing persistence on full 457 point cloud...
  H0 features: 457
  H1 features: 226
Point cloud optimization: 521 -> 500
Computing persistence on full 505 point cloud...
  H0 features: 505
  H1 features: 217
Point cloud optimization: 791 -> 500
Computing persistence on full 606 point cloud...
  H0 features: 606
  H1 features: 173
Point cloud optimization: 591 -> 500
Computing persistence on full 524 point cloud...
  H0 features: 524
  H1 features: 298
Point cloud optimization: 679 -> 500
Computing persistence on full 546 point cloud...
  H0 features: 546
  H1 features: 182
Computing persistence on full 460 point cloud...
  H0 features: 460
  H1 features: 228
Computing persistence on full 334 point cloud...
  H0 features: 334
  H1 features: 86
Point cloud optimization: 1010 -> 500
Computing persistence on full 764 point cloud...
  H0 features: 764
  H1 features: 216
Computing persistence on full 390 point cloud...
  H0 features: 390
  H1 features: 188
Point cloud optimization: 828 -> 500
Computing persistence on full 628 point cloud...
  H0 features: 628
  H1 features: 215
Point cloud optimization: 652 -> 500
Computing persistence on full 540 point cloud...
  H0 features: 540
  H1 features: 124
Analyzing persistence diagram ranges...
Found 32 valid diagrams with 11558 total finite features
Actual persistence ranges:
  Birth times: 0.0000 - 0.9984
  Lifespans: 0.0000 - 0.9755
Adjusted persistence image parameters:
  birth_range: (0.0000, 1.0982)
  pers_range: (0.0010, 1.0731)
PersistenceImager config: pixel_size=0.0077, sigma=0.0130

Persistence image conversion results:
  Successful: 16/16
  Success rate: 100.0%
Computing persistence on full 350 point cloud...
  H0 features: 350
  H1 features: 93
Computing persistence on full 486 point cloud...
  H0 features: 486
  H1 features: 126
Computing persistence on full 294 point cloud...
  H0 features: 294
  H1 features: 77
Point cloud optimization: 589 -> 500
Computing persistence on full 525 point cloud...
  H0 features: 525
  H1 features: 214
Point cloud optimization: 770 -> 500
Computing persistence on full 600 point cloud...
  H0 features: 600
  H1 features: 327
Point cloud optimization: 1028 -> 500
Computing persistence on full 801 point cloud...
  H0 features: 801
  H1 features: 332
Computing persistence on full 306 point cloud...
  H0 features: 306
  H1 features: 80
Point cloud optimization: 1453 -> 500
Computing persistence on full 1086 point cloud...
  H0 features: 1086
  H1 features: 356
Computing persistence on full 394 point cloud...
  H0 features: 394
  H1 features: 195
Point cloud optimization: 573 -> 500
Computing persistence on full 520 point cloud...
  H0 features: 520
  H1 features: 215
Computing persistence on full 259 point cloud...
  H0 features: 259
  H1 features: 100
Computing persistence on full 480 point cloud...
  H0 features: 480
  H1 features: 275
Point cloud optimization: 553 -> 500
Computing persistence on full 514 point cloud...
  H0 features: 514
  H1 features: 213
Point cloud optimization: 1114 -> 500
Computing persistence on full 838 point cloud...
  H0 features: 838
  H1 features: 499
Computing persistence on full 359 point cloud...
  H0 features: 359
  H1 features: 142
Point cloud optimization: 1090 -> 500
Computing persistence on full 823 point cloud...
  H0 features: 823
  H1 features: 361
Analyzing persistence diagram ranges...
Found 32 valid diagrams with 12224 total finite features
Actual persistence ranges:
  Birth times: 0.0000 - 0.9979
  Lifespans: 0.0000 - 0.9711
Adjusted persistence image parameters:
  birth_range: (0.0000, 1.0976)
  pers_range: (0.0010, 1.0683)
PersistenceImager config: pixel_size=0.0077, sigma=0.0129

Persistence image conversion results:
  Successful: 16/16
  Success rate: 100.0%
Computing persistence on full 421 point cloud...
  H0 features: 421
  H1 features: 202
Computing persistence on full 303 point cloud...
  H0 features: 303
  H1 features: 72
Computing persistence on full 302 point cloud...
  H0 features: 302
  H1 features: 74
Computing persistence on full 408 point cloud...
  H0 features: 408
  H1 features: 149
Point cloud optimization: 562 -> 500
Computing persistence on full 519 point cloud...
  H0 features: 519
  H1 features: 300
Point cloud optimization: 599 -> 500
Computing persistence on full 527 point cloud...
  H0 features: 527
  H1 features: 205
Computing persistence on full 348 point cloud...
  H0 features: 348
  H1 features: 157
Computing persistence on full 227 point cloud...
  H0 features: 227
  H1 features: 45
Point cloud optimization: 587 -> 500
Computing persistence on full 524 point cloud...
  H0 features: 524
  H1 features: 261
Computing persistence on full 318 point cloud...
  H0 features: 318
  H1 features: 138
Point cloud optimization: 937 -> 500
Computing persistence on full 712 point cloud...
  H0 features: 712
  H1 features: 229
Point cloud optimization: 1153 -> 500
Computing persistence on full 871 point cloud...
  H0 features: 871
  H1 features: 232
Point cloud optimization: 646 -> 500
Computing persistence on full 539 point cloud...
  H0 features: 539
  H1 features: 162
Computing persistence on full 348 point cloud...
  H0 features: 348
  H1 features: 124
Point cloud optimization: 926 -> 500
Computing persistence on full 700 point cloud...
  H0 features: 700
  H1 features: 403
Computing persistence on full 230 point cloud...
  H0 features: 230
  H1 features: 54
Analyzing persistence diagram ranges...
Found 32 valid diagrams with 10088 total finite features
Actual persistence ranges:
  Birth times: 0.0000 - 0.9996
  Lifespans: 0.0000 - 0.9770
Adjusted persistence image parameters:
  birth_range: (0.0000, 1.0995)
  pers_range: (0.0010, 1.0747)
PersistenceImager config: pixel_size=0.0077, sigma=0.0130

Persistence image conversion results:
  Successful: 16/16
  Success rate: 100.0%
Point cloud optimization: 792 -> 500
Computing persistence on full 610 point cloud...
  H0 features: 610
  H1 features: 285
Point cloud optimization: 1425 -> 500
Computing persistence on full 1063 point cloud...
  H0 features: 1063
  H1 features: 395
Computing persistence on full 322 point cloud...
  H0 features: 322
  H1 features: 71
Point cloud optimization: 642 -> 500
Computing persistence on full 538 point cloud...
  H0 features: 538
  H1 features: 311
Computing persistence on full 428 point cloud...
  H0 features: 428
  H1 features: 115
Computing persistence on full 338 point cloud...
  H0 features: 338
  H1 features: 114
Computing persistence on full 474 point cloud...
  H0 features: 474
  H1 features: 248
Computing persistence on full 236 point cloud...
  H0 features: 236
  H1 features: 62
Computing persistence on full 397 point cloud...
  H0 features: 397
  H1 features: 180
Computing persistence on full 350 point cloud...
  H0 features: 350
  H1 features: 161
Computing persistence on full 413 point cloud...
  H0 features: 413
  H1 features: 98
Point cloud optimization: 1419 -> 500
Computing persistence on full 1062 point cloud...
  H0 features: 1062
  H1 features: 468
Point cloud optimization: 503 -> 500
Computing persistence on full 500 point cloud...
  H0 features: 500
  H1 features: 198
Computing persistence on full 292 point cloud...
  H0 features: 292
  H1 features: 69
Point cloud optimization: 625 -> 500
Computing persistence on full 536 point cloud...
  H0 features: 536
  H1 features: 165
Point cloud optimization: 946 -> 500
Computing persistence on full 715 point cloud...
  H0 features: 715
  H1 features: 299
Analyzing persistence diagram ranges...
Found 32 valid diagrams with 11497 total finite features
Actual persistence ranges:
  Birth times: 0.0000 - 0.9971
  Lifespans: 0.0000 - 0.9837
Adjusted persistence image parameters:
  birth_range: (0.0000, 1.0968)
  pers_range: (0.0010, 1.0821)
PersistenceImager config: pixel_size=0.0078, sigma=0.0131

Persistence image conversion results:
  Successful: 16/16
  Success rate: 100.0%
Computing persistence on full 275 point cloud...
  H0 features: 275
  H1 features: 66
Computing persistence on full 317 point cloud...
  H0 features: 317
  H1 features: 116
Point cloud optimization: 756 -> 500
Computing persistence on full 591 point cloud...
  H0 features: 591
  H1 features: 373
Computing persistence on full 271 point cloud...
  H0 features: 271
  H1 features: 81
Point cloud optimization: 935 -> 500
Computing persistence on full 716 point cloud...
  H0 features: 716
  H1 features: 241
Point cloud optimization: 590 -> 500
Computing persistence on full 524 point cloud...
  H0 features: 524
  H1 features: 215
Point cloud optimization: 1383 -> 500
Computing persistence on full 1033 point cloud...
  H0 features: 891
  H1 features: 379
Point cloud optimization: 535 -> 500
Computing persistence on full 509 point cloud...
  H0 features: 509
  H1 features: 297
Point cloud optimization: 861 -> 500
Computing persistence on full 652 point cloud...
  H0 features: 652
  H1 features: 351
Computing persistence on full 270 point cloud...
  H0 features: 270
  H1 features: 65
Point cloud optimization: 729 -> 500
Computing persistence on full 571 point cloud...
  H0 features: 571
  H1 features: 256
Point cloud optimization: 827 -> 500
Computing persistence on full 635 point cloud...
  H0 features: 635
  H1 features: 211
Point cloud optimization: 516 -> 500
Computing persistence on full 503 point cloud...
  H0 features: 503
  H1 features: 141
Computing persistence on full 357 point cloud...
  H0 features: 357
  H1 features: 193
Point cloud optimization: 512 -> 500
Computing persistence on full 502 point cloud...
  H0 features: 502
  H1 features: 214
Computing persistence on full 294 point cloud...
  H0 features: 294
  H1 features: 136
Analyzing persistence diagram ranges...
Found 32 valid diagrams with 11197 total finite features
Actual persistence ranges:
  Birth times: 0.0000 - 0.9992
  Lifespans: 0.0000 - 0.9763
Adjusted persistence image parameters:
  birth_range: (0.0000, 1.0991)
  pers_range: (0.0010, 1.0739)
PersistenceImager config: pixel_size=0.0077, sigma=0.0130

Persistence image conversion results:
  Successful: 16/16
  Success rate: 100.0%
Computing persistence on full 274 point cloud...
  H0 features: 274
  H1 features: 137
Point cloud optimization: 591 -> 500
Computing persistence on full 524 point cloud...
  H0 features: 524
  H1 features: 152
Point cloud optimization: 715 -> 500
Computing persistence on full 566 point cloud...
  H0 features: 566
  H1 features: 215
Point cloud optimization: 814 -> 500
Computing persistence on full 624 point cloud...
  H0 features: 624
  H1 features: 214
Computing persistence on full 437 point cloud...
  H0 features: 437
  H1 features: 118
Point cloud optimization: 960 -> 500
Computing persistence on full 730 point cloud...
  H0 features: 730
  H1 features: 357
Computing persistence on full 326 point cloud...
  H0 features: 326
  H1 features: 157
Computing persistence on full 411 point cloud...
  H0 features: 411
  H1 features: 108
Computing persistence on full 356 point cloud...
  H0 features: 356
  H1 features: 143
Point cloud optimization: 967 -> 500
Computing persistence on full 735 point cloud...
  H0 features: 735
  H1 features: 189
Computing persistence on full 280 point cloud...
  H0 features: 280
  H1 features: 90
Point cloud optimization: 562 -> 500
Computing persistence on full 517 point cloud...
  H0 features: 517
  H1 features: 249
Point cloud optimization: 507 -> 500
Computing persistence on full 500 point cloud...
  H0 features: 500
  H1 features: 248
Computing persistence on full 306 point cloud...
  H0 features: 306
  H1 features: 154
Point cloud optimization: 630 -> 500
Computing persistence on full 532 point cloud...
  H0 features: 532
  H1 features: 140
Computing persistence on full 366 point cloud...
  H0 features: 366
  H1 features: 172
Analyzing persistence diagram ranges...
Found 32 valid diagrams with 10311 total finite features
Actual persistence ranges:
  Birth times: 0.0000 - 0.9984
  Lifespans: 0.0000 - 0.9818
Adjusted persistence image parameters:
  birth_range: (0.0000, 1.0983)
  pers_range: (0.0010, 1.0800)
PersistenceImager config: pixel_size=0.0078, sigma=0.0131

Persistence image conversion results:
  Successful: 16/16
  Success rate: 100.0%
Point cloud optimization: 1149 -> 500
Computing persistence on full 868 point cloud...
  H0 features: 868
  H1 features: 453
Computing persistence on full 392 point cloud...
  H0 features: 324
  H1 features: 84
Point cloud optimization: 994 -> 500
Computing persistence on full 760 point cloud...
  H0 features: 760
  H1 features: 216
Point cloud optimization: 603 -> 500
Computing persistence on full 527 point cloud...
  H0 features: 527
  H1 features: 260
Computing persistence on full 320 point cloud...
  H0 features: 320
  H1 features: 85
Point cloud optimization: 571 -> 500
Computing persistence on full 519 point cloud...
  H0 features: 519
  H1 features: 175
Computing persistence on full 255 point cloud...
  H0 features: 255
  H1 features: 109
Point cloud optimization: 1003 -> 500
Computing persistence on full 760 point cloud...
  H0 features: 760
  H1 features: 325
Point cloud optimization: 571 -> 500
Computing persistence on full 521 point cloud...
  H0 features: 521
  H1 features: 193
Computing persistence on full 354 point cloud...
  H0 features: 354
  H1 features: 139
Computing persistence on full 463 point cloud...
  H0 features: 463
  H1 features: 165
Point cloud optimization: 939 -> 500
Computing persistence on full 726 point cloud...
  H0 features: 726
  H1 features: 193
Computing persistence on full 395 point cloud...
  H0 features: 395
  H1 features: 151
Computing persistence on full 414 point cloud...
  H0 features: 414
  H1 features: 133
Point cloud optimization: 635 -> 500
Computing persistence on full 540 point cloud...
  H0 features: 540
  H1 features: 261
Computing persistence on full 364 point cloud...
  H0 features: 364
  H1 features: 131
Analyzing persistence diagram ranges...
Found 32 valid diagrams with 11167 total finite features
Actual persistence ranges:
  Birth times: 0.0000 - 0.9981
  Lifespans: 0.0000 - 0.9765
Adjusted persistence image parameters:
  birth_range: (0.0000, 1.0979)
  pers_range: (0.0010, 1.0741)
PersistenceImager config: pixel_size=0.0077, sigma=0.0130

Persistence image conversion results:
  Successful: 16/16
  Success rate: 100.0%
Computing persistence on full 357 point cloud...
  H0 features: 357
  H1 features: 148
Point cloud optimization: 649 -> 500
Computing persistence on full 535 point cloud...
  H0 features: 535
  H1 features: 106
Point cloud optimization: 719 -> 500
Computing persistence on full 566 point cloud...
  H0 features: 566
  H1 features: 231
Computing persistence on full 331 point cloud...
  H0 features: 331
  H1 features: 82
Point cloud optimization: 683 -> 500
Computing persistence on full 547 point cloud...
  H0 features: 547
  H1 features: 262
Point cloud optimization: 564 -> 500
Computing persistence on full 517 point cloud...
  H0 features: 517
  H1 features: 295
Point cloud optimization: 525 -> 500
Computing persistence on full 505 point cloud...
  H0 features: 505
  H1 features: 123
Computing persistence on full 264 point cloud...
  H0 features: 264
  H1 features: 66
Computing persistence on full 216 point cloud...
  H0 features: 216
  H1 features: 51
Computing persistence on full 453 point cloud...
  H0 features: 453
  H1 features: 223
Computing persistence on full 486 point cloud...
  H0 features: 486
  H1 features: 199
Computing persistence on full 294 point cloud...
  H0 features: 294
  H1 features: 77
Point cloud optimization: 503 -> 500
Computing persistence on full 500 point cloud...
  H0 features: 500
  H1 features: 221
Computing persistence on full 300 point cloud...
  H0 features: 300
  H1 features: 83
Point cloud optimization: 622 -> 500
Computing persistence on full 533 point cloud...
  H0 features: 533
  H1 features: 246
Computing persistence on full 315 point cloud...
  H0 features: 315
  H1 features: 139
Analyzing persistence diagram ranges...
Found 32 valid diagrams with 9255 total finite features
Actual persistence ranges:
  Birth times: 0.0000 - 0.9988
  Lifespans: 0.0000 - 0.9760
Adjusted persistence image parameters:
  birth_range: (0.0000, 1.0987)
  pers_range: (0.0010, 1.0736)
PersistenceImager config: pixel_size=0.0077, sigma=0.0130

Persistence image conversion results:
  Successful: 16/16
  Success rate: 100.0%
Computing persistence on full 384 point cloud...
  H0 features: 384
  H1 features: 90
Computing persistence on full 455 point cloud...
  H0 features: 455
  H1 features: 121
Computing persistence on full 269 point cloud...
  H0 features: 269
  H1 features: 60
Point cloud optimization: 713 -> 500
Computing persistence on full 562 point cloud...
  H0 features: 562
  H1 features: 313
Point cloud optimization: 601 -> 500
Computing persistence on full 528 point cloud...
  H0 features: 528
  H1 features: 308
Point cloud optimization: 926 -> 500
Computing persistence on full 708 point cloud...
  H0 features: 708
  H1 features: 170
Computing persistence on full 408 point cloud...
  H0 features: 408
  H1 features: 203
Point cloud optimization: 703 -> 500
Computing persistence on full 556 point cloud...
  H0 features: 556
  H1 features: 234
Point cloud optimization: 654 -> 500
Computing persistence on full 542 point cloud...
  H0 features: 542
  H1 features: 139
Point cloud optimization: 623 -> 500
Computing persistence on full 534 point cloud...
  H0 features: 534
  H1 features: 281
Computing persistence on full 478 point cloud...
  H0 features: 478
  H1 features: 183
Computing persistence on full 475 point cloud...
  H0 features: 475
  H1 features: 186
Point cloud optimization: 684 -> 500
Computing persistence on full 549 point cloud...
  H0 features: 549
  H1 features: 355
Point cloud optimization: 529 -> 500
Computing persistence on full 507 point cloud...
  H0 features: 507
  H1 features: 188
Point cloud optimization: 1028 -> 500
Computing persistence on full 792 point cloud...
  H0 features: 792
  H1 features: 298
Point cloud optimization: 2104 -> 500
Computing persistence on full 1577 point cloud...
  H0 features: 1577
  H1 features: 927
Analyzing persistence diagram ranges...
Found 32 valid diagrams with 13364 total finite features
Actual persistence ranges:
  Birth times: 0.0000 - 0.9985
  Lifespans: 0.0000 - 0.9735
Adjusted persistence image parameters:
  birth_range: (0.0000, 1.0984)
  pers_range: (0.0010, 1.0709)
PersistenceImager config: pixel_size=0.0077, sigma=0.0130

Persistence image conversion results:
  Successful: 16/16
  Success rate: 100.0%
Computing persistence on full 225 point cloud...
  H0 features: 225
  H1 features: 55
Point cloud optimization: 511 -> 500
Computing persistence on full 502 point cloud...
  H0 features: 502
  H1 features: 250
Computing persistence on full 394 point cloud...
  H0 features: 394
  H1 features: 149
Computing persistence on full 403 point cloud...
  H0 features: 403
  H1 features: 156
Computing persistence on full 322 point cloud...
  H0 features: 322
  H1 features: 144
Point cloud optimization: 553 -> 500
Computing persistence on full 514 point cloud...
  H0 features: 514
  H1 features: 246
Computing persistence on full 379 point cloud...
  H0 features: 379
  H1 features: 183
Computing persistence on full 449 point cloud...
  H0 features: 449
  H1 features: 281
Computing persistence on full 236 point cloud...
  H0 features: 236
  H1 features: 39
Computing persistence on full 264 point cloud...
  H0 features: 264
  H1 features: 55
Point cloud optimization: 590 -> 500
Computing persistence on full 524 point cloud...
  H0 features: 524
  H1 features: 241
Point cloud optimization: 688 -> 500
Computing persistence on full 545 point cloud...
  H0 features: 545
  H1 features: 150
Computing persistence on full 337 point cloud...
  H0 features: 337
  H1 features: 154
Computing persistence on full 500 point cloud...
  H0 features: 500
  H1 features: 206
Computing persistence on full 336 point cloud...
  H0 features: 336
  H1 features: 70
Point cloud optimization: 638 -> 500
Computing persistence on full 532 point cloud...
  H0 features: 532
  H1 features: 139
Analyzing persistence diagram ranges...
Found 32 valid diagrams with 8964 total finite features
Actual persistence ranges:
  Birth times: 0.0000 - 0.9979
  Lifespans: 0.0000 - 0.9816
Adjusted persistence image parameters:
  birth_range: (0.0000, 1.0977)
  pers_range: (0.0010, 1.0798)
PersistenceImager config: pixel_size=0.0078, sigma=0.0131

Persistence image conversion results:
  Successful: 16/16
  Success rate: 100.0%
Point cloud optimization: 711 -> 500
Computing persistence on full 561 point cloud...
  H0 features: 561
  H1 features: 203
Point cloud optimization: 562 -> 500
Computing persistence on full 514 point cloud...
  H0 features: 514
  H1 features: 127
Point cloud optimization: 624 -> 500
Computing persistence on full 532 point cloud...
  H0 features: 532
  H1 features: 246
Computing persistence on full 496 point cloud...
  H0 features: 496
  H1 features: 143
Point cloud optimization: 580 -> 500
Computing persistence on full 520 point cloud...
  H0 features: 520
  H1 features: 108
Point cloud optimization: 849 -> 500
Computing persistence on full 653 point cloud...
  H0 features: 653
  H1 features: 160
Point cloud optimization: 720 -> 500
Computing persistence on full 570 point cloud...
  H0 features: 570
  H1 features: 219
Computing persistence on full 475 point cloud...
  H0 features: 475
  H1 features: 174
Computing persistence on full 225 point cloud...
  H0 features: 225
  H1 features: 46
Computing persistence on full 385 point cloud...
  H0 features: 385
  H1 features: 177
Point cloud optimization: 678 -> 500
Computing persistence on full 546 point cloud...
  H0 features: 546
  H1 features: 221
Point cloud optimization: 707 -> 500
Computing persistence on full 561 point cloud...
  H0 features: 561
  H1 features: 149
Computing persistence on full 405 point cloud...
  H0 features: 405
  H1 features: 100
Point cloud optimization: 591 -> 500
Computing persistence on full 522 point cloud...
  H0 features: 522
  H1 features: 153
Computing persistence on full 425 point cloud...
  H0 features: 425
  H1 features: 209
Point cloud optimization: 832 -> 500
Computing persistence on full 632 point cloud...
  H0 features: 632
  H1 features: 264
Analyzing persistence diagram ranges...
Found 32 valid diagrams with 10705 total finite features
Actual persistence ranges:
  Birth times: 0.0000 - 0.9988
  Lifespans: 0.0000 - 0.9777
Adjusted persistence image parameters:
  birth_range: (0.0000, 1.0987)
  pers_range: (0.0010, 1.0754)
PersistenceImager config: pixel_size=0.0077, sigma=0.0130

Persistence image conversion results:
  Successful: 16/16
  Success rate: 100.0%
Point cloud optimization: 547 -> 500
Computing persistence on full 513 point cloud...
  H0 features: 513
  H1 features: 235
Point cloud optimization: 1205 -> 500
Computing persistence on full 911 point cloud...
  H0 features: 911
  H1 features: 459
Computing persistence on full 452 point cloud...
  H0 features: 452
  H1 features: 177
Computing persistence on full 245 point cloud...
  H0 features: 245
  H1 features: 95
Point cloud optimization: 720 -> 500
Computing persistence on full 568 point cloud...
  H0 features: 568
  H1 features: 131
Computing persistence on full 398 point cloud...
  H0 features: 398
  H1 features: 136
Point cloud optimization: 1208 -> 500
Computing persistence on full 912 point cloud...
  H0 features: 912
  H1 features: 419
Point cloud optimization: 551 -> 500
Computing persistence on full 513 point cloud...
  H0 features: 513
  H1 features: 290
Point cloud optimization: 750 -> 500
Computing persistence on full 591 point cloud...
  H0 features: 591
  H1 features: 274
Computing persistence on full 271 point cloud...
  H0 features: 271
  H1 features: 115
Point cloud optimization: 1577 -> 500
Computing persistence on full 1183 point cloud...
  H0 features: 1183
  H1 features: 646
Point cloud optimization: 661 -> 500
Computing persistence on full 545 point cloud...
  H0 features: 545
  H1 features: 193
Point cloud optimization: 642 -> 500
Computing persistence on full 535 point cloud...
  H0 features: 535
  H1 features: 133
Computing persistence on full 381 point cloud...
  H0 features: 381
  H1 features: 193
Point cloud optimization: 716 -> 500
Computing persistence on full 569 point cloud...
  H0 features: 569
  H1 features: 188
Computing persistence on full 438 point cloud...
  H0 features: 438
  H1 features: 168
Analyzing persistence diagram ranges...
Found 32 valid diagrams with 12861 total finite features
Actual persistence ranges:
  Birth times: 0.0000 - 0.9978
  Lifespans: 0.0000 - 0.9787
Adjusted persistence image parameters:
  birth_range: (0.0000, 1.0976)
  pers_range: (0.0010, 1.0766)
PersistenceImager config: pixel_size=0.0077, sigma=0.0130

Persistence image conversion results:
  Successful: 16/16
  Success rate: 100.0%
Computing persistence on full 435 point cloud...
  H0 features: 435
  H1 features: 155
Point cloud optimization: 721 -> 500
Computing persistence on full 569 point cloud...
  H0 features: 569
  H1 features: 253
Computing persistence on full 315 point cloud...
  H0 features: 315
  H1 features: 89
Point cloud optimization: 793 -> 500
Computing persistence on full 613 point cloud...
  H0 features: 613
  H1 features: 142
Point cloud optimization: 664 -> 500
Computing persistence on full 541 point cloud...
  H0 features: 541
  H1 features: 115
Computing persistence on full 300 point cloud...
  H0 features: 300
  H1 features: 58
Point cloud optimization: 1500 -> 500
Computing persistence on full 1120 point cloud...
  H0 features: 1120
  H1 features: 473
Point cloud optimization: 522 -> 500
Computing persistence on full 505 point cloud...
  H0 features: 505
  H1 features: 296
Computing persistence on full 336 point cloud...
  H0 features: 336
  H1 features: 100
Computing persistence on full 367 point cloud...
  H0 features: 367
  H1 features: 127
Computing persistence on full 413 point cloud...
  H0 features: 413
  H1 features: 130
Point cloud optimization: 675 -> 500
Computing persistence on full 546 point cloud...
  H0 features: 546
  H1 features: 165
Computing persistence on full 470 point cloud...
  H0 features: 470
  H1 features: 227
Computing persistence on full 274 point cloud...
  H0 features: 274
  H1 features: 116
Point cloud optimization: 532 -> 500
Computing persistence on full 508 point cloud...
  H0 features: 508
  H1 features: 251
Computing persistence on full 290 point cloud...
  H0 features: 290
  H1 features: 142
Analyzing persistence diagram ranges...
Found 32 valid diagrams with 10425 total finite features
Actual persistence ranges:
  Birth times: 0.0000 - 0.9984
  Lifespans: 0.0000 - 0.9802
Adjusted persistence image parameters:
  birth_range: (0.0000, 1.0982)
  pers_range: (0.0010, 1.0782)
PersistenceImager config: pixel_size=0.0078, sigma=0.0130

Persistence image conversion results:
  Successful: 16/16
  Success rate: 100.0%
Computing persistence on full 267 point cloud...
  H0 features: 267
  H1 features: 108
Computing persistence on full 291 point cloud...
  H0 features: 291
  H1 features: 76
Computing persistence on full 300 point cloud...
  H0 features: 300
  H1 features: 78
Point cloud optimization: 616 -> 500
Computing persistence on full 531 point cloud...
  H0 features: 531
  H1 features: 284
Point cloud optimization: 549 -> 500
Computing persistence on full 512 point cloud...
  H0 features: 512
  H1 features: 184
Point cloud optimization: 893 -> 500
Computing persistence on full 675 point cloud...
  H0 features: 675
  H1 features: 438
Computing persistence on full 212 point cloud...
  H0 features: 212
  H1 features: 44
Point cloud optimization: 777 -> 500
Computing persistence on full 599 point cloud...
  H0 features: 599
  H1 features: 240
Computing persistence on full 281 point cloud...
  H0 features: 281
  H1 features: 107
Computing persistence on full 489 point cloud...
  H0 features: 489
  H1 features: 243
Computing persistence on full 380 point cloud...
  H0 features: 380
  H1 features: 92
Computing persistence on full 201 point cloud...
  H0 features: 201
  H1 features: 45
Point cloud optimization: 630 -> 500
Computing persistence on full 537 point cloud...
  H0 features: 537
  H1 features: 211
Computing persistence on full 268 point cloud...
  H0 features: 268
  H1 features: 82
Computing persistence on full 351 point cloud...
  H0 features: 351
  H1 features: 157
Point cloud optimization: 1169 -> 500
Computing persistence on full 881 point cloud...
  H0 features: 881
  H1 features: 606
Analyzing persistence diagram ranges...
Found 32 valid diagrams with 9754 total finite features
Actual persistence ranges:
  Birth times: 0.0000 - 0.9994
  Lifespans: 0.0000 - 0.9817
Adjusted persistence image parameters:
  birth_range: (0.0000, 1.0993)
  pers_range: (0.0010, 1.0799)
PersistenceImager config: pixel_size=0.0078, sigma=0.0131

Persistence image conversion results:
  Successful: 16/16
  Success rate: 100.0%
Point cloud optimization: 543 -> 500
Computing persistence on full 511 point cloud...
  H0 features: 511
  H1 features: 269
Computing persistence on full 451 point cloud...
  H0 features: 451
  H1 features: 254
Point cloud optimization: 660 -> 500
Computing persistence on full 547 point cloud...
  H0 features: 547
  H1 features: 246
Computing persistence on full 317 point cloud...
  H0 features: 317
  H1 features: 162
Point cloud optimization: 567 -> 500
Computing persistence on full 518 point cloud...
  H0 features: 518
  H1 features: 263
Computing persistence on full 382 point cloud...
  H0 features: 382
  H1 features: 105
Point cloud optimization: 1565 -> 500
Computing persistence on full 1173 point cloud...
  H0 features: 1173
  H1 features: 275
Point cloud optimization: 622 -> 500
Computing persistence on full 534 point cloud...
  H0 features: 534
  H1 features: 272
Computing persistence on full 290 point cloud...
  H0 features: 290
  H1 features: 120
Computing persistence on full 463 point cloud...
  H0 features: 463
  H1 features: 281
Point cloud optimization: 896 -> 500
Computing persistence on full 682 point cloud...
  H0 features: 682
  H1 features: 327
Point cloud optimization: 963 -> 500
Computing persistence on full 744 point cloud...
  H0 features: 744
  H1 features: 274
Point cloud optimization: 824 -> 500
Computing persistence on full 627 point cloud...
  H0 features: 627
  H1 features: 260
Point cloud optimization: 829 -> 500
Computing persistence on full 627 point cloud...
  H0 features: 627
  H1 features: 206
Computing persistence on full 313 point cloud...
  H0 features: 313
  H1 features: 128
Point cloud optimization: 702 -> 500
Computing persistence on full 562 point cloud...
  H0 features: 562
  H1 features: 244
Analyzing persistence diagram ranges...
Found 32 valid diagrams with 12411 total finite features
Actual persistence ranges:
  Birth times: 0.0000 - 0.9990
  Lifespans: 0.0000 - 0.9765
Adjusted persistence image parameters:
  birth_range: (0.0000, 1.0990)
  pers_range: (0.0010, 1.0741)
PersistenceImager config: pixel_size=0.0077, sigma=0.0130

Persistence image conversion results:
  Successful: 16/16
  Success rate: 100.0%
Point cloud optimization: 548 -> 500
Computing persistence on full 513 point cloud...
  H0 features: 513
  H1 features: 189
Computing persistence on full 288 point cloud...
  H0 features: 288
  H1 features: 126
Point cloud optimization: 1158 -> 500
Computing persistence on full 890 point cloud...
  H0 features: 890
  H1 features: 321
Point cloud optimization: 567 -> 500
Computing persistence on full 518 point cloud...
  H0 features: 518
  H1 features: 129
Computing persistence on full 188 point cloud...
  H0 features: 188
  H1 features: 36
Computing persistence on full 493 point cloud...
  H0 features: 493
  H1 features: 317
Computing persistence on full 298 point cloud...
  H0 features: 298
  H1 features: 84
Point cloud optimization: 542 -> 500
Computing persistence on full 510 point cloud...
  H0 features: 510
  H1 features: 264
Computing persistence on full 422 point cloud...
  H0 features: 422
  H1 features: 129
Computing persistence on full 241 point cloud...
  H0 features: 241
  H1 features: 58
Point cloud optimization: 860 -> 500
Computing persistence on full 656 point cloud...
  H0 features: 656
  H1 features: 263
Computing persistence on full 435 point cloud...
  H0 features: 435
  H1 features: 142
Point cloud optimization: 631 -> 500
Computing persistence on full 535 point cloud...
  H0 features: 535
  H1 features: 226
Point cloud optimization: 586 -> 500
Computing persistence on full 522 point cloud...
  H0 features: 522
  H1 features: 174
Point cloud optimization: 872 -> 500
Computing persistence on full 674 point cloud...
  H0 features: 674
  H1 features: 246
Computing persistence on full 486 point cloud...
  H0 features: 486
  H1 features: 229
Analyzing persistence diagram ranges...
Found 32 valid diagrams with 10586 total finite features
Actual persistence ranges:
  Birth times: 0.0000 - 0.9983
  Lifespans: 0.0000 - 0.9735
Adjusted persistence image parameters:
  birth_range: (0.0000, 1.0981)
  pers_range: (0.0010, 1.0709)
PersistenceImager config: pixel_size=0.0077, sigma=0.0130

Persistence image conversion results:
  Successful: 16/16
  Success rate: 100.0%
Computing persistence on full 472 point cloud...
  H0 features: 472
  H1 features: 253
Point cloud optimization: 780 -> 500
Computing persistence on full 599 point cloud...
  H0 features: 599
  H1 features: 189
Point cloud optimization: 948 -> 500
Computing persistence on full 719 point cloud...
  H0 features: 719
  H1 features: 246
Computing persistence on full 376 point cloud...
  H0 features: 376
  H1 features: 97
Computing persistence on full 300 point cloud...
  H0 features: 300
  H1 features: 60
Point cloud optimization: 887 -> 500
Computing persistence on full 677 point cloud...
  H0 features: 677
  H1 features: 260
Computing persistence on full 338 point cloud...
  H0 features: 338
  H1 features: 79
Computing persistence on full 461 point cloud...
  H0 features: 461
  H1 features: 127
Computing persistence on full 370 point cloud...
  H0 features: 370
  H1 features: 205
Computing persistence on full 222 point cloud...
  H0 features: 222
  H1 features: 45
Point cloud optimization: 728 -> 500
Computing persistence on full 573 point cloud...
  H0 features: 573
  H1 features: 264
Point cloud optimization: 673 -> 500
Computing persistence on full 546 point cloud...
  H0 features: 546
  H1 features: 220
Computing persistence on full 337 point cloud...
  H0 features: 337
  H1 features: 85
Computing persistence on full 394 point cloud...
  H0 features: 394
  H1 features: 114
Computing persistence on full 261 point cloud...
  H0 features: 261
  H1 features: 51
Point cloud optimization: 701 -> 500
Computing persistence on full 559 point cloud...
  H0 features: 559
  H1 features: 166
Analyzing persistence diagram ranges...
Found 32 valid diagrams with 9649 total finite features
Actual persistence ranges:
  Birth times: 0.0000 - 0.9984
  Lifespans: 0.0000 - 0.9782
Adjusted persistence image parameters:
  birth_range: (0.0000, 1.0983)
  pers_range: (0.0010, 1.0760)
PersistenceImager config: pixel_size=0.0077, sigma=0.0130

Persistence image conversion results:
  Successful: 16/16
  Success rate: 100.0%
  Progress: 400/78541 (0.5%) Rate: 1.2 samples/sec, ETA: 1102.0min
Point cloud optimization: 1027 -> 500
Computing persistence on full 775 point cloud...
  H0 features: 775
  H1 features: 434
Point cloud optimization: 775 -> 500
Computing persistence on full 600 point cloud...
  H0 features: 600
  H1 features: 161
Point cloud optimization: 698 -> 500
Computing persistence on full 560 point cloud...
  H0 features: 560
  H1 features: 168
Point cloud optimization: 1015 -> 500
Computing persistence on full 766 point cloud...
  H0 features: 766
  H1 features: 365
Point cloud optimization: 1185 -> 500
Computing persistence on full 895 point cloud...
  H0 features: 895
  H1 features: 354
Point cloud optimization: 744 -> 500
Computing persistence on full 580 point cloud...
  H0 features: 580
  H1 features: 137
Computing persistence on full 287 point cloud...
  H0 features: 287
  H1 features: 114
Point cloud optimization: 503 -> 500
Computing persistence on full 500 point cloud...
  H0 features: 500
  H1 features: 243
Point cloud optimization: 1062 -> 500
Computing persistence on full 803 point cloud...
  H0 features: 803
  H1 features: 239
Computing persistence on full 487 point cloud...
  H0 features: 487
  H1 features: 195
Point cloud optimization: 737 -> 500
Computing persistence on full 581 point cloud...
  H0 features: 581
  H1 features: 308
Point cloud optimization: 556 -> 500
Computing persistence on full 516 point cloud...
  H0 features: 516
  H1 features: 212
Computing persistence on full 435 point cloud...
  H0 features: 435
  H1 features: 244
Computing persistence on full 395 point cloud...
  H0 features: 395
  H1 features: 190
Computing persistence on full 434 point cloud...
  H0 features: 434
  H1 features: 189
Computing persistence on full 398 point cloud...
  H0 features: 398
  H1 features: 173
Analyzing persistence diagram ranges...
Found 32 valid diagrams with 12722 total finite features
Actual persistence ranges:
  Birth times: 0.0000 - 0.9984
  Lifespans: 0.0000 - 0.9747
Adjusted persistence image parameters:
  birth_range: (0.0000, 1.0982)
  pers_range: (0.0010, 1.0721)
PersistenceImager config: pixel_size=0.0077, sigma=0.0130

Persistence image conversion results:
  Successful: 16/16
  Success rate: 100.0%
Point cloud optimization: 789 -> 500
Computing persistence on full 606 point cloud...
  H0 features: 606
  H1 features: 243
Computing persistence on full 391 point cloud...
  H0 features: 391
  H1 features: 188
Point cloud optimization: 526 -> 500
Computing persistence on full 506 point cloud...
  H0 features: 506
  H1 features: 279
Computing persistence on full 343 point cloud...
  H0 features: 343
  H1 features: 167
Point cloud optimization: 845 -> 500
Computing persistence on full 640 point cloud...
  H0 features: 640
  H1 features: 207
Computing persistence on full 251 point cloud...
  H0 features: 251
  H1 features: 107
Point cloud optimization: 1034 -> 500
Computing persistence on full 778 point cloud...
  H0 features: 778
  H1 features: 290
Point cloud optimization: 752 -> 500
Computing persistence on full 590 point cloud...
  H0 features: 590
  H1 features: 239
Point cloud optimization: 510 -> 500
Computing persistence on full 502 point cloud...
  H0 features: 502
  H1 features: 208
Point cloud optimization: 534 -> 500
Computing persistence on full 508 point cloud...
  H0 features: 508
  H1 features: 215
Computing persistence on full 465 point cloud...
  H0 features: 465
  H1 features: 119
Computing persistence on full 352 point cloud...
  H0 features: 352
  H1 features: 90
Point cloud optimization: 696 -> 500
Computing persistence on full 555 point cloud...
  H0 features: 555
  H1 features: 184
Computing persistence on full 325 point cloud...
  H0 features: 325
  H1 features: 146
Point cloud optimization: 542 -> 500
Computing persistence on full 511 point cloud...
  H0 features: 511
  H1 features: 176
Computing persistence on full 357 point cloud...
  H0 features: 357
  H1 features: 155
Analyzing persistence diagram ranges...
Found 32 valid diagrams with 10677 total finite features
Actual persistence ranges:
  Birth times: 0.0000 - 0.9990
  Lifespans: 0.0000 - 0.9844
Adjusted persistence image parameters:
  birth_range: (0.0000, 1.0989)
  pers_range: (0.0010, 1.0829)
PersistenceImager config: pixel_size=0.0078, sigma=0.0131

Persistence image conversion results:
  Successful: 16/16
  Success rate: 100.0%
Computing persistence on full 367 point cloud...
  H0 features: 367
  H1 features: 175
Computing persistence on full 275 point cloud...
  H0 features: 275
  H1 features: 74
Computing persistence on full 281 point cloud...
  H0 features: 281
  H1 features: 75
Point cloud optimization: 551 -> 500
Computing persistence on full 513 point cloud...
  H0 features: 513
  H1 features: 304
Point cloud optimization: 997 -> 500
Computing persistence on full 753 point cloud...
  H0 features: 753
  H1 features: 142
Computing persistence on full 385 point cloud...
  H0 features: 385
  H1 features: 106
Point cloud optimization: 546 -> 500
Computing persistence on full 511 point cloud...
  H0 features: 511
  H1 features: 110
Computing persistence on full 343 point cloud...
  H0 features: 343
  H1 features: 88
Computing persistence on full 320 point cloud...
  H0 features: 320
  H1 features: 154
Point cloud optimization: 735 -> 500
Computing persistence on full 573 point cloud...
  H0 features: 573
  H1 features: 195
Point cloud optimization: 658 -> 500
Computing persistence on full 542 point cloud...
  H0 features: 542
  H1 features: 236
Computing persistence on full 478 point cloud...
  H0 features: 478
  H1 features: 206
Point cloud optimization: 749 -> 500
Computing persistence on full 588 point cloud...
  H0 features: 588
  H1 features: 190
Point cloud optimization: 1002 -> 500
Computing persistence on full 758 point cloud...
  H0 features: 758
  H1 features: 401
Point cloud optimization: 1481 -> 500
Computing persistence on full 1116 point cloud...
  H0 features: 1116
  H1 features: 588
Point cloud optimization: 1183 -> 500
Computing persistence on full 894 point cloud...
  H0 features: 894
  H1 features: 364
Analyzing persistence diagram ranges...
Found 32 valid diagrams with 12089 total finite features
Actual persistence ranges:
  Birth times: 0.0000 - 0.9981
  Lifespans: 0.0000 - 0.9766
Adjusted persistence image parameters:
  birth_range: (0.0000, 1.0979)
  pers_range: (0.0010, 1.0743)
PersistenceImager config: pixel_size=0.0077, sigma=0.0130

Persistence image conversion results:
  Successful: 16/16
  Success rate: 100.0%
Computing persistence on full 489 point cloud...
  H0 features: 489
  H1 features: 256
Point cloud optimization: 534 -> 500
Computing persistence on full 508 point cloud...
  H0 features: 508
  H1 features: 236
Point cloud optimization: 936 -> 500
Computing persistence on full 714 point cloud...
  H0 features: 714
  H1 features: 174
Point cloud optimization: 529 -> 500
Computing persistence on full 507 point cloud...
  H0 features: 507
  H1 features: 183
Computing persistence on full 457 point cloud...
  H0 features: 457
  H1 features: 270
Point cloud optimization: 779 -> 500
Computing persistence on full 605 point cloud...
  H0 features: 605
  H1 features: 287
Point cloud optimization: 648 -> 500
Computing persistence on full 541 point cloud...
  H0 features: 541
  H1 features: 163
Computing persistence on full 267 point cloud...
  H0 features: 267
  H1 features: 111
Computing persistence on full 485 point cloud...
  H0 features: 485
  H1 features: 162
Computing persistence on full 394 point cloud...
  H0 features: 394
  H1 features: 179
Computing persistence on full 431 point cloud...
  H0 features: 431
  H1 features: 197
Computing persistence on full 343 point cloud...
  H0 features: 343
  H1 features: 144
Point cloud optimization: 548 -> 500
Computing persistence on full 512 point cloud...
  H0 features: 512
  H1 features: 235
Point cloud optimization: 1005 -> 500
Computing persistence on full 756 point cloud...
  H0 features: 756
  H1 features: 469
Point cloud optimization: 725 -> 500
Computing persistence on full 566 point cloud...
  H0 features: 566
  H1 features: 153
Point cloud optimization: 803 -> 500
Computing persistence on full 615 point cloud...
  H0 features: 615
  H1 features: 340
Analyzing persistence diagram ranges...
Found 32 valid diagrams with 11733 total finite features
Actual persistence ranges:
  Birth times: 0.0000 - 0.9996
  Lifespans: 0.0000 - 0.9824
Adjusted persistence image parameters:
  birth_range: (0.0000, 1.0995)
  pers_range: (0.0010, 1.0807)
PersistenceImager config: pixel_size=0.0078, sigma=0.0131

Persistence image conversion results:
  Successful: 16/16
  Success rate: 100.0%
Point cloud optimization: 635 -> 500
Computing persistence on full 538 point cloud...
  H0 features: 538
  H1 features: 193
Point cloud optimization: 706 -> 500
Computing persistence on full 560 point cloud...
  H0 features: 560
  H1 features: 272
Point cloud optimization: 1097 -> 500
Computing persistence on full 870 point cloud...
  H0 features: 870
  H1 features: 213
Point cloud optimization: 556 -> 500
Computing persistence on full 515 point cloud...
  H0 features: 515
  H1 features: 222
Point cloud optimization: 828 -> 500
Computing persistence on full 635 point cloud...
  H0 features: 635
  H1 features: 280
Computing persistence on full 419 point cloud...
  H0 features: 419
  H1 features: 218
Point cloud optimization: 523 -> 500
Computing persistence on full 506 point cloud...
  H0 features: 506
  H1 features: 201
Computing persistence on full 287 point cloud...
  H0 features: 287
  H1 features: 83
Computing persistence on full 330 point cloud...
  H0 features: 330
  H1 features: 88
Point cloud optimization: 629 -> 500
Computing persistence on full 538 point cloud...
  H0 features: 538
  H1 features: 257
Computing persistence on full 263 point cloud...
  H0 features: 263
  H1 features: 107
Computing persistence on full 239 point cloud...
  H0 features: 239
  H1 features: 60
Point cloud optimization: 542 -> 500
Computing persistence on full 511 point cloud...
  H0 features: 511
  H1 features: 198
Point cloud optimization: 530 -> 500
Computing persistence on full 508 point cloud...
  H0 features: 508
  H1 features: 147
Point cloud optimization: 584 -> 500
Computing persistence on full 524 point cloud...
  H0 features: 524
  H1 features: 235
Computing persistence on full 303 point cloud...
  H0 features: 303
  H1 features: 118
Analyzing persistence diagram ranges...
Found 32 valid diagrams with 10422 total finite features
Actual persistence ranges:
  Birth times: 0.0000 - 0.9977
  Lifespans: 0.0000 - 0.9850
Adjusted persistence image parameters:
  birth_range: (0.0000, 1.0975)
  pers_range: (0.0010, 1.0835)
PersistenceImager config: pixel_size=0.0078, sigma=0.0131

Persistence image conversion results:
  Successful: 16/16
  Success rate: 100.0%
Computing persistence on full 407 point cloud...
  H0 features: 407
  H1 features: 171
Computing persistence on full 430 point cloud...
  H0 features: 430
  H1 features: 171
Computing persistence on full 461 point cloud...
  H0 features: 461
  H1 features: 184
Point cloud optimization: 782 -> 500
Computing persistence on full 602 point cloud...
  H0 features: 602
  H1 features: 199
Point cloud optimization: 581 -> 500
Computing persistence on full 523 point cloud...
  H0 features: 523
  H1 features: 191
Point cloud optimization: 1477 -> 500
Computing persistence on full 1108 point cloud...
  H0 features: 1108
  H1 features: 355
Computing persistence on full 309 point cloud...
  H0 features: 309
  H1 features: 137
Computing persistence on full 449 point cloud...
  H0 features: 449
  H1 features: 236
Point cloud optimization: 934 -> 500
Computing persistence on full 719 point cloud...
  H0 features: 719
  H1 features: 307
Point cloud optimization: 696 -> 500
Computing persistence on full 554 point cloud...
  H0 features: 554
  H1 features: 206
Point cloud optimization: 872 -> 500
Computing persistence on full 663 point cloud...
  H0 features: 663
  H1 features: 387
Point cloud optimization: 647 -> 500
Computing persistence on full 541 point cloud...
  H0 features: 541
  H1 features: 215
Computing persistence on full 286 point cloud...
  H0 features: 286
  H1 features: 126
Point cloud optimization: 947 -> 500
Computing persistence on full 717 point cloud...
  H0 features: 717
  H1 features: 223
Point cloud optimization: 505 -> 500
Computing persistence on full 500 point cloud...
  H0 features: 500
  H1 features: 279
Computing persistence on full 278 point cloud...
  H0 features: 278
  H1 features: 75
Analyzing persistence diagram ranges...
Found 32 valid diagrams with 11993 total finite features
Actual persistence ranges:
  Birth times: 0.0000 - 0.9981
  Lifespans: 0.0000 - 0.9792
Adjusted persistence image parameters:
  birth_range: (0.0000, 1.0979)
  pers_range: (0.0010, 1.0771)
PersistenceImager config: pixel_size=0.0077, sigma=0.0130

Persistence image conversion results:
  Successful: 16/16
  Success rate: 100.0%
Computing persistence on full 291 point cloud...
  H0 features: 291
  H1 features: 92
Point cloud optimization: 899 -> 500
Computing persistence on full 683 point cloud...
  H0 features: 683
  H1 features: 401
Computing persistence on full 435 point cloud...
  H0 features: 435
  H1 features: 246
Point cloud optimization: 509 -> 500
Computing persistence on full 500 point cloud...
  H0 features: 500
  H1 features: 136
Computing persistence on full 281 point cloud...
  H0 features: 281
  H1 features: 116
Computing persistence on full 210 point cloud...
  H0 features: 210
  H1 features: 36
Computing persistence on full 407 point cloud...
  H0 features: 407
  H1 features: 239
Point cloud optimization: 765 -> 500
Computing persistence on full 603 point cloud...
  H0 features: 603
  H1 features: 216
Point cloud optimization: 571 -> 500
Computing persistence on full 514 point cloud...
  H0 features: 514
  H1 features: 89
Computing persistence on full 467 point cloud...
  H0 features: 467
  H1 features: 262
Computing persistence on full 496 point cloud...
  H0 features: 496
  H1 features: 85
Point cloud optimization: 566 -> 500
Computing persistence on full 517 point cloud...
  H0 features: 517
  H1 features: 256
Point cloud optimization: 891 -> 500
Computing persistence on full 678 point cloud...
  H0 features: 678
  H1 features: 170
Point cloud optimization: 703 -> 500
Computing persistence on full 563 point cloud...
  H0 features: 563
  H1 features: 192
Point cloud optimization: 785 -> 500
Computing persistence on full 616 point cloud...
  H0 features: 616
  H1 features: 299
Point cloud optimization: 1138 -> 500
Computing persistence on full 862 point cloud...
  H0 features: 862
  H1 features: 406
Analyzing persistence diagram ranges...
Found 32 valid diagrams with 11348 total finite features
Actual persistence ranges:
  Birth times: 0.0000 - 0.9985
  Lifespans: 0.0000 - 0.9777
Adjusted persistence image parameters:
  birth_range: (0.0000, 1.0984)
  pers_range: (0.0010, 1.0754)
PersistenceImager config: pixel_size=0.0077, sigma=0.0130

Persistence image conversion results:
  Successful: 16/16
  Success rate: 100.0%
Computing persistence on full 456 point cloud...
  H0 features: 456
  H1 features: 163
Computing persistence on full 351 point cloud...
  H0 features: 351
  H1 features: 154
Point cloud optimization: 605 -> 500
Computing persistence on full 528 point cloud...
  H0 features: 528
  H1 features: 183
Computing persistence on full 444 point cloud...
  H0 features: 444
  H1 features: 183
Computing persistence on full 370 point cloud...
  H0 features: 370
  H1 features: 172
Computing persistence on full 422 point cloud...
  H0 features: 422
  H1 features: 106
Computing persistence on full 437 point cloud...
  H0 features: 437
  H1 features: 139
Point cloud optimization: 827 -> 500
Computing persistence on full 637 point cloud...
  H0 features: 637
  H1 features: 214
Computing persistence on full 211 point cloud...
  H0 features: 211
  H1 features: 46
Point cloud optimization: 682 -> 500
Computing persistence on full 547 point cloud...
  H0 features: 547
  H1 features: 212
Computing persistence on full 277 point cloud...
  H0 features: 277
  H1 features: 130
Computing persistence on full 449 point cloud...
  H0 features: 449
  H1 features: 270
Point cloud optimization: 536 -> 500
Computing persistence on full 509 point cloud...
  H0 features: 509
  H1 features: 303
Point cloud optimization: 757 -> 500
Computing persistence on full 592 point cloud...
  H0 features: 592
  H1 features: 115
Point cloud optimization: 713 -> 500
Computing persistence on full 565 point cloud...
  H0 features: 565
  H1 features: 236
Point cloud optimization: 591 -> 500
Computing persistence on full 528 point cloud...
  H0 features: 528
  H1 features: 233
Analyzing persistence diagram ranges...
Found 32 valid diagrams with 10166 total finite features
Actual persistence ranges:
  Birth times: 0.0000 - 0.9990
  Lifespans: 0.0000 - 0.9777
Adjusted persistence image parameters:
  birth_range: (0.0000, 1.0989)
  pers_range: (0.0010, 1.0755)
PersistenceImager config: pixel_size=0.0077, sigma=0.0130

Persistence image conversion results:
  Successful: 16/16
  Success rate: 100.0%
Point cloud optimization: 579 -> 500
Computing persistence on full 522 point cloud...
  H0 features: 522
  H1 features: 259
Point cloud optimization: 641 -> 500
Computing persistence on full 535 point cloud...
  H0 features: 535
  H1 features: 138
Point cloud optimization: 685 -> 500
Computing persistence on full 551 point cloud...
  H0 features: 551
  H1 features: 202
Computing persistence on full 383 point cloud...
  H0 features: 383
  H1 features: 144
Computing persistence on full 252 point cloud...
  H0 features: 252
  H1 features: 56
Point cloud optimization: 509 -> 500
Computing persistence on full 501 point cloud...
  H0 features: 501
  H1 features: 255
Computing persistence on full 189 point cloud...
  H0 features: 189
  H1 features: 40
Computing persistence on full 399 point cloud...
  H0 features: 399
  H1 features: 93
Computing persistence on full 436 point cloud...
  H0 features: 436
  H1 features: 193
Point cloud optimization: 757 -> 500
Computing persistence on full 591 point cloud...
  H0 features: 591
  H1 features: 270
Computing persistence on full 397 point cloud...
  H0 features: 397
  H1 features: 193
Point cloud optimization: 628 -> 500
Computing persistence on full 538 point cloud...
  H0 features: 538
  H1 features: 224
Point cloud optimization: 608 -> 500
Computing persistence on full 526 point cloud...
  H0 features: 526
  H1 features: 202
Computing persistence on full 275 point cloud...
  H0 features: 275
  H1 features: 112
Computing persistence on full 402 point cloud...
  H0 features: 402
  H1 features: 202
Computing persistence on full 493 point cloud...
  H0 features: 493
  H1 features: 253
Analyzing persistence diagram ranges...
Found 32 valid diagrams with 9810 total finite features
Actual persistence ranges:
  Birth times: 0.0000 - 0.9991
  Lifespans: 0.0000 - 0.9844
Adjusted persistence image parameters:
  birth_range: (0.0000, 1.0990)
  pers_range: (0.0010, 1.0828)
PersistenceImager config: pixel_size=0.0078, sigma=0.0131

Persistence image conversion results:
  Successful: 16/16
  Success rate: 100.0%
Computing persistence on full 389 point cloud...
  H0 features: 389
  H1 features: 191
Point cloud optimization: 683 -> 500
Computing persistence on full 549 point cloud...
  H0 features: 549
  H1 features: 324
Computing persistence on full 461 point cloud...
  H0 features: 461
  H1 features: 218
Point cloud optimization: 538 -> 500
Computing persistence on full 509 point cloud...
  H0 features: 509
  H1 features: 205
Computing persistence on full 435 point cloud...
  H0 features: 435
  H1 features: 111
Point cloud optimization: 727 -> 500
Computing persistence on full 571 point cloud...
  H0 features: 571
  H1 features: 320
Point cloud optimization: 620 -> 500
Computing persistence on full 534 point cloud...
  H0 features: 534
  H1 features: 252
Point cloud optimization: 1445 -> 500
Computing persistence on full 1089 point cloud...
  H0 features: 1089
  H1 features: 550
Point cloud optimization: 527 -> 500
Computing persistence on full 507 point cloud...
  H0 features: 507
  H1 features: 193
Computing persistence on full 471 point cloud...
  H0 features: 471
  H1 features: 122
Point cloud optimization: 1050 -> 500
Computing persistence on full 790 point cloud...
  H0 features: 790
  H1 features: 529
Point cloud optimization: 583 -> 500
Computing persistence on full 524 point cloud...
  H0 features: 524
  H1 features: 243
Point cloud optimization: 594 -> 500
Computing persistence on full 528 point cloud...
  H0 features: 528
  H1 features: 153
Computing persistence on full 244 point cloud...
  H0 features: 244
  H1 features: 90
Point cloud optimization: 931 -> 500
Computing persistence on full 704 point cloud...
  H0 features: 704
  H1 features: 426
Computing persistence on full 362 point cloud...
  H0 features: 362
  H1 features: 90
Analyzing persistence diagram ranges...
Found 32 valid diagrams with 12668 total finite features
Actual persistence ranges:
  Birth times: 0.0000 - 0.9974
  Lifespans: 0.0000 - 0.9795
Adjusted persistence image parameters:
  birth_range: (0.0000, 1.0972)
  pers_range: (0.0010, 1.0774)
PersistenceImager config: pixel_size=0.0077, sigma=0.0130

Persistence image conversion results:
  Successful: 16/16
  Success rate: 100.0%
Computing persistence on full 297 point cloud...
  H0 features: 297
  H1 features: 70
Point cloud optimization: 826 -> 500
Computing persistence on full 635 point cloud...
  H0 features: 635
  H1 features: 171
Computing persistence on full 343 point cloud...
  H0 features: 343
  H1 features: 137
Computing persistence on full 298 point cloud...
  H0 features: 298
  H1 features: 144
Point cloud optimization: 562 -> 500
Computing persistence on full 518 point cloud...
  H0 features: 518
  H1 features: 128
Computing persistence on full 364 point cloud...
  H0 features: 364
  H1 features: 125
Computing persistence on full 423 point cloud...
  H0 features: 423
  H1 features: 142
Computing persistence on full 334 point cloud...
  H0 features: 334
  H1 features: 127
Computing persistence on full 395 point cloud...
  H0 features: 395
  H1 features: 169
Computing persistence on full 296 point cloud...
  H0 features: 296
  H1 features: 73
Computing persistence on full 246 point cloud...
  H0 features: 246
  H1 features: 52
Computing persistence on full 237 point cloud...
  H0 features: 237
  H1 features: 51
Computing persistence on full 459 point cloud...
  H0 features: 459
  H1 features: 216
Point cloud optimization: 699 -> 500
Computing persistence on full 558 point cloud...
  H0 features: 558
  H1 features: 196
Point cloud optimization: 521 -> 500
Computing persistence on full 505 point cloud...
  H0 features: 505
  H1 features: 143
Point cloud optimization: 508 -> 500
Computing persistence on full 501 point cloud...
  H0 features: 501
  H1 features: 399
Analyzing persistence diagram ranges...
Found 32 valid diagrams with 8736 total finite features
Actual persistence ranges:
  Birth times: 0.0000 - 0.9985
  Lifespans: 0.0000 - 0.9788
Adjusted persistence image parameters:
  birth_range: (0.0000, 1.0983)
  pers_range: (0.0010, 1.0767)
PersistenceImager config: pixel_size=0.0077, sigma=0.0130

Persistence image conversion results:
  Successful: 16/16
  Success rate: 100.0%
Point cloud optimization: 635 -> 500
Computing persistence on full 533 point cloud...
  H0 features: 533
  H1 features: 132
Point cloud optimization: 528 -> 500
Computing persistence on full 506 point cloud...
  H0 features: 506
  H1 features: 130
Point cloud optimization: 525 -> 500
Computing persistence on full 506 point cloud...
  H0 features: 506
  H1 features: 173
Computing persistence on full 339 point cloud...
  H0 features: 339
  H1 features: 171
Point cloud optimization: 910 -> 500
Computing persistence on full 698 point cloud...
  H0 features: 698
  H1 features: 279
Point cloud optimization: 830 -> 500
Computing persistence on full 628 point cloud...
  H0 features: 628
  H1 features: 277
Computing persistence on full 373 point cloud...
  H0 features: 373
  H1 features: 185
Computing persistence on full 256 point cloud...
  H0 features: 256
  H1 features: 106
Point cloud optimization: 1325 -> 500
Computing persistence on full 1003 point cloud...
  H0 features: 1003
  H1 features: 589
Computing persistence on full 206 point cloud...
  H0 features: 206
  H1 features: 40
Computing persistence on full 233 point cloud...
  H0 features: 233
  H1 features: 69
Point cloud optimization: 584 -> 500
Computing persistence on full 527 point cloud...
  H0 features: 527
  H1 features: 189
Computing persistence on full 226 point cloud...
  H0 features: 226
  H1 features: 50
Computing persistence on full 236 point cloud...
  H0 features: 236
  H1 features: 53
Computing persistence on full 372 point cloud...
  H0 features: 372
  H1 features: 90
Computing persistence on full 235 point cloud...
  H0 features: 235
  H1 features: 45
Analyzing persistence diagram ranges...
Found 32 valid diagrams with 9439 total finite features
Actual persistence ranges:
  Birth times: 0.0000 - 0.9998
  Lifespans: 0.0000 - 0.9715
Adjusted persistence image parameters:
  birth_range: (0.0000, 1.0998)
  pers_range: (0.0010, 1.0687)
PersistenceImager config: pixel_size=0.0077, sigma=0.0129

Persistence image conversion results:
  Successful: 16/16
  Success rate: 100.0%
Point cloud optimization: 552 -> 500
Computing persistence on full 512 point cloud...
  H0 features: 512
  H1 features: 115
Computing persistence on full 411 point cloud...
  H0 features: 411
  H1 features: 142
Computing persistence on full 290 point cloud...
  H0 features: 290
  H1 features: 126
Point cloud optimization: 817 -> 500
Computing persistence on full 621 point cloud...
  H0 features: 621
  H1 features: 265
Point cloud optimization: 655 -> 500
Computing persistence on full 536 point cloud...
  H0 features: 536
  H1 features: 111
Computing persistence on full 434 point cloud...
  H0 features: 434
  H1 features: 216
Point cloud optimization: 804 -> 500
Computing persistence on full 624 point cloud...
  H0 features: 624
  H1 features: 216
Computing persistence on full 358 point cloud...
  H0 features: 358
  H1 features: 106
Computing persistence on full 404 point cloud...
  H0 features: 404
  H1 features: 218
Point cloud optimization: 579 -> 500
Computing persistence on full 522 point cloud...
  H0 features: 522
  H1 features: 266
Computing persistence on full 483 point cloud...
  H0 features: 483
  H1 features: 253
Point cloud optimization: 707 -> 500
Computing persistence on full 564 point cloud...
  H0 features: 564
  H1 features: 232
Computing persistence on full 206 point cloud...
  H0 features: 206
  H1 features: 44
Point cloud optimization: 795 -> 500
Computing persistence on full 607 point cloud...
  H0 features: 607
  H1 features: 190
Computing persistence on full 233 point cloud...
  H0 features: 233
  H1 features: 54
Point cloud optimization: 661 -> 500
Computing persistence on full 543 point cloud...
  H0 features: 543
  H1 features: 297
Analyzing persistence diagram ranges...
Found 32 valid diagrams with 10183 total finite features
Actual persistence ranges:
  Birth times: 0.0000 - 0.9995
  Lifespans: 0.0000 - 0.9808
Adjusted persistence image parameters:
  birth_range: (0.0000, 1.0995)
  pers_range: (0.0010, 1.0789)
PersistenceImager config: pixel_size=0.0078, sigma=0.0131

Persistence image conversion results:
  Successful: 16/16
  Success rate: 100.0%
Point cloud optimization: 635 -> 500
Computing persistence on full 537 point cloud...
  H0 features: 537
  H1 features: 332
Computing persistence on full 346 point cloud...
  H0 features: 346
  H1 features: 98
Point cloud optimization: 766 -> 500
Computing persistence on full 592 point cloud...
  H0 features: 592
  H1 features: 262
Point cloud optimization: 526 -> 500
Computing persistence on full 506 point cloud...
  H0 features: 506
  H1 features: 207
Point cloud optimization: 925 -> 500
Computing persistence on full 707 point cloud...
  H0 features: 707
  H1 features: 160
Computing persistence on full 363 point cloud...
  H0 features: 363
  H1 features: 99
Point cloud optimization: 566 -> 500
Computing persistence on full 519 point cloud...
  H0 features: 519
  H1 features: 217
Computing persistence on full 479 point cloud...
  H0 features: 479
  H1 features: 94
Computing persistence on full 309 point cloud...
  H0 features: 309
  H1 features: 98
Point cloud optimization: 674 -> 500
Computing persistence on full 549 point cloud...
  H0 features: 549
  H1 features: 226
Computing persistence on full 424 point cloud...
  H0 features: 424
  H1 features: 130
Point cloud optimization: 504 -> 500
Computing persistence on full 500 point cloud...
  H0 features: 500
  H1 features: 202
Computing persistence on full 310 point cloud...
  H0 features: 310
  H1 features: 164
Point cloud optimization: 530 -> 500
Computing persistence on full 507 point cloud...
  H0 features: 507
  H1 features: 149
Point cloud optimization: 972 -> 500
Computing persistence on full 736 point cloud...
  H0 features: 736
  H1 features: 313
Computing persistence on full 217 point cloud...
  H0 features: 217
  H1 features: 45
Analyzing persistence diagram ranges...
Found 32 valid diagrams with 10381 total finite features
Actual persistence ranges:
  Birth times: 0.0000 - 0.9979
  Lifespans: 0.0000 - 0.9776
Adjusted persistence image parameters:
  birth_range: (0.0000, 1.0977)
  pers_range: (0.0010, 1.0753)
PersistenceImager config: pixel_size=0.0077, sigma=0.0130

Persistence image conversion results:
  Successful: 16/16
  Success rate: 100.0%
Point cloud optimization: 881 -> 500
Computing persistence on full 673 point cloud...
  H0 features: 673
  H1 features: 388
Computing persistence on full 480 point cloud...
  H0 features: 480
  H1 features: 108
Computing persistence on full 381 point cloud...
  H0 features: 381
  H1 features: 118
Point cloud optimization: 723 -> 500
Computing persistence on full 567 point cloud...
  H0 features: 567
  H1 features: 250
Point cloud optimization: 641 -> 500
Computing persistence on full 541 point cloud...
  H0 features: 541
  H1 features: 176
Computing persistence on full 454 point cloud...
  H0 features: 454
  H1 features: 206
Point cloud optimization: 517 -> 500
Computing persistence on full 503 point cloud...
  H0 features: 503
  H1 features: 120
Point cloud optimization: 518 -> 500
Computing persistence on full 504 point cloud...
  H0 features: 504
  H1 features: 225
Computing persistence on full 302 point cloud...
  H0 features: 302
  H1 features: 111
Point cloud optimization: 692 -> 500
Computing persistence on full 554 point cloud...
  H0 features: 554
  H1 features: 228
Point cloud optimization: 584 -> 500
Computing persistence on full 524 point cloud...
  H0 features: 524
  H1 features: 272
Computing persistence on full 338 point cloud...
  H0 features: 338
  H1 features: 109
Point cloud optimization: 584 -> 500
Computing persistence on full 523 point cloud...
  H0 features: 523
  H1 features: 264
Point cloud optimization: 534 -> 500
Computing persistence on full 508 point cloud...
  H0 features: 508
  H1 features: 175
Computing persistence on full 325 point cloud...
  H0 features: 325
  H1 features: 69
Computing persistence on full 377 point cloud...
  H0 features: 377
  H1 features: 195
Analyzing persistence diagram ranges...
Found 32 valid diagrams with 10552 total finite features
Actual persistence ranges:
  Birth times: 0.0000 - 0.9984
  Lifespans: 0.0000 - 0.9790
Adjusted persistence image parameters:
  birth_range: (0.0000, 1.0983)
  pers_range: (0.0010, 1.0769)
PersistenceImager config: pixel_size=0.0077, sigma=0.0130

Persistence image conversion results:
  Successful: 16/16
  Success rate: 100.0%
Point cloud optimization: 785 -> 500
Computing persistence on full 605 point cloud...
  H0 features: 605
  H1 features: 148
Point cloud optimization: 537 -> 500
Computing persistence on full 509 point cloud...
  H0 features: 509
  H1 features: 128
Point cloud optimization: 648 -> 500
Computing persistence on full 541 point cloud...
  H0 features: 541
  H1 features: 246
Computing persistence on full 303 point cloud...
  H0 features: 303
  H1 features: 83
Computing persistence on full 339 point cloud...
  H0 features: 339
  H1 features: 135
Point cloud optimization: 920 -> 500
Computing persistence on full 705 point cloud...
  H0 features: 705
  H1 features: 195
Computing persistence on full 453 point cloud...
  H0 features: 453
  H1 features: 240
Point cloud optimization: 511 -> 500
Computing persistence on full 502 point cloud...
  H0 features: 502
  H1 features: 328
Computing persistence on full 394 point cloud...
  H0 features: 394
  H1 features: 140
Point cloud optimization: 955 -> 500
Computing persistence on full 722 point cloud...
  H0 features: 722
  H1 features: 454
Point cloud optimization: 582 -> 500
Computing persistence on full 522 point cloud...
  H0 features: 522
  H1 features: 151
Point cloud optimization: 1087 -> 500
Computing persistence on full 818 point cloud...
  H0 features: 818
  H1 features: 454
Point cloud optimization: 610 -> 500
Computing persistence on full 531 point cloud...
  H0 features: 531
  H1 features: 296
Point cloud optimization: 617 -> 500
Computing persistence on full 531 point cloud...
  H0 features: 531
  H1 features: 241
Computing persistence on full 364 point cloud...
  H0 features: 364
  H1 features: 86
Point cloud optimization: 1291 -> 500
Computing persistence on full 984 point cloud...
  H0 features: 984
  H1 features: 279
Analyzing persistence diagram ranges...
Found 32 valid diagrams with 12411 total finite features
Actual persistence ranges:
  Birth times: 0.0000 - 0.9991
  Lifespans: 0.0000 - 0.9752
Adjusted persistence image parameters:
  birth_range: (0.0000, 1.0990)
  pers_range: (0.0010, 1.0727)
PersistenceImager config: pixel_size=0.0077, sigma=0.0130

Persistence image conversion results:
  Successful: 16/16
  Success rate: 100.0%
Computing persistence on full 271 point cloud...
  H0 features: 271
  H1 features: 113
Point cloud optimization: 808 -> 500
Computing persistence on full 626 point cloud...
  H0 features: 626
  H1 features: 255
Computing persistence on full 192 point cloud...
  H0 features: 192
  H1 features: 41
Point cloud optimization: 1155 -> 500
Computing persistence on full 893 point cloud...
  H0 features: 893
  H1 features: 304
Point cloud optimization: 846 -> 500
Computing persistence on full 643 point cloud...
  H0 features: 643
  H1 features: 242
Point cloud optimization: 621 -> 500
Computing persistence on full 534 point cloud...
  H0 features: 534
  H1 features: 105
Point cloud optimization: 559 -> 500
Computing persistence on full 516 point cloud...
  H0 features: 516
  H1 features: 231
Point cloud optimization: 599 -> 500
Computing persistence on full 527 point cloud...
  H0 features: 527
  H1 features: 261
Point cloud optimization: 833 -> 500
Computing persistence on full 634 point cloud...
  H0 features: 634
  H1 features: 122
Computing persistence on full 256 point cloud...
  H0 features: 256
  H1 features: 49
Computing persistence on full 361 point cloud...
  H0 features: 361
  H1 features: 91
Computing persistence on full 362 point cloud...
  H0 features: 362
  H1 features: 167
Point cloud optimization: 842 -> 500
Computing persistence on full 642 point cloud...
  H0 features: 642
  H1 features: 196
Point cloud optimization: 680 -> 500
Computing persistence on full 549 point cloud...
  H0 features: 549
  H1 features: 166
Point cloud optimization: 871 -> 500
Computing persistence on full 659 point cloud...
  H0 features: 659
  H1 features: 276
Computing persistence on full 403 point cloud...
  H0 features: 403
  H1 features: 172
Analyzing persistence diagram ranges...
Found 32 valid diagrams with 10843 total finite features
Actual persistence ranges:
  Birth times: 0.0000 - 0.9987
  Lifespans: 0.0000 - 0.9733
Adjusted persistence image parameters:
  birth_range: (0.0000, 1.0985)
  pers_range: (0.0010, 1.0706)
PersistenceImager config: pixel_size=0.0077, sigma=0.0129

Persistence image conversion results:
  Successful: 16/16
  Success rate: 100.0%
Point cloud optimization: 797 -> 500
Computing persistence on full 610 point cloud...
  H0 features: 610
  H1 features: 193
Point cloud optimization: 637 -> 500
Computing persistence on full 538 point cloud...
  H0 features: 538
  H1 features: 243
Point cloud optimization: 759 -> 500
Computing persistence on full 590 point cloud...
  H0 features: 590
  H1 features: 251
Computing persistence on full 392 point cloud...
  H0 features: 392
  H1 features: 183
Point cloud optimization: 2271 -> 500
Computing persistence on full 1678 point cloud...
  H0 features: 1678
  H1 features: 900
Computing persistence on full 253 point cloud...
  H0 features: 253
  H1 features: 110
Point cloud optimization: 666 -> 500
Computing persistence on full 547 point cloud...
  H0 features: 547
  H1 features: 214
Point cloud optimization: 596 -> 500
Computing persistence on full 527 point cloud...
  H0 features: 527
  H1 features: 322
Computing persistence on full 279 point cloud...
  H0 features: 279
  H1 features: 90
Computing persistence on full 322 point cloud...
  H0 features: 322
  H1 features: 134
Point cloud optimization: 511 -> 500
Computing persistence on full 502 point cloud...
  H0 features: 502
  H1 features: 246
Computing persistence on full 462 point cloud...
  H0 features: 462
  H1 features: 212
Computing persistence on full 356 point cloud...
  H0 features: 356
  H1 features: 160
Point cloud optimization: 1292 -> 500
Computing persistence on full 980 point cloud...
  H0 features: 980
  H1 features: 268
Computing persistence on full 401 point cloud...
  H0 features: 401
  H1 features: 126
Computing persistence on full 417 point cloud...
  H0 features: 417
  H1 features: 110
Analyzing persistence diagram ranges...
Found 32 valid diagrams with 12600 total finite features
Actual persistence ranges:
  Birth times: 0.0000 - 0.9983
  Lifespans: 0.0000 - 0.9807
Adjusted persistence image parameters:
  birth_range: (0.0000, 1.0982)
  pers_range: (0.0010, 1.0788)
PersistenceImager config: pixel_size=0.0078, sigma=0.0130

Persistence image conversion results:
  Successful: 16/16
  Success rate: 100.0%
Computing persistence on full 379 point cloud...
  H0 features: 379
  H1 features: 180
Computing persistence on full 377 point cloud...
  H0 features: 377
  H1 features: 211
Computing persistence on full 361 point cloud...
  H0 features: 361
  H1 features: 192
Point cloud optimization: 509 -> 500
Computing persistence on full 502 point cloud...
  H0 features: 502
  H1 features: 230
Computing persistence on full 348 point cloud...
  H0 features: 348
  H1 features: 87
Computing persistence on full 347 point cloud...
  H0 features: 347
  H1 features: 117
Computing persistence on full 401 point cloud...
  H0 features: 401
  H1 features: 109
Point cloud optimization: 541 -> 500
Computing persistence on full 511 point cloud...
  H0 features: 511
  H1 features: 154
Computing persistence on full 290 point cloud...
  H0 features: 290
  H1 features: 108
Point cloud optimization: 570 -> 500
Computing persistence on full 518 point cloud...
  H0 features: 518
  H1 features: 223
Computing persistence on full 295 point cloud...
  H0 features: 295
  H1 features: 71
Computing persistence on full 421 point cloud...
  H0 features: 421
  H1 features: 167
Point cloud optimization: 1044 -> 500
Computing persistence on full 785 point cloud...
  H0 features: 785
  H1 features: 369
Point cloud optimization: 531 -> 500
Computing persistence on full 508 point cloud...
  H0 features: 508
  H1 features: 136
Computing persistence on full 328 point cloud...
  H0 features: 328
  H1 features: 131
Point cloud optimization: 1048 -> 500
Computing persistence on full 792 point cloud...
  H0 features: 792
  H1 features: 170
Analyzing persistence diagram ranges...
Found 32 valid diagrams with 9802 total finite features
Actual persistence ranges:
  Birth times: 0.0000 - 0.9978
  Lifespans: 0.0000 - 0.9751
Adjusted persistence image parameters:
  birth_range: (0.0000, 1.0976)
  pers_range: (0.0010, 1.0726)
PersistenceImager config: pixel_size=0.0077, sigma=0.0130

Persistence image conversion results:
  Successful: 16/16
  Success rate: 100.0%
Computing persistence on full 423 point cloud...
  H0 features: 423
  H1 features: 102
Point cloud optimization: 505 -> 500
Computing persistence on full 500 point cloud...
  H0 features: 500
  H1 features: 260
Point cloud optimization: 1288 -> 500
Computing persistence on full 979 point cloud...
  H0 features: 979
  H1 features: 426
Point cloud optimization: 615 -> 500
Computing persistence on full 529 point cloud...
  H0 features: 529
  H1 features: 242
Computing persistence on full 275 point cloud...
  H0 features: 275
  H1 features: 104
Point cloud optimization: 974 -> 500
Computing persistence on full 749 point cloud...
  H0 features: 749
  H1 features: 281
Point cloud optimization: 535 -> 500
Computing persistence on full 508 point cloud...
  H0 features: 508
  H1 features: 320
Point cloud optimization: 560 -> 500
Computing persistence on full 516 point cloud...
  H0 features: 516
  H1 features: 245
Point cloud optimization: 597 -> 500
Computing persistence on full 527 point cloud...
  H0 features: 527
  H1 features: 315
Computing persistence on full 321 point cloud...
  H0 features: 321
  H1 features: 141
Point cloud optimization: 947 -> 500
Computing persistence on full 714 point cloud...
  H0 features: 714
  H1 features: 256
Computing persistence on full 329 point cloud...
  H0 features: 329
  H1 features: 156
Point cloud optimization: 736 -> 500
Computing persistence on full 577 point cloud...
  H0 features: 577
  H1 features: 357
Computing persistence on full 344 point cloud...
  H0 features: 344
  H1 features: 169
Point cloud optimization: 737 -> 500
Computing persistence on full 575 point cloud...
  H0 features: 575
  H1 features: 216
Computing persistence on full 475 point cloud...
  H0 features: 475
  H1 features: 211
Analyzing persistence diagram ranges...
Found 32 valid diagrams with 12126 total finite features
Actual persistence ranges:
  Birth times: 0.0000 - 0.9992
  Lifespans: 0.0000 - 0.9741
Adjusted persistence image parameters:
  birth_range: (0.0000, 1.0991)
  pers_range: (0.0010, 1.0715)
PersistenceImager config: pixel_size=0.0077, sigma=0.0130

Persistence image conversion results:
  Successful: 16/16
  Success rate: 100.0%
Point cloud optimization: 564 -> 500
Computing persistence on full 515 point cloud...
  H0 features: 515
  H1 features: 114
Computing persistence on full 276 point cloud...
  H0 features: 276
  H1 features: 129
Point cloud optimization: 999 -> 500
Computing persistence on full 764 point cloud...
  H0 features: 764
  H1 features: 376
Point cloud optimization: 664 -> 500
Computing persistence on full 542 point cloud...
  H0 features: 542
  H1 features: 310
Computing persistence on full 342 point cloud...
  H0 features: 342
  H1 features: 154
Computing persistence on full 489 point cloud...
  H0 features: 489
  H1 features: 193
Point cloud optimization: 640 -> 500
Computing persistence on full 535 point cloud...
  H0 features: 535
  H1 features: 136
Computing persistence on full 333 point cloud...
  H0 features: 333
  H1 features: 99
Computing persistence on full 419 point cloud...
  H0 features: 419
  H1 features: 190
Computing persistence on full 340 point cloud...
  H0 features: 340
  H1 features: 95
Computing persistence on full 499 point cloud...
  H0 features: 499
  H1 features: 116
Computing persistence on full 392 point cloud...
  H0 features: 392
  H1 features: 178
Computing persistence on full 446 point cloud...
  H0 features: 446
  H1 features: 103
Point cloud optimization: 654 -> 500
Computing persistence on full 538 point cloud...
  H0 features: 538
  H1 features: 168
Point cloud optimization: 581 -> 500
Computing persistence on full 521 point cloud...
  H0 features: 521
  H1 features: 187
Point cloud optimization: 777 -> 500
Computing persistence on full 599 point cloud...
  H0 features: 599
  H1 features: 271
Analyzing persistence diagram ranges...
Found 32 valid diagrams with 10353 total finite features
Actual persistence ranges:
  Birth times: 0.0000 - 0.9990
  Lifespans: 0.0000 - 0.9727
Adjusted persistence image parameters:
  birth_range: (0.0000, 1.0989)
  pers_range: (0.0010, 1.0699)
PersistenceImager config: pixel_size=0.0077, sigma=0.0129

Persistence image conversion results:
  Successful: 16/16
  Success rate: 100.0%
Computing persistence on full 447 point cloud...
  H0 features: 447
  H1 features: 224
Point cloud optimization: 693 -> 500
Computing persistence on full 558 point cloud...
  H0 features: 558
  H1 features: 243
Computing persistence on full 362 point cloud...
  H0 features: 362
  H1 features: 155
Point cloud optimization: 634 -> 500
Computing persistence on full 534 point cloud...
  H0 features: 534
  H1 features: 186
Computing persistence on full 333 point cloud...
  H0 features: 333
  H1 features: 149
Computing persistence on full 248 point cloud...
  H0 features: 248
  H1 features: 60
Computing persistence on full 307 point cloud...
  H0 features: 307
  H1 features: 87
Computing persistence on full 356 point cloud...
  H0 features: 356
  H1 features: 179
Computing persistence on full 209 point cloud...
  H0 features: 209
  H1 features: 37
Computing persistence on full 405 point cloud...
  H0 features: 405
  H1 features: 84
Computing persistence on full 234 point cloud...
  H0 features: 234
  H1 features: 56
Point cloud optimization: 624 -> 500
Computing persistence on full 534 point cloud...
  H0 features: 534
  H1 features: 136
Computing persistence on full 273 point cloud...
  H0 features: 273
  H1 features: 74
Point cloud optimization: 588 -> 500
Computing persistence on full 523 point cloud...
  H0 features: 523
  H1 features: 216
Point cloud optimization: 640 -> 500
Computing persistence on full 537 point cloud...
  H0 features: 537
  H1 features: 351
Point cloud optimization: 1025 -> 500
Computing persistence on full 784 point cloud...
  H0 features: 784
  H1 features: 343
Analyzing persistence diagram ranges...
Found 32 valid diagrams with 9208 total finite features
Actual persistence ranges:
  Birth times: 0.0000 - 0.9985
  Lifespans: 0.0000 - 0.9852
Adjusted persistence image parameters:
  birth_range: (0.0000, 1.0983)
  pers_range: (0.0010, 1.0838)
PersistenceImager config: pixel_size=0.0078, sigma=0.0131

Persistence image conversion results:
  Successful: 16/16
  Success rate: 100.0%
Point cloud optimization: 910 -> 500
Computing persistence on full 686 point cloud...
  H0 features: 686
  H1 features: 254
Computing persistence on full 390 point cloud...
  H0 features: 390
  H1 features: 91
Point cloud optimization: 534 -> 500
Computing persistence on full 508 point cloud...
  H0 features: 508
  H1 features: 155
Point cloud optimization: 604 -> 500
Computing persistence on full 528 point cloud...
  H0 features: 528
  H1 features: 189
Point cloud optimization: 553 -> 500
Computing persistence on full 514 point cloud...
  H0 features: 514
  H1 features: 167
Computing persistence on full 315 point cloud...
  H0 features: 315
  H1 features: 124
Computing persistence on full 279 point cloud...
  H0 features: 279
  H1 features: 106
Computing persistence on full 495 point cloud...
  H0 features: 495
  H1 features: 256
Computing persistence on full 449 point cloud...
  H0 features: 449
  H1 features: 178
Computing persistence on full 219 point cloud...
  H0 features: 219
  H1 features: 50
Point cloud optimization: 519 -> 500
Computing persistence on full 505 point cloud...
  H0 features: 505
  H1 features: 250
Computing persistence on full 445 point cloud...
  H0 features: 445
  H1 features: 162
Point cloud optimization: 1035 -> 500
Computing persistence on full 786 point cloud...
  H0 features: 786
  H1 features: 311
Computing persistence on full 316 point cloud...
  H0 features: 316
  H1 features: 155
Point cloud optimization: 558 -> 500
Computing persistence on full 515 point cloud...
  H0 features: 515
  H1 features: 308
Computing persistence on full 260 point cloud...
  H0 features: 260
  H1 features: 49
Analyzing persistence diagram ranges...
Found 32 valid diagrams with 9999 total finite features
Actual persistence ranges:
  Birth times: 0.0000 - 0.9986
  Lifespans: 0.0000 - 0.9759
Adjusted persistence image parameters:
  birth_range: (0.0000, 1.0985)
  pers_range: (0.0010, 1.0734)
PersistenceImager config: pixel_size=0.0077, sigma=0.0130

Persistence image conversion results:
  Successful: 16/16
  Success rate: 100.0%
Computing persistence on full 291 point cloud...
  H0 features: 291
  H1 features: 77
Point cloud optimization: 899 -> 500
Computing persistence on full 679 point cloud...
  H0 features: 679
  H1 features: 152
Computing persistence on full 392 point cloud...
  H0 features: 392
  H1 features: 104
Computing persistence on full 213 point cloud...
  H0 features: 213
  H1 features: 45
Computing persistence on full 244 point cloud...
  H0 features: 244
  H1 features: 25
Computing persistence on full 397 point cloud...
  H0 features: 397
  H1 features: 201
Point cloud optimization: 830 -> 500
Computing persistence on full 638 point cloud...
  H0 features: 638
  H1 features: 212
Point cloud optimization: 849 -> 500
Computing persistence on full 660 point cloud...
  H0 features: 660
  H1 features: 251
Computing persistence on full 171 point cloud...
  H0 features: 171
  H1 features: 37
Computing persistence on full 200 point cloud...
  H0 features: 200
  H1 features: 36
Computing persistence on full 300 point cloud...
  H0 features: 300
  H1 features: 124
Point cloud optimization: 709 -> 500
Computing persistence on full 568 point cloud...
  H0 features: 568
  H1 features: 268
Computing persistence on full 391 point cloud...
  H0 features: 391
  H1 features: 226
Computing persistence on full 374 point cloud...
  H0 features: 374
  H1 features: 128
Computing persistence on full 336 point cloud...
  H0 features: 336
  H1 features: 160
Point cloud optimization: 546 -> 500
Computing persistence on full 511 point cloud...
  H0 features: 511
  H1 features: 117
Analyzing persistence diagram ranges...
Found 32 valid diagrams with 8512 total finite features
Actual persistence ranges:
  Birth times: 0.0000 - 0.9983
  Lifespans: 0.0000 - 0.9830
Adjusted persistence image parameters:
  birth_range: (0.0000, 1.0981)
  pers_range: (0.0010, 1.0813)
PersistenceImager config: pixel_size=0.0078, sigma=0.0131

Persistence image conversion results:
  Successful: 16/16
  Success rate: 100.0%
Computing persistence on full 489 point cloud...
  H0 features: 489
  H1 features: 174
Computing persistence on full 325 point cloud...
  H0 features: 325
  H1 features: 133
Computing persistence on full 305 point cloud...
  H0 features: 305
  H1 features: 102
Computing persistence on full 197 point cloud...
  H0 features: 197
  H1 features: 42
Point cloud optimization: 543 -> 500
Computing persistence on full 510 point cloud...
  H0 features: 510
  H1 features: 228
Computing persistence on full 253 point cloud...
  H0 features: 253
  H1 features: 54
Point cloud optimization: 649 -> 500
Computing persistence on full 539 point cloud...
  H0 features: 539
  H1 features: 290
Computing persistence on full 250 point cloud...
  H0 features: 250
  H1 features: 72
Point cloud optimization: 738 -> 500
Computing persistence on full 578 point cloud...
  H0 features: 578
  H1 features: 250
Computing persistence on full 235 point cloud...
  H0 features: 235
  H1 features: 61
Point cloud optimization: 735 -> 500
Computing persistence on full 576 point cloud...
  H0 features: 576
  H1 features: 236
Computing persistence on full 332 point cloud...
  H0 features: 332
  H1 features: 144
Computing persistence on full 318 point cloud...
  H0 features: 318
  H1 features: 97
Computing persistence on full 406 point cloud...
  H0 features: 406
  H1 features: 148
Computing persistence on full 360 point cloud...
  H0 features: 360
  H1 features: 90
Point cloud optimization: 540 -> 500
Computing persistence on full 511 point cloud...
  H0 features: 511
  H1 features: 238
Analyzing persistence diagram ranges...
Found 32 valid diagrams with 8527 total finite features
Actual persistence ranges:
  Birth times: 0.0000 - 0.9989
  Lifespans: 0.0000 - 0.9814
Adjusted persistence image parameters:
  birth_range: (0.0000, 1.0988)
  pers_range: (0.0010, 1.0795)
PersistenceImager config: pixel_size=0.0078, sigma=0.0131

Persistence image conversion results:
  Successful: 16/16
  Success rate: 100.0%
  Progress: 800/78541 (1.0%) Rate: 1.2 samples/sec, ETA: 1053.0min
Computing persistence on full 331 point cloud...
  H0 features: 331
  H1 features: 118
Computing persistence on full 375 point cloud...
  H0 features: 375
  H1 features: 92
Computing persistence on full 172 point cloud...
  H0 features: 172
  H1 features: 49
Computing persistence on full 305 point cloud...
  H0 features: 305
  H1 features: 148
Point cloud optimization: 553 -> 500
Computing persistence on full 513 point cloud...
  H0 features: 513
  H1 features: 134
Computing persistence on full 317 point cloud...
  H0 features: 317
  H1 features: 87
Point cloud optimization: 859 -> 500
Computing persistence on full 656 point cloud...
  H0 features: 656
  H1 features: 324
Computing persistence on full 468 point cloud...
  H0 features: 468
  H1 features: 132
Point cloud optimization: 611 -> 500
Computing persistence on full 530 point cloud...
  H0 features: 530
  H1 features: 156
Point cloud optimization: 518 -> 500
Computing persistence on full 505 point cloud...
  H0 features: 505
  H1 features: 151
Point cloud optimization: 607 -> 500
Computing persistence on full 528 point cloud...
  H0 features: 528
  H1 features: 206
Computing persistence on full 443 point cloud...
  H0 features: 443
  H1 features: 253
Computing persistence on full 370 point cloud...
  H0 features: 370
  H1 features: 109
Computing persistence on full 392 point cloud...
  H0 features: 392
  H1 features: 117
Point cloud optimization: 771 -> 500
Computing persistence on full 595 point cloud...
  H0 features: 595
  H1 features: 205
Computing persistence on full 380 point cloud...
  H0 features: 380
  H1 features: 121
Analyzing persistence diagram ranges...
Found 32 valid diagrams with 9266 total finite features
Actual persistence ranges:
  Birth times: 0.0000 - 0.9988
  Lifespans: 0.0000 - 0.9807
Adjusted persistence image parameters:
  birth_range: (0.0000, 1.0986)
  pers_range: (0.0010, 1.0787)
PersistenceImager config: pixel_size=0.0078, sigma=0.0130

Persistence image conversion results:
  Successful: 16/16
  Success rate: 100.0%
Computing persistence on full 413 point cloud...
  H0 features: 413
  H1 features: 156
Point cloud optimization: 582 -> 500
Computing persistence on full 524 point cloud...
  H0 features: 524
  H1 features: 224
Computing persistence on full 340 point cloud...
  H0 features: 340
  H1 features: 87
Computing persistence on full 458 point cloud...
  H0 features: 458
  H1 features: 192
Point cloud optimization: 1087 -> 500
Computing persistence on full 814 point cloud...
  H0 features: 814
  H1 features: 452
Point cloud optimization: 523 -> 500
Computing persistence on full 505 point cloud...
  H0 features: 505
  H1 features: 193
Computing persistence on full 294 point cloud...
  H0 features: 294
  H1 features: 110
Point cloud optimization: 589 -> 500
Computing persistence on full 524 point cloud...
  H0 features: 524
  H1 features: 260
Point cloud optimization: 1006 -> 500
Computing persistence on full 759 point cloud...
  H0 features: 759
  H1 features: 269
Point cloud optimization: 520 -> 500
Computing persistence on full 504 point cloud...
  H0 features: 504
  H1 features: 128
Computing persistence on full 389 point cloud...
  H0 features: 389
  H1 features: 158
Computing persistence on full 324 point cloud...
  H0 features: 324
  H1 features: 149
Computing persistence on full 422 point cloud...
  H0 features: 422
  H1 features: 192
Computing persistence on full 485 point cloud...
  H0 features: 485
  H1 features: 202
Point cloud optimization: 1196 -> 500
Computing persistence on full 914 point cloud...
  H0 features: 914
  H1 features: 268
Point cloud optimization: 706 -> 500
Computing persistence on full 555 point cloud...
  H0 features: 555
  H1 features: 144
Analyzing persistence diagram ranges...
Found 32 valid diagrams with 11392 total finite features
Actual persistence ranges:
  Birth times: 0.0000 - 0.9986
  Lifespans: 0.0000 - 0.9774
Adjusted persistence image parameters:
  birth_range: (0.0000, 1.0984)
  pers_range: (0.0010, 1.0751)
PersistenceImager config: pixel_size=0.0077, sigma=0.0130

Persistence image conversion results:
  Successful: 16/16
  Success rate: 100.0%
Point cloud optimization: 534 -> 500
Computing persistence on full 509 point cloud...
  H0 features: 509
  H1 features: 168
Point cloud optimization: 761 -> 500
Computing persistence on full 588 point cloud...
  H0 features: 588
  H1 features: 171
Point cloud optimization: 1298 -> 500
Computing persistence on full 987 point cloud...
  H0 features: 987
  H1 features: 433
Computing persistence on full 492 point cloud...
  H0 features: 492
  H1 features: 200
Point cloud optimization: 525 -> 500
Computing persistence on full 505 point cloud...
  H0 features: 505
  H1 features: 187
Computing persistence on full 331 point cloud...
  H0 features: 331
  H1 features: 86
Computing persistence on full 316 point cloud...
  H0 features: 316
  H1 features: 150
Computing persistence on full 405 point cloud...
  H0 features: 405
  H1 features: 240
Computing persistence on full 470 point cloud...
  H0 features: 470
  H1 features: 254
Computing persistence on full 196 point cloud...
  H0 features: 196
  H1 features: 37
Computing persistence on full 209 point cloud...
  H0 features: 209
  H1 features: 52
Computing persistence on full 328 point cloud...
  H0 features: 328
  H1 features: 137
Computing persistence on full 463 point cloud...
  H0 features: 463
  H1 features: 232
Point cloud optimization: 530 -> 500
Computing persistence on full 507 point cloud...
  H0 features: 507
  H1 features: 226
Computing persistence on full 452 point cloud...
  H0 features: 452
  H1 features: 218
Point cloud optimization: 630 -> 500
Computing persistence on full 537 point cloud...
  H0 features: 537
  H1 features: 172
Analyzing persistence diagram ranges...
Found 32 valid diagrams with 10242 total finite features
Actual persistence ranges:
  Birth times: 0.0000 - 0.9988
  Lifespans: 0.0000 - 0.9787
Adjusted persistence image parameters:
  birth_range: (0.0000, 1.0987)
  pers_range: (0.0010, 1.0766)
PersistenceImager config: pixel_size=0.0077, sigma=0.0130

Persistence image conversion results:
  Successful: 16/16
  Success rate: 100.0%
Computing persistence on full 395 point cloud...
  H0 features: 395
  H1 features: 95
Point cloud optimization: 612 -> 500
Computing persistence on full 528 point cloud...
  H0 features: 528
  H1 features: 239
Computing persistence on full 481 point cloud...
  H0 features: 481
  H1 features: 133
Point cloud optimization: 708 -> 500
Computing persistence on full 568 point cloud...
  H0 features: 568
  H1 features: 258
Computing persistence on full 465 point cloud...
  H0 features: 465
  H1 features: 140
Point cloud optimization: 682 -> 500
Computing persistence on full 557 point cloud...
  H0 features: 557
  H1 features: 174
Computing persistence on full 347 point cloud...
  H0 features: 347
  H1 features: 121
Point cloud optimization: 573 -> 500
Computing persistence on full 520 point cloud...
  H0 features: 520
  H1 features: 247
Point cloud optimization: 647 -> 500
Computing persistence on full 542 point cloud...
  H0 features: 542
  H1 features: 215
Point cloud optimization: 608 -> 500
Computing persistence on full 529 point cloud...
  H0 features: 529
  H1 features: 216
Point cloud optimization: 583 -> 500
Computing persistence on full 520 point cloud...
  H0 features: 520
  H1 features: 146
Point cloud optimization: 653 -> 500
Computing persistence on full 544 point cloud...
  H0 features: 544
  H1 features: 230
Point cloud optimization: 528 -> 500
Computing persistence on full 507 point cloud...
  H0 features: 507
  H1 features: 148
Point cloud optimization: 608 -> 500
Computing persistence on full 527 point cloud...
  H0 features: 527
  H1 features: 180
Computing persistence on full 287 point cloud...
  H0 features: 287
  H1 features: 110
Point cloud optimization: 766 -> 500
Computing persistence on full 598 point cloud...
  H0 features: 598
  H1 features: 183
Analyzing persistence diagram ranges...
Found 32 valid diagrams with 10734 total finite features
Actual persistence ranges:
  Birth times: 0.0000 - 0.9993
  Lifespans: 0.0000 - 0.9828
Adjusted persistence image parameters:
  birth_range: (0.0000, 1.0992)
  pers_range: (0.0010, 1.0811)
PersistenceImager config: pixel_size=0.0078, sigma=0.0131

Persistence image conversion results:
  Successful: 16/16
  Success rate: 100.0%
Computing persistence on full 449 point cloud...
  H0 features: 449
  H1 features: 179
Computing persistence on full 310 point cloud...
  H0 features: 310
  H1 features: 73
Point cloud optimization: 647 -> 500
Computing persistence on full 541 point cloud...
  H0 features: 541
  H1 features: 230
Computing persistence on full 343 point cloud...
  H0 features: 343
  H1 features: 159
Point cloud optimization: 548 -> 500
Computing persistence on full 512 point cloud...
  H0 features: 512
  H1 features: 321
Computing persistence on full 230 point cloud...
  H0 features: 230
  H1 features: 44
Computing persistence on full 328 point cloud...
  H0 features: 328
  H1 features: 131
Computing persistence on full 298 point cloud...
  H0 features: 298
  H1 features: 117
Point cloud optimization: 750 -> 500
Computing persistence on full 584 point cloud...
  H0 features: 584
  H1 features: 156
Computing persistence on full 291 point cloud...
  H0 features: 291
  H1 features: 106
Computing persistence on full 428 point cloud...
  H0 features: 428
  H1 features: 224
Computing persistence on full 338 point cloud...
  H0 features: 338
  H1 features: 176
Computing persistence on full 251 point cloud...
  H0 features: 251
  H1 features: 66
Point cloud optimization: 779 -> 500
Computing persistence on full 602 point cloud...
  H0 features: 602
  H1 features: 220
Point cloud optimization: 510 -> 500
Computing persistence on full 500 point cloud...
  H0 features: 500
  H1 features: 84
Computing persistence on full 248 point cloud...
  H0 features: 248
  H1 features: 60
Analyzing persistence diagram ranges...
Found 32 valid diagrams with 8583 total finite features
Actual persistence ranges:
  Birth times: 0.0000 - 0.9984
  Lifespans: 0.0000 - 0.9844
Adjusted persistence image parameters:
  birth_range: (0.0000, 1.0983)
  pers_range: (0.0010, 1.0828)
PersistenceImager config: pixel_size=0.0078, sigma=0.0131

Persistence image conversion results:
  Successful: 16/16
  Success rate: 100.0%
Computing persistence on full 364 point cloud...
  H0 features: 364
  H1 features: 139
Point cloud optimization: 1152 -> 500
Computing persistence on full 872 point cloud...
  H0 features: 872
  H1 features: 414
Computing persistence on full 345 point cloud...
  H0 features: 345
  H1 features: 102
Point cloud optimization: 564 -> 500
Computing persistence on full 517 point cloud...
  H0 features: 517
  H1 features: 153
Computing persistence on full 432 point cloud...
  H0 features: 432
  H1 features: 175
Point cloud optimization: 1079 -> 500
Computing persistence on full 814 point cloud...
  H0 features: 814
  H1 features: 336
Computing persistence on full 184 point cloud...
  H0 features: 184
  H1 features: 38
Computing persistence on full 384 point cloud...
  H0 features: 384
  H1 features: 203
Computing persistence on full 244 point cloud...
  H0 features: 244
  H1 features: 102
Computing persistence on full 364 point cloud...
  H0 features: 364
  H1 features: 178
Computing persistence on full 308 point cloud...
  H0 features: 308
  H1 features: 152
Point cloud optimization: 1912 -> 500
Computing persistence on full 1420 point cloud...
  H0 features: 1420
  H1 features: 631
Computing persistence on full 316 point cloud...
  H0 features: 316
  H1 features: 73
Point cloud optimization: 671 -> 500
Computing persistence on full 548 point cloud...
  H0 features: 548
  H1 features: 202
Point cloud optimization: 1377 -> 500
Computing persistence on full 1030 point cloud...
  H0 features: 1030
  H1 features: 491
Point cloud optimization: 530 -> 500
Computing persistence on full 506 point cloud...
  H0 features: 506
  H1 features: 174
Analyzing persistence diagram ranges...
Found 32 valid diagrams with 12195 total finite features
Actual persistence ranges:
  Birth times: 0.0000 - 0.9983
  Lifespans: 0.0000 - 0.9861
Adjusted persistence image parameters:
  birth_range: (0.0000, 1.0981)
  pers_range: (0.0010, 1.0848)
PersistenceImager config: pixel_size=0.0078, sigma=0.0131

Persistence image conversion results:
  Successful: 16/16
  Success rate: 100.0%
Computing persistence on full 260 point cloud...
  H0 features: 260
  H1 features: 48
Computing persistence on full 485 point cloud...
  H0 features: 485
  H1 features: 251
Computing persistence on full 418 point cloud...
  H0 features: 418
  H1 features: 139
Computing persistence on full 316 point cloud...
  H0 features: 316
  H1 features: 101
Computing persistence on full 410 point cloud...
  H0 features: 410
  H1 features: 178
Computing persistence on full 282 point cloud...
  H0 features: 282
  H1 features: 126
Point cloud optimization: 594 -> 500
Computing persistence on full 522 point cloud...
  H0 features: 522
  H1 features: 107
Point cloud optimization: 569 -> 500
Computing persistence on full 518 point cloud...
  H0 features: 518
  H1 features: 237
Point cloud optimization: 1559 -> 500
Computing persistence on full 1178 point cloud...
  H0 features: 1178
  H1 features: 311
Computing persistence on full 457 point cloud...
  H0 features: 457
  H1 features: 236
Computing persistence on full 208 point cloud...
  H0 features: 176
  H1 features: 17
Computing persistence on full 324 point cloud...
  H0 features: 324
  H1 features: 126
Point cloud optimization: 553 -> 500
Computing persistence on full 514 point cloud...
  H0 features: 514
  H1 features: 172
Computing persistence on full 419 point cloud...
  H0 features: 419
  H1 features: 111
Computing persistence on full 269 point cloud...
  H0 features: 269
  H1 features: 53
Point cloud optimization: 503 -> 500
Computing persistence on full 500 point cloud...
  H0 features: 500
  H1 features: 205
Analyzing persistence diagram ranges...
Found 32 valid diagrams with 9450 total finite features
Actual persistence ranges:
  Birth times: 0.0000 - 0.9986
  Lifespans: 0.0000 - 0.9872
Adjusted persistence image parameters:
  birth_range: (0.0000, 1.0985)
  pers_range: (0.0010, 1.0860)
PersistenceImager config: pixel_size=0.0078, sigma=0.0131

Persistence image conversion results:
  Successful: 16/16
  Success rate: 100.0%
Computing persistence on full 384 point cloud...
  H0 features: 384
  H1 features: 162
Point cloud optimization: 570 -> 500
Computing persistence on full 519 point cloud...
  H0 features: 519
  H1 features: 251
Computing persistence on full 248 point cloud...
  H0 features: 248
  H1 features: 68
Point cloud optimization: 1103 -> 500
Computing persistence on full 834 point cloud...
  H0 features: 834
  H1 features: 320
Point cloud optimization: 585 -> 500
Computing persistence on full 523 point cloud...
  H0 features: 523
  H1 features: 284
Point cloud optimization: 1389 -> 500
Computing persistence on full 1039 point cloud...
  H0 features: 1039
  H1 features: 314
Point cloud optimization: 522 -> 500
Computing persistence on full 505 point cloud...
  H0 features: 505
  H1 features: 98
Point cloud optimization: 581 -> 500
Computing persistence on full 524 point cloud...
  H0 features: 524
  H1 features: 240
Point cloud optimization: 703 -> 500
Computing persistence on full 556 point cloud...
  H0 features: 556
  H1 features: 206
Computing persistence on full 264 point cloud...
  H0 features: 264
  H1 features: 69
Computing persistence on full 358 point cloud...
  H0 features: 358
  H1 features: 133
Point cloud optimization: 631 -> 500
Computing persistence on full 535 point cloud...
  H0 features: 535
  H1 features: 216
Computing persistence on full 378 point cloud...
  H0 features: 378
  H1 features: 180
Point cloud optimization: 936 -> 500
Computing persistence on full 704 point cloud...
  H0 features: 704
  H1 features: 155
Computing persistence on full 328 point cloud...
  H0 features: 328
  H1 features: 85
Computing persistence on full 290 point cloud...
  H0 features: 290
  H1 features: 150
Analyzing persistence diagram ranges...
Found 32 valid diagrams with 10904 total finite features
Actual persistence ranges:
  Birth times: 0.0000 - 0.9987
  Lifespans: 0.0000 - 0.9811
Adjusted persistence image parameters:
  birth_range: (0.0000, 1.0986)
  pers_range: (0.0010, 1.0792)
PersistenceImager config: pixel_size=0.0078, sigma=0.0131

Persistence image conversion results:
  Successful: 16/16
  Success rate: 100.0%
Point cloud optimization: 677 -> 500
Computing persistence on full 548 point cloud...
  H0 features: 548
  H1 features: 241
Computing persistence on full 438 point cloud...
  H0 features: 438
  H1 features: 163
Point cloud optimization: 967 -> 500
Computing persistence on full 739 point cloud...
  H0 features: 739
  H1 features: 248
Point cloud optimization: 667 -> 500
Computing persistence on full 543 point cloud...
  H0 features: 543
  H1 features: 234
Point cloud optimization: 1550 -> 500
Computing persistence on full 1167 point cloud...
  H0 features: 1167
  H1 features: 383
Point cloud optimization: 756 -> 500
Computing persistence on full 587 point cloud...
  H0 features: 587
  H1 features: 191
Computing persistence on full 461 point cloud...
  H0 features: 461
  H1 features: 213
Point cloud optimization: 654 -> 500
Computing persistence on full 546 point cloud...
  H0 features: 546
  H1 features: 218
Computing persistence on full 344 point cloud...
  H0 features: 344
  H1 features: 130
Computing persistence on full 331 point cloud...
  H0 features: 331
  H1 features: 70
Computing persistence on full 383 point cloud...
  H0 features: 383
  H1 features: 137
Computing persistence on full 484 point cloud...
  H0 features: 484
  H1 features: 239
Point cloud optimization: 848 -> 500
Computing persistence on full 654 point cloud...
  H0 features: 654
  H1 features: 332
Computing persistence on full 294 point cloud...
  H0 features: 294
  H1 features: 80
Point cloud optimization: 551 -> 500
Computing persistence on full 513 point cloud...
  H0 features: 513
  H1 features: 284
Computing persistence on full 411 point cloud...
  H0 features: 411
  H1 features: 174
Analyzing persistence diagram ranges...
Found 32 valid diagrams with 11764 total finite features
Actual persistence ranges:
  Birth times: 0.0000 - 0.9986
  Lifespans: 0.0000 - 0.9807
Adjusted persistence image parameters:
  birth_range: (0.0000, 1.0985)
  pers_range: (0.0010, 1.0788)
PersistenceImager config: pixel_size=0.0078, sigma=0.0130

Persistence image conversion results:
  Successful: 16/16
  Success rate: 100.0%
Point cloud optimization: 805 -> 500
Computing persistence on full 614 point cloud...
  H0 features: 614
  H1 features: 263
Computing persistence on full 361 point cloud...
  H0 features: 361
  H1 features: 207
Point cloud optimization: 1530 -> 500
Computing persistence on full 1146 point cloud...
  H0 features: 1146
  H1 features: 304
Computing persistence on full 266 point cloud...
  H0 features: 266
  H1 features: 115
Computing persistence on full 442 point cloud...
  H0 features: 442
  H1 features: 120
Computing persistence on full 413 point cloud...
  H0 features: 413
  H1 features: 138
Computing persistence on full 212 point cloud...
  H0 features: 212
  H1 features: 88
Point cloud optimization: 1553 -> 500
Computing persistence on full 1161 point cloud...
  H0 features: 1161
  H1 features: 378
Computing persistence on full 306 point cloud...
  H0 features: 306
  H1 features: 94
Computing persistence on full 412 point cloud...
  H0 features: 412
  H1 features: 175
Computing persistence on full 385 point cloud...
  H0 features: 385
  H1 features: 155
Point cloud optimization: 854 -> 500
Computing persistence on full 660 point cloud...
  H0 features: 660
  H1 features: 288
Point cloud optimization: 680 -> 500
Computing persistence on full 547 point cloud...
  H0 features: 547
  H1 features: 210
Point cloud optimization: 744 -> 500
Computing persistence on full 594 point cloud...
  H0 features: 594
  H1 features: 205
Point cloud optimization: 556 -> 500
Computing persistence on full 516 point cloud...
  H0 features: 516
  H1 features: 240
Computing persistence on full 483 point cloud...
  H0 features: 483
  H1 features: 256
Analyzing persistence diagram ranges...
Found 32 valid diagrams with 11738 total finite features
Actual persistence ranges:
  Birth times: 0.0000 - 0.9981
  Lifespans: 0.0000 - 0.9757
Adjusted persistence image parameters:
  birth_range: (0.0000, 1.0980)
  pers_range: (0.0010, 1.0732)
PersistenceImager config: pixel_size=0.0077, sigma=0.0130

Persistence image conversion results:
  Successful: 16/16
  Success rate: 100.0%
Computing persistence on full 457 point cloud...
  H0 features: 457
  H1 features: 146
Computing persistence on full 456 point cloud...
  H0 features: 456
  H1 features: 194
Point cloud optimization: 993 -> 500
Computing persistence on full 768 point cloud...
  H0 features: 768
  H1 features: 209
Computing persistence on full 285 point cloud...
  H0 features: 285
  H1 features: 127
Point cloud optimization: 802 -> 500
Computing persistence on full 616 point cloud...
  H0 features: 616
  H1 features: 207
Point cloud optimization: 574 -> 500
Computing persistence on full 520 point cloud...
  H0 features: 520
  H1 features: 192
Computing persistence on full 298 point cloud...
  H0 features: 298
  H1 features: 84
Computing persistence on full 324 point cloud...
  H0 features: 324
  H1 features: 150
Computing persistence on full 455 point cloud...
  H0 features: 455
  H1 features: 194
Point cloud optimization: 629 -> 500
Computing persistence on full 535 point cloud...
  H0 features: 535
  H1 features: 216
Point cloud optimization: 524 -> 500
Computing persistence on full 505 point cloud...
  H0 features: 505
  H1 features: 185
Point cloud optimization: 608 -> 500
Computing persistence on full 529 point cloud...
  H0 features: 529
  H1 features: 146
Computing persistence on full 266 point cloud...
  H0 features: 266
  H1 features: 65
Point cloud optimization: 741 -> 500
Computing persistence on full 586 point cloud...
  H0 features: 586
  H1 features: 206
Computing persistence on full 381 point cloud...
  H0 features: 381
  H1 features: 85
Computing persistence on full 494 point cloud...
  H0 features: 494
  H1 features: 135
Analyzing persistence diagram ranges...
Found 32 valid diagrams with 10000 total finite features
Actual persistence ranges:
  Birth times: 0.0000 - 0.9982
  Lifespans: 0.0000 - 0.9782
Adjusted persistence image parameters:
  birth_range: (0.0000, 1.0981)
  pers_range: (0.0010, 1.0761)
PersistenceImager config: pixel_size=0.0077, sigma=0.0130

Persistence image conversion results:
  Successful: 16/16
  Success rate: 100.0%
Point cloud optimization: 536 -> 500
Computing persistence on full 509 point cloud...
  H0 features: 509
  H1 features: 191
Point cloud optimization: 603 -> 500
Computing persistence on full 526 point cloud...
  H0 features: 526
  H1 features: 145
Computing persistence on full 398 point cloud...
  H0 features: 398
  H1 features: 156
Point cloud optimization: 593 -> 500
Computing persistence on full 525 point cloud...
  H0 features: 525
  H1 features: 312
Computing persistence on full 383 point cloud...
  H0 features: 383
  H1 features: 177
Point cloud optimization: 574 -> 500
Computing persistence on full 521 point cloud...
  H0 features: 521
  H1 features: 226
Point cloud optimization: 904 -> 500
Computing persistence on full 689 point cloud...
  H0 features: 689
  H1 features: 172
Computing persistence on full 250 point cloud...
  H0 features: 250
  H1 features: 50
Computing persistence on full 312 point cloud...
  H0 features: 312
  H1 features: 87
Point cloud optimization: 926 -> 500
Computing persistence on full 702 point cloud...
  H0 features: 702
  H1 features: 248
Point cloud optimization: 534 -> 500
Computing persistence on full 508 point cloud...
  H0 features: 508
  H1 features: 237
Point cloud optimization: 649 -> 500
Computing persistence on full 538 point cloud...
  H0 features: 538
  H1 features: 275
Point cloud optimization: 876 -> 500
Computing persistence on full 676 point cloud...
  H0 features: 676
  H1 features: 413
Point cloud optimization: 546 -> 500
Computing persistence on full 511 point cloud...
  H0 features: 511
  H1 features: 151
Computing persistence on full 405 point cloud...
  H0 features: 405
  H1 features: 209
Computing persistence on full 259 point cloud...
  H0 features: 259
  H1 features: 100
Analyzing persistence diagram ranges...
Found 32 valid diagrams with 10845 total finite features
Actual persistence ranges:
  Birth times: 0.0000 - 0.9986
  Lifespans: 0.0000 - 0.9808
Adjusted persistence image parameters:
  birth_range: (0.0000, 1.0985)
  pers_range: (0.0010, 1.0789)
PersistenceImager config: pixel_size=0.0078, sigma=0.0130

Persistence image conversion results:
  Successful: 16/16
  Success rate: 100.0%
Point cloud optimization: 568 -> 500
Computing persistence on full 518 point cloud...
  H0 features: 518
  H1 features: 136
Computing persistence on full 330 point cloud...
  H0 features: 330
  H1 features: 61
Computing persistence on full 240 point cloud...
  H0 features: 240
  H1 features: 63
Computing persistence on full 474 point cloud...
  H0 features: 474
  H1 features: 271
Computing persistence on full 365 point cloud...
  H0 features: 365
  H1 features: 120
Computing persistence on full 415 point cloud...
  H0 features: 415
  H1 features: 135
Point cloud optimization: 852 -> 500
Computing persistence on full 662 point cloud...
  H0 features: 662
  H1 features: 179
Point cloud optimization: 898 -> 500
Computing persistence on full 688 point cloud...
  H0 features: 688
  H1 features: 234
Computing persistence on full 364 point cloud...
  H0 features: 364
  H1 features: 95
Computing persistence on full 333 point cloud...
  H0 features: 333
  H1 features: 107
Computing persistence on full 322 point cloud...
  H0 features: 322
  H1 features: 127
Point cloud optimization: 1450 -> 500
Computing persistence on full 1087 point cloud...
  H0 features: 1087
  H1 features: 525
Point cloud optimization: 564 -> 500
Computing persistence on full 519 point cloud...
  H0 features: 519
  H1 features: 235
Point cloud optimization: 545 -> 500
Computing persistence on full 513 point cloud...
  H0 features: 513
  H1 features: 336
Computing persistence on full 220 point cloud...
  H0 features: 220
  H1 features: 40
Point cloud optimization: 541 -> 500
Computing persistence on full 510 point cloud...
  H0 features: 510
  H1 features: 187
Analyzing persistence diagram ranges...
Found 32 valid diagrams with 10395 total finite features
Actual persistence ranges:
  Birth times: 0.0000 - 0.9988
  Lifespans: 0.0000 - 0.9787
Adjusted persistence image parameters:
  birth_range: (0.0000, 1.0986)
  pers_range: (0.0010, 1.0766)
PersistenceImager config: pixel_size=0.0077, sigma=0.0130

Persistence image conversion results:
  Successful: 16/16
  Success rate: 100.0%
Computing persistence on full 242 point cloud...
  H0 features: 242
  H1 features: 82
Computing persistence on full 297 point cloud...
  H0 features: 297
  H1 features: 91
Computing persistence on full 394 point cloud...
  H0 features: 394
  H1 features: 160
Computing persistence on full 351 point cloud...
  H0 features: 351
  H1 features: 71
Computing persistence on full 226 point cloud...
  H0 features: 226
  H1 features: 54
Computing persistence on full 448 point cloud...
  H0 features: 448
  H1 features: 167
Point cloud optimization: 1222 -> 500
Computing persistence on full 916 point cloud...
  H0 features: 916
  H1 features: 200
Computing persistence on full 324 point cloud...
  H0 features: 324
  H1 features: 149
Computing persistence on full 282 point cloud...
  H0 features: 282
  H1 features: 109
Computing persistence on full 345 point cloud...
  H0 features: 345
  H1 features: 147
Computing persistence on full 332 point cloud...
  H0 features: 332
  H1 features: 54
Computing persistence on full 330 point cloud...
  H0 features: 330
  H1 features: 135
Computing persistence on full 301 point cloud...
  H0 features: 301
  H1 features: 72
Point cloud optimization: 977 -> 500
Computing persistence on full 740 point cloud...
  H0 features: 740
  H1 features: 252
Point cloud optimization: 1132 -> 500
Computing persistence on full 853 point cloud...
  H0 features: 853
  H1 features: 285
Computing persistence on full 380 point cloud...
  H0 features: 380
  H1 features: 107
Analyzing persistence diagram ranges...
Found 32 valid diagrams with 8880 total finite features
Actual persistence ranges:
  Birth times: 0.0000 - 0.9977
  Lifespans: 0.0000 - 0.9757
Adjusted persistence image parameters:
  birth_range: (0.0000, 1.0975)
  pers_range: (0.0010, 1.0733)
PersistenceImager config: pixel_size=0.0077, sigma=0.0130

Persistence image conversion results:
  Successful: 16/16
  Success rate: 100.0%
Point cloud optimization: 544 -> 500
Computing persistence on full 511 point cloud...
  H0 features: 511
  H1 features: 178
Computing persistence on full 455 point cloud...
  H0 features: 455
  H1 features: 103
Computing persistence on full 395 point cloud...
  H0 features: 395
  H1 features: 125
Point cloud optimization: 515 -> 500
Computing persistence on full 502 point cloud...
  H0 features: 502
  H1 features: 148
Computing persistence on full 428 point cloud...
  H0 features: 428
  H1 features: 196
Computing persistence on full 415 point cloud...
  H0 features: 415
  H1 features: 194
Point cloud optimization: 731 -> 500
Computing persistence on full 577 point cloud...
  H0 features: 577
  H1 features: 165
Computing persistence on full 409 point cloud...
  H0 features: 409
  H1 features: 191
Point cloud optimization: 857 -> 500
Computing persistence on full 670 point cloud...
  H0 features: 670
  H1 features: 315
Computing persistence on full 424 point cloud...
  H0 features: 424
  H1 features: 172
Computing persistence on full 262 point cloud...
  H0 features: 262
  H1 features: 81
Computing persistence on full 372 point cloud...
  H0 features: 372
  H1 features: 100
Computing persistence on full 297 point cloud...
  H0 features: 297
  H1 features: 65
Point cloud optimization: 591 -> 500
Computing persistence on full 524 point cloud...
  H0 features: 524
  H1 features: 211
Point cloud optimization: 671 -> 500
Computing persistence on full 544 point cloud...
  H0 features: 544
  H1 features: 224
Computing persistence on full 369 point cloud...
  H0 features: 369
  H1 features: 176
Analyzing persistence diagram ranges...
Found 32 valid diagrams with 9782 total finite features
Actual persistence ranges:
  Birth times: 0.0000 - 0.9985
  Lifespans: 0.0000 - 0.9833
Adjusted persistence image parameters:
  birth_range: (0.0000, 1.0983)
  pers_range: (0.0010, 1.0816)
PersistenceImager config: pixel_size=0.0078, sigma=0.0131

Persistence image conversion results:
  Successful: 16/16
  Success rate: 100.0%
Point cloud optimization: 803 -> 500
Computing persistence on full 611 point cloud...
  H0 features: 611
  H1 features: 339
Computing persistence on full 229 point cloud...
  H0 features: 229
  H1 features: 59
Computing persistence on full 329 point cloud...
  H0 features: 329
  H1 features: 138
Computing persistence on full 430 point cloud...
  H0 features: 430
  H1 features: 118
Computing persistence on full 496 point cloud...
  H0 features: 496
  H1 features: 225
Computing persistence on full 454 point cloud...
  H0 features: 454
  H1 features: 94
Computing persistence on full 382 point cloud...
  H0 features: 382
  H1 features: 164
Computing persistence on full 356 point cloud...
  H0 features: 356
  H1 features: 105
Point cloud optimization: 620 -> 500
Computing persistence on full 533 point cloud...
  H0 features: 533
  H1 features: 239
Point cloud optimization: 1310 -> 500
Computing persistence on full 981 point cloud...
  H0 features: 981
  H1 features: 247
Computing persistence on full 238 point cloud...
  H0 features: 238
  H1 features: 94
Point cloud optimization: 605 -> 500
Computing persistence on full 528 point cloud...
  H0 features: 528
  H1 features: 209
Point cloud optimization: 627 -> 500
Computing persistence on full 529 point cloud...
  H0 features: 529
  H1 features: 190
Computing persistence on full 309 point cloud...
  H0 features: 309
  H1 features: 80
Point cloud optimization: 773 -> 500
Computing persistence on full 601 point cloud...
  H0 features: 601
  H1 features: 207
Point cloud optimization: 755 -> 500
Computing persistence on full 585 point cloud...
  H0 features: 585
  H1 features: 251
Analyzing persistence diagram ranges...
Found 32 valid diagrams with 10334 total finite features
Actual persistence ranges:
  Birth times: 0.0000 - 0.9982
  Lifespans: 0.0000 - 0.9758
Adjusted persistence image parameters:
  birth_range: (0.0000, 1.0980)
  pers_range: (0.0010, 1.0734)
PersistenceImager config: pixel_size=0.0077, sigma=0.0130

Persistence image conversion results:
  Successful: 16/16
  Success rate: 100.0%
Point cloud optimization: 547 -> 500
Computing persistence on full 512 point cloud...
  H0 features: 512
  H1 features: 209
Computing persistence on full 438 point cloud...
  H0 features: 438
  H1 features: 235
Computing persistence on full 358 point cloud...
  H0 features: 358
  H1 features: 141
Point cloud optimization: 889 -> 500
Computing persistence on full 675 point cloud...
  H0 features: 675
  H1 features: 213
Computing persistence on full 477 point cloud...
  H0 features: 477
  H1 features: 160
Computing persistence on full 356 point cloud...
  H0 features: 356
  H1 features: 120
Computing persistence on full 463 point cloud...
  H0 features: 463
  H1 features: 178
Computing persistence on full 373 point cloud...
  H0 features: 373
  H1 features: 97
Point cloud optimization: 611 -> 500
Computing persistence on full 531 point cloud...
  H0 features: 531
  H1 features: 126
Computing persistence on full 377 point cloud...
  H0 features: 377
  H1 features: 90
Computing persistence on full 391 point cloud...
  H0 features: 391
  H1 features: 198
Computing persistence on full 276 point cloud...
  H0 features: 276
  H1 features: 124
Computing persistence on full 229 point cloud...
  H0 features: 229
  H1 features: 55
Point cloud optimization: 573 -> 500
Computing persistence on full 523 point cloud...
  H0 features: 523
  H1 features: 232
Computing persistence on full 357 point cloud...
  H0 features: 357
  H1 features: 147
Computing persistence on full 393 point cloud...
  H0 features: 393
  H1 features: 122
Analyzing persistence diagram ranges...
Found 32 valid diagrams with 9160 total finite features
Actual persistence ranges:
  Birth times: 0.0000 - 0.9992
  Lifespans: 0.0000 - 0.9918
Adjusted persistence image parameters:
  birth_range: (0.0000, 1.0991)
  pers_range: (0.0010, 1.0910)
PersistenceImager config: pixel_size=0.0078, sigma=0.0132

Persistence image conversion results:
  Successful: 16/16
  Success rate: 100.0%
Computing persistence on full 457 point cloud...
  H0 features: 457
  H1 features: 98
Computing persistence on full 362 point cloud...
  H0 features: 362
  H1 features: 101
Computing persistence on full 470 point cloud...
  H0 features: 470
  H1 features: 270
Point cloud optimization: 706 -> 500
Computing persistence on full 553 point cloud...
  H0 features: 553
  H1 features: 165
Point cloud optimization: 560 -> 500
Computing persistence on full 516 point cloud...
  H0 features: 516
  H1 features: 193
Computing persistence on full 280 point cloud...
  H0 features: 280
  H1 features: 112
Computing persistence on full 493 point cloud...
  H0 features: 493
  H1 features: 137
Computing persistence on full 240 point cloud...
  H0 features: 240
  H1 features: 54
Point cloud optimization: 1022 -> 500
Computing persistence on full 775 point cloud...
  H0 features: 775
  H1 features: 190
Computing persistence on full 312 point cloud...
  H0 features: 312
  H1 features: 75
Computing persistence on full 238 point cloud...
  H0 features: 238
  H1 features: 87
Computing persistence on full 397 point cloud...
  H0 features: 397
  H1 features: 135
Computing persistence on full 399 point cloud...
  H0 features: 399
  H1 features: 100
Computing persistence on full 376 point cloud...
  H0 features: 376
  H1 features: 91
Computing persistence on full 360 point cloud...
  H0 features: 360
  H1 features: 173
Point cloud optimization: 1083 -> 500
Computing persistence on full 814 point cloud...
  H0 features: 814
  H1 features: 309
Analyzing persistence diagram ranges...
Found 32 valid diagrams with 9316 total finite features
Actual persistence ranges:
  Birth times: 0.0000 - 0.9980
  Lifespans: 0.0000 - 0.9781
Adjusted persistence image parameters:
  birth_range: (0.0000, 1.0978)
  pers_range: (0.0010, 1.0759)
PersistenceImager config: pixel_size=0.0077, sigma=0.0130

Persistence image conversion results:
  Successful: 16/16
  Success rate: 100.0%
Point cloud optimization: 531 -> 500
Computing persistence on full 508 point cloud...
  H0 features: 508
  H1 features: 310
Computing persistence on full 332 point cloud...
  H0 features: 332
  H1 features: 101
Point cloud optimization: 1751 -> 500
Computing persistence on full 1303 point cloud...
  H0 features: 1303
  H1 features: 546
Computing persistence on full 423 point cloud...
  H0 features: 423
  H1 features: 138
Point cloud optimization: 3157 -> 500
Computing persistence on full 2321 point cloud...
  H0 features: 2321
  H1 features: 1524
Point cloud optimization: 645 -> 500
Computing persistence on full 539 point cloud...
  H0 features: 539
  H1 features: 176
Point cloud optimization: 717 -> 500
Computing persistence on full 567 point cloud...
  H0 features: 567
  H1 features: 181
Point cloud optimization: 751 -> 500
Computing persistence on full 588 point cloud...
  H0 features: 588
  H1 features: 233
Computing persistence on full 341 point cloud...
  H0 features: 341
  H1 features: 147
Point cloud optimization: 893 -> 500
Computing persistence on full 672 point cloud...
  H0 features: 672
  H1 features: 374
Point cloud optimization: 670 -> 500
Computing persistence on full 539 point cloud...
  H0 features: 539
  H1 features: 152
Point cloud optimization: 683 -> 500
Computing persistence on full 550 point cloud...
  H0 features: 550
  H1 features: 249
Computing persistence on full 365 point cloud...
  H0 features: 365
  H1 features: 154
Computing persistence on full 327 point cloud...
  H0 features: 327
  H1 features: 117
Computing persistence on full 482 point cloud...
  H0 features: 482
  H1 features: 252
Computing persistence on full 328 point cloud...
  H0 features: 328
  H1 features: 116
Analyzing persistence diagram ranges...
Found 32 valid diagrams with 14939 total finite features
Actual persistence ranges:
  Birth times: 0.0000 - 0.9988
  Lifespans: 0.0000 - 0.9827
Adjusted persistence image parameters:
  birth_range: (0.0000, 1.0987)
  pers_range: (0.0010, 1.0809)
PersistenceImager config: pixel_size=0.0078, sigma=0.0131

Persistence image conversion results:
  Successful: 16/16
  Success rate: 100.0%
Computing persistence on full 261 point cloud...
  H0 features: 261
  H1 features: 105
Computing persistence on full 466 point cloud...
  H0 features: 466
  H1 features: 194
Point cloud optimization: 753 -> 500
Computing persistence on full 586 point cloud...
  H0 features: 586
  H1 features: 248
Computing persistence on full 341 point cloud...
  H0 features: 341
  H1 features: 83
Computing persistence on full 232 point cloud...
  H0 features: 232
  H1 features: 96
Computing persistence on full 426 point cloud...
  H0 features: 426
  H1 features: 186
Point cloud optimization: 1233 -> 500
Computing persistence on full 940 point cloud...
  H0 features: 940
  H1 features: 293
Point cloud optimization: 706 -> 500
Computing persistence on full 560 point cloud...
  H0 features: 560
  H1 features: 170
Point cloud optimization: 521 -> 500
Computing persistence on full 505 point cloud...
  H0 features: 505
  H1 features: 280
Point cloud optimization: 546 -> 500
Computing persistence on full 511 point cloud...
  H0 features: 511
  H1 features: 104
Computing persistence on full 355 point cloud...
  H0 features: 355
  H1 features: 145
Point cloud optimization: 542 -> 500
Computing persistence on full 511 point cloud...
  H0 features: 511
  H1 features: 246
Point cloud optimization: 654 -> 500
Computing persistence on full 538 point cloud...
  H0 features: 538
  H1 features: 343
Computing persistence on full 295 point cloud...
  H0 features: 295
  H1 features: 100
Computing persistence on full 363 point cloud...
  H0 features: 363
  H1 features: 166
Point cloud optimization: 844 -> 500
Computing persistence on full 652 point cloud...
  H0 features: 652
  H1 features: 164
Analyzing persistence diagram ranges...
Found 32 valid diagrams with 10449 total finite features
Actual persistence ranges:
  Birth times: 0.0000 - 0.9984
  Lifespans: 0.0000 - 0.9788
Adjusted persistence image parameters:
  birth_range: (0.0000, 1.0982)
  pers_range: (0.0010, 1.0767)
PersistenceImager config: pixel_size=0.0077, sigma=0.0130

Persistence image conversion results:
  Successful: 16/16
  Success rate: 100.0%
Computing persistence on full 415 point cloud...
  H0 features: 415
  H1 features: 160
Computing persistence on full 247 point cloud...
  H0 features: 247
  H1 features: 55
Point cloud optimization: 597 -> 500
Computing persistence on full 526 point cloud...
  H0 features: 526
  H1 features: 218
Point cloud optimization: 894 -> 500
Computing persistence on full 688 point cloud...
  H0 features: 688
  H1 features: 387
Point cloud optimization: 520 -> 500
Computing persistence on full 504 point cloud...
  H0 features: 504
  H1 features: 146
Point cloud optimization: 1346 -> 500
Computing persistence on full 1005 point cloud...
  H0 features: 1005
  H1 features: 477
Point cloud optimization: 514 -> 500
Computing persistence on full 502 point cloud...
  H0 features: 502
  H1 features: 220
Computing persistence on full 328 point cloud...
  H0 features: 328
  H1 features: 125
Computing persistence on full 492 point cloud...
  H0 features: 492
  H1 features: 179
Computing persistence on full 359 point cloud...
  H0 features: 359
  H1 features: 136
Point cloud optimization: 895 -> 500
Computing persistence on full 679 point cloud...
  H0 features: 679
  H1 features: 335
Computing persistence on full 488 point cloud...
  H0 features: 488
  H1 features: 231
Computing persistence on full 461 point cloud...
  H0 features: 461
  H1 features: 126
Computing persistence on full 493 point cloud...
  H0 features: 493
  H1 features: 106
Computing persistence on full 495 point cloud...
  H0 features: 495
  H1 features: 218
Computing persistence on full 369 point cloud...
  H0 features: 369
  H1 features: 180
Analyzing persistence diagram ranges...
Found 32 valid diagrams with 11334 total finite features
Actual persistence ranges:
  Birth times: 0.0000 - 0.9980
  Lifespans: 0.0000 - 0.9842
Adjusted persistence image parameters:
  birth_range: (0.0000, 1.0978)
  pers_range: (0.0010, 1.0826)
PersistenceImager config: pixel_size=0.0078, sigma=0.0131

Persistence image conversion results:
  Successful: 16/16
  Success rate: 100.0%
Computing persistence on full 353 point cloud...
  H0 features: 353
  H1 features: 188
Point cloud optimization: 751 -> 500
Computing persistence on full 584 point cloud...
  H0 features: 584
  H1 features: 130
Point cloud optimization: 556 -> 500
Computing persistence on full 515 point cloud...
  H0 features: 515
  H1 features: 288
Computing persistence on full 280 point cloud...
  H0 features: 280
  H1 features: 105
Point cloud optimization: 737 -> 500
Computing persistence on full 577 point cloud...
  H0 features: 577
  H1 features: 266
Point cloud optimization: 843 -> 500
Computing persistence on full 643 point cloud...
  H0 features: 643
  H1 features: 281
Computing persistence on full 273 point cloud...
  H0 features: 273
  H1 features: 97
Computing persistence on full 451 point cloud...
  H0 features: 451
  H1 features: 113
Point cloud optimization: 863 -> 500
Computing persistence on full 656 point cloud...
  H0 features: 656
  H1 features: 147
Computing persistence on full 282 point cloud...
  H0 features: 282
  H1 features: 119
Point cloud optimization: 776 -> 500
Computing persistence on full 599 point cloud...
  H0 features: 599
  H1 features: 302
Point cloud optimization: 572 -> 500
Computing persistence on full 519 point cloud...
  H0 features: 519
  H1 features: 149
Point cloud optimization: 628 -> 500
Computing persistence on full 535 point cloud...
  H0 features: 535
  H1 features: 211
Point cloud optimization: 761 -> 500
Computing persistence on full 593 point cloud...
  H0 features: 593
  H1 features: 144
Point cloud optimization: 711 -> 500
Computing persistence on full 563 point cloud...
  H0 features: 563
  H1 features: 158
Computing persistence on full 297 point cloud...
  H0 features: 297
  H1 features: 75
Analyzing persistence diagram ranges...
Found 32 valid diagrams with 10477 total finite features
Actual persistence ranges:
  Birth times: 0.0000 - 0.9985
  Lifespans: 0.0000 - 0.9806
Adjusted persistence image parameters:
  birth_range: (0.0000, 1.0984)
  pers_range: (0.0010, 1.0786)
PersistenceImager config: pixel_size=0.0078, sigma=0.0130

Persistence image conversion results:
  Successful: 16/16
  Success rate: 100.0%
Computing persistence on full 259 point cloud...
  H0 features: 259
  H1 features: 59
Computing persistence on full 343 point cloud...
  H0 features: 343
  H1 features: 75
Computing persistence on full 448 point cloud...
  H0 features: 448
  H1 features: 119
Computing persistence on full 429 point cloud...
  H0 features: 429
  H1 features: 166
Point cloud optimization: 1741 -> 500
Computing persistence on full 1301 point cloud...
  H0 features: 1301
  H1 features: 549
Point cloud optimization: 502 -> 500
Computing persistence on full 500 point cloud...
  H0 features: 500
  H1 features: 279
Computing persistence on full 431 point cloud...
  H0 features: 431
  H1 features: 158
Computing persistence on full 363 point cloud...
  H0 features: 363
  H1 features: 105
Point cloud optimization: 720 -> 500
Computing persistence on full 568 point cloud...
  H0 features: 568
  H1 features: 141
Computing persistence on full 436 point cloud...
  H0 features: 436
  H1 features: 187
Computing persistence on full 277 point cloud...
  H0 features: 277
  H1 features: 107
Point cloud optimization: 535 -> 500
Computing persistence on full 508 point cloud...
  H0 features: 508
  H1 features: 277
Computing persistence on full 376 point cloud...
  H0 features: 376
  H1 features: 162
Computing persistence on full 469 point cloud...
  H0 features: 469
  H1 features: 174
Computing persistence on full 303 point cloud...
  H0 features: 303
  H1 features: 101
Computing persistence on full 327 point cloud...
  H0 features: 327
  H1 features: 160
Analyzing persistence diagram ranges...
Found 32 valid diagrams with 10141 total finite features
Actual persistence ranges:
  Birth times: 0.0000 - 0.9983
  Lifespans: 0.0000 - 0.9904
Adjusted persistence image parameters:
  birth_range: (0.0000, 1.0981)
  pers_range: (0.0010, 1.0894)
PersistenceImager config: pixel_size=0.0078, sigma=0.0132

Persistence image conversion results:
  Successful: 16/16
  Success rate: 100.0%
Computing persistence on full 451 point cloud...
  H0 features: 451
  H1 features: 83
Computing persistence on full 394 point cloud...
  H0 features: 394
  H1 features: 190
Point cloud optimization: 814 -> 500
Computing persistence on full 622 point cloud...
  H0 features: 622
  H1 features: 262
Point cloud optimization: 569 -> 500
Computing persistence on full 518 point cloud...
  H0 features: 518
  H1 features: 142
Computing persistence on full 479 point cloud...
  H0 features: 479
  H1 features: 205
Point cloud optimization: 538 -> 500
Computing persistence on full 510 point cloud...
  H0 features: 510
  H1 features: 272
Computing persistence on full 268 point cloud...
  H0 features: 268
  H1 features: 69
Computing persistence on full 296 point cloud...
  H0 features: 296
  H1 features: 80
Point cloud optimization: 1254 -> 500
Computing persistence on full 945 point cloud...
  H0 features: 945
  H1 features: 412
Point cloud optimization: 757 -> 500
Computing persistence on full 596 point cloud...
  H0 features: 596
  H1 features: 290
Computing persistence on full 266 point cloud...
  H0 features: 266
  H1 features: 100
Point cloud optimization: 702 -> 500
Computing persistence on full 563 point cloud...
  H0 features: 563
  H1 features: 195
Computing persistence on full 256 point cloud...
  H0 features: 256
  H1 features: 75
Point cloud optimization: 595 -> 500
Computing persistence on full 525 point cloud...
  H0 features: 525
  H1 features: 136
Computing persistence on full 295 point cloud...
  H0 features: 295
  H1 features: 85
Point cloud optimization: 525 -> 500
Computing persistence on full 506 point cloud...
  H0 features: 506
  H1 features: 196
Analyzing persistence diagram ranges...
Found 32 valid diagrams with 10266 total finite features
Actual persistence ranges:
  Birth times: 0.0000 - 0.9985
  Lifespans: 0.0000 - 0.9814
Adjusted persistence image parameters:
  birth_range: (0.0000, 1.0984)
  pers_range: (0.0010, 1.0795)
PersistenceImager config: pixel_size=0.0078, sigma=0.0131

Persistence image conversion results:
  Successful: 16/16
  Success rate: 100.0%
Computing persistence on full 402 point cloud...
  H0 features: 402
  H1 features: 229
Point cloud optimization: 502 -> 500
Computing persistence on full 500 point cloud...
  H0 features: 500
  H1 features: 148
Point cloud optimization: 652 -> 500
Computing persistence on full 540 point cloud...
  H0 features: 540
  H1 features: 193
Point cloud optimization: 845 -> 500
Computing persistence on full 639 point cloud...
  H0 features: 639
  H1 features: 271
Point cloud optimization: 847 -> 500
Computing persistence on full 650 point cloud...
  H0 features: 650
  H1 features: 178
Computing persistence on full 474 point cloud...
  H0 features: 474
  H1 features: 206
Computing persistence on full 470 point cloud...
  H0 features: 470
  H1 features: 207
Point cloud optimization: 889 -> 500
Computing persistence on full 671 point cloud...
  H0 features: 671
  H1 features: 244
Computing persistence on full 173 point cloud...
  H0 features: 173
  H1 features: 20
Computing persistence on full 249 point cloud...
  H0 features: 249
  H1 features: 114
Point cloud optimization: 689 -> 500
Computing persistence on full 547 point cloud...
  H0 features: 547
  H1 features: 316
Point cloud optimization: 536 -> 500
Computing persistence on full 509 point cloud...
  H0 features: 509
  H1 features: 183
Computing persistence on full 342 point cloud...
  H0 features: 342
  H1 features: 106
Point cloud optimization: 830 -> 500
Computing persistence on full 627 point cloud...
  H0 features: 627
  H1 features: 435
Computing persistence on full 409 point cloud...
  H0 features: 409
  H1 features: 169
Computing persistence on full 320 point cloud...
  H0 features: 320
  H1 features: 83
Analyzing persistence diagram ranges...
Found 32 valid diagrams with 10608 total finite features
Actual persistence ranges:
  Birth times: 0.0000 - 0.9983
  Lifespans: 0.0000 - 0.9830
Adjusted persistence image parameters:
  birth_range: (0.0000, 1.0982)
  pers_range: (0.0010, 1.0813)
PersistenceImager config: pixel_size=0.0078, sigma=0.0131

Persistence image conversion results:
  Successful: 16/16
  Success rate: 100.0%
  Progress: 1200/78541 (1.5%) Rate: 1.2 samples/sec, ETA: 1031.4min
Computing persistence on full 302 point cloud...
  H0 features: 302
  H1 features: 127
Computing persistence on full 331 point cloud...
  H0 features: 331
  H1 features: 97
Point cloud optimization: 913 -> 500
Computing persistence on full 692 point cloud...
  H0 features: 692
  H1 features: 358
Point cloud optimization: 577 -> 500
Computing persistence on full 523 point cloud...
  H0 features: 523
  H1 features: 242
Point cloud optimization: 632 -> 500
Computing persistence on full 536 point cloud...
  H0 features: 536
  H1 features: 242
Point cloud optimization: 550 -> 500
Computing persistence on full 512 point cloud...
  H0 features: 512
  H1 features: 139
Point cloud optimization: 594 -> 500
Computing persistence on full 524 point cloud...
  H0 features: 524
  H1 features: 270
Computing persistence on full 345 point cloud...
  H0 features: 345
  H1 features: 94
Computing persistence on full 370 point cloud...
  H0 features: 370
  H1 features: 170
Computing persistence on full 325 point cloud...
  H0 features: 325
  H1 features: 146
Point cloud optimization: 994 -> 500
Computing persistence on full 758 point cloud...
  H0 features: 758
  H1 features: 283
Computing persistence on full 499 point cloud...
  H0 features: 499
  H1 features: 181
Computing persistence on full 261 point cloud...
  H0 features: 261
  H1 features: 67
Point cloud optimization: 666 -> 500
Computing persistence on full 541 point cloud...
  H0 features: 541
  H1 features: 268
Computing persistence on full 191 point cloud...
  H0 features: 191
  H1 features: 37
Point cloud optimization: 589 -> 500
Computing persistence on full 524 point cloud...
  H0 features: 524
  H1 features: 314
Analyzing persistence diagram ranges...
Found 32 valid diagrams with 10253 total finite features
Actual persistence ranges:
  Birth times: 0.0000 - 0.9997
  Lifespans: 0.0000 - 0.9732
Adjusted persistence image parameters:
  birth_range: (0.0000, 1.0997)
  pers_range: (0.0010, 1.0705)
PersistenceImager config: pixel_size=0.0077, sigma=0.0129

Persistence image conversion results:
  Successful: 16/16
  Success rate: 100.0%
Computing persistence on full 197 point cloud...
  H0 features: 197
  H1 features: 58
Point cloud optimization: 509 -> 500
Computing persistence on full 501 point cloud...
  H0 features: 501
  H1 features: 290
Point cloud optimization: 877 -> 500
Computing persistence on full 669 point cloud...
  H0 features: 669
  H1 features: 328
Computing persistence on full 485 point cloud...
  H0 features: 485
  H1 features: 169
Point cloud optimization: 1038 -> 500
Computing persistence on full 784 point cloud...
  H0 features: 784
  H1 features: 292
Point cloud optimization: 543 -> 500
Computing persistence on full 512 point cloud...
  H0 features: 512
  H1 features: 170
Point cloud optimization: 756 -> 500
Computing persistence on full 595 point cloud...
  H0 features: 595
  H1 features: 297
Computing persistence on full 371 point cloud...
  H0 features: 371
  H1 features: 114
Computing persistence on full 244 point cloud...
  H0 features: 244
  H1 features: 108
Point cloud optimization: 647 -> 500
Computing persistence on full 541 point cloud...
  H0 features: 541
  H1 features: 200
Point cloud optimization: 730 -> 500
Computing persistence on full 576 point cloud...
  H0 features: 576
  H1 features: 271
Point cloud optimization: 531 -> 500
Computing persistence on full 508 point cloud...
  H0 features: 508
  H1 features: 136
Point cloud optimization: 638 -> 500
Computing persistence on full 534 point cloud...
  H0 features: 534
  H1 features: 124
Computing persistence on full 494 point cloud...
  H0 features: 494
  H1 features: 223
Computing persistence on full 465 point cloud...
  H0 features: 465
  H1 features: 225
Computing persistence on full 371 point cloud...
  H0 features: 371
  H1 features: 155
Analyzing persistence diagram ranges...
Found 32 valid diagrams with 10991 total finite features
Actual persistence ranges:
  Birth times: 0.0000 - 0.9992
  Lifespans: 0.0000 - 0.9761
Adjusted persistence image parameters:
  birth_range: (0.0000, 1.0991)
  pers_range: (0.0010, 1.0737)
PersistenceImager config: pixel_size=0.0077, sigma=0.0130

Persistence image conversion results:
  Successful: 16/16
  Success rate: 100.0%
Point cloud optimization: 554 -> 500
Computing persistence on full 514 point cloud...
  H0 features: 514
  H1 features: 186
Point cloud optimization: 731 -> 500
Computing persistence on full 572 point cloud...
  H0 features: 572
  H1 features: 201
Point cloud optimization: 568 -> 500
Computing persistence on full 518 point cloud...
  H0 features: 518
  H1 features: 310
Computing persistence on full 258 point cloud...
  H0 features: 258
  H1 features: 106
Computing persistence on full 290 point cloud...
  H0 features: 238
  H1 features: 59
Computing persistence on full 378 point cloud...
  H0 features: 378
  H1 features: 172
Computing persistence on full 343 point cloud...
  H0 features: 343
  H1 features: 151
Point cloud optimization: 658 -> 500
Computing persistence on full 542 point cloud...
  H0 features: 542
  H1 features: 190
Computing persistence on full 317 point cloud...
  H0 features: 317
  H1 features: 76
Computing persistence on full 304 point cloud...
  H0 features: 304
  H1 features: 140
Point cloud optimization: 530 -> 500
Computing persistence on full 507 point cloud...
  H0 features: 507
  H1 features: 220
Computing persistence on full 344 point cloud...
  H0 features: 344
  H1 features: 179
Computing persistence on full 346 point cloud...
  H0 features: 346
  H1 features: 161
Computing persistence on full 328 point cloud...
  H0 features: 328
  H1 features: 124
Point cloud optimization: 826 -> 500
Computing persistence on full 627 point cloud...
  H0 features: 627
  H1 features: 306
Computing persistence on full 475 point cloud...
  H0 features: 475
  H1 features: 173
Analyzing persistence diagram ranges...
Found 32 valid diagrams with 9349 total finite features
Actual persistence ranges:
  Birth times: 0.0000 - 0.9992
  Lifespans: 0.0000 - 0.9856
Adjusted persistence image parameters:
  birth_range: (0.0000, 1.0991)
  pers_range: (0.0010, 1.0841)
PersistenceImager config: pixel_size=0.0078, sigma=0.0131

Persistence image conversion results:
  Successful: 16/16
  Success rate: 100.0%
Point cloud optimization: 787 -> 500
Computing persistence on full 611 point cloud...
  H0 features: 611
  H1 features: 146
Computing persistence on full 247 point cloud...
  H0 features: 247
  H1 features: 79
Point cloud optimization: 686 -> 500
Computing persistence on full 553 point cloud...
  H0 features: 553
  H1 features: 251
Point cloud optimization: 722 -> 500
Computing persistence on full 577 point cloud...
  H0 features: 577
  H1 features: 298
Point cloud optimization: 568 -> 500
Computing persistence on full 519 point cloud...
  H0 features: 519
  H1 features: 148
Point cloud optimization: 645 -> 500
Computing persistence on full 541 point cloud...
  H0 features: 541
  H1 features: 139
Point cloud optimization: 551 -> 500
Computing persistence on full 513 point cloud...
  H0 features: 513
  H1 features: 288
Computing persistence on full 362 point cloud...
  H0 features: 362
  H1 features: 172
Computing persistence on full 353 point cloud...
  H0 features: 353
  H1 features: 97
Computing persistence on full 385 point cloud...
  H0 features: 385
  H1 features: 162
Computing persistence on full 480 point cloud...
  H0 features: 480
  H1 features: 198
Computing persistence on full 196 point cloud...
  H0 features: 196
  H1 features: 50
Point cloud optimization: 546 -> 500
Computing persistence on full 512 point cloud...
  H0 features: 512
  H1 features: 193
Computing persistence on full 196 point cloud...
  H0 features: 196
  H1 features: 53
Computing persistence on full 404 point cloud...
  H0 features: 404
  H1 features: 172
Computing persistence on full 443 point cloud...
  H0 features: 443
  H1 features: 169
Analyzing persistence diagram ranges...
Found 32 valid diagrams with 9491 total finite features
Actual persistence ranges:
  Birth times: 0.0000 - 0.9983
  Lifespans: 0.0000 - 0.9812
Adjusted persistence image parameters:
  birth_range: (0.0000, 1.0982)
  pers_range: (0.0010, 1.0793)
PersistenceImager config: pixel_size=0.0078, sigma=0.0131

Persistence image conversion results:
  Successful: 16/16
  Success rate: 100.0%
Computing persistence on full 316 point cloud...
  H0 features: 316
  H1 features: 116
Computing persistence on full 282 point cloud...
  H0 features: 282
  H1 features: 130
Computing persistence on full 334 point cloud...
  H0 features: 334
  H1 features: 135
Point cloud optimization: 638 -> 500
Computing persistence on full 539 point cloud...
  H0 features: 539
  H1 features: 214
Point cloud optimization: 662 -> 500
Computing persistence on full 547 point cloud...
  H0 features: 547
  H1 features: 188
Computing persistence on full 387 point cloud...
  H0 features: 387
  H1 features: 201
Point cloud optimization: 677 -> 500
Computing persistence on full 548 point cloud...
  H0 features: 548
  H1 features: 274
Point cloud optimization: 575 -> 500
Computing persistence on full 520 point cloud...
  H0 features: 520
  H1 features: 214
Computing persistence on full 307 point cloud...
  H0 features: 307
  H1 features: 129
Computing persistence on full 315 point cloud...
  H0 features: 315
  H1 features: 121
Computing persistence on full 221 point cloud...
  H0 features: 221
  H1 features: 59
Computing persistence on full 500 point cloud...
  H0 features: 500
  H1 features: 219
Point cloud optimization: 904 -> 500
Computing persistence on full 697 point cloud...
  H0 features: 697
  H1 features: 284
Point cloud optimization: 1110 -> 500
Computing persistence on full 857 point cloud...
  H0 features: 857
  H1 features: 246
Point cloud optimization: 507 -> 500
Computing persistence on full 500 point cloud...
  H0 features: 500
  H1 features: 240
Computing persistence on full 273 point cloud...
  H0 features: 273
  H1 features: 41
Analyzing persistence diagram ranges...
Found 32 valid diagrams with 9938 total finite features
Actual persistence ranges:
  Birth times: 0.0000 - 0.9991
  Lifespans: 0.0000 - 0.9786
Adjusted persistence image parameters:
  birth_range: (0.0000, 1.0990)
  pers_range: (0.0010, 1.0765)
PersistenceImager config: pixel_size=0.0077, sigma=0.0130

Persistence image conversion results:
  Successful: 16/16
  Success rate: 100.0%
Point cloud optimization: 515 -> 500
Computing persistence on full 503 point cloud...
  H0 features: 503
  H1 features: 217
Computing persistence on full 425 point cloud...
  H0 features: 425
  H1 features: 155
Point cloud optimization: 1672 -> 500
Computing persistence on full 1258 point cloud...
  H0 features: 1258
  H1 features: 350
Computing persistence on full 376 point cloud...
  H0 features: 376
  H1 features: 152
Computing persistence on full 303 point cloud...
  H0 features: 303
  H1 features: 127
Point cloud optimization: 1019 -> 500
Computing persistence on full 771 point cloud...
  H0 features: 771
  H1 features: 234
Computing persistence on full 382 point cloud...
  H0 features: 382
  H1 features: 99
Point cloud optimization: 762 -> 500
Computing persistence on full 591 point cloud...
  H0 features: 591
  H1 features: 226
Computing persistence on full 244 point cloud...
  H0 features: 244
  H1 features: 54
Point cloud optimization: 692 -> 500
Computing persistence on full 553 point cloud...
  H0 features: 553
  H1 features: 285
Computing persistence on full 417 point cloud...
  H0 features: 417
  H1 features: 181
Point cloud optimization: 641 -> 500
Computing persistence on full 543 point cloud...
  H0 features: 543
  H1 features: 194
Computing persistence on full 253 point cloud...
  H0 features: 253
  H1 features: 53
Point cloud optimization: 639 -> 500
Computing persistence on full 541 point cloud...
  H0 features: 541
  H1 features: 263
Point cloud optimization: 827 -> 500
Computing persistence on full 634 point cloud...
  H0 features: 634
  H1 features: 206
Point cloud optimization: 569 -> 500
Computing persistence on full 518 point cloud...
  H0 features: 518
  H1 features: 266
Analyzing persistence diagram ranges...
Found 32 valid diagrams with 11358 total finite features
Actual persistence ranges:
  Birth times: 0.0000 - 0.9987
  Lifespans: 0.0000 - 0.9755
Adjusted persistence image parameters:
  birth_range: (0.0000, 1.0985)
  pers_range: (0.0010, 1.0731)
PersistenceImager config: pixel_size=0.0077, sigma=0.0130

Persistence image conversion results:
  Successful: 16/16
  Success rate: 100.0%
Computing persistence on full 394 point cloud...
  H0 features: 394
  H1 features: 216
Point cloud optimization: 799 -> 500
Computing persistence on full 609 point cloud...
  H0 features: 609
  H1 features: 199
Computing persistence on full 340 point cloud...
  H0 features: 340
  H1 features: 181
Computing persistence on full 262 point cloud...
  H0 features: 262
  H1 features: 60
Computing persistence on full 352 point cloud...
  H0 features: 352
  H1 features: 120
Point cloud optimization: 566 -> 500
Computing persistence on full 517 point cloud...
  H0 features: 517
  H1 features: 139
Computing persistence on full 333 point cloud...
  H0 features: 333
  H1 features: 152
Computing persistence on full 414 point cloud...
  H0 features: 414
  H1 features: 154
Computing persistence on full 427 point cloud...
  H0 features: 427
  H1 features: 188
Computing persistence on full 426 point cloud...
  H0 features: 426
  H1 features: 183
Computing persistence on full 289 point cloud...
  H0 features: 289
  H1 features: 86
Computing persistence on full 400 point cloud...
  H0 features: 400
  H1 features: 166
Computing persistence on full 423 point cloud...
  H0 features: 423
  H1 features: 223
Point cloud optimization: 782 -> 500
Computing persistence on full 607 point cloud...
  H0 features: 607
  H1 features: 238
Computing persistence on full 488 point cloud...
  H0 features: 488
  H1 features: 206
Computing persistence on full 298 point cloud...
  H0 features: 298
  H1 features: 134
Analyzing persistence diagram ranges...
Found 32 valid diagrams with 9208 total finite features
Actual persistence ranges:
  Birth times: 0.0000 - 0.9987
  Lifespans: 0.0000 - 0.9863
Adjusted persistence image parameters:
  birth_range: (0.0000, 1.0986)
  pers_range: (0.0010, 1.0849)
PersistenceImager config: pixel_size=0.0078, sigma=0.0131

Persistence image conversion results:
  Successful: 16/16
  Success rate: 100.0%
Point cloud optimization: 827 -> 500
Computing persistence on full 634 point cloud...
  H0 features: 634
  H1 features: 337
Computing persistence on full 281 point cloud...
  H0 features: 281
  H1 features: 64
Point cloud optimization: 1003 -> 500
Computing persistence on full 763 point cloud...
  H0 features: 763
  H1 features: 161
Point cloud optimization: 529 -> 500
Computing persistence on full 506 point cloud...
  H0 features: 506
  H1 features: 278
Computing persistence on full 445 point cloud...
  H0 features: 445
  H1 features: 184
Point cloud optimization: 810 -> 500
Computing persistence on full 623 point cloud...
  H0 features: 623
  H1 features: 200
Computing persistence on full 448 point cloud...
  H0 features: 448
  H1 features: 203
Computing persistence on full 246 point cloud...
  H0 features: 246
  H1 features: 103
Computing persistence on full 177 point cloud...
  H0 features: 177
  H1 features: 43
Point cloud optimization: 535 -> 500
Computing persistence on full 508 point cloud...
  H0 features: 508
  H1 features: 286
Point cloud optimization: 984 -> 500
Computing persistence on full 751 point cloud...
  H0 features: 751
  H1 features: 193
Point cloud optimization: 716 -> 500
Computing persistence on full 574 point cloud...
  H0 features: 574
  H1 features: 216
Point cloud optimization: 1150 -> 500
Computing persistence on full 871 point cloud...
  H0 features: 871
  H1 features: 218
Computing persistence on full 273 point cloud...
  H0 features: 273
  H1 features: 113
Computing persistence on full 313 point cloud...
  H0 features: 313
  H1 features: 70
Computing persistence on full 211 point cloud...
  H0 features: 211
  H1 features: 47
Analyzing persistence diagram ranges...
Found 32 valid diagrams with 10324 total finite features
Actual persistence ranges:
  Birth times: 0.0000 - 0.9987
  Lifespans: 0.0000 - 0.9805
Adjusted persistence image parameters:
  birth_range: (0.0000, 1.0986)
  pers_range: (0.0010, 1.0785)
PersistenceImager config: pixel_size=0.0078, sigma=0.0130

Persistence image conversion results:
  Successful: 16/16
  Success rate: 100.0%
Point cloud optimization: 1123 -> 500
Computing persistence on full 866 point cloud...
  H0 features: 866
  H1 features: 289
Computing persistence on full 459 point cloud...
  H0 features: 459
  H1 features: 239
Computing persistence on full 288 point cloud...
  H0 features: 288
  H1 features: 74
Point cloud optimization: 551 -> 500
Computing persistence on full 513 point cloud...
  H0 features: 513
  H1 features: 300
Computing persistence on full 301 point cloud...
  H0 features: 301
  H1 features: 80
Computing persistence on full 427 point cloud...
  H0 features: 427
  H1 features: 218
Point cloud optimization: 899 -> 500
Computing persistence on full 689 point cloud...
  H0 features: 689
  H1 features: 231
Point cloud optimization: 681 -> 500
Computing persistence on full 551 point cloud...
  H0 features: 551
  H1 features: 210
Point cloud optimization: 602 -> 500
Computing persistence on full 528 point cloud...
  H0 features: 528
  H1 features: 252
Point cloud optimization: 608 -> 500
Computing persistence on full 530 point cloud...
  H0 features: 530
  H1 features: 223
Computing persistence on full 316 point cloud...
  H0 features: 316
  H1 features: 67
Point cloud optimization: 571 -> 500
Computing persistence on full 518 point cloud...
  H0 features: 518
  H1 features: 232
Computing persistence on full 280 point cloud...
  H0 features: 280
  H1 features: 66
Computing persistence on full 348 point cloud...
  H0 features: 348
  H1 features: 120
Computing persistence on full 313 point cloud...
  H0 features: 313
  H1 features: 86
Point cloud optimization: 885 -> 500
Computing persistence on full 680 point cloud...
  H0 features: 680
  H1 features: 265
Analyzing persistence diagram ranges...
Found 32 valid diagrams with 10543 total finite features
Actual persistence ranges:
  Birth times: 0.0000 - 0.9985
  Lifespans: 0.0000 - 0.9819
Adjusted persistence image parameters:
  birth_range: (0.0000, 1.0984)
  pers_range: (0.0010, 1.0801)
PersistenceImager config: pixel_size=0.0078, sigma=0.0131

Persistence image conversion results:
  Successful: 16/16
  Success rate: 100.0%
Computing persistence on full 369 point cloud...
  H0 features: 369
  H1 features: 150
Point cloud optimization: 819 -> 500
Computing persistence on full 623 point cloud...
  H0 features: 623
  H1 features: 226
Computing persistence on full 311 point cloud...
  H0 features: 311
  H1 features: 161
Computing persistence on full 371 point cloud...
  H0 features: 371
  H1 features: 187
Point cloud optimization: 987 -> 500
Computing persistence on full 749 point cloud...
  H0 features: 749
  H1 features: 227
Computing persistence on full 434 point cloud...
  H0 features: 434
  H1 features: 101
Computing persistence on full 410 point cloud...
  H0 features: 410
  H1 features: 170
Computing persistence on full 384 point cloud...
  H0 features: 384
  H1 features: 133
Point cloud optimization: 526 -> 500
Computing persistence on full 506 point cloud...
  H0 features: 506
  H1 features: 243
Point cloud optimization: 776 -> 500
Computing persistence on full 609 point cloud...
  H0 features: 609
  H1 features: 289
Computing persistence on full 269 point cloud...
  H0 features: 269
  H1 features: 70
Point cloud optimization: 753 -> 500
Computing persistence on full 584 point cloud...
  H0 features: 584
  H1 features: 237
Point cloud optimization: 1043 -> 500
Computing persistence on full 791 point cloud...
  H0 features: 791
  H1 features: 641
Computing persistence on full 300 point cloud...
  H0 features: 300
  H1 features: 87
Point cloud optimization: 942 -> 500
Computing persistence on full 724 point cloud...
  H0 features: 724
  H1 features: 228
Computing persistence on full 392 point cloud...
  H0 features: 392
  H1 features: 171
Analyzing persistence diagram ranges...
Found 32 valid diagrams with 11131 total finite features
Actual persistence ranges:
  Birth times: 0.0000 - 0.9987
  Lifespans: 0.0000 - 0.9804
Adjusted persistence image parameters:
  birth_range: (0.0000, 1.0986)
  pers_range: (0.0010, 1.0785)
PersistenceImager config: pixel_size=0.0078, sigma=0.0130

Persistence image conversion results:
  Successful: 16/16
  Success rate: 100.0%
Computing persistence on full 289 point cloud...
  H0 features: 289
  H1 features: 83
Computing persistence on full 451 point cloud...
  H0 features: 451
  H1 features: 231
Computing persistence on full 416 point cloud...
  H0 features: 416
  H1 features: 206
Point cloud optimization: 654 -> 500
Computing persistence on full 542 point cloud...
  H0 features: 542
  H1 features: 213
Point cloud optimization: 1142 -> 500
Computing persistence on full 865 point cloud...
  H0 features: 865
  H1 features: 386
Computing persistence on full 321 point cloud...
  H0 features: 321
  H1 features: 66
Point cloud optimization: 560 -> 500
Computing persistence on full 515 point cloud...
  H0 features: 515
  H1 features: 152
Point cloud optimization: 990 -> 500
Computing persistence on full 747 point cloud...
  H0 features: 747
  H1 features: 316
Point cloud optimization: 1619 -> 500
Computing persistence on full 1252 point cloud...
  H0 features: 1252
  H1 features: 497
Point cloud optimization: 951 -> 500
Computing persistence on full 717 point cloud...
  H0 features: 717
  H1 features: 159
Computing persistence on full 326 point cloud...
  H0 features: 326
  H1 features: 124
Computing persistence on full 345 point cloud...
  H0 features: 345
  H1 features: 67
Computing persistence on full 212 point cloud...
  H0 features: 212
  H1 features: 46
Computing persistence on full 367 point cloud...
  H0 features: 367
  H1 features: 90
Point cloud optimization: 523 -> 500
Computing persistence on full 505 point cloud...
  H0 features: 505
  H1 features: 222
Computing persistence on full 349 point cloud...
  H0 features: 349
  H1 features: 180
Analyzing persistence diagram ranges...
Found 32 valid diagrams with 11241 total finite features
Actual persistence ranges:
  Birth times: 0.0000 - 0.9975
  Lifespans: 0.0000 - 0.9774
Adjusted persistence image parameters:
  birth_range: (0.0000, 1.0973)
  pers_range: (0.0010, 1.0752)
PersistenceImager config: pixel_size=0.0077, sigma=0.0130

Persistence image conversion results:
  Successful: 16/16
  Success rate: 100.0%
Computing persistence on full 440 point cloud...
  H0 features: 440
  H1 features: 245
Point cloud optimization: 542 -> 500
Computing persistence on full 511 point cloud...
  H0 features: 511
  H1 features: 206
Computing persistence on full 234 point cloud...
  H0 features: 234
  H1 features: 54
Point cloud optimization: 767 -> 500
Computing persistence on full 589 point cloud...
  H0 features: 589
  H1 features: 359
Computing persistence on full 309 point cloud...
  H0 features: 309
  H1 features: 102
Point cloud optimization: 559 -> 500
Computing persistence on full 515 point cloud...
  H0 features: 515
  H1 features: 189
Computing persistence on full 448 point cloud...
  H0 features: 448
  H1 features: 105
Computing persistence on full 340 point cloud...
  H0 features: 340
  H1 features: 105
Computing persistence on full 427 point cloud...
  H0 features: 427
  H1 features: 201
Computing persistence on full 232 point cloud...
  H0 features: 232
  H1 features: 49
Computing persistence on full 269 point cloud...
  H0 features: 269
  H1 features: 119
Point cloud optimization: 549 -> 500
Computing persistence on full 513 point cloud...
  H0 features: 513
  H1 features: 230
Point cloud optimization: 613 -> 500
Computing persistence on full 531 point cloud...
  H0 features: 531
  H1 features: 247
Point cloud optimization: 762 -> 500
Computing persistence on full 595 point cloud...
  H0 features: 595
  H1 features: 236
Computing persistence on full 476 point cloud...
  H0 features: 476
  H1 features: 186
Computing persistence on full 344 point cloud...
  H0 features: 344
  H1 features: 124
Analyzing persistence diagram ranges...
Found 32 valid diagrams with 9514 total finite features
Actual persistence ranges:
  Birth times: 0.0000 - 0.9988
  Lifespans: 0.0000 - 0.9880
Adjusted persistence image parameters:
  birth_range: (0.0000, 1.0987)
  pers_range: (0.0010, 1.0869)
PersistenceImager config: pixel_size=0.0078, sigma=0.0131

Persistence image conversion results:
  Successful: 16/16
  Success rate: 100.0%
Point cloud optimization: 725 -> 500
Computing persistence on full 571 point cloud...
  H0 features: 571
  H1 features: 104
Computing persistence on full 362 point cloud...
  H0 features: 362
  H1 features: 73
Computing persistence on full 341 point cloud...
  H0 features: 341
  H1 features: 131
Computing persistence on full 300 point cloud...
  H0 features: 300
  H1 features: 66
Computing persistence on full 244 point cloud...
  H0 features: 244
  H1 features: 29
Point cloud optimization: 931 -> 500
Computing persistence on full 714 point cloud...
  H0 features: 714
  H1 features: 285
Computing persistence on full 326 point cloud...
  H0 features: 326
  H1 features: 133
Point cloud optimization: 711 -> 500
Computing persistence on full 558 point cloud...
  H0 features: 558
  H1 features: 115
Computing persistence on full 260 point cloud...
  H0 features: 260
  H1 features: 51
Point cloud optimization: 835 -> 500
Computing persistence on full 644 point cloud...
  H0 features: 644
  H1 features: 202
Point cloud optimization: 564 -> 500
Computing persistence on full 517 point cloud...
  H0 features: 517
  H1 features: 247
Point cloud optimization: 767 -> 500
Computing persistence on full 596 point cloud...
  H0 features: 596
  H1 features: 161
Point cloud optimization: 668 -> 500
Computing persistence on full 552 point cloud...
  H0 features: 552
  H1 features: 206
Point cloud optimization: 572 -> 500
Computing persistence on full 521 point cloud...
  H0 features: 521
  H1 features: 137
Point cloud optimization: 1174 -> 500
Computing persistence on full 893 point cloud...
  H0 features: 893
  H1 features: 255
Computing persistence on full 356 point cloud...
  H0 features: 356
  H1 features: 153
Analyzing persistence diagram ranges...
Found 32 valid diagrams with 10087 total finite features
Actual persistence ranges:
  Birth times: 0.0000 - 0.9989
  Lifespans: 0.0000 - 0.9775
Adjusted persistence image parameters:
  birth_range: (0.0000, 1.0988)
  pers_range: (0.0010, 1.0753)
PersistenceImager config: pixel_size=0.0077, sigma=0.0130

Persistence image conversion results:
  Successful: 16/16
  Success rate: 100.0%
Point cloud optimization: 677 -> 500
Computing persistence on full 547 point cloud...
  H0 features: 547
  H1 features: 151
Point cloud optimization: 803 -> 500
Computing persistence on full 617 point cloud...
  H0 features: 617
  H1 features: 207
Computing persistence on full 430 point cloud...
  H0 features: 430
  H1 features: 238
Computing persistence on full 397 point cloud...
  H0 features: 397
  H1 features: 105
Point cloud optimization: 664 -> 500
Computing persistence on full 539 point cloud...
  H0 features: 539
  H1 features: 159
Point cloud optimization: 526 -> 500
Computing persistence on full 506 point cloud...
  H0 features: 506
  H1 features: 274
Point cloud optimization: 531 -> 500
Computing persistence on full 508 point cloud...
  H0 features: 508
  H1 features: 244
Point cloud optimization: 518 -> 500
Computing persistence on full 504 point cloud...
  H0 features: 504
  H1 features: 181
Computing persistence on full 290 point cloud...
  H0 features: 290
  H1 features: 133
Point cloud optimization: 532 -> 500
Computing persistence on full 508 point cloud...
  H0 features: 508
  H1 features: 219
Computing persistence on full 339 point cloud...
  H0 features: 339
  H1 features: 147
Point cloud optimization: 779 -> 500
Computing persistence on full 605 point cloud...
  H0 features: 605
  H1 features: 257
Computing persistence on full 446 point cloud...
  H0 features: 446
  H1 features: 251
Computing persistence on full 492 point cloud...
  H0 features: 492
  H1 features: 122
Computing persistence on full 419 point cloud...
  H0 features: 419
  H1 features: 194
Computing persistence on full 354 point cloud...
  H0 features: 354
  H1 features: 156
Analyzing persistence diagram ranges...
Found 32 valid diagrams with 10523 total finite features
Actual persistence ranges:
  Birth times: 0.0000 - 0.9985
  Lifespans: 0.0000 - 0.9818
Adjusted persistence image parameters:
  birth_range: (0.0000, 1.0984)
  pers_range: (0.0010, 1.0800)
PersistenceImager config: pixel_size=0.0078, sigma=0.0131

Persistence image conversion results:
  Successful: 16/16
  Success rate: 100.0%
Point cloud optimization: 538 -> 500
Computing persistence on full 509 point cloud...
  H0 features: 509
  H1 features: 149
Point cloud optimization: 805 -> 500
Computing persistence on full 621 point cloud...
  H0 features: 621
  H1 features: 313
Point cloud optimization: 661 -> 500
Computing persistence on full 536 point cloud...
  H0 features: 536
  H1 features: 155
Computing persistence on full 460 point cloud...
  H0 features: 460
  H1 features: 262
Computing persistence on full 289 point cloud...
  H0 features: 289
  H1 features: 111
Point cloud optimization: 1017 -> 500
Computing persistence on full 768 point cloud...
  H0 features: 768
  H1 features: 281
Computing persistence on full 297 point cloud...
  H0 features: 297
  H1 features: 80
Point cloud optimization: 643 -> 500
Computing persistence on full 544 point cloud...
  H0 features: 544
  H1 features: 140
Point cloud optimization: 1026 -> 500
Computing persistence on full 774 point cloud...
  H0 features: 774
  H1 features: 319
Computing persistence on full 260 point cloud...
  H0 features: 260
  H1 features: 98
Point cloud optimization: 508 -> 500
Computing persistence on full 500 point cloud...
  H0 features: 500
  H1 features: 95
Computing persistence on full 441 point cloud...
  H0 features: 441
  H1 features: 171
Computing persistence on full 308 point cloud...
  H0 features: 308
  H1 features: 95
Point cloud optimization: 661 -> 500
Computing persistence on full 539 point cloud...
  H0 features: 539
  H1 features: 153
Computing persistence on full 399 point cloud...
  H0 features: 399
  H1 features: 123
Point cloud optimization: 749 -> 500
Computing persistence on full 584 point cloud...
  H0 features: 584
  H1 features: 381
Analyzing persistence diagram ranges...
Found 32 valid diagrams with 10739 total finite features
Actual persistence ranges:
  Birth times: 0.0000 - 0.9988
  Lifespans: 0.0000 - 0.9798
Adjusted persistence image parameters:
  birth_range: (0.0000, 1.0987)
  pers_range: (0.0010, 1.0777)
PersistenceImager config: pixel_size=0.0078, sigma=0.0130

Persistence image conversion results:
  Successful: 16/16
  Success rate: 100.0%
Computing persistence on full 423 point cloud...
  H0 features: 423
  H1 features: 144
Point cloud optimization: 638 -> 500
Computing persistence on full 535 point cloud...
  H0 features: 535
  H1 features: 141
Point cloud optimization: 521 -> 500
Computing persistence on full 505 point cloud...
  H0 features: 505
  H1 features: 189
Point cloud optimization: 639 -> 500
Computing persistence on full 536 point cloud...
  H0 features: 536
  H1 features: 191
Computing persistence on full 452 point cloud...
  H0 features: 452
  H1 features: 133
Point cloud optimization: 533 -> 500
Computing persistence on full 508 point cloud...
  H0 features: 508
  H1 features: 229
Point cloud optimization: 566 -> 500
Computing persistence on full 517 point cloud...
  H0 features: 517
  H1 features: 234
Computing persistence on full 347 point cloud...
  H0 features: 347
  H1 features: 148
Computing persistence on full 429 point cloud...
  H0 features: 429
  H1 features: 203
Point cloud optimization: 749 -> 500
Computing persistence on full 587 point cloud...
  H0 features: 587
  H1 features: 292
Computing persistence on full 374 point cloud...
  H0 features: 374
  H1 features: 130
Computing persistence on full 281 point cloud...
  H0 features: 281
  H1 features: 80
Point cloud optimization: 507 -> 500
Computing persistence on full 500 point cloud...
  H0 features: 500
  H1 features: 121
Point cloud optimization: 515 -> 500
Computing persistence on full 502 point cloud...
  H0 features: 502
  H1 features: 191
Computing persistence on full 296 point cloud...
  H0 features: 296
  H1 features: 74
Computing persistence on full 404 point cloud...
  H0 features: 404
  H1 features: 105
Analyzing persistence diagram ranges...
Found 32 valid diagrams with 9785 total finite features
Actual persistence ranges:
  Birth times: 0.0000 - 0.9987
  Lifespans: 0.0000 - 0.9794
Adjusted persistence image parameters:
  birth_range: (0.0000, 1.0986)
  pers_range: (0.0010, 1.0774)
PersistenceImager config: pixel_size=0.0077, sigma=0.0130

Persistence image conversion results:
  Successful: 16/16
  Success rate: 100.0%
Point cloud optimization: 1008 -> 500
Computing persistence on full 763 point cloud...
  H0 features: 763
  H1 features: 387
Computing persistence on full 288 point cloud...
  H0 features: 288
  H1 features: 114
Point cloud optimization: 651 -> 500
Computing persistence on full 540 point cloud...
  H0 features: 540
  H1 features: 245
Point cloud optimization: 1138 -> 500
Computing persistence on full 858 point cloud...
  H0 features: 858
  H1 features: 455
Point cloud optimization: 679 -> 500
Computing persistence on full 550 point cloud...
  H0 features: 550
  H1 features: 253
Computing persistence on full 347 point cloud...
  H0 features: 347
  H1 features: 174
Computing persistence on full 367 point cloud...
  H0 features: 367
  H1 features: 164
Point cloud optimization: 839 -> 500
Computing persistence on full 644 point cloud...
  H0 features: 644
  H1 features: 285
Point cloud optimization: 1202 -> 500
Computing persistence on full 904 point cloud...
  H0 features: 904
  H1 features: 389
Computing persistence on full 309 point cloud...
  H0 features: 309
  H1 features: 66
Point cloud optimization: 1011 -> 500
Computing persistence on full 772 point cloud...
  H0 features: 772
  H1 features: 209
Point cloud optimization: 678 -> 500
Computing persistence on full 546 point cloud...
  H0 features: 546
  H1 features: 196
Point cloud optimization: 1245 -> 500
Computing persistence on full 939 point cloud...
  H0 features: 939
  H1 features: 393
Computing persistence on full 447 point cloud...
  H0 features: 447
  H1 features: 214
Computing persistence on full 235 point cloud...
  H0 features: 235
  H1 features: 37
Point cloud optimization: 699 -> 500
Computing persistence on full 559 point cloud...
  H0 features: 559
  H1 features: 216
Analyzing persistence diagram ranges...
Found 32 valid diagrams with 12849 total finite features
Actual persistence ranges:
  Birth times: 0.0000 - 0.9990
  Lifespans: 0.0000 - 0.9848
Adjusted persistence image parameters:
  birth_range: (0.0000, 1.0989)
  pers_range: (0.0010, 1.0833)
PersistenceImager config: pixel_size=0.0078, sigma=0.0131

Persistence image conversion results:
  Successful: 16/16
  Success rate: 100.0%
Point cloud optimization: 1056 -> 500
Computing persistence on full 798 point cloud...
  H0 features: 798
  H1 features: 178
Computing persistence on full 386 point cloud...
  H0 features: 386
  H1 features: 165
Computing persistence on full 494 point cloud...
  H0 features: 494
  H1 features: 143
Computing persistence on full 324 point cloud...
  H0 features: 324
  H1 features: 140
Computing persistence on full 299 point cloud...
  H0 features: 299
  H1 features: 103
Computing persistence on full 319 point cloud...
  H0 features: 319
  H1 features: 122
Point cloud optimization: 595 -> 500
Computing persistence on full 524 point cloud...
  H0 features: 524
  H1 features: 268
Computing persistence on full 331 point cloud...
  H0 features: 331
  H1 features: 157
Computing persistence on full 293 point cloud...
  H0 features: 293
  H1 features: 138
Point cloud optimization: 676 -> 500
Computing persistence on full 549 point cloud...
  H0 features: 549
  H1 features: 248
Computing persistence on full 489 point cloud...
  H0 features: 489
  H1 features: 232
Computing persistence on full 294 point cloud...
  H0 features: 294
  H1 features: 134
Computing persistence on full 366 point cloud...
  H0 features: 366
  H1 features: 158
Computing persistence on full 333 point cloud...
  H0 features: 333
  H1 features: 122
Computing persistence on full 292 point cloud...
  H0 features: 292
  H1 features: 55
Point cloud optimization: 693 -> 500
Computing persistence on full 564 point cloud...
  H0 features: 564
  H1 features: 227
Analyzing persistence diagram ranges...
Found 32 valid diagrams with 9229 total finite features
Actual persistence ranges:
  Birth times: 0.0000 - 0.9976
  Lifespans: 0.0000 - 0.9795
Adjusted persistence image parameters:
  birth_range: (0.0000, 1.0974)
  pers_range: (0.0010, 1.0775)
PersistenceImager config: pixel_size=0.0078, sigma=0.0130

Persistence image conversion results:
  Successful: 16/16
  Success rate: 100.0%
Point cloud optimization: 632 -> 500
Computing persistence on full 537 point cloud...
  H0 features: 537
  H1 features: 245
Computing persistence on full 438 point cloud...
  H0 features: 438
  H1 features: 180
Point cloud optimization: 569 -> 500
Computing persistence on full 519 point cloud...
  H0 features: 519
  H1 features: 261
Computing persistence on full 468 point cloud...
  H0 features: 468
  H1 features: 114
Computing persistence on full 426 point cloud...
  H0 features: 426
  H1 features: 140
Computing persistence on full 422 point cloud...
  H0 features: 422
  H1 features: 190
Computing persistence on full 335 point cloud...
  H0 features: 335
  H1 features: 90
Point cloud optimization: 670 -> 500
Computing persistence on full 540 point cloud...
  H0 features: 540
  H1 features: 109
Computing persistence on full 246 point cloud...
  H0 features: 246
  H1 features: 53
Point cloud optimization: 778 -> 500
Computing persistence on full 602 point cloud...
  H0 features: 602
  H1 features: 211
Point cloud optimization: 602 -> 500
Computing persistence on full 528 point cloud...
  H0 features: 528
  H1 features: 188
Computing persistence on full 486 point cloud...
  H0 features: 486
  H1 features: 138
Point cloud optimization: 898 -> 500
Computing persistence on full 686 point cloud...
  H0 features: 686
  H1 features: 231
Point cloud optimization: 534 -> 500
Computing persistence on full 508 point cloud...
  H0 features: 508
  H1 features: 214
Computing persistence on full 378 point cloud...
  H0 features: 378
  H1 features: 165
Point cloud optimization: 545 -> 500
Computing persistence on full 513 point cloud...
  H0 features: 513
  H1 features: 203
Analyzing persistence diagram ranges...
Found 32 valid diagrams with 10348 total finite features
Actual persistence ranges:
  Birth times: 0.0000 - 0.9984
  Lifespans: 0.0000 - 0.9764
Adjusted persistence image parameters:
  birth_range: (0.0000, 1.0983)
  pers_range: (0.0010, 1.0740)
PersistenceImager config: pixel_size=0.0077, sigma=0.0130

Persistence image conversion results:
  Successful: 16/16
  Success rate: 100.0%
Point cloud optimization: 561 -> 500
Computing persistence on full 515 point cloud...
  H0 features: 515
  H1 features: 176
Point cloud optimization: 596 -> 500
Computing persistence on full 527 point cloud...
  H0 features: 527
  H1 features: 219
Computing persistence on full 427 point cloud...
  H0 features: 427
  H1 features: 247
Computing persistence on full 402 point cloud...
  H0 features: 402
  H1 features: 215
Computing persistence on full 480 point cloud...
  H0 features: 480
  H1 features: 196
Computing persistence on full 333 point cloud...
  H0 features: 333
  H1 features: 155
Computing persistence on full 289 point cloud...
  H0 features: 289
  H1 features: 133
Point cloud optimization: 805 -> 500
Computing persistence on full 621 point cloud...
  H0 features: 621
  H1 features: 261
Computing persistence on full 380 point cloud...
  H0 features: 380
  H1 features: 88
Point cloud optimization: 854 -> 500
Computing persistence on full 653 point cloud...
  H0 features: 653
  H1 features: 222
Point cloud optimization: 703 -> 500
Computing persistence on full 563 point cloud...
  H0 features: 563
  H1 features: 262
Computing persistence on full 459 point cloud...
  H0 features: 459
  H1 features: 205
Point cloud optimization: 720 -> 500
Computing persistence on full 568 point cloud...
  H0 features: 568
  H1 features: 283
Point cloud optimization: 537 -> 500
Computing persistence on full 509 point cloud...
  H0 features: 509
  H1 features: 301
Point cloud optimization: 805 -> 500
Computing persistence on full 616 point cloud...
  H0 features: 616
  H1 features: 222
Point cloud optimization: 502 -> 500
Computing persistence on full 500 point cloud...
  H0 features: 500
  H1 features: 243
Analyzing persistence diagram ranges...
Found 32 valid diagrams with 11254 total finite features
Actual persistence ranges:
  Birth times: 0.0000 - 0.9988
  Lifespans: 0.0000 - 0.9754
Adjusted persistence image parameters:
  birth_range: (0.0000, 1.0987)
  pers_range: (0.0010, 1.0729)
PersistenceImager config: pixel_size=0.0077, sigma=0.0130

Persistence image conversion results:
  Successful: 16/16
  Success rate: 100.0%
Computing persistence on full 412 point cloud...
  H0 features: 412
  H1 features: 208
Computing persistence on full 486 point cloud...
  H0 features: 486
  H1 features: 241
Point cloud optimization: 877 -> 500
Computing persistence on full 671 point cloud...
  H0 features: 671
  H1 features: 158
Computing persistence on full 268 point cloud...
  H0 features: 268
  H1 features: 121
Point cloud optimization: 643 -> 500
Computing persistence on full 540 point cloud...
  H0 features: 540
  H1 features: 256
Computing persistence on full 333 point cloud...
  H0 features: 333
  H1 features: 176
Point cloud optimization: 688 -> 500
Computing persistence on full 546 point cloud...
  H0 features: 546
  H1 features: 205
Point cloud optimization: 564 -> 500
Computing persistence on full 517 point cloud...
  H0 features: 517
  H1 features: 174
Point cloud optimization: 605 -> 500
Computing persistence on full 523 point cloud...
  H0 features: 523
  H1 features: 69
Computing persistence on full 465 point cloud...
  H0 features: 465
  H1 features: 240
Computing persistence on full 374 point cloud...
  H0 features: 374
  H1 features: 155
Point cloud optimization: 933 -> 500
Computing persistence on full 707 point cloud...
  H0 features: 707
  H1 features: 162
Point cloud optimization: 758 -> 500
Computing persistence on full 591 point cloud...
  H0 features: 591
  H1 features: 370
Computing persistence on full 283 point cloud...
  H0 features: 283
  H1 features: 77
Computing persistence on full 390 point cloud...
  H0 features: 390
  H1 features: 173
Computing persistence on full 390 point cloud...
  H0 features: 390
  H1 features: 184
Analyzing persistence diagram ranges...
Found 32 valid diagrams with 10449 total finite features
Actual persistence ranges:
  Birth times: 0.0000 - 0.9996
  Lifespans: 0.0000 - 0.9806
Adjusted persistence image parameters:
  birth_range: (0.0000, 1.0996)
  pers_range: (0.0010, 1.0786)
PersistenceImager config: pixel_size=0.0078, sigma=0.0130

Persistence image conversion results:
  Successful: 16/16
  Success rate: 100.0%
Point cloud optimization: 706 -> 500
Computing persistence on full 559 point cloud...
  H0 features: 559
  H1 features: 189
Computing persistence on full 304 point cloud...
  H0 features: 304
  H1 features: 89
Computing persistence on full 277 point cloud...
  H0 features: 277
  H1 features: 78
Computing persistence on full 183 point cloud...
  H0 features: 183
  H1 features: 35
Computing persistence on full 430 point cloud...
  H0 features: 430
  H1 features: 212
Computing persistence on full 175 point cloud...
  H0 features: 175
  H1 features: 38
Point cloud optimization: 688 -> 500
Computing persistence on full 553 point cloud...
  H0 features: 553
  H1 features: 157
Computing persistence on full 302 point cloud...
  H0 features: 302
  H1 features: 114
Computing persistence on full 349 point cloud...
  H0 features: 349
  H1 features: 135
Computing persistence on full 310 point cloud...
  H0 features: 310
  H1 features: 126
Point cloud optimization: 672 -> 500
Computing persistence on full 546 point cloud...
  H0 features: 546
  H1 features: 266
Computing persistence on full 373 point cloud...
  H0 features: 373
  H1 features: 119
Computing persistence on full 302 point cloud...
  H0 features: 302
  H1 features: 59
Computing persistence on full 331 point cloud...
  H0 features: 331
  H1 features: 108
Computing persistence on full 346 point cloud...
  H0 features: 346
  H1 features: 162
Point cloud optimization: 625 -> 500
Computing persistence on full 534 point cloud...
  H0 features: 534
  H1 features: 262
Analyzing persistence diagram ranges...
Found 32 valid diagrams with 8007 total finite features
Actual persistence ranges:
  Birth times: 0.0000 - 0.9988
  Lifespans: 0.0000 - 0.9837
Adjusted persistence image parameters:
  birth_range: (0.0000, 1.0987)
  pers_range: (0.0010, 1.0820)
PersistenceImager config: pixel_size=0.0078, sigma=0.0131

Persistence image conversion results:
  Successful: 16/16
  Success rate: 100.0%
Point cloud optimization: 571 -> 500
Computing persistence on full 518 point cloud...
  H0 features: 518
  H1 features: 284
Point cloud optimization: 828 -> 500
Computing persistence on full 634 point cloud...
  H0 features: 634
  H1 features: 165
Computing persistence on full 494 point cloud...
  H0 features: 494
  H1 features: 272
Computing persistence on full 223 point cloud...
  H0 features: 223
  H1 features: 43
Computing persistence on full 489 point cloud...
  H0 features: 489
  H1 features: 122
Computing persistence on full 393 point cloud...
  H0 features: 393
  H1 features: 105
Point cloud optimization: 1094 -> 500
Computing persistence on full 840 point cloud...
  H0 features: 840
  H1 features: 490
Point cloud optimization: 539 -> 500
Computing persistence on full 510 point cloud...
  H0 features: 510
  H1 features: 160
Point cloud optimization: 508 -> 500
Computing persistence on full 501 point cloud...
  H0 features: 501
  H1 features: 192
Point cloud optimization: 541 -> 500
Computing persistence on full 511 point cloud...
  H0 features: 511
  H1 features: 135
Point cloud optimization: 508 -> 500
Computing persistence on full 501 point cloud...
  H0 features: 501
  H1 features: 227
Computing persistence on full 337 point cloud...
  H0 features: 337
  H1 features: 89
Point cloud optimization: 1546 -> 500
Computing persistence on full 1158 point cloud...
  H0 features: 1158
  H1 features: 619
Point cloud optimization: 549 -> 500
Computing persistence on full 512 point cloud...
  H0 features: 512
  H1 features: 272
Point cloud optimization: 671 -> 500
Computing persistence on full 542 point cloud...
  H0 features: 542
  H1 features: 136
Point cloud optimization: 744 -> 500
Computing persistence on full 580 point cloud...
  H0 features: 580
  H1 features: 244
Analyzing persistence diagram ranges...
Found 32 valid diagrams with 12282 total finite features
Actual persistence ranges:
  Birth times: 0.0000 - 0.9987
  Lifespans: 0.0000 - 0.9749
Adjusted persistence image parameters:
  birth_range: (0.0000, 1.0985)
  pers_range: (0.0010, 1.0724)
PersistenceImager config: pixel_size=0.0077, sigma=0.0130

Persistence image conversion results:
  Successful: 16/16
  Success rate: 100.0%
Computing persistence on full 417 point cloud...
  H0 features: 417
  H1 features: 137
Computing persistence on full 412 point cloud...
  H0 features: 412
  H1 features: 242
Computing persistence on full 418 point cloud...
  H0 features: 418
  H1 features: 165
Point cloud optimization: 713 -> 500
Computing persistence on full 565 point cloud...
  H0 features: 565
  H1 features: 269
Point cloud optimization: 620 -> 500
Computing persistence on full 528 point cloud...
  H0 features: 528
  H1 features: 132
Point cloud optimization: 506 -> 500
Computing persistence on full 500 point cloud...
  H0 features: 500
  H1 features: 217
Point cloud optimization: 576 -> 500
Computing persistence on full 521 point cloud...
  H0 features: 521
  H1 features: 303
Computing persistence on full 496 point cloud...
  H0 features: 496
  H1 features: 141
Point cloud optimization: 1396 -> 500
Computing persistence on full 1046 point cloud...
  H0 features: 1046
  H1 features: 424
Computing persistence on full 469 point cloud...
  H0 features: 469
  H1 features: 107
Point cloud optimization: 575 -> 500
Computing persistence on full 520 point cloud...
  H0 features: 520
  H1 features: 322
Computing persistence on full 494 point cloud...
  H0 features: 494
  H1 features: 285
Computing persistence on full 352 point cloud...
  H0 features: 352
  H1 features: 176
Computing persistence on full 406 point cloud...
  H0 features: 406
  H1 features: 165
Computing persistence on full 350 point cloud...
  H0 features: 350
  H1 features: 167
Computing persistence on full 186 point cloud...
  H0 features: 186
  H1 features: 38
Analyzing persistence diagram ranges...
Found 32 valid diagrams with 10954 total finite features
Actual persistence ranges:
  Birth times: 0.0000 - 0.9979
  Lifespans: 0.0000 - 0.9783
Adjusted persistence image parameters:
  birth_range: (0.0000, 1.0977)
  pers_range: (0.0010, 1.0762)
PersistenceImager config: pixel_size=0.0077, sigma=0.0130

Persistence image conversion results:
  Successful: 16/16
  Success rate: 100.0%
Point cloud optimization: 1939 -> 500
Computing persistence on full 1443 point cloud...
  H0 features: 1443
  H1 features: 253
Computing persistence on full 411 point cloud...
  H0 features: 411
  H1 features: 160
Computing persistence on full 464 point cloud...
  H0 features: 464
  H1 features: 210
Computing persistence on full 466 point cloud...
  H0 features: 466
  H1 features: 128
Point cloud optimization: 765 -> 500
Computing persistence on full 596 point cloud...
  H0 features: 596
  H1 features: 188
Point cloud optimization: 933 -> 500
Computing persistence on full 703 point cloud...
  H0 features: 703
  H1 features: 168
Computing persistence on full 442 point cloud...
  H0 features: 442
  H1 features: 244
Point cloud optimization: 698 -> 500
Computing persistence on full 555 point cloud...
  H0 features: 555
  H1 features: 231
Point cloud optimization: 527 -> 500
Computing persistence on full 507 point cloud...
  H0 features: 507
  H1 features: 242
Point cloud optimization: 713 -> 500
Computing persistence on full 572 point cloud...
  H0 features: 572
  H1 features: 239
Computing persistence on full 249 point cloud...
  H0 features: 249
  H1 features: 74
Computing persistence on full 276 point cloud...
  H0 features: 276
  H1 features: 70
Point cloud optimization: 735 -> 500
Computing persistence on full 577 point cloud...
  H0 features: 577
  H1 features: 225
Point cloud optimization: 1394 -> 500
Computing persistence on full 1044 point cloud...
  H0 features: 1044
  H1 features: 391
Point cloud optimization: 502 -> 500
Computing persistence on full 500 point cloud...
  H0 features: 500
  H1 features: 97
Computing persistence on full 419 point cloud...
  H0 features: 419
  H1 features: 166
Analyzing persistence diagram ranges...
Found 32 valid diagrams with 12294 total finite features
Actual persistence ranges:
  Birth times: 0.0000 - 0.9975
  Lifespans: 0.0000 - 0.9663
Adjusted persistence image parameters:
  birth_range: (0.0000, 1.0972)
  pers_range: (0.0010, 1.0629)
PersistenceImager config: pixel_size=0.0076, sigma=0.0129

Persistence image conversion results:
  Successful: 16/16
  Success rate: 100.0%
  Progress: 1600/78541 (2.0%) Rate: 1.3 samples/sec, ETA: 1016.0min
Computing persistence on full 187 point cloud...
  H0 features: 187
  H1 features: 47
Point cloud optimization: 677 -> 500
Computing persistence on full 543 point cloud...
  H0 features: 543
  H1 features: 116
Computing persistence on full 449 point cloud...
  H0 features: 449
  H1 features: 219
Computing persistence on full 266 point cloud...
  H0 features: 266
  H1 features: 62
Point cloud optimization: 955 -> 500
Computing persistence on full 726 point cloud...
  H0 features: 726
  H1 features: 222
Point cloud optimization: 1633 -> 500
Computing persistence on full 1220 point cloud...
  H0 features: 1220
  H1 features: 473
Point cloud optimization: 661 -> 500
Computing persistence on full 544 point cloud...
  H0 features: 544
  H1 features: 226
Point cloud optimization: 805 -> 500
Computing persistence on full 614 point cloud...
  H0 features: 614
  H1 features: 236
Point cloud optimization: 512 -> 500
Computing persistence on full 502 point cloud...
  H0 features: 502
  H1 features: 277
Computing persistence on full 439 point cloud...
  H0 features: 439
  H1 features: 221
Point cloud optimization: 1369 -> 500
Computing persistence on full 1034 point cloud...
  H0 features: 1034
  H1 features: 274
Point cloud optimization: 620 -> 500
Computing persistence on full 534 point cloud...
  H0 features: 534
  H1 features: 185
Computing persistence on full 433 point cloud...
  H0 features: 433
  H1 features: 156
Point cloud optimization: 882 -> 500
Computing persistence on full 669 point cloud...
  H0 features: 669
  H1 features: 272
Computing persistence on full 402 point cloud...
  H0 features: 402
  H1 features: 163
Point cloud optimization: 1240 -> 500
Computing persistence on full 956 point cloud...
  H0 features: 956
  H1 features: 698
Analyzing persistence diagram ranges...
Found 32 valid diagrams with 13349 total finite features
Actual persistence ranges:
  Birth times: 0.0000 - 0.9982
  Lifespans: 0.0000 - 0.9761
Adjusted persistence image parameters:
  birth_range: (0.0000, 1.0980)
  pers_range: (0.0010, 1.0737)
PersistenceImager config: pixel_size=0.0077, sigma=0.0130

Persistence image conversion results:
  Successful: 16/16
  Success rate: 100.0%
Point cloud optimization: 608 -> 500
Computing persistence on full 529 point cloud...
  H0 features: 529
  H1 features: 213
Computing persistence on full 292 point cloud...
  H0 features: 292
  H1 features: 100
Computing persistence on full 362 point cloud...
  H0 features: 362
  H1 features: 108
Point cloud optimization: 3493 -> 500
Computing persistence on full 2624 point cloud...
  H0 features: 2624
  H1 features: 873
Point cloud optimization: 615 -> 500
Computing persistence on full 533 point cloud...
  H0 features: 533
  H1 features: 224
Computing persistence on full 377 point cloud...
  H0 features: 377
  H1 features: 159
Computing persistence on full 480 point cloud...
  H0 features: 480
  H1 features: 140
Point cloud optimization: 554 -> 500
Computing persistence on full 513 point cloud...
  H0 features: 513
  H1 features: 149
Computing persistence on full 485 point cloud...
  H0 features: 485
  H1 features: 167
Point cloud optimization: 534 -> 500
Computing persistence on full 508 point cloud...
  H0 features: 508
  H1 features: 274
Point cloud optimization: 950 -> 500
Computing persistence on full 715 point cloud...
  H0 features: 715
  H1 features: 175
Point cloud optimization: 716 -> 500
Computing persistence on full 568 point cloud...
  H0 features: 568
  H1 features: 233
Computing persistence on full 259 point cloud...
  H0 features: 259
  H1 features: 56
Computing persistence on full 199 point cloud...
  H0 features: 199
  H1 features: 45
Computing persistence on full 465 point cloud...
  H0 features: 465
  H1 features: 209
Point cloud optimization: 924 -> 500
Computing persistence on full 697 point cloud...
  H0 features: 697
  H1 features: 275
Analyzing persistence diagram ranges...
Found 32 valid diagrams with 12990 total finite features
Actual persistence ranges:
  Birth times: 0.0000 - 0.9993
  Lifespans: 0.0000 - 0.9869
Adjusted persistence image parameters:
  birth_range: (0.0000, 1.0992)
  pers_range: (0.0010, 1.0856)
PersistenceImager config: pixel_size=0.0078, sigma=0.0131

Persistence image conversion results:
  Successful: 16/16
  Success rate: 100.0%
Point cloud optimization: 1025 -> 500
Computing persistence on full 780 point cloud...
  H0 features: 780
  H1 features: 237
Point cloud optimization: 507 -> 500
Computing persistence on full 501 point cloud...
  H0 features: 501
  H1 features: 240
Computing persistence on full 424 point cloud...
  H0 features: 424
  H1 features: 197
Point cloud optimization: 597 -> 500
Computing persistence on full 526 point cloud...
  H0 features: 526
  H1 features: 231
Computing persistence on full 279 point cloud...
  H0 features: 279
  H1 features: 42
Computing persistence on full 375 point cloud...
  H0 features: 375
  H1 features: 141
Computing persistence on full 349 point cloud...
  H0 features: 349
  H1 features: 139
Point cloud optimization: 592 -> 500
Computing persistence on full 524 point cloud...
  H0 features: 524
  H1 features: 156
Computing persistence on full 308 point cloud...
  H0 features: 308
  H1 features: 128
Point cloud optimization: 937 -> 500
Computing persistence on full 707 point cloud...
  H0 features: 707
  H1 features: 341
Point cloud optimization: 504 -> 500
Computing persistence on full 500 point cloud...
  H0 features: 500
  H1 features: 204
Point cloud optimization: 1733 -> 500
Computing persistence on full 1320 point cloud...
  H0 features: 1320
  H1 features: 269
Computing persistence on full 401 point cloud...
  H0 features: 401
  H1 features: 160
Computing persistence on full 403 point cloud...
  H0 features: 403
  H1 features: 102
Point cloud optimization: 539 -> 500
Computing persistence on full 509 point cloud...
  H0 features: 509
  H1 features: 305
Computing persistence on full 416 point cloud...
  H0 features: 416
  H1 features: 162
Analyzing persistence diagram ranges...
Found 32 valid diagrams with 11360 total finite features
Actual persistence ranges:
  Birth times: 0.0000 - 0.9968
  Lifespans: 0.0000 - 0.9795
Adjusted persistence image parameters:
  birth_range: (0.0000, 1.0965)
  pers_range: (0.0010, 1.0774)
PersistenceImager config: pixel_size=0.0077, sigma=0.0130

Persistence image conversion results:
  Successful: 16/16
  Success rate: 100.0%
Point cloud optimization: 577 -> 500
Computing persistence on full 522 point cloud...
  H0 features: 522
  H1 features: 201
Computing persistence on full 467 point cloud...
  H0 features: 467
  H1 features: 135
Computing persistence on full 404 point cloud...
  H0 features: 404
  H1 features: 188
Computing persistence on full 416 point cloud...
  H0 features: 416
  H1 features: 238
Computing persistence on full 305 point cloud...
  H0 features: 305
  H1 features: 146
Computing persistence on full 390 point cloud...
  H0 features: 390
  H1 features: 146
Computing persistence on full 489 point cloud...
  H0 features: 489
  H1 features: 149
Computing persistence on full 344 point cloud...
  H0 features: 344
  H1 features: 79
Computing persistence on full 280 point cloud...
  H0 features: 280
  H1 features: 116
Point cloud optimization: 1023 -> 500
Computing persistence on full 776 point cloud...
  H0 features: 776
  H1 features: 353
Computing persistence on full 257 point cloud...
  H0 features: 257
  H1 features: 62
Point cloud optimization: 522 -> 500
Computing persistence on full 505 point cloud...
  H0 features: 505
  H1 features: 206
Computing persistence on full 291 point cloud...
  H0 features: 291
  H1 features: 66
Computing persistence on full 443 point cloud...
  H0 features: 443
  H1 features: 167
Point cloud optimization: 677 -> 500
Computing persistence on full 538 point cloud...
  H0 features: 538
  H1 features: 88
Point cloud optimization: 984 -> 500
Computing persistence on full 750 point cloud...
  H0 features: 750
  H1 features: 187
Analyzing persistence diagram ranges...
Found 32 valid diagrams with 9688 total finite features
Actual persistence ranges:
  Birth times: 0.0000 - 0.9991
  Lifespans: 0.0000 - 0.9827
Adjusted persistence image parameters:
  birth_range: (0.0000, 1.0990)
  pers_range: (0.0010, 1.0809)
PersistenceImager config: pixel_size=0.0078, sigma=0.0131

Persistence image conversion results:
  Successful: 16/16
  Success rate: 100.0%
Computing persistence on full 352 point cloud...
  H0 features: 352
  H1 features: 149
Computing persistence on full 322 point cloud...
  H0 features: 322
  H1 features: 80
Point cloud optimization: 635 -> 500
Computing persistence on full 540 point cloud...
  H0 features: 540
  H1 features: 218
Point cloud optimization: 1708 -> 500
Computing persistence on full 1294 point cloud...
  H0 features: 1294
  H1 features: 434
Computing persistence on full 272 point cloud...
  H0 features: 272
  H1 features: 66
Computing persistence on full 416 point cloud...
  H0 features: 416
  H1 features: 157
Point cloud optimization: 563 -> 500
Computing persistence on full 515 point cloud...
  H0 features: 515
  H1 features: 153
Computing persistence on full 470 point cloud...
  H0 features: 470
  H1 features: 165
Computing persistence on full 308 point cloud...
  H0 features: 308
  H1 features: 90
Computing persistence on full 399 point cloud...
  H0 features: 399
  H1 features: 115
Computing persistence on full 344 point cloud...
  H0 features: 344
  H1 features: 174
Point cloud optimization: 838 -> 500
Computing persistence on full 638 point cloud...
  H0 features: 638
  H1 features: 216
Computing persistence on full 423 point cloud...
  H0 features: 423
  H1 features: 188
Point cloud optimization: 693 -> 500
Computing persistence on full 559 point cloud...
  H0 features: 559
  H1 features: 211
Computing persistence on full 486 point cloud...
  H0 features: 486
  H1 features: 167
Computing persistence on full 394 point cloud...
  H0 features: 394
  H1 features: 138
Analyzing persistence diagram ranges...
Found 32 valid diagrams with 10437 total finite features
Actual persistence ranges:
  Birth times: 0.0000 - 0.9985
  Lifespans: 0.0000 - 0.9792
Adjusted persistence image parameters:
  birth_range: (0.0000, 1.0984)
  pers_range: (0.0010, 1.0771)
PersistenceImager config: pixel_size=0.0077, sigma=0.0130

Persistence image conversion results:
  Successful: 16/16
  Success rate: 100.0%
Point cloud optimization: 543 -> 500
Computing persistence on full 511 point cloud...
  H0 features: 511
  H1 features: 204
Point cloud optimization: 821 -> 500
Computing persistence on full 622 point cloud...
  H0 features: 622
  H1 features: 219
Computing persistence on full 375 point cloud...
  H0 features: 375
  H1 features: 177
Computing persistence on full 334 point cloud...
  H0 features: 334
  H1 features: 96
Point cloud optimization: 673 -> 500
Computing persistence on full 549 point cloud...
  H0 features: 549
  H1 features: 190
Computing persistence on full 338 point cloud...
  H0 features: 338
  H1 features: 143
Point cloud optimization: 2141 -> 500
Computing persistence on full 1590 point cloud...
  H0 features: 1590
  H1 features: 789
Point cloud optimization: 649 -> 500
Computing persistence on full 540 point cloud...
  H0 features: 540
  H1 features: 219
Computing persistence on full 367 point cloud...
  H0 features: 367
  H1 features: 171
Computing persistence on full 349 point cloud...
  H0 features: 349
  H1 features: 150
Computing persistence on full 437 point cloud...
  H0 features: 437
  H1 features: 116
Computing persistence on full 349 point cloud...
  H0 features: 349
  H1 features: 106
Computing persistence on full 390 point cloud...
  H0 features: 390
  H1 features: 97
Point cloud optimization: 697 -> 500
Computing persistence on full 558 point cloud...
  H0 features: 558
  H1 features: 130
Computing persistence on full 364 point cloud...
  H0 features: 364
  H1 features: 168
Computing persistence on full 263 point cloud...
  H0 features: 263
  H1 features: 49
Analyzing persistence diagram ranges...
Found 32 valid diagrams with 10944 total finite features
Actual persistence ranges:
  Birth times: 0.0000 - 0.9982
  Lifespans: 0.0000 - 0.9737
Adjusted persistence image parameters:
  birth_range: (0.0000, 1.0980)
  pers_range: (0.0010, 1.0711)
PersistenceImager config: pixel_size=0.0077, sigma=0.0130

Persistence image conversion results:
  Successful: 16/16
  Success rate: 100.0%
Computing persistence on full 335 point cloud...
  H0 features: 335
  H1 features: 144
Computing persistence on full 270 point cloud...
  H0 features: 270
  H1 features: 67
Computing persistence on full 452 point cloud...
  H0 features: 452
  H1 features: 292
Point cloud optimization: 647 -> 500
Computing persistence on full 538 point cloud...
  H0 features: 538
  H1 features: 158
Point cloud optimization: 951 -> 500
Computing persistence on full 729 point cloud...
  H0 features: 729
  H1 features: 224
Computing persistence on full 326 point cloud...
  H0 features: 326
  H1 features: 163
Point cloud optimization: 834 -> 500
Computing persistence on full 635 point cloud...
  H0 features: 635
  H1 features: 126
Computing persistence on full 478 point cloud...
  H0 features: 478
  H1 features: 187
Point cloud optimization: 618 -> 500
Computing persistence on full 533 point cloud...
  H0 features: 533
  H1 features: 242
Computing persistence on full 274 point cloud...
  H0 features: 274
  H1 features: 48
Point cloud optimization: 1089 -> 500
Computing persistence on full 822 point cloud...
  H0 features: 822
  H1 features: 322
Point cloud optimization: 719 -> 500
Computing persistence on full 566 point cloud...
  H0 features: 566
  H1 features: 305
Computing persistence on full 375 point cloud...
  H0 features: 375
  H1 features: 217
Point cloud optimization: 824 -> 500
Computing persistence on full 631 point cloud...
  H0 features: 631
  H1 features: 236
Computing persistence on full 367 point cloud...
  H0 features: 367
  H1 features: 109
Computing persistence on full 281 point cloud...
  H0 features: 281
  H1 features: 126
Analyzing persistence diagram ranges...
Found 32 valid diagrams with 10562 total finite features
Actual persistence ranges:
  Birth times: 0.0000 - 0.9976
  Lifespans: 0.0000 - 0.9846
Adjusted persistence image parameters:
  birth_range: (0.0000, 1.0973)
  pers_range: (0.0010, 1.0830)
PersistenceImager config: pixel_size=0.0078, sigma=0.0131

Persistence image conversion results:
  Successful: 16/16
  Success rate: 100.0%
Point cloud optimization: 570 -> 500
Computing persistence on full 519 point cloud...
  H0 features: 519
  H1 features: 269
Computing persistence on full 256 point cloud...
  H0 features: 256
  H1 features: 64
Point cloud optimization: 528 -> 500
Computing persistence on full 506 point cloud...
  H0 features: 506
  H1 features: 222
Computing persistence on full 224 point cloud...
  H0 features: 224
  H1 features: 54
Point cloud optimization: 602 -> 500
Computing persistence on full 531 point cloud...
  H0 features: 531
  H1 features: 209
Point cloud optimization: 654 -> 500
Computing persistence on full 541 point cloud...
  H0 features: 541
  H1 features: 298
Computing persistence on full 402 point cloud...
  H0 features: 402
  H1 features: 101
Computing persistence on full 270 point cloud...
  H0 features: 270
  H1 features: 115
Point cloud optimization: 802 -> 500
Computing persistence on full 616 point cloud...
  H0 features: 616
  H1 features: 288
Point cloud optimization: 721 -> 500
Computing persistence on full 574 point cloud...
  H0 features: 574
  H1 features: 191
Point cloud optimization: 1581 -> 500
Computing persistence on full 1177 point cloud...
  H0 features: 1177
  H1 features: 359
Point cloud optimization: 730 -> 500
Computing persistence on full 578 point cloud...
  H0 features: 578
  H1 features: 136
Computing persistence on full 262 point cloud...
  H0 features: 262
  H1 features: 113
Computing persistence on full 453 point cloud...
  H0 features: 453
  H1 features: 225
Computing persistence on full 322 point cloud...
  H0 features: 322
  H1 features: 146
Computing persistence on full 419 point cloud...
  H0 features: 419
  H1 features: 188
Analyzing persistence diagram ranges...
Found 32 valid diagrams with 10612 total finite features
Actual persistence ranges:
  Birth times: 0.0000 - 0.9988
  Lifespans: 0.0000 - 0.9911
Adjusted persistence image parameters:
  birth_range: (0.0000, 1.0987)
  pers_range: (0.0010, 1.0902)
PersistenceImager config: pixel_size=0.0078, sigma=0.0132

Persistence image conversion results:
  Successful: 16/16
  Success rate: 100.0%
Point cloud optimization: 695 -> 500
Computing persistence on full 554 point cloud...
  H0 features: 554
  H1 features: 221
Point cloud optimization: 927 -> 500
Computing persistence on full 704 point cloud...
  H0 features: 704
  H1 features: 379
Computing persistence on full 453 point cloud...
  H0 features: 453
  H1 features: 159
Computing persistence on full 440 point cloud...
  H0 features: 440
  H1 features: 229
Computing persistence on full 218 point cloud...
  H0 features: 218
  H1 features: 59
Point cloud optimization: 532 -> 500
Computing persistence on full 508 point cloud...
  H0 features: 508
  H1 features: 100
Computing persistence on full 187 point cloud...
  H0 features: 187
  H1 features: 40
Computing persistence on full 290 point cloud...
  H0 features: 290
  H1 features: 122
Point cloud optimization: 724 -> 500
Computing persistence on full 570 point cloud...
  H0 features: 570
  H1 features: 182
Point cloud optimization: 555 -> 500
Computing persistence on full 514 point cloud...
  H0 features: 514
  H1 features: 172
Point cloud optimization: 829 -> 500
Computing persistence on full 636 point cloud...
  H0 features: 636
  H1 features: 152
Computing persistence on full 324 point cloud...
  H0 features: 324
  H1 features: 128
Computing persistence on full 448 point cloud...
  H0 features: 448
  H1 features: 188
Computing persistence on full 324 point cloud...
  H0 features: 324
  H1 features: 153
Point cloud optimization: 1824 -> 500
Computing persistence on full 1355 point cloud...
  H0 features: 1355
  H1 features: 420
Computing persistence on full 321 point cloud...
  H0 features: 321
  H1 features: 70
Analyzing persistence diagram ranges...
Found 32 valid diagrams with 10604 total finite features
Actual persistence ranges:
  Birth times: 0.0000 - 0.9981
  Lifespans: 0.0000 - 0.9914
Adjusted persistence image parameters:
  birth_range: (0.0000, 1.0980)
  pers_range: (0.0010, 1.0906)
PersistenceImager config: pixel_size=0.0078, sigma=0.0132

Persistence image conversion results:
  Successful: 16/16
  Success rate: 100.0%
Computing persistence on full 373 point cloud...
  H0 features: 373
  H1 features: 152
Computing persistence on full 337 point cloud...
  H0 features: 337
  H1 features: 111
Computing persistence on full 480 point cloud...
  H0 features: 480
  H1 features: 248
Point cloud optimization: 518 -> 500
Computing persistence on full 503 point cloud...
  H0 features: 503
  H1 features: 119
Computing persistence on full 462 point cloud...
  H0 features: 462
  H1 features: 149
Point cloud optimization: 1128 -> 500
Computing persistence on full 864 point cloud...
  H0 features: 864
  H1 features: 441
Point cloud optimization: 780 -> 500
Computing persistence on full 609 point cloud...
  H0 features: 609
  H1 features: 292
Point cloud optimization: 951 -> 500
Computing persistence on full 727 point cloud...
  H0 features: 727
  H1 features: 337
Point cloud optimization: 711 -> 500
Computing persistence on full 562 point cloud...
  H0 features: 562
  H1 features: 215
Computing persistence on full 425 point cloud...
  H0 features: 425
  H1 features: 196
Computing persistence on full 245 point cloud...
  H0 features: 245
  H1 features: 49
Point cloud optimization: 835 -> 500
Computing persistence on full 637 point cloud...
  H0 features: 637
  H1 features: 307
Computing persistence on full 281 point cloud...
  H0 features: 281
  H1 features: 75
Computing persistence on full 266 point cloud...
  H0 features: 266
  H1 features: 73
Point cloud optimization: 516 -> 500
Computing persistence on full 502 point cloud...
  H0 features: 502
  H1 features: 82
Point cloud optimization: 580 -> 500
Computing persistence on full 523 point cloud...
  H0 features: 523
  H1 features: 166
Analyzing persistence diagram ranges...
Found 32 valid diagrams with 10792 total finite features
Actual persistence ranges:
  Birth times: 0.0000 - 0.9989
  Lifespans: 0.0000 - 0.9708
Adjusted persistence image parameters:
  birth_range: (0.0000, 1.0988)
  pers_range: (0.0010, 1.0679)
PersistenceImager config: pixel_size=0.0077, sigma=0.0129

Persistence image conversion results:
  Successful: 16/16
  Success rate: 100.0%
Computing persistence on full 305 point cloud...
  H0 features: 305
  H1 features: 84
Computing persistence on full 498 point cloud...
  H0 features: 498
  H1 features: 242
Point cloud optimization: 726 -> 500
Computing persistence on full 571 point cloud...
  H0 features: 571
  H1 features: 278
Point cloud optimization: 605 -> 500
Computing persistence on full 529 point cloud...
  H0 features: 529
  H1 features: 213
Point cloud optimization: 896 -> 500
Computing persistence on full 678 point cloud...
  H0 features: 678
  H1 features: 372
Point cloud optimization: 956 -> 500
Computing persistence on full 744 point cloud...
  H0 features: 744
  H1 features: 229
Point cloud optimization: 572 -> 500
Computing persistence on full 521 point cloud...
  H0 features: 521
  H1 features: 313
Computing persistence on full 472 point cloud...
  H0 features: 472
  H1 features: 100
Computing persistence on full 250 point cloud...
  H0 features: 250
  H1 features: 47
Point cloud optimization: 529 -> 500
Computing persistence on full 506 point cloud...
  H0 features: 506
  H1 features: 236
Point cloud optimization: 669 -> 500
Computing persistence on full 547 point cloud...
  H0 features: 547
  H1 features: 209
Computing persistence on full 483 point cloud...
  H0 features: 483
  H1 features: 232
Point cloud optimization: 989 -> 500
Computing persistence on full 758 point cloud...
  H0 features: 758
  H1 features: 338
Computing persistence on full 315 point cloud...
  H0 features: 315
  H1 features: 89
Point cloud optimization: 1087 -> 500
Computing persistence on full 817 point cloud...
  H0 features: 817
  H1 features: 349
Computing persistence on full 343 point cloud...
  H0 features: 343
  H1 features: 116
Analyzing persistence diagram ranges...
Found 32 valid diagrams with 11768 total finite features
Actual persistence ranges:
  Birth times: 0.0000 - 0.9992
  Lifespans: 0.0000 - 0.9817
Adjusted persistence image parameters:
  birth_range: (0.0000, 1.0991)
  pers_range: (0.0010, 1.0799)
PersistenceImager config: pixel_size=0.0078, sigma=0.0131

Persistence image conversion results:
  Successful: 16/16
  Success rate: 100.0%
Point cloud optimization: 751 -> 500
Computing persistence on full 588 point cloud...
  H0 features: 588
  H1 features: 164
Computing persistence on full 345 point cloud...
  H0 features: 345
  H1 features: 77
Point cloud optimization: 694 -> 500
Computing persistence on full 554 point cloud...
  H0 features: 554
  H1 features: 159
Computing persistence on full 310 point cloud...
  H0 features: 310
  H1 features: 99
Point cloud optimization: 684 -> 500
Computing persistence on full 548 point cloud...
  H0 features: 548
  H1 features: 283
Point cloud optimization: 525 -> 500
Computing persistence on full 505 point cloud...
  H0 features: 505
  H1 features: 147
Point cloud optimization: 863 -> 500
Computing persistence on full 657 point cloud...
  H0 features: 657
  H1 features: 198
Point cloud optimization: 647 -> 500
Computing persistence on full 539 point cloud...
  H0 features: 539
  H1 features: 198
Point cloud optimization: 555 -> 500
Computing persistence on full 515 point cloud...
  H0 features: 515
  H1 features: 229
Computing persistence on full 344 point cloud...
  H0 features: 344
  H1 features: 125
Computing persistence on full 292 point cloud...
  H0 features: 292
  H1 features: 57
Point cloud optimization: 686 -> 500
Computing persistence on full 548 point cloud...
  H0 features: 548
  H1 features: 254
Computing persistence on full 420 point cloud...
  H0 features: 420
  H1 features: 116
Computing persistence on full 303 point cloud...
  H0 features: 303
  H1 features: 64
Point cloud optimization: 739 -> 500
Computing persistence on full 580 point cloud...
  H0 features: 580
  H1 features: 170
Computing persistence on full 369 point cloud...
  H0 features: 369
  H1 features: 137
Analyzing persistence diagram ranges...
Found 32 valid diagrams with 9878 total finite features
Actual persistence ranges:
  Birth times: 0.0000 - 0.9980
  Lifespans: 0.0000 - 0.9760
Adjusted persistence image parameters:
  birth_range: (0.0000, 1.0978)
  pers_range: (0.0010, 1.0736)
PersistenceImager config: pixel_size=0.0077, sigma=0.0130

Persistence image conversion results:
  Successful: 16/16
  Success rate: 100.0%
Point cloud optimization: 608 -> 500
Computing persistence on full 527 point cloud...
  H0 features: 527
  H1 features: 175
Computing persistence on full 441 point cloud...
  H0 features: 441
  H1 features: 214
Computing persistence on full 330 point cloud...
  H0 features: 330
  H1 features: 82
Computing persistence on full 319 point cloud...
  H0 features: 319
  H1 features: 99
Computing persistence on full 240 point cloud...
  H0 features: 240
  H1 features: 95
Computing persistence on full 243 point cloud...
  H0 features: 243
  H1 features: 105
Computing persistence on full 259 point cloud...
  H0 features: 259
  H1 features: 102
Computing persistence on full 211 point cloud...
  H0 features: 211
  H1 features: 40
Computing persistence on full 350 point cloud...
  H0 features: 350
  H1 features: 162
Point cloud optimization: 1016 -> 500
Computing persistence on full 768 point cloud...
  H0 features: 768
  H1 features: 302
Computing persistence on full 361 point cloud...
  H0 features: 361
  H1 features: 109
Point cloud optimization: 680 -> 500
Computing persistence on full 547 point cloud...
  H0 features: 547
  H1 features: 213
Computing persistence on full 472 point cloud...
  H0 features: 472
  H1 features: 107
Computing persistence on full 484 point cloud...
  H0 features: 484
  H1 features: 230
Computing persistence on full 426 point cloud...
  H0 features: 426
  H1 features: 165
Point cloud optimization: 822 -> 500
Computing persistence on full 640 point cloud...
  H0 features: 640
  H1 features: 288
Analyzing persistence diagram ranges...
Found 32 valid diagrams with 9090 total finite features
Actual persistence ranges:
  Birth times: 0.0000 - 0.9972
  Lifespans: 0.0000 - 0.9783
Adjusted persistence image parameters:
  birth_range: (0.0000, 1.0969)
  pers_range: (0.0010, 1.0761)
PersistenceImager config: pixel_size=0.0077, sigma=0.0130

Persistence image conversion results:
  Successful: 16/16
  Success rate: 100.0%
Point cloud optimization: 820 -> 500
Computing persistence on full 622 point cloud...
  H0 features: 622
  H1 features: 247
Point cloud optimization: 794 -> 500
Computing persistence on full 615 point cloud...
  H0 features: 615
  H1 features: 217
Point cloud optimization: 645 -> 500
Computing persistence on full 540 point cloud...
  H0 features: 540
  H1 features: 242
Computing persistence on full 307 point cloud...
  H0 features: 307
  H1 features: 131
Point cloud optimization: 964 -> 500
Computing persistence on full 739 point cloud...
  H0 features: 739
  H1 features: 269
Point cloud optimization: 677 -> 500
Computing persistence on full 545 point cloud...
  H0 features: 545
  H1 features: 184
Computing persistence on full 281 point cloud...
  H0 features: 281
  H1 features: 111
Point cloud optimization: 819 -> 500
Computing persistence on full 637 point cloud...
  H0 features: 637
  H1 features: 216
Point cloud optimization: 626 -> 500
Computing persistence on full 532 point cloud...
  H0 features: 532
  H1 features: 124
Computing persistence on full 468 point cloud...
  H0 features: 468
  H1 features: 155
Point cloud optimization: 640 -> 500
Computing persistence on full 537 point cloud...
  H0 features: 537
  H1 features: 158
Computing persistence on full 355 point cloud...
  H0 features: 355
  H1 features: 167
Computing persistence on full 217 point cloud...
  H0 features: 217
  H1 features: 45
Computing persistence on full 273 point cloud...
  H0 features: 273
  H1 features: 120
Computing persistence on full 263 point cloud...
  H0 features: 263
  H1 features: 66
Computing persistence on full 444 point cloud...
  H0 features: 444
  H1 features: 195
Analyzing persistence diagram ranges...
Found 32 valid diagrams with 10006 total finite features
Actual persistence ranges:
  Birth times: 0.0000 - 0.9976
  Lifespans: 0.0000 - 0.9788
Adjusted persistence image parameters:
  birth_range: (0.0000, 1.0974)
  pers_range: (0.0010, 1.0766)
PersistenceImager config: pixel_size=0.0077, sigma=0.0130

Persistence image conversion results:
  Successful: 16/16
  Success rate: 100.0%
Computing persistence on full 317 point cloud...
  H0 features: 317
  H1 features: 121
Point cloud optimization: 647 -> 500
Computing persistence on full 541 point cloud...
  H0 features: 541
  H1 features: 196
Point cloud optimization: 582 -> 500
Computing persistence on full 523 point cloud...
  H0 features: 523
  H1 features: 245
Computing persistence on full 420 point cloud...
  H0 features: 420
  H1 features: 171
Point cloud optimization: 981 -> 500
Computing persistence on full 746 point cloud...
  H0 features: 746
  H1 features: 159
Computing persistence on full 472 point cloud...
  H0 features: 472
  H1 features: 211
Computing persistence on full 351 point cloud...
  H0 features: 351
  H1 features: 127
Computing persistence on full 390 point cloud...
  H0 features: 390
  H1 features: 172
Computing persistence on full 415 point cloud...
  H0 features: 415
  H1 features: 172
Point cloud optimization: 935 -> 500
Computing persistence on full 712 point cloud...
  H0 features: 712
  H1 features: 278
Point cloud optimization: 556 -> 500
Computing persistence on full 514 point cloud...
  H0 features: 514
  H1 features: 229
Computing persistence on full 286 point cloud...
  H0 features: 286
  H1 features: 75
Point cloud optimization: 840 -> 500
Computing persistence on full 643 point cloud...
  H0 features: 643
  H1 features: 190
Computing persistence on full 449 point cloud...
  H0 features: 449
  H1 features: 186
Point cloud optimization: 788 -> 500
Computing persistence on full 607 point cloud...
  H0 features: 607
  H1 features: 204
Computing persistence on full 263 point cloud...
  H0 features: 263
  H1 features: 117
Analyzing persistence diagram ranges...
Found 32 valid diagrams with 10486 total finite features
Actual persistence ranges:
  Birth times: 0.0000 - 0.9988
  Lifespans: 0.0000 - 0.9842
Adjusted persistence image parameters:
  birth_range: (0.0000, 1.0986)
  pers_range: (0.0010, 1.0826)
PersistenceImager config: pixel_size=0.0078, sigma=0.0131

Persistence image conversion results:
  Successful: 16/16
  Success rate: 100.0%
Computing persistence on full 484 point cloud...
  H0 features: 484
  H1 features: 247
Computing persistence on full 382 point cloud...
  H0 features: 382
  H1 features: 178
Computing persistence on full 335 point cloud...
  H0 features: 335
  H1 features: 79
Point cloud optimization: 1295 -> 500
Computing persistence on full 977 point cloud...
  H0 features: 977
  H1 features: 344
Computing persistence on full 408 point cloud...
  H0 features: 408
  H1 features: 144
Computing persistence on full 385 point cloud...
  H0 features: 385
  H1 features: 144
Point cloud optimization: 502 -> 500
Computing persistence on full 500 point cloud...
  H0 features: 500
  H1 features: 281
Computing persistence on full 267 point cloud...
  H0 features: 267
  H1 features: 73
Point cloud optimization: 558 -> 500
Computing persistence on full 515 point cloud...
  H0 features: 515
  H1 features: 208
Point cloud optimization: 587 -> 500
Computing persistence on full 524 point cloud...
  H0 features: 524
  H1 features: 195
Point cloud optimization: 1092 -> 500
Computing persistence on full 829 point cloud...
  H0 features: 829
  H1 features: 346
Computing persistence on full 387 point cloud...
  H0 features: 387
  H1 features: 141
Computing persistence on full 459 point cloud...
  H0 features: 459
  H1 features: 181
Computing persistence on full 444 point cloud...
  H0 features: 444
  H1 features: 116
Computing persistence on full 433 point cloud...
  H0 features: 433
  H1 features: 222
Point cloud optimization: 1314 -> 500
Computing persistence on full 996 point cloud...
  H0 features: 996
  H1 features: 275
Analyzing persistence diagram ranges...
Found 32 valid diagrams with 11483 total finite features
Actual persistence ranges:
  Birth times: 0.0000 - 0.9989
  Lifespans: 0.0000 - 0.9805
Adjusted persistence image parameters:
  birth_range: (0.0000, 1.0988)
  pers_range: (0.0010, 1.0786)
PersistenceImager config: pixel_size=0.0078, sigma=0.0130

Persistence image conversion results:
  Successful: 16/16
  Success rate: 100.0%
Computing persistence on full 260 point cloud...
  H0 features: 260
  H1 features: 50
Point cloud optimization: 684 -> 500
Computing persistence on full 548 point cloud...
  H0 features: 548
  H1 features: 328
Computing persistence on full 289 point cloud...
  H0 features: 289
  H1 features: 76
Computing persistence on full 307 point cloud...
  H0 features: 307
  H1 features: 79
Computing persistence on full 349 point cloud...
  H0 features: 349
  H1 features: 132
Point cloud optimization: 586 -> 500
Computing persistence on full 527 point cloud...
  H0 features: 527
  H1 features: 215
Computing persistence on full 264 point cloud...
  H0 features: 264
  H1 features: 73
Point cloud optimization: 696 -> 500
Computing persistence on full 552 point cloud...
  H0 features: 552
  H1 features: 139
Computing persistence on full 472 point cloud...
  H0 features: 472
  H1 features: 230
Computing persistence on full 259 point cloud...
  H0 features: 259
  H1 features: 116
Computing persistence on full 456 point cloud...
  H0 features: 456
  H1 features: 83
Point cloud optimization: 869 -> 500
Computing persistence on full 689 point cloud...
  H0 features: 689
  H1 features: 190
Point cloud optimization: 663 -> 500
Computing persistence on full 543 point cloud...
  H0 features: 543
  H1 features: 151
Point cloud optimization: 536 -> 500
Computing persistence on full 509 point cloud...
  H0 features: 509
  H1 features: 200
Computing persistence on full 264 point cloud...
  H0 features: 264
  H1 features: 121
Computing persistence on full 260 point cloud...
  H0 features: 260
  H1 features: 108
Analyzing persistence diagram ranges...
Found 32 valid diagrams with 8823 total finite features
Actual persistence ranges:
  Birth times: 0.0000 - 0.9978
  Lifespans: 0.0000 - 0.9778
Adjusted persistence image parameters:
  birth_range: (0.0000, 1.0976)
  pers_range: (0.0010, 1.0756)
PersistenceImager config: pixel_size=0.0077, sigma=0.0130

Persistence image conversion results:
  Successful: 16/16
  Success rate: 100.0%
Computing persistence on full 471 point cloud...
  H0 features: 471
  H1 features: 102
Computing persistence on full 439 point cloud...
  H0 features: 439
  H1 features: 271
Computing persistence on full 271 point cloud...
  H0 features: 271
  H1 features: 69
Computing persistence on full 256 point cloud...
  H0 features: 256
  H1 features: 118
Point cloud optimization: 725 -> 500
Computing persistence on full 570 point cloud...
  H0 features: 570
  H1 features: 221
Point cloud optimization: 827 -> 500
Computing persistence on full 632 point cloud...
  H0 features: 632
  H1 features: 203
Computing persistence on full 353 point cloud...
  H0 features: 353
  H1 features: 90
Point cloud optimization: 571 -> 500
Computing persistence on full 519 point cloud...
  H0 features: 519
  H1 features: 288
Point cloud optimization: 617 -> 500
Computing persistence on full 533 point cloud...
  H0 features: 533
  H1 features: 236
Point cloud optimization: 772 -> 500
Computing persistence on full 600 point cloud...
  H0 features: 600
  H1 features: 166
Point cloud optimization: 757 -> 500
Computing persistence on full 594 point cloud...
  H0 features: 594
  H1 features: 245
Point cloud optimization: 596 -> 500
Computing persistence on full 526 point cloud...
  H0 features: 526
  H1 features: 180
Computing persistence on full 340 point cloud...
  H0 features: 340
  H1 features: 108
Computing persistence on full 272 point cloud...
  H0 features: 272
  H1 features: 118
Point cloud optimization: 625 -> 500
Computing persistence on full 536 point cloud...
  H0 features: 536
  H1 features: 173
Computing persistence on full 445 point cloud...
  H0 features: 445
  H1 features: 159
Analyzing persistence diagram ranges...
Found 32 valid diagrams with 10088 total finite features
Actual persistence ranges:
  Birth times: 0.0000 - 0.9983
  Lifespans: 0.0000 - 0.9764
Adjusted persistence image parameters:
  birth_range: (0.0000, 1.0981)
  pers_range: (0.0010, 1.0741)
PersistenceImager config: pixel_size=0.0077, sigma=0.0130

Persistence image conversion results:
  Successful: 16/16
  Success rate: 100.0%
Point cloud optimization: 517 -> 500
Computing persistence on full 503 point cloud...
  H0 features: 503
  H1 features: 293
Point cloud optimization: 691 -> 500
Computing persistence on full 553 point cloud...
  H0 features: 553
  H1 features: 266
Point cloud optimization: 971 -> 500
Computing persistence on full 737 point cloud...
  H0 features: 737
  H1 features: 303
Computing persistence on full 421 point cloud...
  H0 features: 421
  H1 features: 138
Point cloud optimization: 850 -> 500
Computing persistence on full 649 point cloud...
  H0 features: 649
  H1 features: 203
Point cloud optimization: 1849 -> 500
Computing persistence on full 1371 point cloud...
  H0 features: 1371
  H1 features: 635
Point cloud optimization: 549 -> 500
Computing persistence on full 513 point cloud...
  H0 features: 513
  H1 features: 289
Point cloud optimization: 598 -> 500
Computing persistence on full 526 point cloud...
  H0 features: 526
  H1 features: 189
Point cloud optimization: 525 -> 500
Computing persistence on full 505 point cloud...
  H0 features: 505
  H1 features: 140
Point cloud optimization: 608 -> 500
Computing persistence on full 529 point cloud...
  H0 features: 529
  H1 features: 249
Computing persistence on full 319 point cloud...
  H0 features: 319
  H1 features: 126
Computing persistence on full 333 point cloud...
  H0 features: 333
  H1 features: 103
Computing persistence on full 242 point cloud...
  H0 features: 242
  H1 features: 109
Point cloud optimization: 512 -> 500
Computing persistence on full 502 point cloud...
  H0 features: 502
  H1 features: 197
Computing persistence on full 493 point cloud...
  H0 features: 493
  H1 features: 180
Computing persistence on full 269 point cloud...
  H0 features: 269
  H1 features: 56
Analyzing persistence diagram ranges...
Found 32 valid diagrams with 11925 total finite features
Actual persistence ranges:
  Birth times: 0.0000 - 0.9991
  Lifespans: 0.0000 - 0.9793
Adjusted persistence image parameters:
  birth_range: (0.0000, 1.0990)
  pers_range: (0.0010, 1.0772)
PersistenceImager config: pixel_size=0.0077, sigma=0.0130

Persistence image conversion results:
  Successful: 16/16
  Success rate: 100.0%
Computing persistence on full 268 point cloud...
  H0 features: 268
  H1 features: 112
Point cloud optimization: 616 -> 500
Computing persistence on full 533 point cloud...
  H0 features: 533
  H1 features: 252
Point cloud optimization: 503 -> 500
Computing persistence on full 500 point cloud...
  H0 features: 500
  H1 features: 296
Point cloud optimization: 877 -> 500
Computing persistence on full 667 point cloud...
  H0 features: 667
  H1 features: 303
Point cloud optimization: 659 -> 500
Computing persistence on full 542 point cloud...
  H0 features: 542
  H1 features: 218
Point cloud optimization: 527 -> 500
Computing persistence on full 506 point cloud...
  H0 features: 506
  H1 features: 172
Point cloud optimization: 978 -> 500
Computing persistence on full 755 point cloud...
  H0 features: 755
  H1 features: 250
Point cloud optimization: 878 -> 500
Computing persistence on full 671 point cloud...
  H0 features: 671
  H1 features: 246
Point cloud optimization: 658 -> 500
Computing persistence on full 543 point cloud...
  H0 features: 543
  H1 features: 281
Point cloud optimization: 553 -> 500
Computing persistence on full 514 point cloud...
  H0 features: 514
  H1 features: 169
Computing persistence on full 488 point cloud...
  H0 features: 488
  H1 features: 223
Computing persistence on full 391 point cloud...
  H0 features: 391
  H1 features: 173
Point cloud optimization: 717 -> 500
Computing persistence on full 572 point cloud...
  H0 features: 572
  H1 features: 196
Computing persistence on full 285 point cloud...
  H0 features: 285
  H1 features: 74
Computing persistence on full 336 point cloud...
  H0 features: 336
  H1 features: 142
Point cloud optimization: 637 -> 500
Computing persistence on full 537 point cloud...
  H0 features: 537
  H1 features: 209
Analyzing persistence diagram ranges...
Found 32 valid diagrams with 11408 total finite features
Actual persistence ranges:
  Birth times: 0.0000 - 0.9988
  Lifespans: 0.0000 - 0.9810
Adjusted persistence image parameters:
  birth_range: (0.0000, 1.0987)
  pers_range: (0.0010, 1.0791)
PersistenceImager config: pixel_size=0.0078, sigma=0.0131

Persistence image conversion results:
  Successful: 16/16
  Success rate: 100.0%
Computing persistence on full 414 point cloud...
  H0 features: 414
  H1 features: 150
Point cloud optimization: 1119 -> 500
Computing persistence on full 844 point cloud...
  H0 features: 844
  H1 features: 168
Point cloud optimization: 770 -> 500
Computing persistence on full 598 point cloud...
  H0 features: 598
  H1 features: 184
Computing persistence on full 362 point cloud...
  H0 features: 362
  H1 features: 201
Point cloud optimization: 840 -> 500
Computing persistence on full 638 point cloud...
  H0 features: 638
  H1 features: 291
Point cloud optimization: 576 -> 500
Computing persistence on full 520 point cloud...
  H0 features: 520
  H1 features: 224
Point cloud optimization: 1186 -> 500
Computing persistence on full 896 point cloud...
  H0 features: 896
  H1 features: 226
Point cloud optimization: 785 -> 500
Computing persistence on full 604 point cloud...
  H0 features: 604
  H1 features: 174
Point cloud optimization: 856 -> 500
Computing persistence on full 659 point cloud...
  H0 features: 659
  H1 features: 311
Computing persistence on full 495 point cloud...
  H0 features: 495
  H1 features: 175
Computing persistence on full 375 point cloud...
  H0 features: 375
  H1 features: 191
Computing persistence on full 249 point cloud...
  H0 features: 249
  H1 features: 113
Computing persistence on full 465 point cloud...
  H0 features: 465
  H1 features: 128
Computing persistence on full 332 point cloud...
  H0 features: 332
  H1 features: 71
Computing persistence on full 473 point cloud...
  H0 features: 473
  H1 features: 213
Computing persistence on full 404 point cloud...
  H0 features: 404
  H1 features: 214
Analyzing persistence diagram ranges...
Found 32 valid diagrams with 11346 total finite features
Actual persistence ranges:
  Birth times: 0.0000 - 0.9981
  Lifespans: 0.0000 - 0.9775
Adjusted persistence image parameters:
  birth_range: (0.0000, 1.0979)
  pers_range: (0.0010, 1.0752)
PersistenceImager config: pixel_size=0.0077, sigma=0.0130

Persistence image conversion results:
  Successful: 16/16
  Success rate: 100.0%
Computing persistence on full 328 point cloud...
  H0 features: 328
  H1 features: 157
Point cloud optimization: 1029 -> 500
Computing persistence on full 790 point cloud...
  H0 features: 790
  H1 features: 389
Computing persistence on full 322 point cloud...
  H0 features: 322
  H1 features: 85
Computing persistence on full 465 point cloud...
  H0 features: 465
  H1 features: 219
Computing persistence on full 290 point cloud...
  H0 features: 290
  H1 features: 112
Computing persistence on full 466 point cloud...
  H0 features: 466
  H1 features: 195
Computing persistence on full 470 point cloud...
  H0 features: 470
  H1 features: 100
Computing persistence on full 285 point cloud...
  H0 features: 285
  H1 features: 100
Point cloud optimization: 957 -> 500
Computing persistence on full 735 point cloud...
  H0 features: 735
  H1 features: 223
Computing persistence on full 366 point cloud...
  H0 features: 366
  H1 features: 110
Computing persistence on full 421 point cloud...
  H0 features: 421
  H1 features: 191
Computing persistence on full 295 point cloud...
  H0 features: 295
  H1 features: 93
Computing persistence on full 328 point cloud...
  H0 features: 328
  H1 features: 74
Point cloud optimization: 985 -> 500
Computing persistence on full 740 point cloud...
  H0 features: 740
  H1 features: 232
Computing persistence on full 468 point cloud...
  H0 features: 468
  H1 features: 201
Point cloud optimization: 1656 -> 500
Computing persistence on full 1237 point cloud...
  H0 features: 1237
  H1 features: 532
Analyzing persistence diagram ranges...
Found 32 valid diagrams with 11003 total finite features
Actual persistence ranges:
  Birth times: 0.0000 - 0.9996
  Lifespans: 0.0000 - 0.9880
Adjusted persistence image parameters:
  birth_range: (0.0000, 1.0995)
  pers_range: (0.0010, 1.0868)
PersistenceImager config: pixel_size=0.0078, sigma=0.0131

Persistence image conversion results:
  Successful: 16/16
  Success rate: 100.0%
Computing persistence on full 257 point cloud...
  H0 features: 213
  H1 features: 36
Computing persistence on full 392 point cloud...
  H0 features: 392
  H1 features: 179
Point cloud optimization: 677 -> 500
Computing persistence on full 548 point cloud...
  H0 features: 548
  H1 features: 166
Computing persistence on full 310 point cloud...
  H0 features: 310
  H1 features: 93
Point cloud optimization: 685 -> 500
Computing persistence on full 550 point cloud...
  H0 features: 550
  H1 features: 171
Point cloud optimization: 527 -> 500
Computing persistence on full 506 point cloud...
  H0 features: 506
  H1 features: 250
Point cloud optimization: 1153 -> 500
Computing persistence on full 877 point cloud...
  H0 features: 877
  H1 features: 240
Point cloud optimization: 626 -> 500
Computing persistence on full 534 point cloud...
  H0 features: 534
  H1 features: 98
Computing persistence on full 357 point cloud...
  H0 features: 357
  H1 features: 82
Computing persistence on full 478 point cloud...
  H0 features: 478
  H1 features: 246
Point cloud optimization: 538 -> 500
Computing persistence on full 509 point cloud...
  H0 features: 509
  H1 features: 164
Point cloud optimization: 854 -> 500
Computing persistence on full 651 point cloud...
  H0 features: 651
  H1 features: 330
Point cloud optimization: 578 -> 500
Computing persistence on full 521 point cloud...
  H0 features: 521
  H1 features: 130
Computing persistence on full 233 point cloud...
  H0 features: 233
  H1 features: 53
Point cloud optimization: 823 -> 500
Computing persistence on full 623 point cloud...
  H0 features: 623
  H1 features: 347
Point cloud optimization: 692 -> 500
Computing persistence on full 560 point cloud...
  H0 features: 560
  H1 features: 143
Analyzing persistence diagram ranges...
Found 32 valid diagrams with 10574 total finite features
Actual persistence ranges:
  Birth times: 0.0000 - 0.9979
  Lifespans: 0.0000 - 0.9917
Adjusted persistence image parameters:
  birth_range: (0.0000, 1.0977)
  pers_range: (0.0010, 1.0908)
PersistenceImager config: pixel_size=0.0078, sigma=0.0132

Persistence image conversion results:
  Successful: 16/16
  Success rate: 100.0%
Computing persistence on full 413 point cloud...
  H0 features: 341
  H1 features: 89
Point cloud optimization: 875 -> 500
Computing persistence on full 671 point cloud...
  H0 features: 671
  H1 features: 191
Point cloud optimization: 643 -> 500
Computing persistence on full 543 point cloud...
  H0 features: 543
  H1 features: 200
Computing persistence on full 213 point cloud...
  H0 features: 213
  H1 features: 58
Point cloud optimization: 513 -> 500
Computing persistence on full 500 point cloud...
  H0 features: 500
  H1 features: 131
Point cloud optimization: 956 -> 500
Computing persistence on full 734 point cloud...
  H0 features: 734
  H1 features: 301
Computing persistence on full 419 point cloud...
  H0 features: 419
  H1 features: 143
Point cloud optimization: 769 -> 500
Computing persistence on full 598 point cloud...
  H0 features: 598
  H1 features: 293
Point cloud optimization: 541 -> 500
Computing persistence on full 509 point cloud...
  H0 features: 509
  H1 features: 310
Point cloud optimization: 578 -> 500
Computing persistence on full 520 point cloud...
  H0 features: 520
  H1 features: 146
Computing persistence on full 439 point cloud...
  H0 features: 439
  H1 features: 166
Computing persistence on full 416 point cloud...
  H0 features: 416
  H1 features: 137
Computing persistence on full 427 point cloud...
  H0 features: 427
  H1 features: 195
Point cloud optimization: 834 -> 500
Computing persistence on full 638 point cloud...
  H0 features: 638
  H1 features: 141
Point cloud optimization: 584 -> 500
Computing persistence on full 526 point cloud...
  H0 features: 526
  H1 features: 111
Computing persistence on full 435 point cloud...
  H0 features: 435
  H1 features: 185
Analyzing persistence diagram ranges...
Found 32 valid diagrams with 10710 total finite features
Actual persistence ranges:
  Birth times: 0.0000 - 0.9986
  Lifespans: 0.0000 - 0.9816
Adjusted persistence image parameters:
  birth_range: (0.0000, 1.0985)
  pers_range: (0.0010, 1.0798)
PersistenceImager config: pixel_size=0.0078, sigma=0.0131

Persistence image conversion results:
  Successful: 16/16
  Success rate: 100.0%
Computing persistence on full 398 point cloud...
  H0 features: 398
  H1 features: 106
Point cloud optimization: 1025 -> 500
Computing persistence on full 777 point cloud...
  H0 features: 777
  H1 features: 348
Point cloud optimization: 614 -> 500
Computing persistence on full 532 point cloud...
  H0 features: 532
  H1 features: 220
Computing persistence on full 459 point cloud...
  H0 features: 459
  H1 features: 223
Computing persistence on full 320 point cloud...
  H0 features: 320
  H1 features: 93
Point cloud optimization: 591 -> 500
Computing persistence on full 525 point cloud...
  H0 features: 525
  H1 features: 194
Point cloud optimization: 520 -> 500
Computing persistence on full 504 point cloud...
  H0 features: 504
  H1 features: 221
Point cloud optimization: 513 -> 500
Computing persistence on full 502 point cloud...
  H0 features: 502
  H1 features: 242
Point cloud optimization: 677 -> 500
Computing persistence on full 547 point cloud...
  H0 features: 547
  H1 features: 201
Point cloud optimization: 546 -> 500
Computing persistence on full 512 point cloud...
  H0 features: 512
  H1 features: 156
Point cloud optimization: 678 -> 500
Computing persistence on full 548 point cloud...
  H0 features: 548
  H1 features: 180
Point cloud optimization: 699 -> 500
Computing persistence on full 559 point cloud...
  H0 features: 559
  H1 features: 208
Computing persistence on full 400 point cloud...
  H0 features: 400
  H1 features: 217
Computing persistence on full 331 point cloud...
  H0 features: 331
  H1 features: 138
Computing persistence on full 412 point cloud...
  H0 features: 412
  H1 features: 149
Computing persistence on full 468 point cloud...
  H0 features: 468
  H1 features: 163
Analyzing persistence diagram ranges...
Found 32 valid diagrams with 10837 total finite features
Actual persistence ranges:
  Birth times: 0.0000 - 0.9988
  Lifespans: 0.0000 - 0.9728
Adjusted persistence image parameters:
  birth_range: (0.0000, 1.0987)
  pers_range: (0.0010, 1.0701)
PersistenceImager config: pixel_size=0.0077, sigma=0.0129

Persistence image conversion results:
  Successful: 16/16
  Success rate: 100.0%
  Progress: 2000/78541 (2.5%) Rate: 1.2 samples/sec, ETA: 1021.1min
Computing persistence on full 278 point cloud...
  H0 features: 278
  H1 features: 116
Point cloud optimization: 911 -> 500
Computing persistence on full 687 point cloud...
  H0 features: 687
  H1 features: 398
Point cloud optimization: 868 -> 500
Computing persistence on full 656 point cloud...
  H0 features: 656
  H1 features: 218
Computing persistence on full 241 point cloud...
  H0 features: 241
  H1 features: 52
Computing persistence on full 453 point cloud...
  H0 features: 453
  H1 features: 125
Point cloud optimization: 698 -> 500
Computing persistence on full 554 point cloud...
  H0 features: 554
  H1 features: 212
Point cloud optimization: 923 -> 500
Computing persistence on full 707 point cloud...
  H0 features: 707
  H1 features: 279
Point cloud optimization: 652 -> 500
Computing persistence on full 542 point cloud...
  H0 features: 542
  H1 features: 259
Point cloud optimization: 963 -> 500
Computing persistence on full 725 point cloud...
  H0 features: 725
  H1 features: 301
Point cloud optimization: 722 -> 500
Computing persistence on full 565 point cloud...
  H0 features: 565
  H1 features: 391
Computing persistence on full 385 point cloud...
  H0 features: 385
  H1 features: 183
Point cloud optimization: 581 -> 500
Computing persistence on full 518 point cloud...
  H0 features: 518
  H1 features: 125
Computing persistence on full 448 point cloud...
  H0 features: 448
  H1 features: 222
Computing persistence on full 450 point cloud...
  H0 features: 450
  H1 features: 188
Computing persistence on full 382 point cloud...
  H0 features: 382
  H1 features: 163
Computing persistence on full 379 point cloud...
  H0 features: 379
  H1 features: 201
Analyzing persistence diagram ranges...
Found 32 valid diagrams with 11387 total finite features
Actual persistence ranges:
  Birth times: 0.0000 - 0.9990
  Lifespans: 0.0000 - 0.9749
Adjusted persistence image parameters:
  birth_range: (0.0000, 1.0989)
  pers_range: (0.0010, 1.0724)
PersistenceImager config: pixel_size=0.0077, sigma=0.0130

Persistence image conversion results:
  Successful: 16/16
  Success rate: 100.0%
Computing persistence on full 491 point cloud...
  H0 features: 491
  H1 features: 201
Computing persistence on full 424 point cloud...
  H0 features: 424
  H1 features: 153
Point cloud optimization: 538 -> 500
Computing persistence on full 510 point cloud...
  H0 features: 510
  H1 features: 184
Computing persistence on full 307 point cloud...
  H0 features: 307
  H1 features: 122
Computing persistence on full 374 point cloud...
  H0 features: 374
  H1 features: 159
Point cloud optimization: 766 -> 500
Computing persistence on full 597 point cloud...
  H0 features: 597
  H1 features: 343
Computing persistence on full 427 point cloud...
  H0 features: 427
  H1 features: 218
Computing persistence on full 482 point cloud...
  H0 features: 482
  H1 features: 114
Point cloud optimization: 517 -> 500
Computing persistence on full 504 point cloud...
  H0 features: 504
  H1 features: 130
Computing persistence on full 422 point cloud...
  H0 features: 422
  H1 features: 213
Computing persistence on full 404 point cloud...
  H0 features: 404
  H1 features: 237
Point cloud optimization: 1496 -> 500
Computing persistence on full 1141 point cloud...
  H0 features: 1141
  H1 features: 489
Computing persistence on full 466 point cloud...
  H0 features: 466
  H1 features: 101
Point cloud optimization: 847 -> 500
Computing persistence on full 665 point cloud...
  H0 features: 665
  H1 features: 268
Computing persistence on full 379 point cloud...
  H0 features: 379
  H1 features: 192
Point cloud optimization: 689 -> 500
Computing persistence on full 552 point cloud...
  H0 features: 552
  H1 features: 190
Analyzing persistence diagram ranges...
Found 32 valid diagrams with 11443 total finite features
Actual persistence ranges:
  Birth times: 0.0000 - 0.9977
  Lifespans: 0.0000 - 0.9766
Adjusted persistence image parameters:
  birth_range: (0.0000, 1.0975)
  pers_range: (0.0010, 1.0742)
PersistenceImager config: pixel_size=0.0077, sigma=0.0130

Persistence image conversion results:
  Successful: 16/16
  Success rate: 100.0%
Point cloud optimization: 822 -> 500
Computing persistence on full 631 point cloud...
  H0 features: 631
  H1 features: 129
Computing persistence on full 487 point cloud...
  H0 features: 487
  H1 features: 277
Computing persistence on full 338 point cloud...
  H0 features: 338
  H1 features: 71
Point cloud optimization: 654 -> 500
Computing persistence on full 538 point cloud...
  H0 features: 538
  H1 features: 138
Computing persistence on full 317 point cloud...
  H0 features: 317
  H1 features: 117
Computing persistence on full 373 point cloud...
  H0 features: 373
  H1 features: 210
Computing persistence on full 200 point cloud...
  H0 features: 200
  H1 features: 44
Computing persistence on full 315 point cloud...
  H0 features: 315
  H1 features: 90
Point cloud optimization: 532 -> 500
Computing persistence on full 507 point cloud...
  H0 features: 507
  H1 features: 157
Point cloud optimization: 538 -> 500
Computing persistence on full 509 point cloud...
  H0 features: 509
  H1 features: 299
Point cloud optimization: 1077 -> 500
Computing persistence on full 822 point cloud...
  H0 features: 822
  H1 features: 376
Computing persistence on full 334 point cloud...
  H0 features: 334
  H1 features: 145
Point cloud optimization: 1082 -> 500
Computing persistence on full 825 point cloud...
  H0 features: 825
  H1 features: 324
Point cloud optimization: 590 -> 500
Computing persistence on full 524 point cloud...
  H0 features: 524
  H1 features: 183
Computing persistence on full 269 point cloud...
  H0 features: 269
  H1 features: 57
Computing persistence on full 361 point cloud...
  H0 features: 361
  H1 features: 100
Analyzing persistence diagram ranges...
Found 32 valid diagrams with 10051 total finite features
Actual persistence ranges:
  Birth times: 0.0000 - 0.9991
  Lifespans: 0.0000 - 0.9828
Adjusted persistence image parameters:
  birth_range: (0.0000, 1.0990)
  pers_range: (0.0010, 1.0810)
PersistenceImager config: pixel_size=0.0078, sigma=0.0131

Persistence image conversion results:
  Successful: 16/16
  Success rate: 100.0%
Computing persistence on full 267 point cloud...
  H0 features: 267
  H1 features: 49
Computing persistence on full 460 point cloud...
  H0 features: 460
  H1 features: 213
Point cloud optimization: 562 -> 500
Computing persistence on full 516 point cloud...
  H0 features: 516
  H1 features: 254
Point cloud optimization: 717 -> 500
Computing persistence on full 563 point cloud...
  H0 features: 563
  H1 features: 148
Computing persistence on full 237 point cloud...
  H0 features: 237
  H1 features: 45
Point cloud optimization: 613 -> 500
Computing persistence on full 531 point cloud...
  H0 features: 531
  H1 features: 217
Computing persistence on full 459 point cloud...
  H0 features: 459
  H1 features: 103
Computing persistence on full 234 point cloud...
  H0 features: 234
  H1 features: 50
Point cloud optimization: 512 -> 500
Computing persistence on full 502 point cloud...
  H0 features: 502
  H1 features: 236
Computing persistence on full 356 point cloud...
  H0 features: 356
  H1 features: 97
Point cloud optimization: 708 -> 500
Computing persistence on full 559 point cloud...
  H0 features: 559
  H1 features: 131
Computing persistence on full 259 point cloud...
  H0 features: 259
  H1 features: 59
Point cloud optimization: 1097 -> 500
Computing persistence on full 831 point cloud...
  H0 features: 831
  H1 features: 291
Computing persistence on full 351 point cloud...
  H0 features: 351
  H1 features: 155
Point cloud optimization: 622 -> 500
Computing persistence on full 534 point cloud...
  H0 features: 534
  H1 features: 194
Computing persistence on full 491 point cloud...
  H0 features: 491
  H1 features: 184
Analyzing persistence diagram ranges...
Found 32 valid diagrams with 9560 total finite features
Actual persistence ranges:
  Birth times: 0.0000 - 0.9981
  Lifespans: 0.0000 - 0.9793
Adjusted persistence image parameters:
  birth_range: (0.0000, 1.0979)
  pers_range: (0.0010, 1.0772)
PersistenceImager config: pixel_size=0.0077, sigma=0.0130

Persistence image conversion results:
  Successful: 16/16
  Success rate: 100.0%
Point cloud optimization: 558 -> 500
Computing persistence on full 515 point cloud...
  H0 features: 515
  H1 features: 150
Computing persistence on full 388 point cloud...
  H0 features: 388
  H1 features: 176
Computing persistence on full 331 point cloud...
  H0 features: 331
  H1 features: 121
Point cloud optimization: 1017 -> 500
Computing persistence on full 770 point cloud...
  H0 features: 770
  H1 features: 450
Computing persistence on full 427 point cloud...
  H0 features: 427
  H1 features: 172
Point cloud optimization: 691 -> 500
Computing persistence on full 555 point cloud...
  H0 features: 555
  H1 features: 136
Computing persistence on full 372 point cloud...
  H0 features: 372
  H1 features: 168
Point cloud optimization: 612 -> 500
Computing persistence on full 526 point cloud...
  H0 features: 526
  H1 features: 116
Point cloud optimization: 624 -> 500
Computing persistence on full 532 point cloud...
  H0 features: 532
  H1 features: 256
Computing persistence on full 389 point cloud...
  H0 features: 389
  H1 features: 180
Point cloud optimization: 703 -> 500
Computing persistence on full 559 point cloud...
  H0 features: 559
  H1 features: 224
Point cloud optimization: 1205 -> 500
Computing persistence on full 905 point cloud...
  H0 features: 905
  H1 features: 273
Computing persistence on full 433 point cloud...
  H0 features: 433
  H1 features: 182
Point cloud optimization: 580 -> 500
Computing persistence on full 520 point cloud...
  H0 features: 520
  H1 features: 134
Computing persistence on full 350 point cloud...
  H0 features: 350
  H1 features: 121
Point cloud optimization: 717 -> 500
Computing persistence on full 569 point cloud...
  H0 features: 569
  H1 features: 341
Analyzing persistence diagram ranges...
Found 32 valid diagrams with 11325 total finite features
Actual persistence ranges:
  Birth times: 0.0000 - 0.9986
  Lifespans: 0.0000 - 0.9779
Adjusted persistence image parameters:
  birth_range: (0.0000, 1.0985)
  pers_range: (0.0010, 1.0756)
PersistenceImager config: pixel_size=0.0077, sigma=0.0130

Persistence image conversion results:
  Successful: 16/16
  Success rate: 100.0%
Point cloud optimization: 643 -> 500
Computing persistence on full 535 point cloud...
  H0 features: 535
  H1 features: 237
Point cloud optimization: 515 -> 500
Computing persistence on full 503 point cloud...
  H0 features: 503
  H1 features: 252
Computing persistence on full 320 point cloud...
  H0 features: 320
  H1 features: 135
Point cloud optimization: 816 -> 500
Computing persistence on full 629 point cloud...
  H0 features: 629
  H1 features: 332
Point cloud optimization: 642 -> 500
Computing persistence on full 539 point cloud...
  H0 features: 539
  H1 features: 275
Point cloud optimization: 861 -> 500
Computing persistence on full 655 point cloud...
  H0 features: 655
  H1 features: 336
Point cloud optimization: 846 -> 500
Computing persistence on full 642 point cloud...
  H0 features: 642
  H1 features: 403
Point cloud optimization: 1012 -> 500
Computing persistence on full 762 point cloud...
  H0 features: 762
  H1 features: 505
Point cloud optimization: 547 -> 500
Computing persistence on full 512 point cloud...
  H0 features: 512
  H1 features: 230
Point cloud optimization: 534 -> 500
Computing persistence on full 508 point cloud...
  H0 features: 508
  H1 features: 160
Computing persistence on full 344 point cloud...
  H0 features: 344
  H1 features: 143
Computing persistence on full 377 point cloud...
  H0 features: 377
  H1 features: 176
Point cloud optimization: 830 -> 500
Computing persistence on full 633 point cloud...
  H0 features: 633
  H1 features: 155
Point cloud optimization: 719 -> 500
Computing persistence on full 568 point cloud...
  H0 features: 568
  H1 features: 209
Computing persistence on full 313 point cloud...
  H0 features: 313
  H1 features: 59
Point cloud optimization: 545 -> 500
Computing persistence on full 511 point cloud...
  H0 features: 511
  H1 features: 257
Analyzing persistence diagram ranges...
Found 32 valid diagrams with 12199 total finite features
Actual persistence ranges:
  Birth times: 0.0000 - 0.9989
  Lifespans: 0.0000 - 0.9811
Adjusted persistence image parameters:
  birth_range: (0.0000, 1.0988)
  pers_range: (0.0010, 1.0792)
PersistenceImager config: pixel_size=0.0078, sigma=0.0131

Persistence image conversion results:
  Successful: 16/16
  Success rate: 100.0%
Point cloud optimization: 584 -> 500
Computing persistence on full 522 point cloud...
  H0 features: 522
  H1 features: 185
Point cloud optimization: 821 -> 500
Computing persistence on full 627 point cloud...
  H0 features: 627
  H1 features: 209
Computing persistence on full 403 point cloud...
  H0 features: 403
  H1 features: 103
Computing persistence on full 347 point cloud...
  H0 features: 347
  H1 features: 66
Point cloud optimization: 816 -> 500
Computing persistence on full 619 point cloud...
  H0 features: 619
  H1 features: 406
Computing persistence on full 495 point cloud...
  H0 features: 495
  H1 features: 213
Point cloud optimization: 515 -> 500
Computing persistence on full 503 point cloud...
  H0 features: 503
  H1 features: 175
Computing persistence on full 472 point cloud...
  H0 features: 472
  H1 features: 167
Point cloud optimization: 510 -> 500
Computing persistence on full 502 point cloud...
  H0 features: 502
  H1 features: 204
Point cloud optimization: 699 -> 500
Computing persistence on full 556 point cloud...
  H0 features: 556
  H1 features: 278
Point cloud optimization: 665 -> 500
Computing persistence on full 546 point cloud...
  H0 features: 546
  H1 features: 176
Point cloud optimization: 536 -> 500
Computing persistence on full 509 point cloud...
  H0 features: 509
  H1 features: 282
Point cloud optimization: 846 -> 500
Computing persistence on full 653 point cloud...
  H0 features: 653
  H1 features: 207
Computing persistence on full 290 point cloud...
  H0 features: 290
  H1 features: 119
Computing persistence on full 355 point cloud...
  H0 features: 355
  H1 features: 102
Point cloud optimization: 567 -> 500
Computing persistence on full 517 point cloud...
  H0 features: 517
  H1 features: 204
Analyzing persistence diagram ranges...
Found 32 valid diagrams with 10996 total finite features
Actual persistence ranges:
  Birth times: 0.0000 - 0.9982
  Lifespans: 0.0000 - 0.9723
Adjusted persistence image parameters:
  birth_range: (0.0000, 1.0980)
  pers_range: (0.0010, 1.0695)
PersistenceImager config: pixel_size=0.0077, sigma=0.0129

Persistence image conversion results:
  Successful: 16/16
  Success rate: 100.0%
Computing persistence on full 412 point cloud...
  H0 features: 412
  H1 features: 237
Point cloud optimization: 816 -> 500
Computing persistence on full 622 point cloud...
  H0 features: 622
  H1 features: 259
Point cloud optimization: 579 -> 500
Computing persistence on full 523 point cloud...
  H0 features: 523
  H1 features: 137
Point cloud optimization: 642 -> 500
Computing persistence on full 536 point cloud...
  H0 features: 536
  H1 features: 150
Computing persistence on full 294 point cloud...
  H0 features: 294
  H1 features: 65
Computing persistence on full 395 point cloud...
  H0 features: 395
  H1 features: 214
Computing persistence on full 329 point cloud...
  H0 features: 329
  H1 features: 61
Computing persistence on full 248 point cloud...
  H0 features: 248
  H1 features: 100
Computing persistence on full 334 point cloud...
  H0 features: 334
  H1 features: 170
Point cloud optimization: 532 -> 500
Computing persistence on full 508 point cloud...
  H0 features: 508
  H1 features: 278
Point cloud optimization: 950 -> 500
Computing persistence on full 721 point cloud...
  H0 features: 721
  H1 features: 256
Point cloud optimization: 686 -> 500
Computing persistence on full 547 point cloud...
  H0 features: 547
  H1 features: 196
Computing persistence on full 493 point cloud...
  H0 features: 493
  H1 features: 239
Computing persistence on full 500 point cloud...
  H0 features: 500
  H1 features: 157
Computing persistence on full 401 point cloud...
  H0 features: 401
  H1 features: 210
Point cloud optimization: 683 -> 500
Computing persistence on full 548 point cloud...
  H0 features: 548
  H1 features: 251
Analyzing persistence diagram ranges...
Found 32 valid diagrams with 10375 total finite features
Actual persistence ranges:
  Birth times: 0.0000 - 0.9981
  Lifespans: 0.0000 - 0.9802
Adjusted persistence image parameters:
  birth_range: (0.0000, 1.0979)
  pers_range: (0.0010, 1.0783)
PersistenceImager config: pixel_size=0.0078, sigma=0.0130

Persistence image conversion results:
  Successful: 16/16
  Success rate: 100.0%
Point cloud optimization: 517 -> 500
Computing persistence on full 503 point cloud...
  H0 features: 503
  H1 features: 110
Point cloud optimization: 1963 -> 500
Computing persistence on full 1467 point cloud...
  H0 features: 1467
  H1 features: 664
Point cloud optimization: 753 -> 500
Computing persistence on full 585 point cloud...
  H0 features: 585
  H1 features: 342
Point cloud optimization: 580 -> 500
Computing persistence on full 523 point cloud...
  H0 features: 523
  H1 features: 215
Computing persistence on full 200 point cloud...
  H0 features: 200
  H1 features: 40
Computing persistence on full 387 point cloud...
  H0 features: 387
  H1 features: 180
Computing persistence on full 494 point cloud...
  H0 features: 494
  H1 features: 209
Computing persistence on full 416 point cloud...
  H0 features: 416
  H1 features: 191
Point cloud optimization: 624 -> 500
Computing persistence on full 535 point cloud...
  H0 features: 535
  H1 features: 153
Point cloud optimization: 663 -> 500
Computing persistence on full 545 point cloud...
  H0 features: 545
  H1 features: 172
Point cloud optimization: 624 -> 500
Computing persistence on full 534 point cloud...
  H0 features: 534
  H1 features: 229
Point cloud optimization: 912 -> 500
Computing persistence on full 698 point cloud...
  H0 features: 698
  H1 features: 212
Point cloud optimization: 773 -> 500
Computing persistence on full 601 point cloud...
  H0 features: 601
  H1 features: 275
Point cloud optimization: 504 -> 500
Computing persistence on full 500 point cloud...
  H0 features: 500
  H1 features: 268
Computing persistence on full 413 point cloud...
  H0 features: 413
  H1 features: 161
Computing persistence on full 488 point cloud...
  H0 features: 488
  H1 features: 326
Analyzing persistence diagram ranges...
Found 32 valid diagrams with 12620 total finite features
Actual persistence ranges:
  Birth times: 0.0000 - 0.9987
  Lifespans: 0.0000 - 0.9742
Adjusted persistence image parameters:
  birth_range: (0.0000, 1.0986)
  pers_range: (0.0010, 1.0717)
PersistenceImager config: pixel_size=0.0077, sigma=0.0130

Persistence image conversion results:
  Successful: 16/16
  Success rate: 100.0%
Computing persistence on full 366 point cloud...
  H0 features: 366
  H1 features: 147
Computing persistence on full 249 point cloud...
  H0 features: 249
  H1 features: 103
Point cloud optimization: 561 -> 500
Computing persistence on full 516 point cloud...
  H0 features: 516
  H1 features: 193
Point cloud optimization: 729 -> 500
Computing persistence on full 572 point cloud...
  H0 features: 572
  H1 features: 191
Point cloud optimization: 723 -> 500
Computing persistence on full 575 point cloud...
  H0 features: 575
  H1 features: 193
Computing persistence on full 174 point cloud...
  H0 features: 174
  H1 features: 43
Computing persistence on full 357 point cloud...
  H0 features: 357
  H1 features: 148
Computing persistence on full 431 point cloud...
  H0 features: 431
  H1 features: 220
Computing persistence on full 314 point cloud...
  H0 features: 314
  H1 features: 152
Computing persistence on full 379 point cloud...
  H0 features: 379
  H1 features: 92
Point cloud optimization: 508 -> 500
Computing persistence on full 500 point cloud...
  H0 features: 500
  H1 features: 141
Point cloud optimization: 525 -> 500
Computing persistence on full 506 point cloud...
  H0 features: 506
  H1 features: 224
Computing persistence on full 420 point cloud...
  H0 features: 420
  H1 features: 224
Computing persistence on full 495 point cloud...
  H0 features: 495
  H1 features: 165
Computing persistence on full 199 point cloud...
  H0 features: 199
  H1 features: 41
Point cloud optimization: 512 -> 500
Computing persistence on full 502 point cloud...
  H0 features: 502
  H1 features: 240
Analyzing persistence diagram ranges...
Found 32 valid diagrams with 9056 total finite features
Actual persistence ranges:
  Birth times: 0.0000 - 0.9985
  Lifespans: 0.0000 - 0.9828
Adjusted persistence image parameters:
  birth_range: (0.0000, 1.0983)
  pers_range: (0.0010, 1.0811)
PersistenceImager config: pixel_size=0.0078, sigma=0.0131

Persistence image conversion results:
  Successful: 16/16
  Success rate: 100.0%
Point cloud optimization: 845 -> 500
Computing persistence on full 642 point cloud...
  H0 features: 642
  H1 features: 226
Computing persistence on full 395 point cloud...
  H0 features: 395
  H1 features: 190
Point cloud optimization: 861 -> 500
Computing persistence on full 654 point cloud...
  H0 features: 654
  H1 features: 199
Computing persistence on full 472 point cloud...
  H0 features: 472
  H1 features: 121
Computing persistence on full 380 point cloud...
  H0 features: 380
  H1 features: 139
Computing persistence on full 302 point cloud...
  H0 features: 302
  H1 features: 75
Point cloud optimization: 523 -> 500
Computing persistence on full 505 point cloud...
  H0 features: 505
  H1 features: 170
Computing persistence on full 477 point cloud...
  H0 features: 477
  H1 features: 144
Point cloud optimization: 753 -> 500
Computing persistence on full 590 point cloud...
  H0 features: 590
  H1 features: 214
Point cloud optimization: 723 -> 500
Computing persistence on full 569 point cloud...
  H0 features: 569
  H1 features: 173
Computing persistence on full 280 point cloud...
  H0 features: 280
  H1 features: 111
Point cloud optimization: 1521 -> 500
Computing persistence on full 1136 point cloud...
  H0 features: 1136
  H1 features: 281
Point cloud optimization: 926 -> 500
Computing persistence on full 702 point cloud...
  H0 features: 702
  H1 features: 326
Point cloud optimization: 596 -> 500
Computing persistence on full 526 point cloud...
  H0 features: 526
  H1 features: 221
Computing persistence on full 303 point cloud...
  H0 features: 303
  H1 features: 100
Computing persistence on full 465 point cloud...
  H0 features: 465
  H1 features: 251
Analyzing persistence diagram ranges...
Found 32 valid diagrams with 11323 total finite features
Actual persistence ranges:
  Birth times: 0.0000 - 0.9981
  Lifespans: 0.0000 - 0.9801
Adjusted persistence image parameters:
  birth_range: (0.0000, 1.0979)
  pers_range: (0.0010, 1.0781)
PersistenceImager config: pixel_size=0.0078, sigma=0.0130

Persistence image conversion results:
  Successful: 16/16
  Success rate: 100.0%
Point cloud optimization: 510 -> 500
Computing persistence on full 500 point cloud...
  H0 features: 500
  H1 features: 170
Point cloud optimization: 571 -> 500
Computing persistence on full 518 point cloud...
  H0 features: 518
  H1 features: 135
Point cloud optimization: 654 -> 500
Computing persistence on full 539 point cloud...
  H0 features: 539
  H1 features: 314
Computing persistence on full 490 point cloud...
  H0 features: 490
  H1 features: 248
Computing persistence on full 462 point cloud...
  H0 features: 462
  H1 features: 207
Computing persistence on full 285 point cloud...
  H0 features: 285
  H1 features: 55
Computing persistence on full 444 point cloud...
  H0 features: 444
  H1 features: 239
Point cloud optimization: 1032 -> 500
Computing persistence on full 792 point cloud...
  H0 features: 792
  H1 features: 199
Point cloud optimization: 716 -> 500
Computing persistence on full 564 point cloud...
  H0 features: 564
  H1 features: 299
Point cloud optimization: 733 -> 500
Computing persistence on full 577 point cloud...
  H0 features: 577
  H1 features: 252
Computing persistence on full 491 point cloud...
  H0 features: 491
  H1 features: 219
Computing persistence on full 456 point cloud...
  H0 features: 456
  H1 features: 182
Point cloud optimization: 720 -> 500
Computing persistence on full 574 point cloud...
  H0 features: 574
  H1 features: 262
Point cloud optimization: 1154 -> 500
Computing persistence on full 864 point cloud...
  H0 features: 864
  H1 features: 319
Point cloud optimization: 525 -> 500
Computing persistence on full 506 point cloud...
  H0 features: 506
  H1 features: 258
Computing persistence on full 375 point cloud...
  H0 features: 375
  H1 features: 169
Analyzing persistence diagram ranges...
Found 32 valid diagrams with 11948 total finite features
Actual persistence ranges:
  Birth times: 0.0000 - 0.9990
  Lifespans: 0.0000 - 0.9740
Adjusted persistence image parameters:
  birth_range: (0.0000, 1.0989)
  pers_range: (0.0010, 1.0714)
PersistenceImager config: pixel_size=0.0077, sigma=0.0130

Persistence image conversion results:
  Successful: 16/16
  Success rate: 100.0%
Computing persistence on full 492 point cloud...
  H0 features: 492
  H1 features: 156
Point cloud optimization: 530 -> 500
Computing persistence on full 508 point cloud...
  H0 features: 508
  H1 features: 271
Computing persistence on full 428 point cloud...
  H0 features: 428
  H1 features: 208
Point cloud optimization: 721 -> 500
Computing persistence on full 569 point cloud...
  H0 features: 569
  H1 features: 144
Computing persistence on full 236 point cloud...
  H0 features: 236
  H1 features: 65
Point cloud optimization: 954 -> 500
Computing persistence on full 734 point cloud...
  H0 features: 734
  H1 features: 257
Computing persistence on full 265 point cloud...
  H0 features: 265
  H1 features: 98
Point cloud optimization: 553 -> 500
Computing persistence on full 512 point cloud...
  H0 features: 512
  H1 features: 132
Point cloud optimization: 702 -> 500
Computing persistence on full 560 point cloud...
  H0 features: 560
  H1 features: 212
Computing persistence on full 424 point cloud...
  H0 features: 424
  H1 features: 234
Point cloud optimization: 585 -> 500
Computing persistence on full 522 point cloud...
  H0 features: 522
  H1 features: 274
Point cloud optimization: 964 -> 500
Computing persistence on full 728 point cloud...
  H0 features: 728
  H1 features: 468
Point cloud optimization: 729 -> 500
Computing persistence on full 581 point cloud...
  H0 features: 581
  H1 features: 233
Computing persistence on full 446 point cloud...
  H0 features: 446
  H1 features: 207
Point cloud optimization: 818 -> 500
Computing persistence on full 630 point cloud...
  H0 features: 630
  H1 features: 177
Computing persistence on full 391 point cloud...
  H0 features: 391
  H1 features: 155
Analyzing persistence diagram ranges...
Found 32 valid diagrams with 11301 total finite features
Actual persistence ranges:
  Birth times: 0.0000 - 0.9995
  Lifespans: 0.0000 - 0.9774
Adjusted persistence image parameters:
  birth_range: (0.0000, 1.0994)
  pers_range: (0.0010, 1.0752)
PersistenceImager config: pixel_size=0.0077, sigma=0.0130

Persistence image conversion results:
  Successful: 16/16
  Success rate: 100.0%
Point cloud optimization: 618 -> 500
Computing persistence on full 531 point cloud...
  H0 features: 531
  H1 features: 239
Point cloud optimization: 628 -> 500
Computing persistence on full 533 point cloud...
  H0 features: 533
  H1 features: 207
Computing persistence on full 426 point cloud...
  H0 features: 426
  H1 features: 201
Computing persistence on full 360 point cloud...
  H0 features: 360
  H1 features: 162
Point cloud optimization: 616 -> 500
Computing persistence on full 528 point cloud...
  H0 features: 528
  H1 features: 146
Point cloud optimization: 575 -> 500
Computing persistence on full 520 point cloud...
  H0 features: 520
  H1 features: 238
Point cloud optimization: 1495 -> 500
Computing persistence on full 1121 point cloud...
  H0 features: 1121
  H1 features: 371
Point cloud optimization: 558 -> 500
Computing persistence on full 514 point cloud...
  H0 features: 514
  H1 features: 117
Computing persistence on full 334 point cloud...
  H0 features: 334
  H1 features: 93
Point cloud optimization: 573 -> 500
Computing persistence on full 518 point cloud...
  H0 features: 518
  H1 features: 109
Computing persistence on full 393 point cloud...
  H0 features: 393
  H1 features: 181
Point cloud optimization: 649 -> 500
Computing persistence on full 540 point cloud...
  H0 features: 540
  H1 features: 226
Computing persistence on full 282 point cloud...
  H0 features: 282
  H1 features: 112
Computing persistence on full 263 point cloud...
  H0 features: 263
  H1 features: 65
Point cloud optimization: 860 -> 500
Computing persistence on full 654 point cloud...
  H0 features: 654
  H1 features: 283
Computing persistence on full 443 point cloud...
  H0 features: 443
  H1 features: 182
Analyzing persistence diagram ranges...
Found 32 valid diagrams with 10876 total finite features
Actual persistence ranges:
  Birth times: 0.0000 - 0.9984
  Lifespans: 0.0000 - 0.9787
Adjusted persistence image parameters:
  birth_range: (0.0000, 1.0982)
  pers_range: (0.0010, 1.0765)
PersistenceImager config: pixel_size=0.0077, sigma=0.0130

Persistence image conversion results:
  Successful: 16/16
  Success rate: 100.0%
Point cloud optimization: 687 -> 500
Computing persistence on full 549 point cloud...
  H0 features: 549
  H1 features: 193
Point cloud optimization: 779 -> 500
Computing persistence on full 601 point cloud...
  H0 features: 601
  H1 features: 321
Computing persistence on full 499 point cloud...
  H0 features: 499
  H1 features: 164
Computing persistence on full 444 point cloud...
  H0 features: 444
  H1 features: 115
Point cloud optimization: 1661 -> 500
Computing persistence on full 1231 point cloud...
  H0 features: 1231
  H1 features: 252
Computing persistence on full 490 point cloud...
  H0 features: 490
  H1 features: 106
Computing persistence on full 293 point cloud...
  H0 features: 293
  H1 features: 113
Computing persistence on full 476 point cloud...
  H0 features: 476
  H1 features: 132
Point cloud optimization: 598 -> 500
Computing persistence on full 527 point cloud...
  H0 features: 527
  H1 features: 122
Computing persistence on full 229 point cloud...
  H0 features: 229
  H1 features: 45
Computing persistence on full 483 point cloud...
  H0 features: 483
  H1 features: 231
Point cloud optimization: 893 -> 500
Computing persistence on full 685 point cloud...
  H0 features: 685
  H1 features: 266
Computing persistence on full 447 point cloud...
  H0 features: 447
  H1 features: 143
Computing persistence on full 240 point cloud...
  H0 features: 240
  H1 features: 73
Computing persistence on full 255 point cloud...
  H0 features: 255
  H1 features: 67
Computing persistence on full 445 point cloud...
  H0 features: 445
  H1 features: 94
Analyzing persistence diagram ranges...
Found 32 valid diagrams with 10315 total finite features
Actual persistence ranges:
  Birth times: 0.0000 - 0.9988
  Lifespans: 0.0000 - 0.9769
Adjusted persistence image parameters:
  birth_range: (0.0000, 1.0987)
  pers_range: (0.0010, 1.0745)
PersistenceImager config: pixel_size=0.0077, sigma=0.0130

Persistence image conversion results:
  Successful: 16/16
  Success rate: 100.0%
Point cloud optimization: 545 -> 500
Computing persistence on full 512 point cloud...
  H0 features: 512
  H1 features: 181
Point cloud optimization: 707 -> 500
Computing persistence on full 568 point cloud...
  H0 features: 568
  H1 features: 197
Computing persistence on full 407 point cloud...
  H0 features: 407
  H1 features: 219
Point cloud optimization: 808 -> 500
Computing persistence on full 623 point cloud...
  H0 features: 623
  H1 features: 136
Point cloud optimization: 676 -> 500
Computing persistence on full 546 point cloud...
  H0 features: 546
  H1 features: 240
Point cloud optimization: 1246 -> 500
Computing persistence on full 947 point cloud...
  H0 features: 947
  H1 features: 362
Computing persistence on full 288 point cloud...
  H0 features: 288
  H1 features: 111
Point cloud optimization: 588 -> 500
Computing persistence on full 524 point cloud...
  H0 features: 524
  H1 features: 235
Computing persistence on full 253 point cloud...
  H0 features: 253
  H1 features: 117
Computing persistence on full 489 point cloud...
  H0 features: 489
  H1 features: 191
Computing persistence on full 342 point cloud...
  H0 features: 342
  H1 features: 124
Computing persistence on full 329 point cloud...
  H0 features: 329
  H1 features: 137
Computing persistence on full 476 point cloud...
  H0 features: 476
  H1 features: 110
Computing persistence on full 239 point cloud...
  H0 features: 239
  H1 features: 105
Point cloud optimization: 539 -> 500
Computing persistence on full 510 point cloud...
  H0 features: 510
  H1 features: 209
Computing persistence on full 394 point cloud...
  H0 features: 394
  H1 features: 124
Analyzing persistence diagram ranges...
Found 32 valid diagrams with 10229 total finite features
Actual persistence ranges:
  Birth times: 0.0000 - 0.9979
  Lifespans: 0.0000 - 0.9853
Adjusted persistence image parameters:
  birth_range: (0.0000, 1.0977)
  pers_range: (0.0010, 1.0838)
PersistenceImager config: pixel_size=0.0078, sigma=0.0131

Persistence image conversion results:
  Successful: 16/16
  Success rate: 100.0%
Point cloud optimization: 793 -> 500
Computing persistence on full 618 point cloud...
  H0 features: 618
  H1 features: 221
Computing persistence on full 313 point cloud...
  H0 features: 313
  H1 features: 118
Computing persistence on full 268 point cloud...
  H0 features: 268
  H1 features: 53
Point cloud optimization: 808 -> 500
Computing persistence on full 616 point cloud...
  H0 features: 616
  H1 features: 309
Point cloud optimization: 532 -> 500
Computing persistence on full 507 point cloud...
  H0 features: 507
  H1 features: 265
Point cloud optimization: 816 -> 500
Computing persistence on full 632 point cloud...
  H0 features: 632
  H1 features: 224
Computing persistence on full 297 point cloud...
  H0 features: 297
  H1 features: 65
Computing persistence on full 261 point cloud...
  H0 features: 261
  H1 features: 42
Point cloud optimization: 606 -> 500
Computing persistence on full 530 point cloud...
  H0 features: 530
  H1 features: 220
Computing persistence on full 353 point cloud...
  H0 features: 353
  H1 features: 153
Computing persistence on full 252 point cloud...
  H0 features: 252
  H1 features: 104
Point cloud optimization: 716 -> 500
Computing persistence on full 563 point cloud...
  H0 features: 563
  H1 features: 148
Point cloud optimization: 580 -> 500
Computing persistence on full 524 point cloud...
  H0 features: 524
  H1 features: 217
Point cloud optimization: 505 -> 500
Computing persistence on full 500 point cloud...
  H0 features: 500
  H1 features: 159
Computing persistence on full 307 point cloud...
  H0 features: 307
  H1 features: 61
Point cloud optimization: 581 -> 500
Computing persistence on full 528 point cloud...
  H0 features: 528
  H1 features: 180
Analyzing persistence diagram ranges...
Found 32 valid diagrams with 9592 total finite features
Actual persistence ranges:
  Birth times: 0.0000 - 0.9990
  Lifespans: 0.0000 - 0.9825
Adjusted persistence image parameters:
  birth_range: (0.0000, 1.0988)
  pers_range: (0.0010, 1.0808)
PersistenceImager config: pixel_size=0.0078, sigma=0.0131

Persistence image conversion results:
  Successful: 16/16
  Success rate: 100.0%
Computing persistence on full 338 point cloud...
  H0 features: 338
  H1 features: 104
Computing persistence on full 491 point cloud...
  H0 features: 491
  H1 features: 188
Computing persistence on full 495 point cloud...
  H0 features: 495
  H1 features: 280
Computing persistence on full 471 point cloud...
  H0 features: 471
  H1 features: 201
Computing persistence on full 424 point cloud...
  H0 features: 424
  H1 features: 108
Point cloud optimization: 846 -> 500
Computing persistence on full 645 point cloud...
  H0 features: 645
  H1 features: 406
Computing persistence on full 493 point cloud...
  H0 features: 493
  H1 features: 238
Point cloud optimization: 718 -> 500
Computing persistence on full 572 point cloud...
  H0 features: 572
  H1 features: 237
Computing persistence on full 236 point cloud...
  H0 features: 236
  H1 features: 112
Point cloud optimization: 536 -> 500
Computing persistence on full 508 point cloud...
  H0 features: 508
  H1 features: 126
Computing persistence on full 397 point cloud...
  H0 features: 397
  H1 features: 101
Point cloud optimization: 597 -> 500
Computing persistence on full 525 point cloud...
  H0 features: 525
  H1 features: 267
Computing persistence on full 209 point cloud...
  H0 features: 209
  H1 features: 48
Computing persistence on full 411 point cloud...
  H0 features: 411
  H1 features: 166
Point cloud optimization: 818 -> 500
Computing persistence on full 627 point cloud...
  H0 features: 627
  H1 features: 266
Point cloud optimization: 1232 -> 500
Computing persistence on full 920 point cloud...
  H0 features: 920
  H1 features: 754
Analyzing persistence diagram ranges...
Found 32 valid diagrams with 11348 total finite features
Actual persistence ranges:
  Birth times: 0.0000 - 0.9993
  Lifespans: 0.0000 - 0.9807
Adjusted persistence image parameters:
  birth_range: (0.0000, 1.0993)
  pers_range: (0.0010, 1.0787)
PersistenceImager config: pixel_size=0.0078, sigma=0.0130

Persistence image conversion results:
  Successful: 16/16
  Success rate: 100.0%
Computing persistence on full 411 point cloud...
  H0 features: 411
  H1 features: 118
Computing persistence on full 264 point cloud...
  H0 features: 264
  H1 features: 62
Point cloud optimization: 501 -> 500
Computing persistence on full 500 point cloud...
  H0 features: 500
  H1 features: 118
Point cloud optimization: 524 -> 500
Computing persistence on full 505 point cloud...
  H0 features: 505
  H1 features: 159
Point cloud optimization: 692 -> 500
Computing persistence on full 554 point cloud...
  H0 features: 554
  H1 features: 249
Point cloud optimization: 560 -> 500
Computing persistence on full 515 point cloud...
  H0 features: 515
  H1 features: 170
Point cloud optimization: 513 -> 500
Computing persistence on full 502 point cloud...
  H0 features: 502
  H1 features: 140
Computing persistence on full 384 point cloud...
  H0 features: 384
  H1 features: 122
Point cloud optimization: 527 -> 500
Computing persistence on full 506 point cloud...
  H0 features: 506
  H1 features: 169
Point cloud optimization: 1033 -> 500
Computing persistence on full 784 point cloud...
  H0 features: 784
  H1 features: 379
Point cloud optimization: 571 -> 500
Computing persistence on full 519 point cloud...
  H0 features: 519
  H1 features: 156
Computing persistence on full 361 point cloud...
  H0 features: 361
  H1 features: 106
Point cloud optimization: 659 -> 500
Computing persistence on full 544 point cloud...
  H0 features: 544
  H1 features: 208
Computing persistence on full 390 point cloud...
  H0 features: 390
  H1 features: 143
Computing persistence on full 429 point cloud...
  H0 features: 429
  H1 features: 90
Computing persistence on full 497 point cloud...
  H0 features: 497
  H1 features: 239
Analyzing persistence diagram ranges...
Found 32 valid diagrams with 10277 total finite features
Actual persistence ranges:
  Birth times: 0.0000 - 0.9987
  Lifespans: 0.0000 - 0.9809
Adjusted persistence image parameters:
  birth_range: (0.0000, 1.0985)
  pers_range: (0.0010, 1.0790)
PersistenceImager config: pixel_size=0.0078, sigma=0.0131

Persistence image conversion results:
  Successful: 16/16
  Success rate: 100.0%
Point cloud optimization: 644 -> 500
Computing persistence on full 538 point cloud...
  H0 features: 538
  H1 features: 222
Point cloud optimization: 597 -> 500
Computing persistence on full 528 point cloud...
  H0 features: 528
  H1 features: 161
Point cloud optimization: 1542 -> 500
Computing persistence on full 1154 point cloud...
  H0 features: 1154
  H1 features: 550
Point cloud optimization: 657 -> 500
Computing persistence on full 546 point cloud...
  H0 features: 546
  H1 features: 195
Computing persistence on full 269 point cloud...
  H0 features: 269
  H1 features: 53
Computing persistence on full 451 point cloud...
  H0 features: 451
  H1 features: 218
Point cloud optimization: 550 -> 500
Computing persistence on full 513 point cloud...
  H0 features: 513
  H1 features: 205
Computing persistence on full 442 point cloud...
  H0 features: 442
  H1 features: 102
Point cloud optimization: 635 -> 500
Computing persistence on full 534 point cloud...
  H0 features: 534
  H1 features: 227
Computing persistence on full 268 point cloud...
  H0 features: 268
  H1 features: 104
Computing persistence on full 365 point cloud...
  H0 features: 365
  H1 features: 173
Point cloud optimization: 504 -> 500
Computing persistence on full 500 point cloud...
  H0 features: 500
  H1 features: 195
Computing persistence on full 489 point cloud...
  H0 features: 489
  H1 features: 219
Computing persistence on full 228 point cloud...
  H0 features: 228
  H1 features: 47
Computing persistence on full 492 point cloud...
  H0 features: 492
  H1 features: 155
Computing persistence on full 255 point cloud...
  H0 features: 255
  H1 features: 35
Analyzing persistence diagram ranges...
Found 32 valid diagrams with 10417 total finite features
Actual persistence ranges:
  Birth times: 0.0000 - 0.9978
  Lifespans: 0.0000 - 0.9762
Adjusted persistence image parameters:
  birth_range: (0.0000, 1.0976)
  pers_range: (0.0010, 1.0738)
PersistenceImager config: pixel_size=0.0077, sigma=0.0130

Persistence image conversion results:
  Successful: 16/16
  Success rate: 100.0%
Point cloud optimization: 824 -> 500
Computing persistence on full 635 point cloud...
  H0 features: 635
  H1 features: 235
Point cloud optimization: 533 -> 500
Computing persistence on full 508 point cloud...
  H0 features: 508
  H1 features: 150
Point cloud optimization: 579 -> 500
Computing persistence on full 522 point cloud...
  H0 features: 522
  H1 features: 202
Computing persistence on full 322 point cloud...
  H0 features: 322
  H1 features: 121
Computing persistence on full 466 point cloud...
  H0 features: 466
  H1 features: 112
Point cloud optimization: 833 -> 500
Computing persistence on full 638 point cloud...
  H0 features: 638
  H1 features: 245
Computing persistence on full 227 point cloud...
  H0 features: 227
  H1 features: 55
Computing persistence on full 259 point cloud...
  H0 features: 259
  H1 features: 66
Computing persistence on full 399 point cloud...
  H0 features: 399
  H1 features: 158
Computing persistence on full 316 point cloud...
  H0 features: 316
  H1 features: 130
Computing persistence on full 455 point cloud...
  H0 features: 455
  H1 features: 121
Point cloud optimization: 930 -> 500
Computing persistence on full 698 point cloud...
  H0 features: 698
  H1 features: 467
Computing persistence on full 211 point cloud...
  H0 features: 211
  H1 features: 42
Point cloud optimization: 771 -> 500
Computing persistence on full 600 point cloud...
  H0 features: 600
  H1 features: 297
Point cloud optimization: 540 -> 500
Computing persistence on full 510 point cloud...
  H0 features: 510
  H1 features: 149
Point cloud optimization: 666 -> 500
Computing persistence on full 544 point cloud...
  H0 features: 544
  H1 features: 159
Analyzing persistence diagram ranges...
Found 32 valid diagrams with 10003 total finite features
Actual persistence ranges:
  Birth times: 0.0000 - 0.9991
  Lifespans: 0.0000 - 0.9813
Adjusted persistence image parameters:
  birth_range: (0.0000, 1.0991)
  pers_range: (0.0010, 1.0794)
PersistenceImager config: pixel_size=0.0078, sigma=0.0131

Persistence image conversion results:
  Successful: 16/16
  Success rate: 100.0%
Point cloud optimization: 764 -> 500
Computing persistence on full 594 point cloud...
  H0 features: 594
  H1 features: 296
Point cloud optimization: 583 -> 500
Computing persistence on full 524 point cloud...
  H0 features: 524
  H1 features: 239
Point cloud optimization: 599 -> 500
Computing persistence on full 532 point cloud...
  H0 features: 532
  H1 features: 240
Point cloud optimization: 544 -> 500
Computing persistence on full 512 point cloud...
  H0 features: 512
  H1 features: 229
Point cloud optimization: 671 -> 500
Computing persistence on full 552 point cloud...
  H0 features: 552
  H1 features: 186
Computing persistence on full 420 point cloud...
  H0 features: 420
  H1 features: 171
Computing persistence on full 304 point cloud...
  H0 features: 304
  H1 features: 147
Computing persistence on full 261 point cloud...
  H0 features: 261
  H1 features: 50
Computing persistence on full 468 point cloud...
  H0 features: 468
  H1 features: 135
Computing persistence on full 379 point cloud...
  H0 features: 379
  H1 features: 92
Computing persistence on full 194 point cloud...
  H0 features: 194
  H1 features: 48
Point cloud optimization: 619 -> 500
Computing persistence on full 529 point cloud...
  H0 features: 529
  H1 features: 269
Point cloud optimization: 581 -> 500
Computing persistence on full 520 point cloud...
  H0 features: 520
  H1 features: 293
Point cloud optimization: 1201 -> 500
Computing persistence on full 901 point cloud...
  H0 features: 901
  H1 features: 374
Point cloud optimization: 1098 -> 500
Computing persistence on full 835 point cloud...
  H0 features: 835
  H1 features: 271
Computing persistence on full 255 point cloud...
  H0 features: 211
  H1 features: 26
Analyzing persistence diagram ranges...
Found 32 valid diagrams with 10786 total finite features
Actual persistence ranges:
  Birth times: 0.0000 - 0.9989
  Lifespans: 0.0000 - 0.9797
Adjusted persistence image parameters:
  birth_range: (0.0000, 1.0988)
  pers_range: (0.0010, 1.0777)
PersistenceImager config: pixel_size=0.0078, sigma=0.0130

Persistence image conversion results:
  Successful: 16/16
  Success rate: 100.0%
Computing persistence on full 333 point cloud...
  H0 features: 333
  H1 features: 64
Computing persistence on full 459 point cloud...
  H0 features: 459
  H1 features: 176
Computing persistence on full 405 point cloud...
  H0 features: 405
  H1 features: 87
Computing persistence on full 457 point cloud...
  H0 features: 457
  H1 features: 140
Computing persistence on full 432 point cloud...
  H0 features: 432
  H1 features: 113
Computing persistence on full 415 point cloud...
  H0 features: 415
  H1 features: 234
Point cloud optimization: 565 -> 500
Computing persistence on full 517 point cloud...
  H0 features: 517
  H1 features: 285
Computing persistence on full 261 point cloud...
  H0 features: 261
  H1 features: 73
Computing persistence on full 383 point cloud...
  H0 features: 383
  H1 features: 149
Point cloud optimization: 1014 -> 500
Computing persistence on full 793 point cloud...
  H0 features: 793
  H1 features: 392
Point cloud optimization: 703 -> 500
Computing persistence on full 553 point cloud...
  H0 features: 553
  H1 features: 115
Computing persistence on full 482 point cloud...
  H0 features: 482
  H1 features: 238
Computing persistence on full 374 point cloud...
  H0 features: 374
  H1 features: 132
Point cloud optimization: 1023 -> 500
Computing persistence on full 778 point cloud...
  H0 features: 778
  H1 features: 347
Computing persistence on full 186 point cloud...
  H0 features: 186
  H1 features: 44
Point cloud optimization: 978 -> 500
Computing persistence on full 738 point cloud...
  H0 features: 738
  H1 features: 240
Analyzing persistence diagram ranges...
Found 32 valid diagrams with 10379 total finite features
Actual persistence ranges:
  Birth times: 0.0000 - 0.9991
  Lifespans: 0.0000 - 0.9764
Adjusted persistence image parameters:
  birth_range: (0.0000, 1.0990)
  pers_range: (0.0010, 1.0741)
PersistenceImager config: pixel_size=0.0077, sigma=0.0130

Persistence image conversion results:
  Successful: 16/16
  Success rate: 100.0%
Point cloud optimization: 1519 -> 500
Computing persistence on full 1156 point cloud...
  H0 features: 1156
  H1 features: 532
Point cloud optimization: 519 -> 500
Computing persistence on full 505 point cloud...
  H0 features: 505
  H1 features: 199
Computing persistence on full 327 point cloud...
  H0 features: 327
  H1 features: 135
Point cloud optimization: 967 -> 500
Computing persistence on full 729 point cloud...
  H0 features: 729
  H1 features: 243
Point cloud optimization: 639 -> 500
Computing persistence on full 538 point cloud...
  H0 features: 538
  H1 features: 210
Computing persistence on full 341 point cloud...
  H0 features: 341
  H1 features: 123
Point cloud optimization: 1049 -> 500
Computing persistence on full 803 point cloud...
  H0 features: 803
  H1 features: 242
Computing persistence on full 372 point cloud...
  H0 features: 372
  H1 features: 125
Point cloud optimization: 515 -> 500
Computing persistence on full 503 point cloud...
  H0 features: 503
  H1 features: 279
Computing persistence on full 260 point cloud...
  H0 features: 260
  H1 features: 79
Point cloud optimization: 799 -> 500
Computing persistence on full 617 point cloud...
  H0 features: 617
  H1 features: 214
Point cloud optimization: 615 -> 500
Computing persistence on full 532 point cloud...
  H0 features: 532
  H1 features: 199
Point cloud optimization: 646 -> 500
Computing persistence on full 538 point cloud...
  H0 features: 538
  H1 features: 209
Computing persistence on full 450 point cloud...
  H0 features: 450
  H1 features: 202
Point cloud optimization: 726 -> 500
Computing persistence on full 570 point cloud...
  H0 features: 570
  H1 features: 164
Computing persistence on full 276 point cloud...
  H0 features: 276
  H1 features: 69
Analyzing persistence diagram ranges...
Found 32 valid diagrams with 11725 total finite features
Actual persistence ranges:
  Birth times: 0.0000 - 0.9983
  Lifespans: 0.0000 - 0.9805
Adjusted persistence image parameters:
  birth_range: (0.0000, 1.0982)
  pers_range: (0.0010, 1.0785)
PersistenceImager config: pixel_size=0.0078, sigma=0.0130

Persistence image conversion results:
  Successful: 16/16
  Success rate: 100.0%
Point cloud optimization: 770 -> 500
Computing persistence on full 593 point cloud...
  H0 features: 593
  H1 features: 250
Point cloud optimization: 779 -> 500
Computing persistence on full 599 point cloud...
  H0 features: 599
  H1 features: 211
Computing persistence on full 484 point cloud...
  H0 features: 484
  H1 features: 141
Computing persistence on full 302 point cloud...
  H0 features: 302
  H1 features: 132
Point cloud optimization: 1539 -> 500
Computing persistence on full 1156 point cloud...
  H0 features: 1156
  H1 features: 634
Point cloud optimization: 992 -> 500
Computing persistence on full 752 point cloud...
  H0 features: 752
  H1 features: 194
Computing persistence on full 413 point cloud...
  H0 features: 413
  H1 features: 230
Point cloud optimization: 643 -> 500
Computing persistence on full 529 point cloud...
  H0 features: 529
  H1 features: 112
Point cloud optimization: 975 -> 500
Computing persistence on full 735 point cloud...
  H0 features: 735
  H1 features: 469
Point cloud optimization: 1255 -> 500
Computing persistence on full 981 point cloud...
  H0 features: 981
  H1 features: 568
Point cloud optimization: 720 -> 500
Computing persistence on full 566 point cloud...
  H0 features: 566
  H1 features: 201
Point cloud optimization: 832 -> 500
Computing persistence on full 645 point cloud...
  H0 features: 645
  H1 features: 343
Point cloud optimization: 973 -> 500
Computing persistence on full 738 point cloud...
  H0 features: 738
  H1 features: 382
Computing persistence on full 339 point cloud...
  H0 features: 339
  H1 features: 155
Point cloud optimization: 2271 -> 500
Computing persistence on full 1693 point cloud...
  H0 features: 1693
  H1 features: 538
Point cloud optimization: 712 -> 500
Computing persistence on full 565 point cloud...
  H0 features: 565
  H1 features: 216
Analyzing persistence diagram ranges...
Found 32 valid diagrams with 15850 total finite features
Actual persistence ranges:
  Birth times: 0.0000 - 0.9986
  Lifespans: 0.0000 - 0.9756
Adjusted persistence image parameters:
  birth_range: (0.0000, 1.0984)
  pers_range: (0.0010, 1.0732)
PersistenceImager config: pixel_size=0.0077, sigma=0.0130

Persistence image conversion results:
  Successful: 16/16
  Success rate: 100.0%
  Progress: 2400/78541 (3.1%) Rate: 1.2 samples/sec, ETA: 1023.0min
Point cloud optimization: 991 -> 500
Computing persistence on full 756 point cloud...
  H0 features: 756
  H1 features: 338
Computing persistence on full 439 point cloud...
  H0 features: 439
  H1 features: 236
Point cloud optimization: 537 -> 500
Computing persistence on full 510 point cloud...
  H0 features: 510
  H1 features: 297
Computing persistence on full 332 point cloud...
  H0 features: 332
  H1 features: 135
Point cloud optimization: 658 -> 500
Computing persistence on full 540 point cloud...
  H0 features: 540
  H1 features: 339
Computing persistence on full 337 point cloud...
  H0 features: 337
  H1 features: 162
Point cloud optimization: 616 -> 500
Computing persistence on full 531 point cloud...
  H0 features: 531
  H1 features: 200
Computing persistence on full 349 point cloud...
  H0 features: 349
  H1 features: 168
Computing persistence on full 396 point cloud...
  H0 features: 396
  H1 features: 137
Point cloud optimization: 563 -> 500
Computing persistence on full 515 point cloud...
  H0 features: 515
  H1 features: 112
Point cloud optimization: 535 -> 500
Computing persistence on full 509 point cloud...
  H0 features: 509
  H1 features: 148
Computing persistence on full 463 point cloud...
  H0 features: 463
  H1 features: 168
Computing persistence on full 331 point cloud...
  H0 features: 331
  H1 features: 81
Computing persistence on full 282 point cloud...
  H0 features: 282
  H1 features: 122
Computing persistence on full 337 point cloud...
  H0 features: 337
  H1 features: 110
Point cloud optimization: 858 -> 500
Computing persistence on full 648 point cloud...
  H0 features: 648
  H1 features: 260
Analyzing persistence diagram ranges...
Found 32 valid diagrams with 10272 total finite features
Actual persistence ranges:
  Birth times: 0.0000 - 0.9987
  Lifespans: 0.0000 - 0.9798
Adjusted persistence image parameters:
  birth_range: (0.0000, 1.0985)
  pers_range: (0.0010, 1.0778)
PersistenceImager config: pixel_size=0.0078, sigma=0.0130

Persistence image conversion results:
  Successful: 16/16
  Success rate: 100.0%
Point cloud optimization: 580 -> 500
Computing persistence on full 520 point cloud...
  H0 features: 520
  H1 features: 135
Computing persistence on full 323 point cloud...
  H0 features: 323
  H1 features: 87
Point cloud optimization: 636 -> 500
Computing persistence on full 535 point cloud...
  H0 features: 535
  H1 features: 215
Point cloud optimization: 513 -> 500
Computing persistence on full 502 point cloud...
  H0 features: 502
  H1 features: 276
Point cloud optimization: 619 -> 500
Computing persistence on full 528 point cloud...
  H0 features: 528
  H1 features: 106
Point cloud optimization: 536 -> 500
Computing persistence on full 509 point cloud...
  H0 features: 509
  H1 features: 186
Point cloud optimization: 637 -> 500
Computing persistence on full 541 point cloud...
  H0 features: 541
  H1 features: 142
Computing persistence on full 312 point cloud...
  H0 features: 312
  H1 features: 141
Computing persistence on full 324 point cloud...
  H0 features: 324
  H1 features: 144
Computing persistence on full 330 point cloud...
  H0 features: 330
  H1 features: 137
Computing persistence on full 283 point cloud...
  H0 features: 283
  H1 features: 83
Computing persistence on full 432 point cloud...
  H0 features: 432
  H1 features: 84
Computing persistence on full 230 point cloud...
  H0 features: 230
  H1 features: 46
Point cloud optimization: 881 -> 500
Computing persistence on full 669 point cloud...
  H0 features: 669
  H1 features: 153
Point cloud optimization: 544 -> 500
Computing persistence on full 511 point cloud...
  H0 features: 511
  H1 features: 306
Computing persistence on full 465 point cloud...
  H0 features: 465
  H1 features: 147
Analyzing persistence diagram ranges...
Found 32 valid diagrams with 9386 total finite features
Actual persistence ranges:
  Birth times: 0.0000 - 0.9981
  Lifespans: 0.0000 - 0.9843
Adjusted persistence image parameters:
  birth_range: (0.0000, 1.0979)
  pers_range: (0.0010, 1.0827)
PersistenceImager config: pixel_size=0.0078, sigma=0.0131

Persistence image conversion results:
  Successful: 16/16
  Success rate: 100.0%
Point cloud optimization: 680 -> 500
Computing persistence on full 548 point cloud...
  H0 features: 548
  H1 features: 293
Point cloud optimization: 583 -> 500
Computing persistence on full 520 point cloud...
  H0 features: 520
  H1 features: 99
Point cloud optimization: 908 -> 500
Computing persistence on full 687 point cloud...
  H0 features: 687
  H1 features: 265
Point cloud optimization: 753 -> 500
Computing persistence on full 600 point cloud...
  H0 features: 600
  H1 features: 213
Point cloud optimization: 1260 -> 500
Computing persistence on full 948 point cloud...
  H0 features: 948
  H1 features: 563
Point cloud optimization: 502 -> 500
Computing persistence on full 500 point cloud...
  H0 features: 500
  H1 features: 178
Computing persistence on full 419 point cloud...
  H0 features: 419
  H1 features: 208
Computing persistence on full 481 point cloud...
  H0 features: 481
  H1 features: 224
Computing persistence on full 458 point cloud...
  H0 features: 458
  H1 features: 139
Computing persistence on full 454 point cloud...
  H0 features: 454
  H1 features: 109
Computing persistence on full 225 point cloud...
  H0 features: 225
  H1 features: 88
Point cloud optimization: 578 -> 500
Computing persistence on full 522 point cloud...
  H0 features: 522
  H1 features: 213
Point cloud optimization: 907 -> 500
Computing persistence on full 689 point cloud...
  H0 features: 689
  H1 features: 333
Computing persistence on full 268 point cloud...
  H0 features: 268
  H1 features: 101
Computing persistence on full 341 point cloud...
  H0 features: 341
  H1 features: 97
Point cloud optimization: 775 -> 500
Computing persistence on full 601 point cloud...
  H0 features: 601
  H1 features: 253
Analyzing persistence diagram ranges...
Found 32 valid diagrams with 11621 total finite features
Actual persistence ranges:
  Birth times: 0.0000 - 0.9993
  Lifespans: 0.0000 - 0.9771
Adjusted persistence image parameters:
  birth_range: (0.0000, 1.0992)
  pers_range: (0.0010, 1.0748)
PersistenceImager config: pixel_size=0.0077, sigma=0.0130

Persistence image conversion results:
  Successful: 16/16
  Success rate: 100.0%
Computing persistence on full 313 point cloud...
  H0 features: 313
  H1 features: 68
Point cloud optimization: 530 -> 500
Computing persistence on full 507 point cloud...
  H0 features: 507
  H1 features: 235
Point cloud optimization: 781 -> 500
Computing persistence on full 600 point cloud...
  H0 features: 600
  H1 features: 191
Point cloud optimization: 730 -> 500
Computing persistence on full 575 point cloud...
  H0 features: 575
  H1 features: 177
Point cloud optimization: 645 -> 500
Computing persistence on full 535 point cloud...
  H0 features: 535
  H1 features: 119
Point cloud optimization: 604 -> 500
Computing persistence on full 528 point cloud...
  H0 features: 528
  H1 features: 202
Computing persistence on full 396 point cloud...
  H0 features: 396
  H1 features: 190
Computing persistence on full 358 point cloud...
  H0 features: 358
  H1 features: 188
Point cloud optimization: 790 -> 500
Computing persistence on full 604 point cloud...
  H0 features: 604
  H1 features: 327
Computing persistence on full 232 point cloud...
  H0 features: 232
  H1 features: 88
Point cloud optimization: 1296 -> 500
Computing persistence on full 979 point cloud...
  H0 features: 979
  H1 features: 489
Point cloud optimization: 527 -> 500
Computing persistence on full 506 point cloud...
  H0 features: 506
  H1 features: 122
Computing persistence on full 349 point cloud...
  H0 features: 349
  H1 features: 156
Computing persistence on full 292 point cloud...
  H0 features: 292
  H1 features: 137
Point cloud optimization: 681 -> 500
Computing persistence on full 549 point cloud...
  H0 features: 549
  H1 features: 195
Point cloud optimization: 601 -> 500
Computing persistence on full 528 point cloud...
  H0 features: 528
  H1 features: 297
Analyzing persistence diagram ranges...
Found 32 valid diagrams with 11016 total finite features
Actual persistence ranges:
  Birth times: 0.0000 - 0.9964
  Lifespans: 0.0000 - 0.9796
Adjusted persistence image parameters:
  birth_range: (0.0000, 1.0960)
  pers_range: (0.0010, 1.0775)
PersistenceImager config: pixel_size=0.0078, sigma=0.0130

Persistence image conversion results:
  Successful: 16/16
  Success rate: 100.0%
Computing persistence on full 482 point cloud...
  H0 features: 482
  H1 features: 154
Point cloud optimization: 712 -> 500
Computing persistence on full 561 point cloud...
  H0 features: 561
  H1 features: 349
Computing persistence on full 431 point cloud...
  H0 features: 431
  H1 features: 166
Computing persistence on full 211 point cloud...
  H0 features: 211
  H1 features: 42
Computing persistence on full 422 point cloud...
  H0 features: 422
  H1 features: 128
Computing persistence on full 278 point cloud...
  H0 features: 278
  H1 features: 97
Computing persistence on full 420 point cloud...
  H0 features: 420
  H1 features: 98
Point cloud optimization: 1051 -> 500
Computing persistence on full 793 point cloud...
  H0 features: 793
  H1 features: 373
Point cloud optimization: 869 -> 500
Computing persistence on full 669 point cloud...
  H0 features: 669
  H1 features: 181
Point cloud optimization: 622 -> 500
Computing persistence on full 533 point cloud...
  H0 features: 533
  H1 features: 205
Point cloud optimization: 678 -> 500
Computing persistence on full 545 point cloud...
  H0 features: 545
  H1 features: 208
Computing persistence on full 389 point cloud...
  H0 features: 389
  H1 features: 186
Point cloud optimization: 1262 -> 500
Computing persistence on full 948 point cloud...
  H0 features: 948
  H1 features: 429
Computing persistence on full 322 point cloud...
  H0 features: 322
  H1 features: 85
Computing persistence on full 313 point cloud...
  H0 features: 313
  H1 features: 105
Computing persistence on full 437 point cloud...
  H0 features: 437
  H1 features: 186
Analyzing persistence diagram ranges...
Found 32 valid diagrams with 10730 total finite features
Actual persistence ranges:
  Birth times: 0.0000 - 0.9992
  Lifespans: 0.0000 - 0.9755
Adjusted persistence image parameters:
  birth_range: (0.0000, 1.0992)
  pers_range: (0.0010, 1.0730)
PersistenceImager config: pixel_size=0.0077, sigma=0.0130

Persistence image conversion results:
  Successful: 16/16
  Success rate: 100.0%
Point cloud optimization: 668 -> 500
Computing persistence on full 546 point cloud...
  H0 features: 546
  H1 features: 186
Computing persistence on full 479 point cloud...
  H0 features: 479
  H1 features: 117
Point cloud optimization: 627 -> 500
Computing persistence on full 532 point cloud...
  H0 features: 532
  H1 features: 306
Point cloud optimization: 1103 -> 500
Computing persistence on full 832 point cloud...
  H0 features: 832
  H1 features: 290
Point cloud optimization: 521 -> 500
Computing persistence on full 505 point cloud...
  H0 features: 505
  H1 features: 151
Point cloud optimization: 791 -> 500
Computing persistence on full 611 point cloud...
  H0 features: 611
  H1 features: 225
Point cloud optimization: 542 -> 500
Computing persistence on full 510 point cloud...
  H0 features: 510
  H1 features: 286
Point cloud optimization: 632 -> 500
Computing persistence on full 536 point cloud...
  H0 features: 536
  H1 features: 244
Computing persistence on full 378 point cloud...
  H0 features: 378
  H1 features: 116
Computing persistence on full 491 point cloud...
  H0 features: 491
  H1 features: 299
Point cloud optimization: 546 -> 500
Computing persistence on full 512 point cloud...
  H0 features: 512
  H1 features: 122
Point cloud optimization: 540 -> 500
Computing persistence on full 511 point cloud...
  H0 features: 511
  H1 features: 187
Computing persistence on full 299 point cloud...
  H0 features: 299
  H1 features: 124
Point cloud optimization: 519 -> 500
Computing persistence on full 505 point cloud...
  H0 features: 505
  H1 features: 262
Point cloud optimization: 1197 -> 500
Computing persistence on full 926 point cloud...
  H0 features: 926
  H1 features: 358
Point cloud optimization: 501 -> 500
Computing persistence on full 500 point cloud...
  H0 features: 500
  H1 features: 191
Analyzing persistence diagram ranges...
Found 32 valid diagrams with 12121 total finite features
Actual persistence ranges:
  Birth times: 0.0000 - 0.9981
  Lifespans: 0.0000 - 0.9746
Adjusted persistence image parameters:
  birth_range: (0.0000, 1.0979)
  pers_range: (0.0010, 1.0720)
PersistenceImager config: pixel_size=0.0077, sigma=0.0130

Persistence image conversion results:
  Successful: 16/16
  Success rate: 100.0%
Point cloud optimization: 1034 -> 500
Computing persistence on full 789 point cloud...
  H0 features: 789
  H1 features: 389
Point cloud optimization: 817 -> 500
Computing persistence on full 622 point cloud...
  H0 features: 622
  H1 features: 157
Computing persistence on full 269 point cloud...
  H0 features: 269
  H1 features: 114
Computing persistence on full 414 point cloud...
  H0 features: 414
  H1 features: 171
Point cloud optimization: 604 -> 500
Computing persistence on full 528 point cloud...
  H0 features: 528
  H1 features: 176
Computing persistence on full 318 point cloud...
  H0 features: 318
  H1 features: 109
Computing persistence on full 491 point cloud...
  H0 features: 491
  H1 features: 131
Computing persistence on full 324 point cloud...
  H0 features: 324
  H1 features: 123
Point cloud optimization: 1037 -> 500
Computing persistence on full 783 point cloud...
  H0 features: 783
  H1 features: 337
Point cloud optimization: 507 -> 500
Computing persistence on full 500 point cloud...
  H0 features: 500
  H1 features: 212
Point cloud optimization: 1083 -> 500
Computing persistence on full 822 point cloud...
  H0 features: 822
  H1 features: 369
Point cloud optimization: 575 -> 500
Computing persistence on full 520 point cloud...
  H0 features: 520
  H1 features: 277
Computing persistence on full 370 point cloud...
  H0 features: 370
  H1 features: 86
Point cloud optimization: 638 -> 500
Computing persistence on full 535 point cloud...
  H0 features: 535
  H1 features: 336
Computing persistence on full 400 point cloud...
  H0 features: 400
  H1 features: 222
Point cloud optimization: 797 -> 500
Computing persistence on full 612 point cloud...
  H0 features: 612
  H1 features: 310
Analyzing persistence diagram ranges...
Found 32 valid diagrams with 11800 total finite features
Actual persistence ranges:
  Birth times: 0.0000 - 0.9990
  Lifespans: 0.0000 - 0.9741
Adjusted persistence image parameters:
  birth_range: (0.0000, 1.0989)
  pers_range: (0.0010, 1.0716)
PersistenceImager config: pixel_size=0.0077, sigma=0.0130

Persistence image conversion results:
  Successful: 16/16
  Success rate: 100.0%
Computing persistence on full 499 point cloud...
  H0 features: 499
  H1 features: 193
Computing persistence on full 386 point cloud...
  H0 features: 386
  H1 features: 103
Point cloud optimization: 682 -> 500
Computing persistence on full 549 point cloud...
  H0 features: 549
  H1 features: 220
Point cloud optimization: 766 -> 500
Computing persistence on full 599 point cloud...
  H0 features: 599
  H1 features: 287
Point cloud optimization: 678 -> 500
Computing persistence on full 540 point cloud...
  H0 features: 540
  H1 features: 90
Computing persistence on full 463 point cloud...
  H0 features: 463
  H1 features: 129
Computing persistence on full 288 point cloud...
  H0 features: 288
  H1 features: 125
Computing persistence on full 452 point cloud...
  H0 features: 452
  H1 features: 206
Computing persistence on full 230 point cloud...
  H0 features: 190
  H1 features: 30
Computing persistence on full 320 point cloud...
  H0 features: 320
  H1 features: 91
Computing persistence on full 410 point cloud...
  H0 features: 410
  H1 features: 175
Computing persistence on full 381 point cloud...
  H0 features: 381
  H1 features: 161
Computing persistence on full 393 point cloud...
  H0 features: 393
  H1 features: 124
Point cloud optimization: 527 -> 500
Computing persistence on full 505 point cloud...
  H0 features: 505
  H1 features: 134
Computing persistence on full 347 point cloud...
  H0 features: 347
  H1 features: 128
Point cloud optimization: 673 -> 500
Computing persistence on full 546 point cloud...
  H0 features: 546
  H1 features: 200
Analyzing persistence diagram ranges...
Found 32 valid diagrams with 9248 total finite features
Actual persistence ranges:
  Birth times: 0.0000 - 0.9988
  Lifespans: 0.0000 - 0.9788
Adjusted persistence image parameters:
  birth_range: (0.0000, 1.0987)
  pers_range: (0.0010, 1.0767)
PersistenceImager config: pixel_size=0.0077, sigma=0.0130

Persistence image conversion results:
  Successful: 16/16
  Success rate: 100.0%
Point cloud optimization: 580 -> 500
Computing persistence on full 521 point cloud...
  H0 features: 521
  H1 features: 172
Computing persistence on full 396 point cloud...
  H0 features: 396
  H1 features: 193
Point cloud optimization: 669 -> 500
Computing persistence on full 539 point cloud...
  H0 features: 539
  H1 features: 110
Point cloud optimization: 664 -> 500
Computing persistence on full 543 point cloud...
  H0 features: 543
  H1 features: 245
Point cloud optimization: 539 -> 500
Computing persistence on full 510 point cloud...
  H0 features: 510
  H1 features: 181
Computing persistence on full 498 point cloud...
  H0 features: 498
  H1 features: 155
Computing persistence on full 454 point cloud...
  H0 features: 454
  H1 features: 202
Computing persistence on full 173 point cloud...
  H0 features: 173
  H1 features: 35
Computing persistence on full 283 point cloud...
  H0 features: 283
  H1 features: 66
Computing persistence on full 349 point cloud...
  H0 features: 349
  H1 features: 178
Point cloud optimization: 1502 -> 500
Computing persistence on full 1127 point cloud...
  H0 features: 1127
  H1 features: 296
Computing persistence on full 372 point cloud...
  H0 features: 372
  H1 features: 179
Computing persistence on full 343 point cloud...
  H0 features: 343
  H1 features: 140
Computing persistence on full 451 point cloud...
  H0 features: 451
  H1 features: 226
Computing persistence on full 368 point cloud...
  H0 features: 368
  H1 features: 80
Point cloud optimization: 714 -> 500
Computing persistence on full 569 point cloud...
  H0 features: 569
  H1 features: 185
Analyzing persistence diagram ranges...
Found 32 valid diagrams with 10123 total finite features
Actual persistence ranges:
  Birth times: 0.0000 - 0.9981
  Lifespans: 0.0000 - 0.9758
Adjusted persistence image parameters:
  birth_range: (0.0000, 1.0979)
  pers_range: (0.0010, 1.0734)
PersistenceImager config: pixel_size=0.0077, sigma=0.0130

Persistence image conversion results:
  Successful: 16/16
  Success rate: 100.0%
Point cloud optimization: 713 -> 500
Computing persistence on full 564 point cloud...
  H0 features: 564
  H1 features: 220
Point cloud optimization: 518 -> 500
Computing persistence on full 504 point cloud...
  H0 features: 504
  H1 features: 141
Computing persistence on full 413 point cloud...
  H0 features: 413
  H1 features: 99
Point cloud optimization: 531 -> 500
Computing persistence on full 508 point cloud...
  H0 features: 508
  H1 features: 166
Point cloud optimization: 692 -> 500
Computing persistence on full 554 point cloud...
  H0 features: 554
  H1 features: 215
Computing persistence on full 372 point cloud...
  H0 features: 372
  H1 features: 190
Point cloud optimization: 535 -> 500
Computing persistence on full 509 point cloud...
  H0 features: 509
  H1 features: 223
Point cloud optimization: 887 -> 500
Computing persistence on full 677 point cloud...
  H0 features: 677
  H1 features: 211
Computing persistence on full 296 point cloud...
  H0 features: 296
  H1 features: 83
Computing persistence on full 453 point cloud...
  H0 features: 453
  H1 features: 212
Computing persistence on full 251 point cloud...
  H0 features: 251
  H1 features: 49
Computing persistence on full 439 point cloud...
  H0 features: 439
  H1 features: 112
Point cloud optimization: 748 -> 500
Computing persistence on full 585 point cloud...
  H0 features: 585
  H1 features: 206
Computing persistence on full 262 point cloud...
  H0 features: 262
  H1 features: 100
Computing persistence on full 286 point cloud...
  H0 features: 286
  H1 features: 84
Computing persistence on full 353 point cloud...
  H0 features: 353
  H1 features: 112
Analyzing persistence diagram ranges...
Found 32 valid diagrams with 9433 total finite features
Actual persistence ranges:
  Birth times: 0.0000 - 0.9994
  Lifespans: 0.0000 - 0.9829
Adjusted persistence image parameters:
  birth_range: (0.0000, 1.0994)
  pers_range: (0.0010, 1.0812)
PersistenceImager config: pixel_size=0.0078, sigma=0.0131

Persistence image conversion results:
  Successful: 16/16
  Success rate: 100.0%
Computing persistence on full 379 point cloud...
  H0 features: 379
  H1 features: 183
Computing persistence on full 316 point cloud...
  H0 features: 316
  H1 features: 96
Computing persistence on full 451 point cloud...
  H0 features: 451
  H1 features: 199
Point cloud optimization: 542 -> 500
Computing persistence on full 511 point cloud...
  H0 features: 511
  H1 features: 219
Point cloud optimization: 600 -> 500
Computing persistence on full 528 point cloud...
  H0 features: 528
  H1 features: 180
Computing persistence on full 413 point cloud...
  H0 features: 413
  H1 features: 183
Point cloud optimization: 703 -> 500
Computing persistence on full 556 point cloud...
  H0 features: 556
  H1 features: 142
Point cloud optimization: 651 -> 500
Computing persistence on full 536 point cloud...
  H0 features: 536
  H1 features: 192
Computing persistence on full 421 point cloud...
  H0 features: 421
  H1 features: 83
Point cloud optimization: 714 -> 500
Computing persistence on full 562 point cloud...
  H0 features: 562
  H1 features: 289
Computing persistence on full 461 point cloud...
  H0 features: 461
  H1 features: 220
Point cloud optimization: 754 -> 500
Computing persistence on full 587 point cloud...
  H0 features: 587
  H1 features: 280
Computing persistence on full 432 point cloud...
  H0 features: 432
  H1 features: 152
Computing persistence on full 258 point cloud...
  H0 features: 258
  H1 features: 103
Point cloud optimization: 1329 -> 500
Computing persistence on full 1027 point cloud...
  H0 features: 1027
  H1 features: 480
Computing persistence on full 351 point cloud...
  H0 features: 351
  H1 features: 173
Analyzing persistence diagram ranges...
Found 32 valid diagrams with 10947 total finite features
Actual persistence ranges:
  Birth times: 0.0000 - 0.9981
  Lifespans: 0.0000 - 0.9798
Adjusted persistence image parameters:
  birth_range: (0.0000, 1.0979)
  pers_range: (0.0010, 1.0778)
PersistenceImager config: pixel_size=0.0078, sigma=0.0130

Persistence image conversion results:
  Successful: 16/16
  Success rate: 100.0%
Point cloud optimization: 545 -> 500
Computing persistence on full 514 point cloud...
  H0 features: 514
  H1 features: 172
Point cloud optimization: 2143 -> 500
Computing persistence on full 1592 point cloud...
  H0 features: 1592
  H1 features: 537
Point cloud optimization: 535 -> 500
Computing persistence on full 509 point cloud...
  H0 features: 509
  H1 features: 162
Computing persistence on full 328 point cloud...
  H0 features: 328
  H1 features: 139
Computing persistence on full 395 point cloud...
  H0 features: 395
  H1 features: 109
Computing persistence on full 326 point cloud...
  H0 features: 326
  H1 features: 124
Computing persistence on full 469 point cloud...
  H0 features: 469
  H1 features: 198
Point cloud optimization: 732 -> 500
Computing persistence on full 574 point cloud...
  H0 features: 574
  H1 features: 241
Point cloud optimization: 1160 -> 500
Computing persistence on full 878 point cloud...
  H0 features: 878
  H1 features: 409
Point cloud optimization: 513 -> 500
Computing persistence on full 503 point cloud...
  H0 features: 503
  H1 features: 210
Point cloud optimization: 808 -> 500
Computing persistence on full 614 point cloud...
  H0 features: 614
  H1 features: 371
Point cloud optimization: 753 -> 500
Computing persistence on full 586 point cloud...
  H0 features: 586
  H1 features: 165
Point cloud optimization: 1067 -> 500
Computing persistence on full 804 point cloud...
  H0 features: 804
  H1 features: 307
Point cloud optimization: 646 -> 500
Computing persistence on full 540 point cloud...
  H0 features: 540
  H1 features: 170
Point cloud optimization: 822 -> 500
Computing persistence on full 624 point cloud...
  H0 features: 624
  H1 features: 218
Point cloud optimization: 1007 -> 500
Computing persistence on full 778 point cloud...
  H0 features: 778
  H1 features: 223
Analyzing persistence diagram ranges...
Found 32 valid diagrams with 13773 total finite features
Actual persistence ranges:
  Birth times: 0.0000 - 0.9978
  Lifespans: 0.0000 - 0.9769
Adjusted persistence image parameters:
  birth_range: (0.0000, 1.0976)
  pers_range: (0.0010, 1.0746)
PersistenceImager config: pixel_size=0.0077, sigma=0.0130

Persistence image conversion results:
  Successful: 16/16
  Success rate: 100.0%
Computing persistence on full 157 point cloud...
  H0 features: 157
  H1 features: 31
Point cloud optimization: 596 -> 500
Computing persistence on full 523 point cloud...
  H0 features: 523
  H1 features: 369
Point cloud optimization: 591 -> 500
Computing persistence on full 528 point cloud...
  H0 features: 528
  H1 features: 179
Computing persistence on full 500 point cloud...
  H0 features: 500
  H1 features: 208
Point cloud optimization: 1226 -> 500
Computing persistence on full 919 point cloud...
  H0 features: 919
  H1 features: 193
Point cloud optimization: 947 -> 500
Computing persistence on full 712 point cloud...
  H0 features: 712
  H1 features: 166
Computing persistence on full 479 point cloud...
  H0 features: 479
  H1 features: 180
Point cloud optimization: 502 -> 500
Computing persistence on full 500 point cloud...
  H0 features: 500
  H1 features: 266
Computing persistence on full 442 point cloud...
  H0 features: 442
  H1 features: 120
Computing persistence on full 420 point cloud...
  H0 features: 420
  H1 features: 170
Point cloud optimization: 990 -> 500
Computing persistence on full 746 point cloud...
  H0 features: 746
  H1 features: 167
Computing persistence on full 381 point cloud...
  H0 features: 381
  H1 features: 139
Point cloud optimization: 520 -> 500
Computing persistence on full 505 point cloud...
  H0 features: 505
  H1 features: 140
Computing persistence on full 438 point cloud...
  H0 features: 438
  H1 features: 175
Computing persistence on full 477 point cloud...
  H0 features: 477
  H1 features: 245
Computing persistence on full 276 point cloud...
  H0 features: 276
  H1 features: 130
Analyzing persistence diagram ranges...
Found 32 valid diagrams with 10865 total finite features
Actual persistence ranges:
  Birth times: 0.0000 - 0.9979
  Lifespans: 0.0000 - 0.9749
Adjusted persistence image parameters:
  birth_range: (0.0000, 1.0976)
  pers_range: (0.0010, 1.0724)
PersistenceImager config: pixel_size=0.0077, sigma=0.0130

Persistence image conversion results:
  Successful: 16/16
  Success rate: 100.0%
Computing persistence on full 475 point cloud...
  H0 features: 475
  H1 features: 208
Computing persistence on full 238 point cloud...
  H0 features: 238
  H1 features: 46
Computing persistence on full 384 point cloud...
  H0 features: 384
  H1 features: 175
Point cloud optimization: 666 -> 500
Computing persistence on full 541 point cloud...
  H0 features: 541
  H1 features: 135
Point cloud optimization: 631 -> 500
Computing persistence on full 534 point cloud...
  H0 features: 534
  H1 features: 138
Computing persistence on full 453 point cloud...
  H0 features: 453
  H1 features: 130
Point cloud optimization: 804 -> 500
Computing persistence on full 615 point cloud...
  H0 features: 615
  H1 features: 216
Computing persistence on full 363 point cloud...
  H0 features: 363
  H1 features: 140
Point cloud optimization: 839 -> 500
Computing persistence on full 637 point cloud...
  H0 features: 637
  H1 features: 350
Point cloud optimization: 910 -> 500
Computing persistence on full 694 point cloud...
  H0 features: 694
  H1 features: 264
Computing persistence on full 443 point cloud...
  H0 features: 443
  H1 features: 107
Computing persistence on full 158 point cloud...
  H0 features: 158
  H1 features: 33
Point cloud optimization: 558 -> 500
Computing persistence on full 516 point cloud...
  H0 features: 516
  H1 features: 241
Computing persistence on full 370 point cloud...
  H0 features: 370
  H1 features: 149
Computing persistence on full 362 point cloud...
  H0 features: 362
  H1 features: 111
Point cloud optimization: 1306 -> 500
Computing persistence on full 1002 point cloud...
  H0 features: 1002
  H1 features: 512
Analyzing persistence diagram ranges...
Found 32 valid diagrams with 10724 total finite features
Actual persistence ranges:
  Birth times: 0.0000 - 0.9985
  Lifespans: 0.0000 - 0.9725
Adjusted persistence image parameters:
  birth_range: (0.0000, 1.0983)
  pers_range: (0.0010, 1.0698)
PersistenceImager config: pixel_size=0.0077, sigma=0.0129

Persistence image conversion results:
  Successful: 16/16
  Success rate: 100.0%
Point cloud optimization: 705 -> 500
Computing persistence on full 566 point cloud...
  H0 features: 566
  H1 features: 181
Point cloud optimization: 1784 -> 500
Computing persistence on full 1351 point cloud...
  H0 features: 1351
  H1 features: 591
Computing persistence on full 351 point cloud...
  H0 features: 351
  H1 features: 103
Point cloud optimization: 558 -> 500
Computing persistence on full 513 point cloud...
  H0 features: 513
  H1 features: 102
Point cloud optimization: 525 -> 500
Computing persistence on full 506 point cloud...
  H0 features: 506
  H1 features: 205
Computing persistence on full 291 point cloud...
  H0 features: 291
  H1 features: 133
Computing persistence on full 319 point cloud...
  H0 features: 319
  H1 features: 140
Point cloud optimization: 848 -> 500
Computing persistence on full 645 point cloud...
  H0 features: 645
  H1 features: 200
Point cloud optimization: 622 -> 500
Computing persistence on full 533 point cloud...
  H0 features: 533
  H1 features: 178
Computing persistence on full 462 point cloud...
  H0 features: 462
  H1 features: 177
Point cloud optimization: 952 -> 500
Computing persistence on full 733 point cloud...
  H0 features: 733
  H1 features: 309
Computing persistence on full 289 point cloud...
  H0 features: 289
  H1 features: 115
Point cloud optimization: 598 -> 500
Computing persistence on full 526 point cloud...
  H0 features: 526
  H1 features: 217
Computing persistence on full 301 point cloud...
  H0 features: 301
  H1 features: 115
Computing persistence on full 469 point cloud...
  H0 features: 469
  H1 features: 219
Point cloud optimization: 574 -> 500
Computing persistence on full 519 point cloud...
  H0 features: 519
  H1 features: 137
Analyzing persistence diagram ranges...
Found 32 valid diagrams with 11480 total finite features
Actual persistence ranges:
  Birth times: 0.0000 - 1.0004
  Lifespans: 0.0000 - 0.9776
Adjusted persistence image parameters:
  birth_range: (0.0000, 1.1004)
  pers_range: (0.0010, 1.0753)
PersistenceImager config: pixel_size=0.0077, sigma=0.0130

Persistence image conversion results:
  Successful: 16/16
  Success rate: 100.0%
Point cloud optimization: 668 -> 500
Computing persistence on full 549 point cloud...
  H0 features: 549
  H1 features: 195
Computing persistence on full 357 point cloud...
  H0 features: 357
  H1 features: 98
Point cloud optimization: 622 -> 500
Computing persistence on full 534 point cloud...
  H0 features: 534
  H1 features: 284
Computing persistence on full 382 point cloud...
  H0 features: 382
  H1 features: 129
Computing persistence on full 460 point cloud...
  H0 features: 460
  H1 features: 256
Point cloud optimization: 860 -> 500
Computing persistence on full 652 point cloud...
  H0 features: 652
  H1 features: 403
Point cloud optimization: 663 -> 500
Computing persistence on full 544 point cloud...
  H0 features: 544
  H1 features: 264
Point cloud optimization: 822 -> 500
Computing persistence on full 629 point cloud...
  H0 features: 629
  H1 features: 131
Computing persistence on full 255 point cloud...
  H0 features: 255
  H1 features: 68
Computing persistence on full 468 point cloud...
  H0 features: 468
  H1 features: 188
Point cloud optimization: 736 -> 500
Computing persistence on full 578 point cloud...
  H0 features: 578
  H1 features: 183
Point cloud optimization: 696 -> 500
Computing persistence on full 552 point cloud...
  H0 features: 552
  H1 features: 157
Computing persistence on full 255 point cloud...
  H0 features: 255
  H1 features: 114
Point cloud optimization: 516 -> 500
Computing persistence on full 504 point cloud...
  H0 features: 504
  H1 features: 220
Point cloud optimization: 539 -> 500
Computing persistence on full 509 point cloud...
  H0 features: 509
  H1 features: 224
Computing persistence on full 337 point cloud...
  H0 features: 337
  H1 features: 102
Analyzing persistence diagram ranges...
Found 32 valid diagrams with 10565 total finite features
Actual persistence ranges:
  Birth times: 0.0000 - 0.9973
  Lifespans: 0.0000 - 0.9833
Adjusted persistence image parameters:
  birth_range: (0.0000, 1.0970)
  pers_range: (0.0010, 1.0816)
PersistenceImager config: pixel_size=0.0078, sigma=0.0131

Persistence image conversion results:
  Successful: 16/16
  Success rate: 100.0%
Point cloud optimization: 579 -> 500
Computing persistence on full 521 point cloud...
  H0 features: 521
  H1 features: 268
Point cloud optimization: 636 -> 500
Computing persistence on full 538 point cloud...
  H0 features: 538
  H1 features: 195
Point cloud optimization: 701 -> 500
Computing persistence on full 557 point cloud...
  H0 features: 557
  H1 features: 227
Point cloud optimization: 563 -> 500
Computing persistence on full 517 point cloud...
  H0 features: 517
  H1 features: 246
Computing persistence on full 301 point cloud...
  H0 features: 301
  H1 features: 88
Computing persistence on full 350 point cloud...
  H0 features: 350
  H1 features: 112
Point cloud optimization: 555 -> 500
Computing persistence on full 514 point cloud...
  H0 features: 514
  H1 features: 297
Computing persistence on full 492 point cloud...
  H0 features: 492
  H1 features: 198
Computing persistence on full 392 point cloud...
  H0 features: 392
  H1 features: 107
Point cloud optimization: 515 -> 500
Computing persistence on full 503 point cloud...
  H0 features: 503
  H1 features: 183
Point cloud optimization: 509 -> 500
Computing persistence on full 501 point cloud...
  H0 features: 501
  H1 features: 300
Computing persistence on full 219 point cloud...
  H0 features: 219
  H1 features: 50
Point cloud optimization: 1104 -> 500
Computing persistence on full 833 point cloud...
  H0 features: 833
  H1 features: 566
Computing persistence on full 456 point cloud...
  H0 features: 456
  H1 features: 225
Computing persistence on full 304 point cloud...
  H0 features: 304
  H1 features: 52
Point cloud optimization: 658 -> 500
Computing persistence on full 532 point cloud...
  H0 features: 532
  H1 features: 131
Analyzing persistence diagram ranges...
Found 32 valid diagrams with 10759 total finite features
Actual persistence ranges:
  Birth times: 0.0000 - 0.9980
  Lifespans: 0.0000 - 0.9844
Adjusted persistence image parameters:
  birth_range: (0.0000, 1.0978)
  pers_range: (0.0010, 1.0829)
PersistenceImager config: pixel_size=0.0078, sigma=0.0131

Persistence image conversion results:
  Successful: 16/16
  Success rate: 100.0%
Point cloud optimization: 510 -> 500
Computing persistence on full 501 point cloud...
  H0 features: 501
  H1 features: 235
Computing persistence on full 454 point cloud...
  H0 features: 454
  H1 features: 211
Point cloud optimization: 1004 -> 500
Computing persistence on full 758 point cloud...
  H0 features: 758
  H1 features: 185
Point cloud optimization: 834 -> 500
Computing persistence on full 641 point cloud...
  H0 features: 641
  H1 features: 197
Point cloud optimization: 596 -> 500
Computing persistence on full 526 point cloud...
  H0 features: 526
  H1 features: 224
Point cloud optimization: 504 -> 500
Computing persistence on full 500 point cloud...
  H0 features: 500
  H1 features: 161
Point cloud optimization: 991 -> 500
Computing persistence on full 751 point cloud...
  H0 features: 751
  H1 features: 192
Computing persistence on full 420 point cloud...
  H0 features: 420
  H1 features: 162
Computing persistence on full 422 point cloud...
  H0 features: 422
  H1 features: 197
Computing persistence on full 358 point cloud...
  H0 features: 358
  H1 features: 160
Computing persistence on full 311 point cloud...
  H0 features: 311
  H1 features: 134
Computing persistence on full 454 point cloud...
  H0 features: 454
  H1 features: 192
Point cloud optimization: 545 -> 500
Computing persistence on full 511 point cloud...
  H0 features: 511
  H1 features: 140
Computing persistence on full 296 point cloud...
  H0 features: 296
  H1 features: 100
Point cloud optimization: 534 -> 500
Computing persistence on full 508 point cloud...
  H0 features: 508
  H1 features: 183
Point cloud optimization: 996 -> 500
Computing persistence on full 774 point cloud...
  H0 features: 774
  H1 features: 175
Analyzing persistence diagram ranges...
Found 32 valid diagrams with 11017 total finite features
Actual persistence ranges:
  Birth times: 0.0000 - 0.9990
  Lifespans: 0.0000 - 0.9728
Adjusted persistence image parameters:
  birth_range: (0.0000, 1.0989)
  pers_range: (0.0010, 1.0700)
PersistenceImager config: pixel_size=0.0077, sigma=0.0129

Persistence image conversion results:
  Successful: 16/16
  Success rate: 100.0%
Point cloud optimization: 854 -> 500
Computing persistence on full 657 point cloud...
  H0 features: 657
  H1 features: 339
Computing persistence on full 333 point cloud...
  H0 features: 333
  H1 features: 85
Point cloud optimization: 952 -> 500
Computing persistence on full 724 point cloud...
  H0 features: 724
  H1 features: 379
Point cloud optimization: 811 -> 500
Computing persistence on full 620 point cloud...
  H0 features: 620
  H1 features: 403
Point cloud optimization: 933 -> 500
Computing persistence on full 711 point cloud...
  H0 features: 711
  H1 features: 373
Point cloud optimization: 690 -> 500
Computing persistence on full 551 point cloud...
  H0 features: 551
  H1 features: 157
Computing persistence on full 318 point cloud...
  H0 features: 318
  H1 features: 101
Point cloud optimization: 622 -> 500
Computing persistence on full 535 point cloud...
  H0 features: 535
  H1 features: 288
Computing persistence on full 304 point cloud...
  H0 features: 304
  H1 features: 124
Point cloud optimization: 752 -> 500
Computing persistence on full 583 point cloud...
  H0 features: 583
  H1 features: 223
Point cloud optimization: 827 -> 500
Computing persistence on full 632 point cloud...
  H0 features: 632
  H1 features: 160
Point cloud optimization: 864 -> 500
Computing persistence on full 664 point cloud...
  H0 features: 664
  H1 features: 281
Computing persistence on full 462 point cloud...
  H0 features: 462
  H1 features: 126
Computing persistence on full 427 point cloud...
  H0 features: 427
  H1 features: 199
Point cloud optimization: 587 -> 500
Computing persistence on full 521 point cloud...
  H0 features: 521
  H1 features: 113
Point cloud optimization: 785 -> 500
Computing persistence on full 605 point cloud...
  H0 features: 605
  H1 features: 187
Analyzing persistence diagram ranges...
Found 32 valid diagrams with 12169 total finite features
Actual persistence ranges:
  Birth times: 0.0000 - 0.9988
  Lifespans: 0.0000 - 0.9714
Adjusted persistence image parameters:
  birth_range: (0.0000, 1.0986)
  pers_range: (0.0010, 1.0686)
PersistenceImager config: pixel_size=0.0077, sigma=0.0129

Persistence image conversion results:
  Successful: 16/16
  Success rate: 100.0%
Computing persistence on full 363 point cloud...
  H0 features: 363
  H1 features: 133
Point cloud optimization: 694 -> 500
Computing persistence on full 545 point cloud...
  H0 features: 545
  H1 features: 93
Computing persistence on full 417 point cloud...
  H0 features: 417
  H1 features: 174
Computing persistence on full 405 point cloud...
  H0 features: 405
  H1 features: 131
Point cloud optimization: 564 -> 500
Computing persistence on full 517 point cloud...
  H0 features: 517
  H1 features: 204
Point cloud optimization: 683 -> 500
Computing persistence on full 545 point cloud...
  H0 features: 545
  H1 features: 111
Computing persistence on full 332 point cloud...
  H0 features: 332
  H1 features: 145
Computing persistence on full 266 point cloud...
  H0 features: 266
  H1 features: 53
Point cloud optimization: 596 -> 500
Computing persistence on full 525 point cloud...
  H0 features: 525
  H1 features: 238
Computing persistence on full 296 point cloud...
  H0 features: 296
  H1 features: 56
Point cloud optimization: 725 -> 500
Computing persistence on full 567 point cloud...
  H0 features: 567
  H1 features: 302
Point cloud optimization: 842 -> 500
Computing persistence on full 647 point cloud...
  H0 features: 647
  H1 features: 268
Computing persistence on full 341 point cloud...
  H0 features: 341
  H1 features: 124
Point cloud optimization: 627 -> 500
Computing persistence on full 534 point cloud...
  H0 features: 534
  H1 features: 174
Computing persistence on full 446 point cloud...
  H0 features: 446
  H1 features: 114
Point cloud optimization: 573 -> 500
Computing persistence on full 522 point cloud...
  H0 features: 522
  H1 features: 175
Analyzing persistence diagram ranges...
Found 32 valid diagrams with 9747 total finite features
Actual persistence ranges:
  Birth times: 0.0000 - 0.9987
  Lifespans: 0.0000 - 0.9809
Adjusted persistence image parameters:
  birth_range: (0.0000, 1.0986)
  pers_range: (0.0010, 1.0790)
PersistenceImager config: pixel_size=0.0078, sigma=0.0131

Persistence image conversion results:
  Successful: 16/16
  Success rate: 100.0%
Computing persistence on full 313 point cloud...
  H0 features: 313
  H1 features: 71
Computing persistence on full 353 point cloud...
  H0 features: 353
  H1 features: 148
Point cloud optimization: 549 -> 500
Computing persistence on full 513 point cloud...
  H0 features: 513
  H1 features: 215
Point cloud optimization: 521 -> 500
Computing persistence on full 504 point cloud...
  H0 features: 504
  H1 features: 76
Computing persistence on full 269 point cloud...
  H0 features: 269
  H1 features: 110
Point cloud optimization: 880 -> 500
Computing persistence on full 668 point cloud...
  H0 features: 668
  H1 features: 142
Computing persistence on full 342 point cloud...
  H0 features: 342
  H1 features: 84
Point cloud optimization: 1018 -> 500
Computing persistence on full 785 point cloud...
  H0 features: 785
  H1 features: 269
Point cloud optimization: 628 -> 500
Computing persistence on full 533 point cloud...
  H0 features: 533
  H1 features: 309
Point cloud optimization: 673 -> 500
Computing persistence on full 547 point cloud...
  H0 features: 547
  H1 features: 219
Computing persistence on full 330 point cloud...
  H0 features: 330
  H1 features: 111
Point cloud optimization: 911 -> 500
Computing persistence on full 700 point cloud...
  H0 features: 700
  H1 features: 402
Point cloud optimization: 657 -> 500
Computing persistence on full 541 point cloud...
  H0 features: 541
  H1 features: 229
Computing persistence on full 420 point cloud...
  H0 features: 420
  H1 features: 122
Computing persistence on full 438 point cloud...
  H0 features: 438
  H1 features: 238
Computing persistence on full 377 point cloud...
  H0 features: 377
  H1 features: 122
Analyzing persistence diagram ranges...
Found 32 valid diagrams with 10484 total finite features
Actual persistence ranges:
  Birth times: 0.0000 - 0.9983
  Lifespans: 0.0000 - 0.9738
Adjusted persistence image parameters:
  birth_range: (0.0000, 1.0981)
  pers_range: (0.0010, 1.0712)
PersistenceImager config: pixel_size=0.0077, sigma=0.0130

Persistence image conversion results:
  Successful: 16/16
  Success rate: 100.0%
Point cloud optimization: 540 -> 500
Computing persistence on full 510 point cloud...
  H0 features: 510
  H1 features: 181
Point cloud optimization: 522 -> 500
Computing persistence on full 506 point cloud...
  H0 features: 506
  H1 features: 319
Point cloud optimization: 866 -> 500
Computing persistence on full 653 point cloud...
  H0 features: 653
  H1 features: 358
Computing persistence on full 482 point cloud...
  H0 features: 482
  H1 features: 132
Computing persistence on full 444 point cloud...
  H0 features: 444
  H1 features: 203
Point cloud optimization: 912 -> 500
Computing persistence on full 695 point cloud...
  H0 features: 695
  H1 features: 392
Point cloud optimization: 546 -> 500
Computing persistence on full 512 point cloud...
  H0 features: 512
  H1 features: 213
Point cloud optimization: 1048 -> 500
Computing persistence on full 790 point cloud...
  H0 features: 790
  H1 features: 257
Point cloud optimization: 905 -> 500
Computing persistence on full 686 point cloud...
  H0 features: 686
  H1 features: 226
Point cloud optimization: 552 -> 500
Computing persistence on full 512 point cloud...
  H0 features: 512
  H1 features: 111
Point cloud optimization: 554 -> 500
Computing persistence on full 513 point cloud...
  H0 features: 513
  H1 features: 257
Computing persistence on full 332 point cloud...
  H0 features: 332
  H1 features: 156
Point cloud optimization: 525 -> 500
Computing persistence on full 505 point cloud...
  H0 features: 505
  H1 features: 100
Point cloud optimization: 512 -> 500
Computing persistence on full 501 point cloud...
  H0 features: 501
  H1 features: 116
Point cloud optimization: 672 -> 500
Computing persistence on full 546 point cloud...
  H0 features: 546
  H1 features: 283
Point cloud optimization: 641 -> 500
Computing persistence on full 534 point cloud...
  H0 features: 534
  H1 features: 209
Analyzing persistence diagram ranges...
Found 32 valid diagrams with 12218 total finite features
Actual persistence ranges:
  Birth times: 0.0000 - 0.9990
  Lifespans: 0.0000 - 0.9716
Adjusted persistence image parameters:
  birth_range: (0.0000, 1.0989)
  pers_range: (0.0010, 1.0687)
PersistenceImager config: pixel_size=0.0077, sigma=0.0129

Persistence image conversion results:
  Successful: 16/16
  Success rate: 100.0%
Computing persistence on full 448 point cloud...
  H0 features: 448
  H1 features: 183
Computing persistence on full 444 point cloud...
  H0 features: 444
  H1 features: 125
Computing persistence on full 315 point cloud...
  H0 features: 315
  H1 features: 159
Point cloud optimization: 781 -> 500
Computing persistence on full 601 point cloud...
  H0 features: 601
  H1 features: 316
Point cloud optimization: 562 -> 500
Computing persistence on full 514 point cloud...
  H0 features: 514
  H1 features: 152
Computing persistence on full 181 point cloud...
  H0 features: 181
  H1 features: 37
Computing persistence on full 286 point cloud...
  H0 features: 286
  H1 features: 71
Point cloud optimization: 592 -> 500
Computing persistence on full 525 point cloud...
  H0 features: 525
  H1 features: 229
Point cloud optimization: 603 -> 500
Computing persistence on full 529 point cloud...
  H0 features: 529
  H1 features: 235
Computing persistence on full 417 point cloud...
  H0 features: 417
  H1 features: 210
Computing persistence on full 322 point cloud...
  H0 features: 322
  H1 features: 114
Point cloud optimization: 660 -> 500
Computing persistence on full 545 point cloud...
  H0 features: 545
  H1 features: 230
Computing persistence on full 377 point cloud...
  H0 features: 377
  H1 features: 120
Computing persistence on full 462 point cloud...
  H0 features: 462
  H1 features: 192
Computing persistence on full 376 point cloud...
  H0 features: 376
  H1 features: 171
Point cloud optimization: 617 -> 500
Computing persistence on full 528 point cloud...
  H0 features: 528
  H1 features: 121
Analyzing persistence diagram ranges...
Found 32 valid diagrams with 9519 total finite features
Actual persistence ranges:
  Birth times: 0.0000 - 0.9976
  Lifespans: 0.0000 - 0.9811
Adjusted persistence image parameters:
  birth_range: (0.0000, 1.0973)
  pers_range: (0.0010, 1.0792)
PersistenceImager config: pixel_size=0.0078, sigma=0.0131

Persistence image conversion results:
  Successful: 16/16
  Success rate: 100.0%
Point cloud optimization: 517 -> 500
Computing persistence on full 503 point cloud...
  H0 features: 503
  H1 features: 274
Computing persistence on full 479 point cloud...
  H0 features: 479
  H1 features: 170
Point cloud optimization: 530 -> 500
Computing persistence on full 507 point cloud...
  H0 features: 507
  H1 features: 228
Point cloud optimization: 1262 -> 500
Computing persistence on full 980 point cloud...
  H0 features: 980
  H1 features: 269
Point cloud optimization: 1706 -> 500
Computing persistence on full 1271 point cloud...
  H0 features: 1271
  H1 features: 571
Computing persistence on full 484 point cloud...
  H0 features: 484
  H1 features: 219
Point cloud optimization: 807 -> 500
Computing persistence on full 618 point cloud...
  H0 features: 618
  H1 features: 214
Computing persistence on full 368 point cloud...
  H0 features: 368
  H1 features: 125
Computing persistence on full 391 point cloud...
  H0 features: 391
  H1 features: 181
Computing persistence on full 207 point cloud...
  H0 features: 207
  H1 features: 40
Point cloud optimization: 560 -> 500
Computing persistence on full 515 point cloud...
  H0 features: 515
  H1 features: 163
Computing persistence on full 412 point cloud...
  H0 features: 412
  H1 features: 204
Computing persistence on full 328 point cloud...
  H0 features: 328
  H1 features: 77
Computing persistence on full 284 point cloud...
  H0 features: 284
  H1 features: 73
Computing persistence on full 407 point cloud...
  H0 features: 407
  H1 features: 181
Point cloud optimization: 662 -> 500
Computing persistence on full 542 point cloud...
  H0 features: 542
  H1 features: 263
Analyzing persistence diagram ranges...
Found 32 valid diagrams with 11532 total finite features
Actual persistence ranges:
  Birth times: 0.0000 - 0.9987
  Lifespans: 0.0000 - 0.9772
Adjusted persistence image parameters:
  birth_range: (0.0000, 1.0986)
  pers_range: (0.0010, 1.0749)
PersistenceImager config: pixel_size=0.0077, sigma=0.0130

Persistence image conversion results:
  Successful: 16/16
  Success rate: 100.0%
Computing persistence on full 416 point cloud...
  H0 features: 416
  H1 features: 165
Point cloud optimization: 509 -> 500
Computing persistence on full 500 point cloud...
  H0 features: 500
  H1 features: 119
Computing persistence on full 449 point cloud...
  H0 features: 449
  H1 features: 275
Computing persistence on full 490 point cloud...
  H0 features: 490
  H1 features: 225
Computing persistence on full 307 point cloud...
  H0 features: 307
  H1 features: 74
Computing persistence on full 330 point cloud...
  H0 features: 330
  H1 features: 155
Point cloud optimization: 534 -> 500
Computing persistence on full 508 point cloud...
  H0 features: 508
  H1 features: 135
Computing persistence on full 267 point cloud...
  H0 features: 267
  H1 features: 66
Computing persistence on full 255 point cloud...
  H0 features: 255
  H1 features: 56
Computing persistence on full 494 point cloud...
  H0 features: 494
  H1 features: 181
Point cloud optimization: 832 -> 500
Computing persistence on full 634 point cloud...
  H0 features: 634
  H1 features: 308
Computing persistence on full 295 point cloud...
  H0 features: 295
  H1 features: 90
Computing persistence on full 340 point cloud...
  H0 features: 340
  H1 features: 86
Point cloud optimization: 551 -> 500
Computing persistence on full 513 point cloud...
  H0 features: 513
  H1 features: 208
Point cloud optimization: 639 -> 500
Computing persistence on full 537 point cloud...
  H0 features: 537
  H1 features: 258
Computing persistence on full 330 point cloud...
  H0 features: 330
  H1 features: 103
Analyzing persistence diagram ranges...
Found 32 valid diagrams with 9153 total finite features
Actual persistence ranges:
  Birth times: 0.0000 - 0.9993
  Lifespans: 0.0000 - 0.9828
Adjusted persistence image parameters:
  birth_range: (0.0000, 1.0992)
  pers_range: (0.0010, 1.0811)
PersistenceImager config: pixel_size=0.0078, sigma=0.0131

Persistence image conversion results:
  Successful: 16/16
  Success rate: 100.0%
  Progress: 2800/78541 (3.6%) Rate: 1.2 samples/sec, ETA: 1018.0min
Computing persistence on full 433 point cloud...
  H0 features: 433
  H1 features: 222
Point cloud optimization: 995 -> 500
Computing persistence on full 764 point cloud...
  H0 features: 764
  H1 features: 162
Point cloud optimization: 882 -> 500
Computing persistence on full 673 point cloud...
  H0 features: 673
  H1 features: 250
Computing persistence on full 367 point cloud...
  H0 features: 367
  H1 features: 180
Point cloud optimization: 570 -> 500
Computing persistence on full 518 point cloud...
  H0 features: 518
  H1 features: 159
Point cloud optimization: 650 -> 500
Computing persistence on full 534 point cloud...
  H0 features: 534
  H1 features: 131
Point cloud optimization: 821 -> 500
Computing persistence on full 626 point cloud...
  H0 features: 626
  H1 features: 252
Computing persistence on full 426 point cloud...
  H0 features: 426
  H1 features: 133
Point cloud optimization: 838 -> 500
Computing persistence on full 645 point cloud...
  H0 features: 645
  H1 features: 285
Point cloud optimization: 616 -> 500
Computing persistence on full 530 point cloud...
  H0 features: 530
  H1 features: 296
Computing persistence on full 377 point cloud...
  H0 features: 377
  H1 features: 162
Computing persistence on full 236 point cloud...
  H0 features: 236
  H1 features: 52
Computing persistence on full 403 point cloud...
  H0 features: 403
  H1 features: 167
Point cloud optimization: 609 -> 500
Computing persistence on full 530 point cloud...
  H0 features: 530
  H1 features: 191
Computing persistence on full 317 point cloud...
  H0 features: 317
  H1 features: 141
Point cloud optimization: 550 -> 500
Computing persistence on full 513 point cloud...
  H0 features: 513
  H1 features: 236
Analyzing persistence diagram ranges...
Found 32 valid diagrams with 10895 total finite features
Actual persistence ranges:
  Birth times: 0.0000 - 0.9990
  Lifespans: 0.0000 - 0.9749
Adjusted persistence image parameters:
  birth_range: (0.0000, 1.0989)
  pers_range: (0.0010, 1.0724)
PersistenceImager config: pixel_size=0.0077, sigma=0.0130

Persistence image conversion results:
  Successful: 16/16
  Success rate: 100.0%
Point cloud optimization: 1163 -> 500
Computing persistence on full 874 point cloud...
  H0 features: 874
  H1 features: 463
Computing persistence on full 302 point cloud...
  H0 features: 302
  H1 features: 63
Computing persistence on full 486 point cloud...
  H0 features: 486
  H1 features: 188
Computing persistence on full 184 point cloud...
  H0 features: 157
  H1 features: 11
Computing persistence on full 265 point cloud...
  H0 features: 265
  H1 features: 103
Point cloud optimization: 637 -> 500
Computing persistence on full 536 point cloud...
  H0 features: 536
  H1 features: 360
Point cloud optimization: 652 -> 500
Computing persistence on full 543 point cloud...
  H0 features: 543
  H1 features: 97
Computing persistence on full 434 point cloud...
  H0 features: 434
  H1 features: 241
Point cloud optimization: 645 -> 500
Computing persistence on full 538 point cloud...
  H0 features: 538
  H1 features: 159
Point cloud optimization: 1030 -> 500
Computing persistence on full 794 point cloud...
  H0 features: 794
  H1 features: 350
Point cloud optimization: 1924 -> 500
Computing persistence on full 1468 point cloud...
  H0 features: 1468
  H1 features: 593
Point cloud optimization: 529 -> 500
Computing persistence on full 506 point cloud...
  H0 features: 506
  H1 features: 147
Point cloud optimization: 660 -> 500
Computing persistence on full 541 point cloud...
  H0 features: 541
  H1 features: 218
Computing persistence on full 341 point cloud...
  H0 features: 341
  H1 features: 59
Computing persistence on full 479 point cloud...
  H0 features: 479
  H1 features: 103
Computing persistence on full 343 point cloud...
  H0 features: 343
  H1 features: 86
Analyzing persistence diagram ranges...
Found 32 valid diagrams with 11832 total finite features
Actual persistence ranges:
  Birth times: 0.0000 - 0.9982
  Lifespans: 0.0000 - 0.9806
Adjusted persistence image parameters:
  birth_range: (0.0000, 1.0980)
  pers_range: (0.0010, 1.0787)
PersistenceImager config: pixel_size=0.0078, sigma=0.0130

Persistence image conversion results:
  Successful: 16/16
  Success rate: 100.0%
Computing persistence on full 467 point cloud...
  H0 features: 467
  H1 features: 275
Computing persistence on full 294 point cloud...
  H0 features: 294
  H1 features: 80
Point cloud optimization: 1167 -> 500
Computing persistence on full 876 point cloud...
  H0 features: 876
  H1 features: 359
Point cloud optimization: 584 -> 500
Computing persistence on full 522 point cloud...
  H0 features: 522
  H1 features: 210
Computing persistence on full 475 point cloud...
  H0 features: 475
  H1 features: 250
Point cloud optimization: 653 -> 500
Computing persistence on full 541 point cloud...
  H0 features: 541
  H1 features: 169
Computing persistence on full 341 point cloud...
  H0 features: 341
  H1 features: 156
Computing persistence on full 258 point cloud...
  H0 features: 258
  H1 features: 43
Point cloud optimization: 507 -> 500
Computing persistence on full 500 point cloud...
  H0 features: 500
  H1 features: 279
Computing persistence on full 459 point cloud...
  H0 features: 459
  H1 features: 252
Point cloud optimization: 640 -> 500
Computing persistence on full 535 point cloud...
  H0 features: 535
  H1 features: 247
Point cloud optimization: 525 -> 500
Computing persistence on full 506 point cloud...
  H0 features: 506
  H1 features: 312
Point cloud optimization: 519 -> 500
Computing persistence on full 505 point cloud...
  H0 features: 505
  H1 features: 184
Computing persistence on full 474 point cloud...
  H0 features: 474
  H1 features: 246
Point cloud optimization: 902 -> 500
Computing persistence on full 698 point cloud...
  H0 features: 698
  H1 features: 363
Point cloud optimization: 521 -> 500
Computing persistence on full 505 point cloud...
  H0 features: 505
  H1 features: 283
Analyzing persistence diagram ranges...
Found 32 valid diagrams with 11648 total finite features
Actual persistence ranges:
  Birth times: 0.0000 - 0.9990
  Lifespans: 0.0000 - 0.9775
Adjusted persistence image parameters:
  birth_range: (0.0000, 1.0989)
  pers_range: (0.0010, 1.0753)
PersistenceImager config: pixel_size=0.0077, sigma=0.0130

Persistence image conversion results:
  Successful: 16/16
  Success rate: 100.0%
Computing persistence on full 482 point cloud...
  H0 features: 482
  H1 features: 213
Computing persistence on full 354 point cloud...
  H0 features: 354
  H1 features: 89
Computing persistence on full 269 point cloud...
  H0 features: 269
  H1 features: 122
Computing persistence on full 454 point cloud...
  H0 features: 454
  H1 features: 256
Computing persistence on full 454 point cloud...
  H0 features: 454
  H1 features: 238
Computing persistence on full 497 point cloud...
  H0 features: 497
  H1 features: 201
Point cloud optimization: 1086 -> 500
Computing persistence on full 815 point cloud...
  H0 features: 815
  H1 features: 356
Point cloud optimization: 555 -> 500
Computing persistence on full 515 point cloud...
  H0 features: 515
  H1 features: 321
Computing persistence on full 247 point cloud...
  H0 features: 247
  H1 features: 106
Computing persistence on full 307 point cloud...
  H0 features: 307
  H1 features: 145
Computing persistence on full 408 point cloud...
  H0 features: 408
  H1 features: 94
Computing persistence on full 296 point cloud...
  H0 features: 296
  H1 features: 128
Computing persistence on full 261 point cloud...
  H0 features: 261
  H1 features: 78
Point cloud optimization: 628 -> 500
Computing persistence on full 534 point cloud...
  H0 features: 534
  H1 features: 151
Point cloud optimization: 555 -> 500
Computing persistence on full 514 point cloud...
  H0 features: 514
  H1 features: 270
Computing persistence on full 314 point cloud...
  H0 features: 314
  H1 features: 64
Analyzing persistence diagram ranges...
Found 32 valid diagrams with 9537 total finite features
Actual persistence ranges:
  Birth times: 0.0000 - 0.9987
  Lifespans: 0.0000 - 0.9784
Adjusted persistence image parameters:
  birth_range: (0.0000, 1.0986)
  pers_range: (0.0010, 1.0763)
PersistenceImager config: pixel_size=0.0077, sigma=0.0130

Persistence image conversion results:
  Successful: 16/16
  Success rate: 100.0%
Computing persistence on full 452 point cloud...
  H0 features: 452
  H1 features: 164
Point cloud optimization: 649 -> 500
Computing persistence on full 540 point cloud...
  H0 features: 540
  H1 features: 332
Point cloud optimization: 1842 -> 500
Computing persistence on full 1405 point cloud...
  H0 features: 1405
  H1 features: 421
Computing persistence on full 308 point cloud...
  H0 features: 308
  H1 features: 61
Computing persistence on full 428 point cloud...
  H0 features: 428
  H1 features: 146
Computing persistence on full 290 point cloud...
  H0 features: 290
  H1 features: 118
Computing persistence on full 301 point cloud...
  H0 features: 301
  H1 features: 99
Point cloud optimization: 966 -> 500
Computing persistence on full 736 point cloud...
  H0 features: 736
  H1 features: 315
Point cloud optimization: 543 -> 500
Computing persistence on full 512 point cloud...
  H0 features: 512
  H1 features: 234
Point cloud optimization: 547 -> 500
Computing persistence on full 512 point cloud...
  H0 features: 512
  H1 features: 313
Point cloud optimization: 1027 -> 500
Computing persistence on full 790 point cloud...
  H0 features: 790
  H1 features: 159
Point cloud optimization: 806 -> 500
Computing persistence on full 615 point cloud...
  H0 features: 615
  H1 features: 196
Computing persistence on full 367 point cloud...
  H0 features: 367
  H1 features: 97
Computing persistence on full 376 point cloud...
  H0 features: 376
  H1 features: 198
Computing persistence on full 405 point cloud...
  H0 features: 405
  H1 features: 197
Computing persistence on full 379 point cloud...
  H0 features: 379
  H1 features: 93
Analyzing persistence diagram ranges...
Found 32 valid diagrams with 11543 total finite features
Actual persistence ranges:
  Birth times: 0.0000 - 0.9995
  Lifespans: 0.0000 - 0.9754
Adjusted persistence image parameters:
  birth_range: (0.0000, 1.0994)
  pers_range: (0.0010, 1.0730)
PersistenceImager config: pixel_size=0.0077, sigma=0.0130

Persistence image conversion results:
  Successful: 16/16
  Success rate: 100.0%
Computing persistence on full 476 point cloud...
  H0 features: 476
  H1 features: 139
Computing persistence on full 473 point cloud...
  H0 features: 473
  H1 features: 245
Point cloud optimization: 647 -> 500
Computing persistence on full 540 point cloud...
  H0 features: 540
  H1 features: 150
Computing persistence on full 165 point cloud...
  H0 features: 165
  H1 features: 27
Point cloud optimization: 1363 -> 500
Computing persistence on full 1019 point cloud...
  H0 features: 1019
  H1 features: 559
Point cloud optimization: 601 -> 500
Computing persistence on full 527 point cloud...
  H0 features: 527
  H1 features: 200
Point cloud optimization: 1137 -> 500
Computing persistence on full 854 point cloud...
  H0 features: 854
  H1 features: 383
Computing persistence on full 434 point cloud...
  H0 features: 434
  H1 features: 286
Point cloud optimization: 650 -> 500
Computing persistence on full 541 point cloud...
  H0 features: 541
  H1 features: 207
Computing persistence on full 317 point cloud...
  H0 features: 317
  H1 features: 92
Point cloud optimization: 560 -> 500
Computing persistence on full 517 point cloud...
  H0 features: 517
  H1 features: 215
Computing persistence on full 377 point cloud...
  H0 features: 377
  H1 features: 98
Computing persistence on full 290 point cloud...
  H0 features: 290
  H1 features: 85
Computing persistence on full 391 point cloud...
  H0 features: 391
  H1 features: 226
Point cloud optimization: 961 -> 500
Computing persistence on full 726 point cloud...
  H0 features: 726
  H1 features: 268
Computing persistence on full 307 point cloud...
  H0 features: 307
  H1 features: 61
Analyzing persistence diagram ranges...
Found 32 valid diagrams with 11179 total finite features
Actual persistence ranges:
  Birth times: 0.0000 - 0.9988
  Lifespans: 0.0000 - 0.9793
Adjusted persistence image parameters:
  birth_range: (0.0000, 1.0987)
  pers_range: (0.0010, 1.0772)
PersistenceImager config: pixel_size=0.0077, sigma=0.0130

Persistence image conversion results:
  Successful: 16/16
  Success rate: 100.0%
Computing persistence on full 308 point cloud...
  H0 features: 308
  H1 features: 104
Computing persistence on full 275 point cloud...
  H0 features: 275
  H1 features: 62
Point cloud optimization: 941 -> 500
Computing persistence on full 716 point cloud...
  H0 features: 716
  H1 features: 381
Point cloud optimization: 516 -> 500
Computing persistence on full 503 point cloud...
  H0 features: 503
  H1 features: 247
Computing persistence on full 317 point cloud...
  H0 features: 317
  H1 features: 120
Computing persistence on full 257 point cloud...
  H0 features: 257
  H1 features: 46
Computing persistence on full 272 point cloud...
  H0 features: 272
  H1 features: 60
Computing persistence on full 403 point cloud...
  H0 features: 403
  H1 features: 126
Computing persistence on full 409 point cloud...
  H0 features: 409
  H1 features: 179
Point cloud optimization: 654 -> 500
Computing persistence on full 540 point cloud...
  H0 features: 540
  H1 features: 163
Computing persistence on full 306 point cloud...
  H0 features: 306
  H1 features: 81
Point cloud optimization: 635 -> 500
Computing persistence on full 537 point cloud...
  H0 features: 537
  H1 features: 190
Computing persistence on full 270 point cloud...
  H0 features: 270
  H1 features: 111
Computing persistence on full 277 point cloud...
  H0 features: 277
  H1 features: 73
Computing persistence on full 389 point cloud...
  H0 features: 389
  H1 features: 173
Point cloud optimization: 1011 -> 500
Computing persistence on full 787 point cloud...
  H0 features: 787
  H1 features: 240
Analyzing persistence diagram ranges...
Found 32 valid diagrams with 8906 total finite features
Actual persistence ranges:
  Birth times: 0.0000 - 0.9981
  Lifespans: 0.0000 - 0.9778
Adjusted persistence image parameters:
  birth_range: (0.0000, 1.0979)
  pers_range: (0.0010, 1.0756)
PersistenceImager config: pixel_size=0.0077, sigma=0.0130

Persistence image conversion results:
  Successful: 16/16
  Success rate: 100.0%
Point cloud optimization: 949 -> 500
Computing persistence on full 715 point cloud...
  H0 features: 715
  H1 features: 229
Computing persistence on full 321 point cloud...
  H0 features: 321
  H1 features: 94
Point cloud optimization: 934 -> 500
Computing persistence on full 704 point cloud...
  H0 features: 704
  H1 features: 347
Computing persistence on full 380 point cloud...
  H0 features: 380
  H1 features: 162
Point cloud optimization: 638 -> 500
Computing persistence on full 535 point cloud...
  H0 features: 535
  H1 features: 204
Point cloud optimization: 660 -> 500
Computing persistence on full 542 point cloud...
  H0 features: 542
  H1 features: 184
Computing persistence on full 478 point cloud...
  H0 features: 478
  H1 features: 190
Point cloud optimization: 1362 -> 500
Computing persistence on full 1036 point cloud...
  H0 features: 1036
  H1 features: 367
Point cloud optimization: 555 -> 500
Computing persistence on full 515 point cloud...
  H0 features: 515
  H1 features: 145
Computing persistence on full 434 point cloud...
  H0 features: 434
  H1 features: 123
Computing persistence on full 398 point cloud...
  H0 features: 398
  H1 features: 169
Computing persistence on full 424 point cloud...
  H0 features: 424
  H1 features: 234
Point cloud optimization: 602 -> 500
Computing persistence on full 528 point cloud...
  H0 features: 528
  H1 features: 243
Point cloud optimization: 751 -> 500
Computing persistence on full 589 point cloud...
  H0 features: 589
  H1 features: 257
Point cloud optimization: 972 -> 500
Computing persistence on full 742 point cloud...
  H0 features: 742
  H1 features: 276
Point cloud optimization: 813 -> 500
Computing persistence on full 623 point cloud...
  H0 features: 623
  H1 features: 362
Analyzing persistence diagram ranges...
Found 32 valid diagrams with 12534 total finite features
Actual persistence ranges:
  Birth times: 0.0000 - 0.9977
  Lifespans: 0.0000 - 0.9734
Adjusted persistence image parameters:
  birth_range: (0.0000, 1.0975)
  pers_range: (0.0010, 1.0707)
PersistenceImager config: pixel_size=0.0077, sigma=0.0130

Persistence image conversion results:
  Successful: 16/16
  Success rate: 100.0%
Point cloud optimization: 717 -> 500
Computing persistence on full 568 point cloud...
  H0 features: 568
  H1 features: 237
Computing persistence on full 400 point cloud...
  H0 features: 400
  H1 features: 183
Computing persistence on full 458 point cloud...
  H0 features: 458
  H1 features: 111
Point cloud optimization: 558 -> 500
Computing persistence on full 516 point cloud...
  H0 features: 516
  H1 features: 270
Point cloud optimization: 566 -> 500
Computing persistence on full 517 point cloud...
  H0 features: 517
  H1 features: 134
Computing persistence on full 239 point cloud...
  H0 features: 239
  H1 features: 45
Point cloud optimization: 512 -> 500
Computing persistence on full 502 point cloud...
  H0 features: 502
  H1 features: 150
Computing persistence on full 412 point cloud...
  H0 features: 412
  H1 features: 133
Computing persistence on full 407 point cloud...
  H0 features: 407
  H1 features: 187
Computing persistence on full 353 point cloud...
  H0 features: 353
  H1 features: 152
Computing persistence on full 302 point cloud...
  H0 features: 302
  H1 features: 120
Computing persistence on full 238 point cloud...
  H0 features: 238
  H1 features: 102
Computing persistence on full 453 point cloud...
  H0 features: 453
  H1 features: 199
Point cloud optimization: 1081 -> 500
Computing persistence on full 810 point cloud...
  H0 features: 810
  H1 features: 572
Point cloud optimization: 633 -> 500
Computing persistence on full 539 point cloud...
  H0 features: 539
  H1 features: 227
Point cloud optimization: 749 -> 500
Computing persistence on full 586 point cloud...
  H0 features: 586
  H1 features: 151
Analyzing persistence diagram ranges...
Found 32 valid diagrams with 10257 total finite features
Actual persistence ranges:
  Birth times: 0.0000 - 0.9983
  Lifespans: 0.0000 - 0.9778
Adjusted persistence image parameters:
  birth_range: (0.0000, 1.0981)
  pers_range: (0.0010, 1.0756)
PersistenceImager config: pixel_size=0.0077, sigma=0.0130

Persistence image conversion results:
  Successful: 16/16
  Success rate: 100.0%
Computing persistence on full 213 point cloud...
  H0 features: 213
  H1 features: 47
Computing persistence on full 433 point cloud...
  H0 features: 433
  H1 features: 188
Point cloud optimization: 768 -> 500
Computing persistence on full 594 point cloud...
  H0 features: 594
  H1 features: 172
Computing persistence on full 403 point cloud...
  H0 features: 403
  H1 features: 113
Point cloud optimization: 833 -> 500
Computing persistence on full 626 point cloud...
  H0 features: 626
  H1 features: 382
Point cloud optimization: 715 -> 500
Computing persistence on full 565 point cloud...
  H0 features: 565
  H1 features: 140
Computing persistence on full 245 point cloud...
  H0 features: 245
  H1 features: 54
Computing persistence on full 468 point cloud...
  H0 features: 468
  H1 features: 130
Point cloud optimization: 790 -> 500
Computing persistence on full 613 point cloud...
  H0 features: 613
  H1 features: 184
Point cloud optimization: 752 -> 500
Computing persistence on full 585 point cloud...
  H0 features: 585
  H1 features: 323
Computing persistence on full 491 point cloud...
  H0 features: 491
  H1 features: 102
Computing persistence on full 365 point cloud...
  H0 features: 365
  H1 features: 158
Computing persistence on full 233 point cloud...
  H0 features: 233
  H1 features: 94
Computing persistence on full 216 point cloud...
  H0 features: 216
  H1 features: 51
Point cloud optimization: 1103 -> 500
Computing persistence on full 839 point cloud...
  H0 features: 839
  H1 features: 222
Point cloud optimization: 791 -> 500
Computing persistence on full 616 point cloud...
  H0 features: 616
  H1 features: 223
Analyzing persistence diagram ranges...
Found 32 valid diagrams with 10072 total finite features
Actual persistence ranges:
  Birth times: 0.0000 - 0.9987
  Lifespans: 0.0000 - 0.9849
Adjusted persistence image parameters:
  birth_range: (0.0000, 1.0986)
  pers_range: (0.0010, 1.0834)
PersistenceImager config: pixel_size=0.0078, sigma=0.0131

Persistence image conversion results:
  Successful: 16/16
  Success rate: 100.0%
Computing persistence on full 323 point cloud...
  H0 features: 323
  H1 features: 166
Computing persistence on full 232 point cloud...
  H0 features: 232
  H1 features: 45
Computing persistence on full 438 point cloud...
  H0 features: 438
  H1 features: 185
Point cloud optimization: 525 -> 500
Computing persistence on full 506 point cloud...
  H0 features: 506
  H1 features: 177
Computing persistence on full 380 point cloud...
  H0 features: 380
  H1 features: 131
Computing persistence on full 249 point cloud...
  H0 features: 249
  H1 features: 108
Computing persistence on full 456 point cloud...
  H0 features: 456
  H1 features: 165
Point cloud optimization: 1355 -> 500
Computing persistence on full 1018 point cloud...
  H0 features: 1018
  H1 features: 280
Computing persistence on full 290 point cloud...
  H0 features: 290
  H1 features: 76
Computing persistence on full 457 point cloud...
  H0 features: 457
  H1 features: 217
Point cloud optimization: 1170 -> 500
Computing persistence on full 886 point cloud...
  H0 features: 886
  H1 features: 321
Computing persistence on full 487 point cloud...
  H0 features: 487
  H1 features: 214
Computing persistence on full 289 point cloud...
  H0 features: 289
  H1 features: 128
Computing persistence on full 275 point cloud...
  H0 features: 275
  H1 features: 109
Point cloud optimization: 668 -> 500
Computing persistence on full 546 point cloud...
  H0 features: 546
  H1 features: 151
Point cloud optimization: 656 -> 500
Computing persistence on full 538 point cloud...
  H0 features: 538
  H1 features: 193
Analyzing persistence diagram ranges...
Found 32 valid diagrams with 10020 total finite features
Actual persistence ranges:
  Birth times: 0.0000 - 0.9987
  Lifespans: 0.0000 - 0.9801
Adjusted persistence image parameters:
  birth_range: (0.0000, 1.0986)
  pers_range: (0.0010, 1.0781)
PersistenceImager config: pixel_size=0.0078, sigma=0.0130

Persistence image conversion results:
  Successful: 16/16
  Success rate: 100.0%
Computing persistence on full 275 point cloud...
  H0 features: 275
  H1 features: 66
Computing persistence on full 177 point cloud...
  H0 features: 177
  H1 features: 34
Computing persistence on full 321 point cloud...
  H0 features: 321
  H1 features: 62
Point cloud optimization: 569 -> 500
Computing persistence on full 516 point cloud...
  H0 features: 516
  H1 features: 113
Point cloud optimization: 581 -> 500
Computing persistence on full 525 point cloud...
  H0 features: 525
  H1 features: 151
Computing persistence on full 418 point cloud...
  H0 features: 418
  H1 features: 122
Point cloud optimization: 957 -> 500
Computing persistence on full 731 point cloud...
  H0 features: 731
  H1 features: 240
Computing persistence on full 344 point cloud...
  H0 features: 344
  H1 features: 113
Point cloud optimization: 885 -> 500
Computing persistence on full 675 point cloud...
  H0 features: 675
  H1 features: 340
Point cloud optimization: 507 -> 500
Computing persistence on full 500 point cloud...
  H0 features: 500
  H1 features: 99
Computing persistence on full 490 point cloud...
  H0 features: 490
  H1 features: 167
Computing persistence on full 484 point cloud...
  H0 features: 484
  H1 features: 211
Computing persistence on full 387 point cloud...
  H0 features: 387
  H1 features: 100
Point cloud optimization: 1099 -> 500
Computing persistence on full 837 point cloud...
  H0 features: 837
  H1 features: 346
Computing persistence on full 330 point cloud...
  H0 features: 330
  H1 features: 162
Computing persistence on full 490 point cloud...
  H0 features: 490
  H1 features: 196
Analyzing persistence diagram ranges...
Found 32 valid diagrams with 10006 total finite features
Actual persistence ranges:
  Birth times: 0.0000 - 0.9982
  Lifespans: 0.0000 - 0.9765
Adjusted persistence image parameters:
  birth_range: (0.0000, 1.0980)
  pers_range: (0.0010, 1.0741)
PersistenceImager config: pixel_size=0.0077, sigma=0.0130

Persistence image conversion results:
  Successful: 16/16
  Success rate: 100.0%
Computing persistence on full 323 point cloud...
  H0 features: 323
  H1 features: 97
Point cloud optimization: 619 -> 500
Computing persistence on full 535 point cloud...
  H0 features: 535
  H1 features: 271
Computing persistence on full 273 point cloud...
  H0 features: 273
  H1 features: 61
Computing persistence on full 491 point cloud...
  H0 features: 491
  H1 features: 175
Point cloud optimization: 972 -> 500
Computing persistence on full 738 point cloud...
  H0 features: 738
  H1 features: 285
Point cloud optimization: 569 -> 500
Computing persistence on full 519 point cloud...
  H0 features: 519
  H1 features: 254
Computing persistence on full 289 point cloud...
  H0 features: 289
  H1 features: 74
Point cloud optimization: 1310 -> 500
Computing persistence on full 985 point cloud...
  H0 features: 985
  H1 features: 597
Computing persistence on full 301 point cloud...
  H0 features: 301
  H1 features: 69
Computing persistence on full 288 point cloud...
  H0 features: 288
  H1 features: 123
Computing persistence on full 480 point cloud...
  H0 features: 480
  H1 features: 230
Point cloud optimization: 646 -> 500
Computing persistence on full 535 point cloud...
  H0 features: 535
  H1 features: 323
Computing persistence on full 418 point cloud...
  H0 features: 418
  H1 features: 183
Point cloud optimization: 1095 -> 500
Computing persistence on full 831 point cloud...
  H0 features: 831
  H1 features: 324
Point cloud optimization: 950 -> 500
Computing persistence on full 728 point cloud...
  H0 features: 728
  H1 features: 397
Point cloud optimization: 715 -> 500
Computing persistence on full 566 point cloud...
  H0 features: 566
  H1 features: 236
Analyzing persistence diagram ranges...
Found 32 valid diagrams with 11983 total finite features
Actual persistence ranges:
  Birth times: 0.0000 - 0.9983
  Lifespans: 0.0000 - 0.9857
Adjusted persistence image parameters:
  birth_range: (0.0000, 1.0981)
  pers_range: (0.0010, 1.0843)
PersistenceImager config: pixel_size=0.0078, sigma=0.0131

Persistence image conversion results:
  Successful: 16/16
  Success rate: 100.0%
Point cloud optimization: 616 -> 500
Computing persistence on full 530 point cloud...
  H0 features: 530
  H1 features: 189
Computing persistence on full 382 point cloud...
  H0 features: 382
  H1 features: 149
Point cloud optimization: 931 -> 500
Computing persistence on full 703 point cloud...
  H0 features: 703
  H1 features: 263
Point cloud optimization: 604 -> 500
Computing persistence on full 526 point cloud...
  H0 features: 526
  H1 features: 169
Computing persistence on full 405 point cloud...
  H0 features: 405
  H1 features: 243
Point cloud optimization: 825 -> 500
Computing persistence on full 638 point cloud...
  H0 features: 638
  H1 features: 265
Point cloud optimization: 593 -> 500
Computing persistence on full 526 point cloud...
  H0 features: 526
  H1 features: 246
Point cloud optimization: 542 -> 500
Computing persistence on full 512 point cloud...
  H0 features: 512
  H1 features: 125
Point cloud optimization: 767 -> 500
Computing persistence on full 597 point cloud...
  H0 features: 597
  H1 features: 200
Point cloud optimization: 762 -> 500
Computing persistence on full 584 point cloud...
  H0 features: 584
  H1 features: 111
Computing persistence on full 240 point cloud...
  H0 features: 240
  H1 features: 63
Computing persistence on full 277 point cloud...
  H0 features: 277
  H1 features: 69
Computing persistence on full 348 point cloud...
  H0 features: 348
  H1 features: 96
Computing persistence on full 338 point cloud...
  H0 features: 338
  H1 features: 156
Computing persistence on full 420 point cloud...
  H0 features: 420
  H1 features: 238
Computing persistence on full 478 point cloud...
  H0 features: 478
  H1 features: 215
Analyzing persistence diagram ranges...
Found 32 valid diagrams with 10285 total finite features
Actual persistence ranges:
  Birth times: 0.0000 - 0.9988
  Lifespans: 0.0000 - 0.9781
Adjusted persistence image parameters:
  birth_range: (0.0000, 1.0987)
  pers_range: (0.0010, 1.0759)
PersistenceImager config: pixel_size=0.0077, sigma=0.0130

Persistence image conversion results:
  Successful: 16/16
  Success rate: 100.0%
Computing persistence on full 260 point cloud...
  H0 features: 260
  H1 features: 55
Computing persistence on full 429 point cloud...
  H0 features: 429
  H1 features: 205
Point cloud optimization: 800 -> 500
Computing persistence on full 617 point cloud...
  H0 features: 617
  H1 features: 378
Computing persistence on full 249 point cloud...
  H0 features: 249
  H1 features: 108
Computing persistence on full 415 point cloud...
  H0 features: 415
  H1 features: 185
Point cloud optimization: 735 -> 500
Computing persistence on full 584 point cloud...
  H0 features: 584
  H1 features: 286
Computing persistence on full 427 point cloud...
  H0 features: 427
  H1 features: 180
Point cloud optimization: 975 -> 500
Computing persistence on full 746 point cloud...
  H0 features: 746
  H1 features: 399
Computing persistence on full 200 point cloud...
  H0 features: 200
  H1 features: 45
Computing persistence on full 442 point cloud...
  H0 features: 442
  H1 features: 106
Point cloud optimization: 680 -> 500
Computing persistence on full 549 point cloud...
  H0 features: 549
  H1 features: 256
Point cloud optimization: 875 -> 500
Computing persistence on full 665 point cloud...
  H0 features: 665
  H1 features: 179
Point cloud optimization: 501 -> 500
Computing persistence on full 500 point cloud...
  H0 features: 500
  H1 features: 232
Point cloud optimization: 744 -> 500
Computing persistence on full 579 point cloud...
  H0 features: 579
  H1 features: 118
Computing persistence on full 434 point cloud...
  H0 features: 434
  H1 features: 227
Computing persistence on full 351 point cloud...
  H0 features: 351
  H1 features: 113
Analyzing persistence diagram ranges...
Found 32 valid diagrams with 10503 total finite features
Actual persistence ranges:
  Birth times: 0.0000 - 0.9994
  Lifespans: 0.0000 - 0.9835
Adjusted persistence image parameters:
  birth_range: (0.0000, 1.0993)
  pers_range: (0.0010, 1.0819)
PersistenceImager config: pixel_size=0.0078, sigma=0.0131

Persistence image conversion results:
  Successful: 16/16
  Success rate: 100.0%
Point cloud optimization: 691 -> 500
Computing persistence on full 548 point cloud...
  H0 features: 548
  H1 features: 134
Computing persistence on full 424 point cloud...
  H0 features: 424
  H1 features: 123
Point cloud optimization: 689 -> 500
Computing persistence on full 561 point cloud...
  H0 features: 561
  H1 features: 254
Point cloud optimization: 790 -> 500
Computing persistence on full 612 point cloud...
  H0 features: 612
  H1 features: 235
Computing persistence on full 372 point cloud...
  H0 features: 372
  H1 features: 108
Point cloud optimization: 525 -> 500
Computing persistence on full 505 point cloud...
  H0 features: 505
  H1 features: 158
Computing persistence on full 343 point cloud...
  H0 features: 343
  H1 features: 174
Computing persistence on full 412 point cloud...
  H0 features: 412
  H1 features: 217
Point cloud optimization: 734 -> 500
Computing persistence on full 577 point cloud...
  H0 features: 577
  H1 features: 215
Point cloud optimization: 595 -> 500
Computing persistence on full 527 point cloud...
  H0 features: 527
  H1 features: 143
Computing persistence on full 208 point cloud...
  H0 features: 208
  H1 features: 41
Point cloud optimization: 513 -> 500
Computing persistence on full 502 point cloud...
  H0 features: 502
  H1 features: 219
Point cloud optimization: 898 -> 500
Computing persistence on full 694 point cloud...
  H0 features: 694
  H1 features: 292
Computing persistence on full 430 point cloud...
  H0 features: 430
  H1 features: 196
Computing persistence on full 345 point cloud...
  H0 features: 345
  H1 features: 115
Computing persistence on full 283 point cloud...
  H0 features: 283
  H1 features: 88
Analyzing persistence diagram ranges...
Found 32 valid diagrams with 10039 total finite features
Actual persistence ranges:
  Birth times: 0.0000 - 0.9987
  Lifespans: 0.0000 - 0.9784
Adjusted persistence image parameters:
  birth_range: (0.0000, 1.0986)
  pers_range: (0.0010, 1.0763)
PersistenceImager config: pixel_size=0.0077, sigma=0.0130

Persistence image conversion results:
  Successful: 16/16
  Success rate: 100.0%
Computing persistence on full 438 point cloud...
  H0 features: 438
  H1 features: 136
Point cloud optimization: 558 -> 500
Computing persistence on full 517 point cloud...
  H0 features: 517
  H1 features: 169
Point cloud optimization: 585 -> 500
Computing persistence on full 522 point cloud...
  H0 features: 522
  H1 features: 131
Computing persistence on full 340 point cloud...
  H0 features: 340
  H1 features: 103
Computing persistence on full 400 point cloud...
  H0 features: 400
  H1 features: 221
Point cloud optimization: 520 -> 500
Computing persistence on full 505 point cloud...
  H0 features: 505
  H1 features: 135
Point cloud optimization: 661 -> 500
Computing persistence on full 537 point cloud...
  H0 features: 537
  H1 features: 160
Computing persistence on full 347 point cloud...
  H0 features: 347
  H1 features: 149
Point cloud optimization: 591 -> 500
Computing persistence on full 525 point cloud...
  H0 features: 525
  H1 features: 198
Computing persistence on full 486 point cloud...
  H0 features: 486
  H1 features: 288
Computing persistence on full 376 point cloud...
  H0 features: 376
  H1 features: 171
Point cloud optimization: 667 -> 500
Computing persistence on full 545 point cloud...
  H0 features: 545
  H1 features: 236
Computing persistence on full 410 point cloud...
  H0 features: 410
  H1 features: 182
Point cloud optimization: 573 -> 500
Computing persistence on full 519 point cloud...
  H0 features: 519
  H1 features: 265
Computing persistence on full 382 point cloud...
  H0 features: 382
  H1 features: 196
Computing persistence on full 470 point cloud...
  H0 features: 470
  H1 features: 157
Analyzing persistence diagram ranges...
Found 32 valid diagrams with 10200 total finite features
Actual persistence ranges:
  Birth times: 0.0000 - 0.9986
  Lifespans: 0.0000 - 0.9822
Adjusted persistence image parameters:
  birth_range: (0.0000, 1.0985)
  pers_range: (0.0010, 1.0805)
PersistenceImager config: pixel_size=0.0078, sigma=0.0131

Persistence image conversion results:
  Successful: 16/16
  Success rate: 100.0%
Computing persistence on full 320 point cloud...
  H0 features: 320
  H1 features: 73
Computing persistence on full 348 point cloud...
  H0 features: 348
  H1 features: 135
Computing persistence on full 316 point cloud...
  H0 features: 316
  H1 features: 161
Point cloud optimization: 505 -> 500
Computing persistence on full 500 point cloud...
  H0 features: 500
  H1 features: 171
Computing persistence on full 406 point cloud...
  H0 features: 406
  H1 features: 159
Computing persistence on full 332 point cloud...
  H0 features: 332
  H1 features: 161
Computing persistence on full 257 point cloud...
  H0 features: 257
  H1 features: 101
Point cloud optimization: 614 -> 500
Computing persistence on full 528 point cloud...
  H0 features: 528
  H1 features: 213
Computing persistence on full 500 point cloud...
  H0 features: 500
  H1 features: 277
Computing persistence on full 407 point cloud...
  H0 features: 407
  H1 features: 179
Point cloud optimization: 682 -> 500
Computing persistence on full 552 point cloud...
  H0 features: 552
  H1 features: 227
Computing persistence on full 287 point cloud...
  H0 features: 287
  H1 features: 70
Point cloud optimization: 886 -> 500
Computing persistence on full 679 point cloud...
  H0 features: 679
  H1 features: 146
Computing persistence on full 225 point cloud...
  H0 features: 225
  H1 features: 48
Point cloud optimization: 853 -> 500
Computing persistence on full 647 point cloud...
  H0 features: 647
  H1 features: 188
Point cloud optimization: 778 -> 500
Computing persistence on full 606 point cloud...
  H0 features: 606
  H1 features: 185
Analyzing persistence diagram ranges...
Found 32 valid diagrams with 9388 total finite features
Actual persistence ranges:
  Birth times: 0.0000 - 0.9994
  Lifespans: 0.0000 - 0.9879
Adjusted persistence image parameters:
  birth_range: (0.0000, 1.0993)
  pers_range: (0.0010, 1.0867)
PersistenceImager config: pixel_size=0.0078, sigma=0.0131

Persistence image conversion results:
  Successful: 16/16
  Success rate: 100.0%
Point cloud optimization: 509 -> 500
Computing persistence on full 501 point cloud...
  H0 features: 501
  H1 features: 277
Point cloud optimization: 678 -> 500
Computing persistence on full 546 point cloud...
  H0 features: 546
  H1 features: 203
Point cloud optimization: 878 -> 500
Computing persistence on full 662 point cloud...
  H0 features: 662
  H1 features: 399
Point cloud optimization: 638 -> 500
Computing persistence on full 535 point cloud...
  H0 features: 535
  H1 features: 182
Computing persistence on full 437 point cloud...
  H0 features: 437
  H1 features: 152
Computing persistence on full 447 point cloud...
  H0 features: 447
  H1 features: 229
Point cloud optimization: 808 -> 500
Computing persistence on full 621 point cloud...
  H0 features: 621
  H1 features: 207
Computing persistence on full 362 point cloud...
  H0 features: 362
  H1 features: 107
Point cloud optimization: 1091 -> 500
Computing persistence on full 830 point cloud...
  H0 features: 830
  H1 features: 312
Point cloud optimization: 1107 -> 500
Computing persistence on full 838 point cloud...
  H0 features: 838
  H1 features: 278
Computing persistence on full 401 point cloud...
  H0 features: 401
  H1 features: 193
Computing persistence on full 454 point cloud...
  H0 features: 454
  H1 features: 245
Computing persistence on full 271 point cloud...
  H0 features: 271
  H1 features: 142
Computing persistence on full 465 point cloud...
  H0 features: 465
  H1 features: 272
Computing persistence on full 306 point cloud...
  H0 features: 306
  H1 features: 133
Point cloud optimization: 600 -> 500
Computing persistence on full 528 point cloud...
  H0 features: 528
  H1 features: 270
Analyzing persistence diagram ranges...
Found 32 valid diagrams with 11789 total finite features
Actual persistence ranges:
  Birth times: 0.0000 - 0.9996
  Lifespans: 0.0000 - 0.9804
Adjusted persistence image parameters:
  birth_range: (0.0000, 1.0996)
  pers_range: (0.0010, 1.0785)
PersistenceImager config: pixel_size=0.0078, sigma=0.0130

Persistence image conversion results:
  Successful: 16/16
  Success rate: 100.0%
Computing persistence on full 461 point cloud...
  H0 features: 461
  H1 features: 180
Point cloud optimization: 534 -> 500
Computing persistence on full 509 point cloud...
  H0 features: 509
  H1 features: 220
Point cloud optimization: 1362 -> 500
Computing persistence on full 1020 point cloud...
  H0 features: 1020
  H1 features: 484
Point cloud optimization: 920 -> 500
Computing persistence on full 701 point cloud...
  H0 features: 701
  H1 features: 273
Computing persistence on full 454 point cloud...
  H0 features: 454
  H1 features: 196
Point cloud optimization: 508 -> 500
Computing persistence on full 501 point cloud...
  H0 features: 501
  H1 features: 180
Point cloud optimization: 587 -> 500
Computing persistence on full 523 point cloud...
  H0 features: 523
  H1 features: 289
Computing persistence on full 417 point cloud...
  H0 features: 417
  H1 features: 174
Computing persistence on full 429 point cloud...
  H0 features: 429
  H1 features: 98
Computing persistence on full 366 point cloud...
  H0 features: 366
  H1 features: 134
Computing persistence on full 250 point cloud...
  H0 features: 250
  H1 features: 66
Computing persistence on full 400 point cloud...
  H0 features: 400
  H1 features: 170
Computing persistence on full 409 point cloud...
  H0 features: 409
  H1 features: 61
Computing persistence on full 412 point cloud...
  H0 features: 412
  H1 features: 171
Point cloud optimization: 1317 -> 500
Computing persistence on full 1005 point cloud...
  H0 features: 1005
  H1 features: 279
Computing persistence on full 469 point cloud...
  H0 features: 469
  H1 features: 135
Analyzing persistence diagram ranges...
Found 32 valid diagrams with 11420 total finite features
Actual persistence ranges:
  Birth times: 0.0000 - 0.9973
  Lifespans: 0.0000 - 0.9765
Adjusted persistence image parameters:
  birth_range: (0.0000, 1.0970)
  pers_range: (0.0010, 1.0741)
PersistenceImager config: pixel_size=0.0077, sigma=0.0130

Persistence image conversion results:
  Successful: 16/16
  Success rate: 100.0%
Computing persistence on full 367 point cloud...
  H0 features: 367
  H1 features: 168
Point cloud optimization: 767 -> 500
Computing persistence on full 602 point cloud...
  H0 features: 602
  H1 features: 255
Computing persistence on full 308 point cloud...
  H0 features: 308
  H1 features: 87
Computing persistence on full 500 point cloud...
  H0 features: 500
  H1 features: 263
Point cloud optimization: 672 -> 500
Computing persistence on full 547 point cloud...
  H0 features: 547
  H1 features: 226
Point cloud optimization: 918 -> 500
Computing persistence on full 708 point cloud...
  H0 features: 708
  H1 features: 188
Computing persistence on full 345 point cloud...
  H0 features: 345
  H1 features: 114
Point cloud optimization: 1386 -> 500
Computing persistence on full 1042 point cloud...
  H0 features: 1042
  H1 features: 597
Computing persistence on full 423 point cloud...
  H0 features: 423
  H1 features: 116
Computing persistence on full 345 point cloud...
  H0 features: 345
  H1 features: 81
Computing persistence on full 399 point cloud...
  H0 features: 399
  H1 features: 117
Point cloud optimization: 995 -> 500
Computing persistence on full 769 point cloud...
  H0 features: 769
  H1 features: 190
Computing persistence on full 444 point cloud...
  H0 features: 444
  H1 features: 129
Point cloud optimization: 765 -> 500
Computing persistence on full 599 point cloud...
  H0 features: 599
  H1 features: 177
Computing persistence on full 309 point cloud...
  H0 features: 309
  H1 features: 130
Computing persistence on full 289 point cloud...
  H0 features: 289
  H1 features: 126
Analyzing persistence diagram ranges...
Found 32 valid diagrams with 10944 total finite features
Actual persistence ranges:
  Birth times: 0.0000 - 0.9994
  Lifespans: 0.0000 - 0.9763
Adjusted persistence image parameters:
  birth_range: (0.0000, 1.0993)
  pers_range: (0.0010, 1.0739)
PersistenceImager config: pixel_size=0.0077, sigma=0.0130

Persistence image conversion results:
  Successful: 16/16
  Success rate: 100.0%
Point cloud optimization: 625 -> 500
Computing persistence on full 539 point cloud...
  H0 features: 539
  H1 features: 224
Point cloud optimization: 667 -> 500
Computing persistence on full 545 point cloud...
  H0 features: 545
  H1 features: 190
Computing persistence on full 387 point cloud...
  H0 features: 387
  H1 features: 106
Point cloud optimization: 646 -> 500
Computing persistence on full 538 point cloud...
  H0 features: 538
  H1 features: 195
Point cloud optimization: 567 -> 500
Computing persistence on full 517 point cloud...
  H0 features: 517
  H1 features: 150
Computing persistence on full 229 point cloud...
  H0 features: 229
  H1 features: 45
Computing persistence on full 265 point cloud...
  H0 features: 265
  H1 features: 103
Point cloud optimization: 2103 -> 500
Computing persistence on full 1560 point cloud...
  H0 features: 1560
  H1 features: 520
Point cloud optimization: 510 -> 500
Computing persistence on full 501 point cloud...
  H0 features: 501
  H1 features: 286
Point cloud optimization: 3014 -> 500
Computing persistence on full 2218 point cloud...
  H0 features: 2218
  H1 features: 934
Computing persistence on full 454 point cloud...
  H0 features: 454
  H1 features: 218
Computing persistence on full 500 point cloud...
  H0 features: 500
  H1 features: 158
Computing persistence on full 205 point cloud...
  H0 features: 205
  H1 features: 43
Computing persistence on full 292 point cloud...
  H0 features: 292
  H1 features: 76
Computing persistence on full 351 point cloud...
  H0 features: 351
  H1 features: 98
Computing persistence on full 294 point cloud...
  H0 features: 294
  H1 features: 55
Analyzing persistence diagram ranges...
Found 32 valid diagrams with 12780 total finite features
Actual persistence ranges:
  Birth times: 0.0000 - 0.9985
  Lifespans: 0.0000 - 0.9745
Adjusted persistence image parameters:
  birth_range: (0.0000, 1.0983)
  pers_range: (0.0010, 1.0720)
PersistenceImager config: pixel_size=0.0077, sigma=0.0130

Persistence image conversion results:
  Successful: 16/16
  Success rate: 100.0%
Point cloud optimization: 527 -> 500
Computing persistence on full 506 point cloud...
  H0 features: 506
  H1 features: 152
Point cloud optimization: 579 -> 500
Computing persistence on full 520 point cloud...
  H0 features: 520
  H1 features: 283
Computing persistence on full 262 point cloud...
  H0 features: 262
  H1 features: 63
Point cloud optimization: 527 -> 500
Computing persistence on full 506 point cloud...
  H0 features: 506
  H1 features: 150
Point cloud optimization: 749 -> 500
Computing persistence on full 581 point cloud...
  H0 features: 581
  H1 features: 263
Computing persistence on full 266 point cloud...
  H0 features: 266
  H1 features: 113
Computing persistence on full 349 point cloud...
  H0 features: 349
  H1 features: 132
Point cloud optimization: 854 -> 500
Computing persistence on full 654 point cloud...
  H0 features: 654
  H1 features: 253
Point cloud optimization: 675 -> 500
Computing persistence on full 549 point cloud...
  H0 features: 549
  H1 features: 161
Computing persistence on full 332 point cloud...
  H0 features: 332
  H1 features: 134
Point cloud optimization: 897 -> 500
Computing persistence on full 679 point cloud...
  H0 features: 679
  H1 features: 250
Computing persistence on full 227 point cloud...
  H0 features: 227
  H1 features: 54
Computing persistence on full 285 point cloud...
  H0 features: 285
  H1 features: 125
Computing persistence on full 214 point cloud...
  H0 features: 214
  H1 features: 57
Point cloud optimization: 725 -> 500
Computing persistence on full 572 point cloud...
  H0 features: 572
  H1 features: 350
Point cloud optimization: 1404 -> 500
Computing persistence on full 1052 point cloud...
  H0 features: 1052
  H1 features: 454
Analyzing persistence diagram ranges...
Found 32 valid diagrams with 10532 total finite features
Actual persistence ranges:
  Birth times: 0.0000 - 0.9984
  Lifespans: 0.0000 - 0.9782
Adjusted persistence image parameters:
  birth_range: (0.0000, 1.0983)
  pers_range: (0.0010, 1.0761)
PersistenceImager config: pixel_size=0.0077, sigma=0.0130

Persistence image conversion results:
  Successful: 16/16
  Success rate: 100.0%
Point cloud optimization: 551 -> 500
Computing persistence on full 513 point cloud...
  H0 features: 513
  H1 features: 212
Point cloud optimization: 641 -> 500
Computing persistence on full 537 point cloud...
  H0 features: 537
  H1 features: 136
Computing persistence on full 410 point cloud...
  H0 features: 410
  H1 features: 179
Computing persistence on full 450 point cloud...
  H0 features: 450
  H1 features: 147
Point cloud optimization: 566 -> 500
Computing persistence on full 518 point cloud...
  H0 features: 518
  H1 features: 200
Point cloud optimization: 512 -> 500
Computing persistence on full 502 point cloud...
  H0 features: 502
  H1 features: 272
Computing persistence on full 434 point cloud...
  H0 features: 434
  H1 features: 233
Point cloud optimization: 734 -> 500
Computing persistence on full 579 point cloud...
  H0 features: 579
  H1 features: 226
Computing persistence on full 464 point cloud...
  H0 features: 464
  H1 features: 133
Computing persistence on full 414 point cloud...
  H0 features: 414
  H1 features: 120
Computing persistence on full 335 point cloud...
  H0 features: 335
  H1 features: 165
Point cloud optimization: 724 -> 500
Computing persistence on full 571 point cloud...
  H0 features: 571
  H1 features: 266
Computing persistence on full 424 point cloud...
  H0 features: 424
  H1 features: 186
Computing persistence on full 254 point cloud...
  H0 features: 254
  H1 features: 104
Computing persistence on full 385 point cloud...
  H0 features: 385
  H1 features: 202
Computing persistence on full 368 point cloud...
  H0 features: 368
  H1 features: 171
Analyzing persistence diagram ranges...
Found 32 valid diagrams with 10094 total finite features
Actual persistence ranges:
  Birth times: 0.0000 - 0.9991
  Lifespans: 0.0000 - 0.9838
Adjusted persistence image parameters:
  birth_range: (0.0000, 1.0990)
  pers_range: (0.0010, 1.0821)
PersistenceImager config: pixel_size=0.0078, sigma=0.0131

Persistence image conversion results:
  Successful: 16/16
  Success rate: 100.0%
Point cloud optimization: 506 -> 500
Computing persistence on full 500 point cloud...
  H0 features: 500
  H1 features: 258
Computing persistence on full 296 point cloud...
  H0 features: 296
  H1 features: 129
Computing persistence on full 456 point cloud...
  H0 features: 456
  H1 features: 213
Computing persistence on full 408 point cloud...
  H0 features: 408
  H1 features: 128
Computing persistence on full 323 point cloud...
  H0 features: 323
  H1 features: 60
Point cloud optimization: 518 -> 500
Computing persistence on full 503 point cloud...
  H0 features: 503
  H1 features: 173
Computing persistence on full 346 point cloud...
  H0 features: 346
  H1 features: 148
Point cloud optimization: 746 -> 500
Computing persistence on full 585 point cloud...
  H0 features: 585
  H1 features: 239
Point cloud optimization: 528 -> 500
Computing persistence on full 506 point cloud...
  H0 features: 506
  H1 features: 186
Point cloud optimization: 566 -> 500
Computing persistence on full 518 point cloud...
  H0 features: 518
  H1 features: 174
Computing persistence on full 244 point cloud...
  H0 features: 244
  H1 features: 68
Point cloud optimization: 549 -> 500
Computing persistence on full 511 point cloud...
  H0 features: 511
  H1 features: 118
Computing persistence on full 445 point cloud...
  H0 features: 445
  H1 features: 210
Computing persistence on full 371 point cloud...
  H0 features: 371
  H1 features: 140
Computing persistence on full 415 point cloud...
  H0 features: 415
  H1 features: 183
Point cloud optimization: 762 -> 500
Computing persistence on full 597 point cloud...
  H0 features: 597
  H1 features: 139
Analyzing persistence diagram ranges...
Found 32 valid diagrams with 9574 total finite features
Actual persistence ranges:
  Birth times: 0.0000 - 0.9991
  Lifespans: 0.0000 - 0.9825
Adjusted persistence image parameters:
  birth_range: (0.0000, 1.0990)
  pers_range: (0.0010, 1.0808)
PersistenceImager config: pixel_size=0.0078, sigma=0.0131

Persistence image conversion results:
  Successful: 16/16
  Success rate: 100.0%
  Progress: 3200/78541 (4.1%) Rate: 1.2 samples/sec, ETA: 1011.9min
Computing persistence on full 272 point cloud...
  H0 features: 272
  H1 features: 106
Computing persistence on full 356 point cloud...
  H0 features: 356
  H1 features: 173
Point cloud optimization: 857 -> 500
Computing persistence on full 651 point cloud...
  H0 features: 651
  H1 features: 322
Point cloud optimization: 625 -> 500
Computing persistence on full 536 point cloud...
  H0 features: 536
  H1 features: 186
Computing persistence on full 310 point cloud...
  H0 features: 310
  H1 features: 137
Point cloud optimization: 602 -> 500
Computing persistence on full 525 point cloud...
  H0 features: 525
  H1 features: 95
Computing persistence on full 477 point cloud...
  H0 features: 477
  H1 features: 185
Point cloud optimization: 949 -> 500
Computing persistence on full 725 point cloud...
  H0 features: 725
  H1 features: 334
Computing persistence on full 429 point cloud...
  H0 features: 429
  H1 features: 168
Point cloud optimization: 503 -> 500
Computing persistence on full 500 point cloud...
  H0 features: 500
  H1 features: 226
Computing persistence on full 386 point cloud...
  H0 features: 386
  H1 features: 150
Computing persistence on full 402 point cloud...
  H0 features: 402
  H1 features: 138
Computing persistence on full 483 point cloud...
  H0 features: 483
  H1 features: 175
Computing persistence on full 350 point cloud...
  H0 features: 350
  H1 features: 136
Computing persistence on full 322 point cloud...
  H0 features: 322
  H1 features: 118
Point cloud optimization: 599 -> 500
Computing persistence on full 528 point cloud...
  H0 features: 528
  H1 features: 189
Analyzing persistence diagram ranges...
Found 32 valid diagrams with 10074 total finite features
Actual persistence ranges:
  Birth times: 0.0000 - 0.9993
  Lifespans: 0.0000 - 0.9683
Adjusted persistence image parameters:
  birth_range: (0.0000, 1.0992)
  pers_range: (0.0010, 1.0652)
PersistenceImager config: pixel_size=0.0077, sigma=0.0129

Persistence image conversion results:
  Successful: 16/16
  Success rate: 100.0%
Point cloud optimization: 620 -> 500
Computing persistence on full 535 point cloud...
  H0 features: 535
  H1 features: 250
Point cloud optimization: 513 -> 500
Computing persistence on full 502 point cloud...
  H0 features: 502
  H1 features: 251
Point cloud optimization: 788 -> 500
Computing persistence on full 612 point cloud...
  H0 features: 612
  H1 features: 175
Point cloud optimization: 595 -> 500
Computing persistence on full 526 point cloud...
  H0 features: 526
  H1 features: 263
Point cloud optimization: 626 -> 500
Computing persistence on full 534 point cloud...
  H0 features: 534
  H1 features: 243
Point cloud optimization: 852 -> 500
Computing persistence on full 644 point cloud...
  H0 features: 644
  H1 features: 280
Point cloud optimization: 1877 -> 500
Computing persistence on full 1409 point cloud...
  H0 features: 1409
  H1 features: 585
Point cloud optimization: 571 -> 500
Computing persistence on full 519 point cloud...
  H0 features: 519
  H1 features: 287
Computing persistence on full 248 point cloud...
  H0 features: 248
  H1 features: 110
Computing persistence on full 371 point cloud...
  H0 features: 371
  H1 features: 125
Computing persistence on full 306 point cloud...
  H0 features: 306
  H1 features: 116
Computing persistence on full 344 point cloud...
  H0 features: 344
  H1 features: 74
Point cloud optimization: 631 -> 500
Computing persistence on full 535 point cloud...
  H0 features: 535
  H1 features: 203
Point cloud optimization: 715 -> 500
Computing persistence on full 565 point cloud...
  H0 features: 565
  H1 features: 209
Computing persistence on full 479 point cloud...
  H0 features: 479
  H1 features: 222
Computing persistence on full 427 point cloud...
  H0 features: 427
  H1 features: 247
Analyzing persistence diagram ranges...
Found 32 valid diagrams with 12180 total finite features
Actual persistence ranges:
  Birth times: 0.0000 - 0.9987
  Lifespans: 0.0000 - 0.9823
Adjusted persistence image parameters:
  birth_range: (0.0000, 1.0986)
  pers_range: (0.0010, 1.0805)
PersistenceImager config: pixel_size=0.0078, sigma=0.0131

Persistence image conversion results:
  Successful: 16/16
  Success rate: 100.0%
Point cloud optimization: 601 -> 500
Computing persistence on full 525 point cloud...
  H0 features: 525
  H1 features: 147
Computing persistence on full 329 point cloud...
  H0 features: 329
  H1 features: 120
Computing persistence on full 407 point cloud...
  H0 features: 407
  H1 features: 162
Computing persistence on full 160 point cloud...
  H0 features: 160
  H1 features: 37
Computing persistence on full 219 point cloud...
  H0 features: 219
  H1 features: 55
Point cloud optimization: 730 -> 500
Computing persistence on full 581 point cloud...
  H0 features: 581
  H1 features: 289
Point cloud optimization: 1023 -> 500
Computing persistence on full 774 point cloud...
  H0 features: 774
  H1 features: 280
Computing persistence on full 272 point cloud...
  H0 features: 272
  H1 features: 63
Point cloud optimization: 1152 -> 500
Computing persistence on full 863 point cloud...
  H0 features: 863
  H1 features: 454
Point cloud optimization: 544 -> 500
Computing persistence on full 511 point cloud...
  H0 features: 511
  H1 features: 191
Point cloud optimization: 892 -> 500
Computing persistence on full 673 point cloud...
  H0 features: 673
  H1 features: 326
Computing persistence on full 452 point cloud...
  H0 features: 452
  H1 features: 204
Point cloud optimization: 544 -> 500
Computing persistence on full 511 point cloud...
  H0 features: 511
  H1 features: 123
Point cloud optimization: 519 -> 500
Computing persistence on full 504 point cloud...
  H0 features: 504
  H1 features: 189
Point cloud optimization: 639 -> 500
Computing persistence on full 535 point cloud...
  H0 features: 535
  H1 features: 117
Computing persistence on full 285 point cloud...
  H0 features: 285
  H1 features: 127
Analyzing persistence diagram ranges...
Found 32 valid diagrams with 10469 total finite features
Actual persistence ranges:
  Birth times: 0.0000 - 0.9995
  Lifespans: 0.0000 - 0.9750
Adjusted persistence image parameters:
  birth_range: (0.0000, 1.0995)
  pers_range: (0.0010, 1.0725)
PersistenceImager config: pixel_size=0.0077, sigma=0.0130

Persistence image conversion results:
  Successful: 16/16
  Success rate: 100.0%
Computing persistence on full 282 point cloud...
  H0 features: 282
  H1 features: 86
Computing persistence on full 484 point cloud...
  H0 features: 484
  H1 features: 189
Computing persistence on full 241 point cloud...
  H0 features: 241
  H1 features: 58
Point cloud optimization: 638 -> 500
Computing persistence on full 535 point cloud...
  H0 features: 535
  H1 features: 302
Computing persistence on full 360 point cloud...
  H0 features: 360
  H1 features: 149
Point cloud optimization: 710 -> 500
Computing persistence on full 562 point cloud...
  H0 features: 562
  H1 features: 235
Computing persistence on full 234 point cloud...
  H0 features: 234
  H1 features: 40
Computing persistence on full 217 point cloud...
  H0 features: 217
  H1 features: 48
Point cloud optimization: 737 -> 500
Computing persistence on full 581 point cloud...
  H0 features: 581
  H1 features: 161
Point cloud optimization: 646 -> 500
Computing persistence on full 537 point cloud...
  H0 features: 537
  H1 features: 130
Computing persistence on full 383 point cloud...
  H0 features: 383
  H1 features: 148
Point cloud optimization: 602 -> 500
Computing persistence on full 528 point cloud...
  H0 features: 528
  H1 features: 249
Point cloud optimization: 704 -> 500
Computing persistence on full 559 point cloud...
  H0 features: 559
  H1 features: 206
Computing persistence on full 263 point cloud...
  H0 features: 263
  H1 features: 116
Computing persistence on full 368 point cloud...
  H0 features: 368
  H1 features: 92
Point cloud optimization: 1719 -> 500
Computing persistence on full 1339 point cloud...
  H0 features: 1339
  H1 features: 818
Analyzing persistence diagram ranges...
Found 32 valid diagrams with 10484 total finite features
Actual persistence ranges:
  Birth times: 0.0000 - 0.9983
  Lifespans: 0.0000 - 0.9756
Adjusted persistence image parameters:
  birth_range: (0.0000, 1.0982)
  pers_range: (0.0010, 1.0732)
PersistenceImager config: pixel_size=0.0077, sigma=0.0130

Persistence image conversion results:
  Successful: 16/16
  Success rate: 100.0%
Computing persistence on full 206 point cloud...
  H0 features: 206
  H1 features: 44
Point cloud optimization: 620 -> 500
Computing persistence on full 530 point cloud...
  H0 features: 530
  H1 features: 217
Computing persistence on full 441 point cloud...
  H0 features: 441
  H1 features: 104
Point cloud optimization: 557 -> 500
Computing persistence on full 512 point cloud...
  H0 features: 512
  H1 features: 130
Point cloud optimization: 911 -> 500
Computing persistence on full 692 point cloud...
  H0 features: 692
  H1 features: 232
Computing persistence on full 353 point cloud...
  H0 features: 353
  H1 features: 92
Point cloud optimization: 853 -> 500
Computing persistence on full 650 point cloud...
  H0 features: 650
  H1 features: 439
Computing persistence on full 455 point cloud...
  H0 features: 455
  H1 features: 116
Computing persistence on full 362 point cloud...
  H0 features: 362
  H1 features: 184
Computing persistence on full 494 point cloud...
  H0 features: 494
  H1 features: 252
Point cloud optimization: 648 -> 500
Computing persistence on full 540 point cloud...
  H0 features: 540
  H1 features: 296
Point cloud optimization: 565 -> 500
Computing persistence on full 518 point cloud...
  H0 features: 518
  H1 features: 203
Point cloud optimization: 635 -> 500
Computing persistence on full 536 point cloud...
  H0 features: 536
  H1 features: 267
Computing persistence on full 319 point cloud...
  H0 features: 319
  H1 features: 89
Computing persistence on full 235 point cloud...
  H0 features: 235
  H1 features: 104
Computing persistence on full 321 point cloud...
  H0 features: 321
  H1 features: 86
Analyzing persistence diagram ranges...
Found 32 valid diagrams with 10003 total finite features
Actual persistence ranges:
  Birth times: 0.0000 - 0.9985
  Lifespans: 0.0000 - 0.9726
Adjusted persistence image parameters:
  birth_range: (0.0000, 1.0984)
  pers_range: (0.0010, 1.0699)
PersistenceImager config: pixel_size=0.0077, sigma=0.0129

Persistence image conversion results:
  Successful: 16/16
  Success rate: 100.0%
Point cloud optimization: 564 -> 500
Computing persistence on full 517 point cloud...
  H0 features: 517
  H1 features: 163
Point cloud optimization: 685 -> 500
Computing persistence on full 546 point cloud...
  H0 features: 546
  H1 features: 256
Computing persistence on full 246 point cloud...
  H0 features: 246
  H1 features: 109
Point cloud optimization: 1397 -> 500
Computing persistence on full 1041 point cloud...
  H0 features: 1041
  H1 features: 685
Computing persistence on full 305 point cloud...
  H0 features: 305
  H1 features: 125
Computing persistence on full 336 point cloud...
  H0 features: 336
  H1 features: 150
Computing persistence on full 397 point cloud...
  H0 features: 397
  H1 features: 188
Computing persistence on full 455 point cloud...
  H0 features: 455
  H1 features: 176
Computing persistence on full 365 point cloud...
  H0 features: 365
  H1 features: 170
Point cloud optimization: 558 -> 500
Computing persistence on full 516 point cloud...
  H0 features: 516
  H1 features: 209
Point cloud optimization: 660 -> 500
Computing persistence on full 537 point cloud...
  H0 features: 537
  H1 features: 111
Computing persistence on full 258 point cloud...
  H0 features: 258
  H1 features: 43
Point cloud optimization: 652 -> 500
Computing persistence on full 535 point cloud...
  H0 features: 535
  H1 features: 151
Point cloud optimization: 1018 -> 500
Computing persistence on full 769 point cloud...
  H0 features: 769
  H1 features: 162
Point cloud optimization: 589 -> 500
Computing persistence on full 523 point cloud...
  H0 features: 523
  H1 features: 188
Computing persistence on full 328 point cloud...
  H0 features: 328
  H1 features: 175
Analyzing persistence diagram ranges...
Found 32 valid diagrams with 10719 total finite features
Actual persistence ranges:
  Birth times: 0.0000 - 0.9985
  Lifespans: 0.0000 - 0.9887
Adjusted persistence image parameters:
  birth_range: (0.0000, 1.0984)
  pers_range: (0.0010, 1.0876)
PersistenceImager config: pixel_size=0.0078, sigma=0.0132

Persistence image conversion results:
  Successful: 16/16
  Success rate: 100.0%
Computing persistence on full 395 point cloud...
  H0 features: 395
  H1 features: 168
Point cloud optimization: 685 -> 500
Computing persistence on full 546 point cloud...
  H0 features: 546
  H1 features: 153
Computing persistence on full 288 point cloud...
  H0 features: 288
  H1 features: 125
Computing persistence on full 262 point cloud...
  H0 features: 262
  H1 features: 117
Computing persistence on full 377 point cloud...
  H0 features: 377
  H1 features: 190
Point cloud optimization: 889 -> 500
Computing persistence on full 681 point cloud...
  H0 features: 681
  H1 features: 238
Point cloud optimization: 1158 -> 500
Computing persistence on full 871 point cloud...
  H0 features: 871
  H1 features: 236
Computing persistence on full 402 point cloud...
  H0 features: 402
  H1 features: 210
Point cloud optimization: 873 -> 500
Computing persistence on full 661 point cloud...
  H0 features: 661
  H1 features: 245
Point cloud optimization: 724 -> 500
Computing persistence on full 569 point cloud...
  H0 features: 569
  H1 features: 136
Point cloud optimization: 876 -> 500
Computing persistence on full 679 point cloud...
  H0 features: 679
  H1 features: 236
Computing persistence on full 461 point cloud...
  H0 features: 461
  H1 features: 220
Point cloud optimization: 639 -> 500
Computing persistence on full 537 point cloud...
  H0 features: 537
  H1 features: 139
Point cloud optimization: 617 -> 500
Computing persistence on full 535 point cloud...
  H0 features: 535
  H1 features: 183
Point cloud optimization: 980 -> 500
Computing persistence on full 743 point cloud...
  H0 features: 743
  H1 features: 334
Point cloud optimization: 1039 -> 500
Computing persistence on full 787 point cloud...
  H0 features: 787
  H1 features: 299
Analyzing persistence diagram ranges...
Found 32 valid diagrams with 12007 total finite features
Actual persistence ranges:
  Birth times: 0.0000 - 0.9981
  Lifespans: 0.0000 - 0.9787
Adjusted persistence image parameters:
  birth_range: (0.0000, 1.0980)
  pers_range: (0.0010, 1.0765)
PersistenceImager config: pixel_size=0.0077, sigma=0.0130

Persistence image conversion results:
  Successful: 16/16
  Success rate: 100.0%
Computing persistence on full 439 point cloud...
  H0 features: 439
  H1 features: 221
Point cloud optimization: 751 -> 500
Computing persistence on full 585 point cloud...
  H0 features: 585
  H1 features: 207
Point cloud optimization: 506 -> 500
Computing persistence on full 500 point cloud...
  H0 features: 500
  H1 features: 231
Point cloud optimization: 726 -> 500
Computing persistence on full 572 point cloud...
  H0 features: 572
  H1 features: 205
Computing persistence on full 474 point cloud...
  H0 features: 474
  H1 features: 251
Point cloud optimization: 840 -> 500
Computing persistence on full 636 point cloud...
  H0 features: 636
  H1 features: 198
Point cloud optimization: 615 -> 500
Computing persistence on full 531 point cloud...
  H0 features: 531
  H1 features: 277
Computing persistence on full 232 point cloud...
  H0 features: 232
  H1 features: 80
Computing persistence on full 388 point cloud...
  H0 features: 388
  H1 features: 144
Computing persistence on full 486 point cloud...
  H0 features: 486
  H1 features: 242
Point cloud optimization: 519 -> 500
Computing persistence on full 504 point cloud...
  H0 features: 504
  H1 features: 113
Point cloud optimization: 564 -> 500
Computing persistence on full 516 point cloud...
  H0 features: 516
  H1 features: 155
Point cloud optimization: 660 -> 500
Computing persistence on full 544 point cloud...
  H0 features: 544
  H1 features: 233
Computing persistence on full 289 point cloud...
  H0 features: 289
  H1 features: 87
Point cloud optimization: 662 -> 500
Computing persistence on full 543 point cloud...
  H0 features: 543
  H1 features: 144
Computing persistence on full 428 point cloud...
  H0 features: 428
  H1 features: 179
Analyzing persistence diagram ranges...
Found 32 valid diagrams with 10618 total finite features
Actual persistence ranges:
  Birth times: 0.0000 - 0.9984
  Lifespans: 0.0000 - 0.9775
Adjusted persistence image parameters:
  birth_range: (0.0000, 1.0982)
  pers_range: (0.0010, 1.0752)
PersistenceImager config: pixel_size=0.0077, sigma=0.0130

Persistence image conversion results:
  Successful: 16/16
  Success rate: 100.0%
Point cloud optimization: 551 -> 500
Computing persistence on full 512 point cloud...
  H0 features: 512
  H1 features: 134
Point cloud optimization: 562 -> 500
Computing persistence on full 515 point cloud...
  H0 features: 515
  H1 features: 134
Computing persistence on full 342 point cloud...
  H0 features: 342
  H1 features: 114
Computing persistence on full 357 point cloud...
  H0 features: 357
  H1 features: 80
Computing persistence on full 354 point cloud...
  H0 features: 354
  H1 features: 172
Computing persistence on full 242 point cloud...
  H0 features: 242
  H1 features: 98
Point cloud optimization: 875 -> 500
Computing persistence on full 660 point cloud...
  H0 features: 660
  H1 features: 238
Computing persistence on full 343 point cloud...
  H0 features: 343
  H1 features: 94
Computing persistence on full 357 point cloud...
  H0 features: 357
  H1 features: 160
Point cloud optimization: 2234 -> 500
Computing persistence on full 1648 point cloud...
  H0 features: 1648
  H1 features: 599
Computing persistence on full 265 point cloud...
  H0 features: 265
  H1 features: 116
Computing persistence on full 334 point cloud...
  H0 features: 334
  H1 features: 136
Point cloud optimization: 506 -> 500
Computing persistence on full 500 point cloud...
  H0 features: 500
  H1 features: 114
Computing persistence on full 252 point cloud...
  H0 features: 252
  H1 features: 58
Computing persistence on full 360 point cloud...
  H0 features: 360
  H1 features: 142
Point cloud optimization: 681 -> 500
Computing persistence on full 550 point cloud...
  H0 features: 550
  H1 features: 237
Analyzing persistence diagram ranges...
Found 32 valid diagrams with 10201 total finite features
Actual persistence ranges:
  Birth times: 0.0000 - 0.9961
  Lifespans: 0.0000 - 0.9768
Adjusted persistence image parameters:
  birth_range: (0.0000, 1.0957)
  pers_range: (0.0010, 1.0745)
PersistenceImager config: pixel_size=0.0077, sigma=0.0130

Persistence image conversion results:
  Successful: 16/16
  Success rate: 100.0%
Computing persistence on full 244 point cloud...
  H0 features: 244
  H1 features: 90
Point cloud optimization: 663 -> 500
Computing persistence on full 542 point cloud...
  H0 features: 542
  H1 features: 174
Point cloud optimization: 938 -> 500
Computing persistence on full 719 point cloud...
  H0 features: 719
  H1 features: 216
Computing persistence on full 439 point cloud...
  H0 features: 439
  H1 features: 213
Point cloud optimization: 528 -> 500
Computing persistence on full 506 point cloud...
  H0 features: 506
  H1 features: 196
Computing persistence on full 173 point cloud...
  H0 features: 173
  H1 features: 35
Computing persistence on full 269 point cloud...
  H0 features: 269
  H1 features: 66
Computing persistence on full 318 point cloud...
  H0 features: 318
  H1 features: 110
Computing persistence on full 325 point cloud...
  H0 features: 325
  H1 features: 72
Computing persistence on full 448 point cloud...
  H0 features: 448
  H1 features: 99
Computing persistence on full 368 point cloud...
  H0 features: 368
  H1 features: 107
Computing persistence on full 324 point cloud...
  H0 features: 324
  H1 features: 128
Point cloud optimization: 570 -> 500
Computing persistence on full 518 point cloud...
  H0 features: 518
  H1 features: 193
Computing persistence on full 264 point cloud...
  H0 features: 264
  H1 features: 116
Point cloud optimization: 1083 -> 500
Computing persistence on full 819 point cloud...
  H0 features: 819
  H1 features: 223
Computing persistence on full 332 point cloud...
  H0 features: 332
  H1 features: 117
Analyzing persistence diagram ranges...
Found 32 valid diagrams with 8747 total finite features
Actual persistence ranges:
  Birth times: 0.0000 - 0.9985
  Lifespans: 0.0000 - 0.9814
Adjusted persistence image parameters:
  birth_range: (0.0000, 1.0983)
  pers_range: (0.0010, 1.0795)
PersistenceImager config: pixel_size=0.0078, sigma=0.0131

Persistence image conversion results:
  Successful: 16/16
  Success rate: 100.0%
Computing persistence on full 305 point cloud...
  H0 features: 305
  H1 features: 130
Computing persistence on full 499 point cloud...
  H0 features: 499
  H1 features: 301
Computing persistence on full 246 point cloud...
  H0 features: 246
  H1 features: 88
Computing persistence on full 447 point cloud...
  H0 features: 447
  H1 features: 216
Computing persistence on full 299 point cloud...
  H0 features: 299
  H1 features: 126
Point cloud optimization: 533 -> 500
Computing persistence on full 507 point cloud...
  H0 features: 507
  H1 features: 206
Point cloud optimization: 622 -> 500
Computing persistence on full 532 point cloud...
  H0 features: 532
  H1 features: 149
Point cloud optimization: 612 -> 500
Computing persistence on full 530 point cloud...
  H0 features: 530
  H1 features: 209
Point cloud optimization: 590 -> 500
Computing persistence on full 526 point cloud...
  H0 features: 526
  H1 features: 288
Computing persistence on full 452 point cloud...
  H0 features: 452
  H1 features: 192
Point cloud optimization: 697 -> 500
Computing persistence on full 552 point cloud...
  H0 features: 552
  H1 features: 261
Point cloud optimization: 586 -> 500
Computing persistence on full 523 point cloud...
  H0 features: 523
  H1 features: 313
Computing persistence on full 460 point cloud...
  H0 features: 460
  H1 features: 168
Computing persistence on full 314 point cloud...
  H0 features: 314
  H1 features: 71
Computing persistence on full 366 point cloud...
  H0 features: 366
  H1 features: 145
Point cloud optimization: 606 -> 500
Computing persistence on full 530 point cloud...
  H0 features: 530
  H1 features: 257
Analyzing persistence diagram ranges...
Found 32 valid diagrams with 10192 total finite features
Actual persistence ranges:
  Birth times: 0.0000 - 0.9984
  Lifespans: 0.0000 - 0.9776
Adjusted persistence image parameters:
  birth_range: (0.0000, 1.0983)
  pers_range: (0.0010, 1.0754)
PersistenceImager config: pixel_size=0.0077, sigma=0.0130

Persistence image conversion results:
  Successful: 16/16
  Success rate: 100.0%
Point cloud optimization: 760 -> 500
Computing persistence on full 591 point cloud...
  H0 features: 591
  H1 features: 233
Point cloud optimization: 530 -> 500
Computing persistence on full 507 point cloud...
  H0 features: 507
  H1 features: 299
Point cloud optimization: 553 -> 500
Computing persistence on full 514 point cloud...
  H0 features: 514
  H1 features: 153
Computing persistence on full 278 point cloud...
  H0 features: 278
  H1 features: 118
Computing persistence on full 353 point cloud...
  H0 features: 353
  H1 features: 105
Computing persistence on full 442 point cloud...
  H0 features: 442
  H1 features: 216
Computing persistence on full 317 point cloud...
  H0 features: 317
  H1 features: 103
Computing persistence on full 330 point cloud...
  H0 features: 330
  H1 features: 91
Computing persistence on full 413 point cloud...
  H0 features: 413
  H1 features: 169
Computing persistence on full 233 point cloud...
  H0 features: 233
  H1 features: 51
Computing persistence on full 446 point cloud...
  H0 features: 446
  H1 features: 85
Computing persistence on full 476 point cloud...
  H0 features: 476
  H1 features: 193
Computing persistence on full 300 point cloud...
  H0 features: 300
  H1 features: 81
Point cloud optimization: 789 -> 500
Computing persistence on full 604 point cloud...
  H0 features: 604
  H1 features: 200
Computing persistence on full 314 point cloud...
  H0 features: 314
  H1 features: 79
Point cloud optimization: 629 -> 500
Computing persistence on full 536 point cloud...
  H0 features: 536
  H1 features: 224
Analyzing persistence diagram ranges...
Found 32 valid diagrams with 9038 total finite features
Actual persistence ranges:
  Birth times: 0.0000 - 0.9989
  Lifespans: 0.0000 - 0.9831
Adjusted persistence image parameters:
  birth_range: (0.0000, 1.0988)
  pers_range: (0.0010, 1.0814)
PersistenceImager config: pixel_size=0.0078, sigma=0.0131

Persistence image conversion results:
  Successful: 16/16
  Success rate: 100.0%
Point cloud optimization: 582 -> 500
Computing persistence on full 523 point cloud...
  H0 features: 523
  H1 features: 135
Computing persistence on full 245 point cloud...
  H0 features: 245
  H1 features: 86
Computing persistence on full 206 point cloud...
  H0 features: 206
  H1 features: 62
Point cloud optimization: 921 -> 500
Computing persistence on full 698 point cloud...
  H0 features: 698
  H1 features: 262
Computing persistence on full 315 point cloud...
  H0 features: 315
  H1 features: 130
Point cloud optimization: 1149 -> 500
Computing persistence on full 868 point cloud...
  H0 features: 868
  H1 features: 335
Computing persistence on full 338 point cloud...
  H0 features: 338
  H1 features: 84
Computing persistence on full 362 point cloud...
  H0 features: 362
  H1 features: 131
Point cloud optimization: 528 -> 500
Computing persistence on full 506 point cloud...
  H0 features: 506
  H1 features: 202
Computing persistence on full 313 point cloud...
  H0 features: 313
  H1 features: 105
Computing persistence on full 491 point cloud...
  H0 features: 491
  H1 features: 224
Point cloud optimization: 684 -> 500
Computing persistence on full 556 point cloud...
  H0 features: 556
  H1 features: 233
Point cloud optimization: 513 -> 500
Computing persistence on full 503 point cloud...
  H0 features: 503
  H1 features: 223
Point cloud optimization: 1049 -> 500
Computing persistence on full 816 point cloud...
  H0 features: 816
  H1 features: 331
Computing persistence on full 377 point cloud...
  H0 features: 377
  H1 features: 105
Point cloud optimization: 620 -> 500
Computing persistence on full 532 point cloud...
  H0 features: 532
  H1 features: 282
Analyzing persistence diagram ranges...
Found 32 valid diagrams with 10563 total finite features
Actual persistence ranges:
  Birth times: 0.0000 - 0.9986
  Lifespans: 0.0000 - 0.9722
Adjusted persistence image parameters:
  birth_range: (0.0000, 1.0984)
  pers_range: (0.0010, 1.0694)
PersistenceImager config: pixel_size=0.0077, sigma=0.0129

Persistence image conversion results:
  Successful: 16/16
  Success rate: 100.0%
Computing persistence on full 429 point cloud...
  H0 features: 429
  H1 features: 148
Point cloud optimization: 585 -> 500
Computing persistence on full 522 point cloud...
  H0 features: 522
  H1 features: 209
Point cloud optimization: 505 -> 500
Computing persistence on full 500 point cloud...
  H0 features: 500
  H1 features: 277
Computing persistence on full 382 point cloud...
  H0 features: 382
  H1 features: 128
Point cloud optimization: 565 -> 500
Computing persistence on full 518 point cloud...
  H0 features: 518
  H1 features: 136
Computing persistence on full 465 point cloud...
  H0 features: 465
  H1 features: 162
Point cloud optimization: 649 -> 500
Computing persistence on full 539 point cloud...
  H0 features: 539
  H1 features: 159
Point cloud optimization: 590 -> 500
Computing persistence on full 521 point cloud...
  H0 features: 521
  H1 features: 126
Point cloud optimization: 567 -> 500
Computing persistence on full 519 point cloud...
  H0 features: 519
  H1 features: 161
Point cloud optimization: 512 -> 500
Computing persistence on full 502 point cloud...
  H0 features: 502
  H1 features: 212
Point cloud optimization: 613 -> 500
Computing persistence on full 533 point cloud...
  H0 features: 533
  H1 features: 259
Point cloud optimization: 698 -> 500
Computing persistence on full 553 point cloud...
  H0 features: 553
  H1 features: 235
Point cloud optimization: 536 -> 500
Computing persistence on full 509 point cloud...
  H0 features: 509
  H1 features: 219
Computing persistence on full 284 point cloud...
  H0 features: 284
  H1 features: 91
Computing persistence on full 264 point cloud...
  H0 features: 264
  H1 features: 115
Point cloud optimization: 545 -> 500
Computing persistence on full 512 point cloud...
  H0 features: 512
  H1 features: 222
Analyzing persistence diagram ranges...
Found 32 valid diagrams with 10395 total finite features
Actual persistence ranges:
  Birth times: 0.0000 - 0.9973
  Lifespans: 0.0000 - 0.9772
Adjusted persistence image parameters:
  birth_range: (0.0000, 1.0970)
  pers_range: (0.0010, 1.0750)
PersistenceImager config: pixel_size=0.0077, sigma=0.0130

Persistence image conversion results:
  Successful: 16/16
  Success rate: 100.0%
Computing persistence on full 269 point cloud...
  H0 features: 221
  H1 features: 36
Computing persistence on full 385 point cloud...
  H0 features: 385
  H1 features: 169
Computing persistence on full 452 point cloud...
  H0 features: 452
  H1 features: 217
Point cloud optimization: 548 -> 500
Computing persistence on full 512 point cloud...
  H0 features: 512
  H1 features: 273
Point cloud optimization: 1031 -> 500
Computing persistence on full 777 point cloud...
  H0 features: 777
  H1 features: 338
Point cloud optimization: 558 -> 500
Computing persistence on full 515 point cloud...
  H0 features: 515
  H1 features: 131
Point cloud optimization: 532 -> 500
Computing persistence on full 508 point cloud...
  H0 features: 508
  H1 features: 207
Computing persistence on full 493 point cloud...
  H0 features: 493
  H1 features: 140
Point cloud optimization: 542 -> 500
Computing persistence on full 511 point cloud...
  H0 features: 511
  H1 features: 149
Computing persistence on full 352 point cloud...
  H0 features: 352
  H1 features: 89
Computing persistence on full 306 point cloud...
  H0 features: 306
  H1 features: 132
Point cloud optimization: 599 -> 500
Computing persistence on full 529 point cloud...
  H0 features: 529
  H1 features: 255
Point cloud optimization: 522 -> 500
Computing persistence on full 505 point cloud...
  H0 features: 505
  H1 features: 149
Point cloud optimization: 626 -> 500
Computing persistence on full 536 point cloud...
  H0 features: 536
  H1 features: 181
Point cloud optimization: 958 -> 500
Computing persistence on full 727 point cloud...
  H0 features: 727
  H1 features: 227
Point cloud optimization: 684 -> 500
Computing persistence on full 556 point cloud...
  H0 features: 556
  H1 features: 175
Analyzing persistence diagram ranges...
Found 32 valid diagrams with 10737 total finite features
Actual persistence ranges:
  Birth times: 0.0000 - 0.9976
  Lifespans: 0.0000 - 0.9805
Adjusted persistence image parameters:
  birth_range: (0.0000, 1.0974)
  pers_range: (0.0010, 1.0785)
PersistenceImager config: pixel_size=0.0078, sigma=0.0130

Persistence image conversion results:
  Successful: 16/16
  Success rate: 100.0%
Computing persistence on full 467 point cloud...
  H0 features: 467
  H1 features: 237
Computing persistence on full 425 point cloud...
  H0 features: 425
  H1 features: 164
Computing persistence on full 495 point cloud...
  H0 features: 495
  H1 features: 186
Point cloud optimization: 557 -> 500
Computing persistence on full 515 point cloud...
  H0 features: 515
  H1 features: 241
Computing persistence on full 190 point cloud...
  H0 features: 190
  H1 features: 49
Point cloud optimization: 825 -> 500
Computing persistence on full 627 point cloud...
  H0 features: 627
  H1 features: 160
Point cloud optimization: 1460 -> 500
Computing persistence on full 1103 point cloud...
  H0 features: 1103
  H1 features: 617
Point cloud optimization: 694 -> 500
Computing persistence on full 550 point cloud...
  H0 features: 550
  H1 features: 291
Computing persistence on full 351 point cloud...
  H0 features: 351
  H1 features: 147
Point cloud optimization: 832 -> 500
Computing persistence on full 632 point cloud...
  H0 features: 632
  H1 features: 183
Point cloud optimization: 1097 -> 500
Computing persistence on full 824 point cloud...
  H0 features: 824
  H1 features: 538
Point cloud optimization: 860 -> 500
Computing persistence on full 657 point cloud...
  H0 features: 657
  H1 features: 303
Point cloud optimization: 524 -> 500
Computing persistence on full 506 point cloud...
  H0 features: 506
  H1 features: 253
Point cloud optimization: 1072 -> 500
Computing persistence on full 806 point cloud...
  H0 features: 806
  H1 features: 263
Point cloud optimization: 548 -> 500
Computing persistence on full 511 point cloud...
  H0 features: 511
  H1 features: 156
Point cloud optimization: 1331 -> 500
Computing persistence on full 1020 point cloud...
  H0 features: 1020
  H1 features: 295
Analyzing persistence diagram ranges...
Found 32 valid diagrams with 13746 total finite features
Actual persistence ranges:
  Birth times: 0.0000 - 0.9975
  Lifespans: 0.0000 - 0.9752
Adjusted persistence image parameters:
  birth_range: (0.0000, 1.0972)
  pers_range: (0.0010, 1.0728)
PersistenceImager config: pixel_size=0.0077, sigma=0.0130

Persistence image conversion results:
  Successful: 16/16
  Success rate: 100.0%
Point cloud optimization: 1241 -> 500
Computing persistence on full 939 point cloud...
  H0 features: 939
  H1 features: 468
Computing persistence on full 250 point cloud...
  H0 features: 250
  H1 features: 68
Point cloud optimization: 685 -> 500
Computing persistence on full 550 point cloud...
  H0 features: 550
  H1 features: 237
Computing persistence on full 241 point cloud...
  H0 features: 241
  H1 features: 57
Computing persistence on full 340 point cloud...
  H0 features: 340
  H1 features: 102
Computing persistence on full 454 point cloud...
  H0 features: 454
  H1 features: 220
Computing persistence on full 284 point cloud...
  H0 features: 284
  H1 features: 64
Computing persistence on full 424 point cloud...
  H0 features: 424
  H1 features: 178
Point cloud optimization: 873 -> 500
Computing persistence on full 671 point cloud...
  H0 features: 671
  H1 features: 264
Computing persistence on full 408 point cloud...
  H0 features: 408
  H1 features: 118
Computing persistence on full 266 point cloud...
  H0 features: 266
  H1 features: 138
Computing persistence on full 367 point cloud...
  H0 features: 367
  H1 features: 225
Point cloud optimization: 782 -> 500
Computing persistence on full 608 point cloud...
  H0 features: 608
  H1 features: 216
Point cloud optimization: 565 -> 500
Computing persistence on full 516 point cloud...
  H0 features: 516
  H1 features: 147
Point cloud optimization: 1146 -> 500
Computing persistence on full 889 point cloud...
  H0 features: 889
  H1 features: 546
Computing persistence on full 283 point cloud...
  H0 features: 283
  H1 features: 48
Analyzing persistence diagram ranges...
Found 32 valid diagrams with 10570 total finite features
Actual persistence ranges:
  Birth times: 0.0000 - 0.9979
  Lifespans: 0.0000 - 0.9805
Adjusted persistence image parameters:
  birth_range: (0.0000, 1.0977)
  pers_range: (0.0010, 1.0785)
PersistenceImager config: pixel_size=0.0078, sigma=0.0130

Persistence image conversion results:
  Successful: 16/16
  Success rate: 100.0%
Computing persistence on full 374 point cloud...
  H0 features: 374
  H1 features: 140
Computing persistence on full 278 point cloud...
  H0 features: 278
  H1 features: 69
Point cloud optimization: 1108 -> 500
Computing persistence on full 850 point cloud...
  H0 features: 850
  H1 features: 308
Point cloud optimization: 613 -> 500
Computing persistence on full 531 point cloud...
  H0 features: 531
  H1 features: 239
Computing persistence on full 280 point cloud...
  H0 features: 280
  H1 features: 65
Point cloud optimization: 526 -> 500
Computing persistence on full 506 point cloud...
  H0 features: 506
  H1 features: 235
Point cloud optimization: 1767 -> 500
Computing persistence on full 1327 point cloud...
  H0 features: 1327
  H1 features: 259
Point cloud optimization: 665 -> 500
Computing persistence on full 547 point cloud...
  H0 features: 547
  H1 features: 235
Computing persistence on full 438 point cloud...
  H0 features: 438
  H1 features: 148
Point cloud optimization: 718 -> 500
Computing persistence on full 578 point cloud...
  H0 features: 578
  H1 features: 197
Computing persistence on full 244 point cloud...
  H0 features: 244
  H1 features: 104
Point cloud optimization: 516 -> 500
Computing persistence on full 504 point cloud...
  H0 features: 504
  H1 features: 245
Computing persistence on full 367 point cloud...
  H0 features: 367
  H1 features: 156
Point cloud optimization: 650 -> 500
Computing persistence on full 540 point cloud...
  H0 features: 540
  H1 features: 191
Computing persistence on full 220 point cloud...
  H0 features: 220
  H1 features: 42
Computing persistence on full 410 point cloud...
  H0 features: 410
  H1 features: 115
Analyzing persistence diagram ranges...
Found 32 valid diagrams with 10726 total finite features
Actual persistence ranges:
  Birth times: 0.0000 - 0.9983
  Lifespans: 0.0000 - 0.9866
Adjusted persistence image parameters:
  birth_range: (0.0000, 1.0982)
  pers_range: (0.0010, 1.0853)
PersistenceImager config: pixel_size=0.0078, sigma=0.0131

Persistence image conversion results:
  Successful: 16/16
  Success rate: 100.0%
Point cloud optimization: 555 -> 500
Computing persistence on full 514 point cloud...
  H0 features: 514
  H1 features: 239
Point cloud optimization: 734 -> 500
Computing persistence on full 573 point cloud...
  H0 features: 573
  H1 features: 343
Point cloud optimization: 581 -> 500
Computing persistence on full 522 point cloud...
  H0 features: 522
  H1 features: 249
Point cloud optimization: 541 -> 500
Computing persistence on full 510 point cloud...
  H0 features: 510
  H1 features: 246
Point cloud optimization: 733 -> 500
Computing persistence on full 574 point cloud...
  H0 features: 574
  H1 features: 161
Point cloud optimization: 880 -> 500
Computing persistence on full 666 point cloud...
  H0 features: 666
  H1 features: 261
Computing persistence on full 365 point cloud...
  H0 features: 365
  H1 features: 150
Computing persistence on full 282 point cloud...
  H0 features: 282
  H1 features: 69
Computing persistence on full 496 point cloud...
  H0 features: 496
  H1 features: 108
Point cloud optimization: 541 -> 500
Computing persistence on full 509 point cloud...
  H0 features: 509
  H1 features: 154
Computing persistence on full 268 point cloud...
  H0 features: 268
  H1 features: 117
Computing persistence on full 318 point cloud...
  H0 features: 318
  H1 features: 134
Computing persistence on full 400 point cloud...
  H0 features: 400
  H1 features: 151
Computing persistence on full 495 point cloud...
  H0 features: 495
  H1 features: 230
Computing persistence on full 302 point cloud...
  H0 features: 302
  H1 features: 98
Computing persistence on full 310 point cloud...
  H0 features: 310
  H1 features: 112
Analyzing persistence diagram ranges...
Found 32 valid diagrams with 9910 total finite features
Actual persistence ranges:
  Birth times: 0.0000 - 0.9985
  Lifespans: 0.0000 - 0.9839
Adjusted persistence image parameters:
  birth_range: (0.0000, 1.0983)
  pers_range: (0.0010, 1.0823)
PersistenceImager config: pixel_size=0.0078, sigma=0.0131

Persistence image conversion results:
  Successful: 16/16
  Success rate: 100.0%
Computing persistence on full 406 point cloud...
  H0 features: 406
  H1 features: 127
Point cloud optimization: 683 -> 500
Computing persistence on full 539 point cloud...
  H0 features: 539
  H1 features: 101
Computing persistence on full 321 point cloud...
  H0 features: 321
  H1 features: 139
Computing persistence on full 354 point cloud...
  H0 features: 354
  H1 features: 132
Point cloud optimization: 1078 -> 500
Computing persistence on full 818 point cloud...
  H0 features: 818
  H1 features: 222
Point cloud optimization: 1020 -> 500
Computing persistence on full 775 point cloud...
  H0 features: 775
  H1 features: 227
Computing persistence on full 379 point cloud...
  H0 features: 379
  H1 features: 161
Computing persistence on full 369 point cloud...
  H0 features: 369
  H1 features: 197
Computing persistence on full 457 point cloud...
  H0 features: 457
  H1 features: 195
Computing persistence on full 262 point cloud...
  H0 features: 262
  H1 features: 107
Computing persistence on full 394 point cloud...
  H0 features: 394
  H1 features: 154
Computing persistence on full 441 point cloud...
  H0 features: 441
  H1 features: 238
Computing persistence on full 312 point cloud...
  H0 features: 312
  H1 features: 113
Computing persistence on full 325 point cloud...
  H0 features: 325
  H1 features: 135
Point cloud optimization: 713 -> 500
Computing persistence on full 565 point cloud...
  H0 features: 565
  H1 features: 199
Computing persistence on full 427 point cloud...
  H0 features: 427
  H1 features: 222
Analyzing persistence diagram ranges...
Found 32 valid diagrams with 9797 total finite features
Actual persistence ranges:
  Birth times: 0.0000 - 0.9988
  Lifespans: 0.0000 - 0.9789
Adjusted persistence image parameters:
  birth_range: (0.0000, 1.0987)
  pers_range: (0.0010, 1.0768)
PersistenceImager config: pixel_size=0.0077, sigma=0.0130

Persistence image conversion results:
  Successful: 16/16
  Success rate: 100.0%
Computing persistence on full 348 point cloud...
  H0 features: 348
  H1 features: 150
Computing persistence on full 311 point cloud...
  H0 features: 311
  H1 features: 134
Point cloud optimization: 1114 -> 500
Computing persistence on full 838 point cloud...
  H0 features: 838
  H1 features: 391
Computing persistence on full 429 point cloud...
  H0 features: 429
  H1 features: 169
Computing persistence on full 402 point cloud...
  H0 features: 402
  H1 features: 145
Computing persistence on full 266 point cloud...
  H0 features: 266
  H1 features: 126
Point cloud optimization: 1020 -> 500
Computing persistence on full 781 point cloud...
  H0 features: 781
  H1 features: 218
Point cloud optimization: 552 -> 500
Computing persistence on full 513 point cloud...
  H0 features: 513
  H1 features: 232
Point cloud optimization: 1396 -> 500
Computing persistence on full 1049 point cloud...
  H0 features: 1049
  H1 features: 418
Computing persistence on full 483 point cloud...
  H0 features: 483
  H1 features: 187
Point cloud optimization: 690 -> 500
Computing persistence on full 552 point cloud...
  H0 features: 552
  H1 features: 226
Computing persistence on full 311 point cloud...
  H0 features: 311
  H1 features: 66
Computing persistence on full 500 point cloud...
  H0 features: 500
  H1 features: 129
Point cloud optimization: 594 -> 500
Computing persistence on full 525 point cloud...
  H0 features: 525
  H1 features: 138
Point cloud optimization: 507 -> 500
Computing persistence on full 500 point cloud...
  H0 features: 500
  H1 features: 182
Point cloud optimization: 929 -> 500
Computing persistence on full 704 point cloud...
  H0 features: 704
  H1 features: 218
Analyzing persistence diagram ranges...
Found 32 valid diagrams with 11625 total finite features
Actual persistence ranges:
  Birth times: 0.0000 - 0.9989
  Lifespans: 0.0000 - 0.9772
Adjusted persistence image parameters:
  birth_range: (0.0000, 1.0988)
  pers_range: (0.0010, 1.0749)
PersistenceImager config: pixel_size=0.0077, sigma=0.0130

Persistence image conversion results:
  Successful: 16/16
  Success rate: 100.0%
Computing persistence on full 282 point cloud...
  H0 features: 282
  H1 features: 66
Point cloud optimization: 1014 -> 500
Computing persistence on full 776 point cloud...
  H0 features: 776
  H1 features: 387
Point cloud optimization: 977 -> 500
Computing persistence on full 738 point cloud...
  H0 features: 738
  H1 features: 142
Point cloud optimization: 700 -> 500
Computing persistence on full 555 point cloud...
  H0 features: 555
  H1 features: 257
Point cloud optimization: 601 -> 500
Computing persistence on full 528 point cloud...
  H0 features: 528
  H1 features: 244
Point cloud optimization: 514 -> 500
Computing persistence on full 503 point cloud...
  H0 features: 503
  H1 features: 186
Point cloud optimization: 799 -> 500
Computing persistence on full 617 point cloud...
  H0 features: 617
  H1 features: 315
Point cloud optimization: 597 -> 500
Computing persistence on full 526 point cloud...
  H0 features: 526
  H1 features: 246
Computing persistence on full 429 point cloud...
  H0 features: 429
  H1 features: 202
Computing persistence on full 214 point cloud...
  H0 features: 214
  H1 features: 54
Computing persistence on full 491 point cloud...
  H0 features: 491
  H1 features: 248
Computing persistence on full 353 point cloud...
  H0 features: 353
  H1 features: 107
Computing persistence on full 448 point cloud...
  H0 features: 448
  H1 features: 224
Point cloud optimization: 586 -> 500
Computing persistence on full 525 point cloud...
  H0 features: 525
  H1 features: 216
Computing persistence on full 438 point cloud...
  H0 features: 438
  H1 features: 153
Point cloud optimization: 1447 -> 500
Computing persistence on full 1087 point cloud...
  H0 features: 1087
  H1 features: 302
Analyzing persistence diagram ranges...
Found 32 valid diagrams with 11843 total finite features
Actual persistence ranges:
  Birth times: 0.0000 - 0.9987
  Lifespans: 0.0000 - 0.9805
Adjusted persistence image parameters:
  birth_range: (0.0000, 1.0986)
  pers_range: (0.0010, 1.0785)
PersistenceImager config: pixel_size=0.0078, sigma=0.0130

Persistence image conversion results:
  Successful: 16/16
  Success rate: 100.0%
Computing persistence on full 360 point cloud...
  H0 features: 360
  H1 features: 80
Computing persistence on full 356 point cloud...
  H0 features: 356
  H1 features: 143
Computing persistence on full 345 point cloud...
  H0 features: 345
  H1 features: 154
Computing persistence on full 417 point cloud...
  H0 features: 417
  H1 features: 173
Computing persistence on full 376 point cloud...
  H0 features: 376
  H1 features: 182
Point cloud optimization: 978 -> 500
Computing persistence on full 740 point cloud...
  H0 features: 740
  H1 features: 377
Point cloud optimization: 541 -> 500
Computing persistence on full 511 point cloud...
  H0 features: 511
  H1 features: 238
Computing persistence on full 350 point cloud...
  H0 features: 350
  H1 features: 113
Computing persistence on full 218 point cloud...
  H0 features: 218
  H1 features: 20
Computing persistence on full 383 point cloud...
  H0 features: 383
  H1 features: 103
Computing persistence on full 475 point cloud...
  H0 features: 475
  H1 features: 252
Computing persistence on full 490 point cloud...
  H0 features: 490
  H1 features: 211
Point cloud optimization: 522 -> 500
Computing persistence on full 505 point cloud...
  H0 features: 505
  H1 features: 116
Computing persistence on full 427 point cloud...
  H0 features: 427
  H1 features: 197
Computing persistence on full 456 point cloud...
  H0 features: 456
  H1 features: 179
Point cloud optimization: 562 -> 500
Computing persistence on full 516 point cloud...
  H0 features: 516
  H1 features: 296
Analyzing persistence diagram ranges...
Found 32 valid diagrams with 9743 total finite features
Actual persistence ranges:
  Birth times: 0.0000 - 0.9987
  Lifespans: 0.0000 - 0.9815
Adjusted persistence image parameters:
  birth_range: (0.0000, 1.0985)
  pers_range: (0.0010, 1.0796)
PersistenceImager config: pixel_size=0.0078, sigma=0.0131

Persistence image conversion results:
  Successful: 16/16
  Success rate: 100.0%
Point cloud optimization: 674 -> 500
Computing persistence on full 547 point cloud...
  H0 features: 547
  H1 features: 234
Point cloud optimization: 861 -> 500
Computing persistence on full 655 point cloud...
  H0 features: 655
  H1 features: 201
Point cloud optimization: 573 -> 500
Computing persistence on full 520 point cloud...
  H0 features: 520
  H1 features: 192
Point cloud optimization: 754 -> 500
Computing persistence on full 586 point cloud...
  H0 features: 586
  H1 features: 161
Computing persistence on full 393 point cloud...
  H0 features: 393
  H1 features: 145
Point cloud optimization: 1124 -> 500
Computing persistence on full 848 point cloud...
  H0 features: 848
  H1 features: 370
Point cloud optimization: 838 -> 500
Computing persistence on full 635 point cloud...
  H0 features: 635
  H1 features: 320
Computing persistence on full 357 point cloud...
  H0 features: 357
  H1 features: 85
Computing persistence on full 253 point cloud...
  H0 features: 253
  H1 features: 123
Computing persistence on full 433 point cloud...
  H0 features: 433
  H1 features: 135
Point cloud optimization: 758 -> 500
Computing persistence on full 590 point cloud...
  H0 features: 590
  H1 features: 310
Point cloud optimization: 645 -> 500
Computing persistence on full 535 point cloud...
  H0 features: 535
  H1 features: 181
Computing persistence on full 475 point cloud...
  H0 features: 475
  H1 features: 177
Point cloud optimization: 801 -> 500
Computing persistence on full 613 point cloud...
  H0 features: 613
  H1 features: 213
Point cloud optimization: 743 -> 500
Computing persistence on full 580 point cloud...
  H0 features: 580
  H1 features: 154
Point cloud optimization: 673 -> 500
Computing persistence on full 551 point cloud...
  H0 features: 551
  H1 features: 201
Analyzing persistence diagram ranges...
Found 32 valid diagrams with 11757 total finite features
Actual persistence ranges:
  Birth times: 0.0000 - 0.9991
  Lifespans: 0.0000 - 0.9844
Adjusted persistence image parameters:
  birth_range: (0.0000, 1.0990)
  pers_range: (0.0010, 1.0829)
PersistenceImager config: pixel_size=0.0078, sigma=0.0131

Persistence image conversion results:
  Successful: 16/16
  Success rate: 100.0%
Point cloud optimization: 530 -> 500
Computing persistence on full 507 point cloud...
  H0 features: 507
  H1 features: 224
Point cloud optimization: 506 -> 500
Computing persistence on full 500 point cloud...
  H0 features: 500
  H1 features: 249
Computing persistence on full 366 point cloud...
  H0 features: 366
  H1 features: 180
Computing persistence on full 370 point cloud...
  H0 features: 370
  H1 features: 191
Computing persistence on full 309 point cloud...
  H0 features: 309
  H1 features: 152
Point cloud optimization: 1096 -> 500
Computing persistence on full 845 point cloud...
  H0 features: 845
  H1 features: 171
Point cloud optimization: 537 -> 500
Computing persistence on full 510 point cloud...
  H0 features: 510
  H1 features: 243
Point cloud optimization: 2461 -> 500
Computing persistence on full 1868 point cloud...
  H0 features: 1868
  H1 features: 588
Point cloud optimization: 521 -> 500
Computing persistence on full 505 point cloud...
  H0 features: 505
  H1 features: 183
Computing persistence on full 291 point cloud...
  H0 features: 291
  H1 features: 61
Computing persistence on full 299 point cloud...
  H0 features: 299
  H1 features: 52
Point cloud optimization: 529 -> 500
Computing persistence on full 506 point cloud...
  H0 features: 506
  H1 features: 216
Computing persistence on full 424 point cloud...
  H0 features: 424
  H1 features: 132
Computing persistence on full 413 point cloud...
  H0 features: 413
  H1 features: 173
Computing persistence on full 261 point cloud...
  H0 features: 261
  H1 features: 119
Computing persistence on full 329 point cloud...
  H0 features: 329
  H1 features: 178
Analyzing persistence diagram ranges...
Found 32 valid diagrams with 11399 total finite features
Actual persistence ranges:
  Birth times: 0.0000 - 0.9986
  Lifespans: 0.0000 - 0.9786
Adjusted persistence image parameters:
  birth_range: (0.0000, 1.0985)
  pers_range: (0.0010, 1.0764)
PersistenceImager config: pixel_size=0.0077, sigma=0.0130

Persistence image conversion results:
  Successful: 16/16
  Success rate: 100.0%
  Progress: 3600/78541 (4.6%) Rate: 1.2 samples/sec, ETA: 1004.5min
Point cloud optimization: 733 -> 500
Computing persistence on full 579 point cloud...
  H0 features: 579
  H1 features: 235
Computing persistence on full 300 point cloud...
  H0 features: 300
  H1 features: 127
Point cloud optimization: 925 -> 500
Computing persistence on full 714 point cloud...
  H0 features: 714
  H1 features: 228
Computing persistence on full 488 point cloud...
  H0 features: 488
  H1 features: 173
Computing persistence on full 494 point cloud...
  H0 features: 494
  H1 features: 139
Point cloud optimization: 1212 -> 500
Computing persistence on full 911 point cloud...
  H0 features: 911
  H1 features: 207
Point cloud optimization: 803 -> 500
Computing persistence on full 620 point cloud...
  H0 features: 620
  H1 features: 187
Computing persistence on full 291 point cloud...
  H0 features: 291
  H1 features: 73
Computing persistence on full 367 point cloud...
  H0 features: 367
  H1 features: 158
Computing persistence on full 445 point cloud...
  H0 features: 445
  H1 features: 256
Point cloud optimization: 895 -> 500
Computing persistence on full 692 point cloud...
  H0 features: 692
  H1 features: 406
Point cloud optimization: 839 -> 500
Computing persistence on full 638 point cloud...
  H0 features: 638
  H1 features: 288
Point cloud optimization: 835 -> 500
Computing persistence on full 641 point cloud...
  H0 features: 641
  H1 features: 252
Point cloud optimization: 607 -> 500
Computing persistence on full 531 point cloud...
  H0 features: 531
  H1 features: 317
Computing persistence on full 406 point cloud...
  H0 features: 406
  H1 features: 183
Point cloud optimization: 1185 -> 500
Computing persistence on full 901 point cloud...
  H0 features: 901
  H1 features: 336
Analyzing persistence diagram ranges...
Found 32 valid diagrams with 12567 total finite features
Actual persistence ranges:
  Birth times: 0.0000 - 0.9986
  Lifespans: 0.0000 - 0.9724
Adjusted persistence image parameters:
  birth_range: (0.0000, 1.0985)
  pers_range: (0.0010, 1.0697)
PersistenceImager config: pixel_size=0.0077, sigma=0.0129

Persistence image conversion results:
  Successful: 16/16
  Success rate: 100.0%
Computing persistence on full 411 point cloud...
  H0 features: 411
  H1 features: 201
Point cloud optimization: 998 -> 500
Computing persistence on full 756 point cloud...
  H0 features: 756
  H1 features: 305
Computing persistence on full 178 point cloud...
  H0 features: 178
  H1 features: 30
Computing persistence on full 300 point cloud...
  H0 features: 300
  H1 features: 67
Computing persistence on full 315 point cloud...
  H0 features: 315
  H1 features: 131
Computing persistence on full 438 point cloud...
  H0 features: 438
  H1 features: 204
Point cloud optimization: 565 -> 500
Computing persistence on full 516 point cloud...
  H0 features: 516
  H1 features: 169
Computing persistence on full 462 point cloud...
  H0 features: 462
  H1 features: 206
Computing persistence on full 310 point cloud...
  H0 features: 310
  H1 features: 133
Computing persistence on full 386 point cloud...
  H0 features: 386
  H1 features: 152
Computing persistence on full 484 point cloud...
  H0 features: 484
  H1 features: 236
Computing persistence on full 440 point cloud...
  H0 features: 440
  H1 features: 148
Point cloud optimization: 870 -> 500
Computing persistence on full 659 point cloud...
  H0 features: 659
  H1 features: 258
Computing persistence on full 373 point cloud...
  H0 features: 373
  H1 features: 143
Computing persistence on full 468 point cloud...
  H0 features: 468
  H1 features: 101
Computing persistence on full 265 point cloud...
  H0 features: 265
  H1 features: 52
Analyzing persistence diagram ranges...
Found 32 valid diagrams with 9281 total finite features
Actual persistence ranges:
  Birth times: 0.0000 - 0.9978
  Lifespans: 0.0000 - 0.9796
Adjusted persistence image parameters:
  birth_range: (0.0000, 1.0976)
  pers_range: (0.0010, 1.0775)
PersistenceImager config: pixel_size=0.0078, sigma=0.0130

Persistence image conversion results:
  Successful: 16/16
  Success rate: 100.0%
Point cloud optimization: 510 -> 500
Computing persistence on full 502 point cloud...
  H0 features: 502
  H1 features: 147
Computing persistence on full 168 point cloud...
  H0 features: 168
  H1 features: 31
Point cloud optimization: 618 -> 500
Computing persistence on full 535 point cloud...
  H0 features: 535
  H1 features: 211
Point cloud optimization: 566 -> 500
Computing persistence on full 519 point cloud...
  H0 features: 519
  H1 features: 218
Computing persistence on full 476 point cloud...
  H0 features: 476
  H1 features: 164
Point cloud optimization: 527 -> 500
Computing persistence on full 506 point cloud...
  H0 features: 506
  H1 features: 172
Computing persistence on full 262 point cloud...
  H0 features: 262
  H1 features: 70
Computing persistence on full 351 point cloud...
  H0 features: 351
  H1 features: 91
Point cloud optimization: 802 -> 500
Computing persistence on full 616 point cloud...
  H0 features: 616
  H1 features: 380
Point cloud optimization: 745 -> 500
Computing persistence on full 585 point cloud...
  H0 features: 585
  H1 features: 166
Computing persistence on full 368 point cloud...
  H0 features: 368
  H1 features: 109
Computing persistence on full 322 point cloud...
  H0 features: 322
  H1 features: 138
Computing persistence on full 343 point cloud...
  H0 features: 343
  H1 features: 131
Computing persistence on full 330 point cloud...
  H0 features: 330
  H1 features: 89
Point cloud optimization: 1912 -> 500
Computing persistence on full 1419 point cloud...
  H0 features: 1419
  H1 features: 444
Point cloud optimization: 715 -> 500
Computing persistence on full 562 point cloud...
  H0 features: 562
  H1 features: 251
Analyzing persistence diagram ranges...
Found 32 valid diagrams with 10660 total finite features
Actual persistence ranges:
  Birth times: 0.0000 - 0.9981
  Lifespans: 0.0000 - 0.9711
Adjusted persistence image parameters:
  birth_range: (0.0000, 1.0979)
  pers_range: (0.0010, 1.0682)
PersistenceImager config: pixel_size=0.0077, sigma=0.0129

Persistence image conversion results:
  Successful: 16/16
  Success rate: 100.0%
Computing persistence on full 476 point cloud...
  H0 features: 476
  H1 features: 186
Point cloud optimization: 923 -> 500
Computing persistence on full 697 point cloud...
  H0 features: 697
  H1 features: 386
Computing persistence on full 277 point cloud...
  H0 features: 277
  H1 features: 82
Point cloud optimization: 1413 -> 500
Computing persistence on full 1060 point cloud...
  H0 features: 1060
  H1 features: 415
Computing persistence on full 306 point cloud...
  H0 features: 306
  H1 features: 141
Point cloud optimization: 641 -> 500
Computing persistence on full 538 point cloud...
  H0 features: 538
  H1 features: 177
Computing persistence on full 489 point cloud...
  H0 features: 489
  H1 features: 210
Point cloud optimization: 581 -> 500
Computing persistence on full 522 point cloud...
  H0 features: 522
  H1 features: 334
Point cloud optimization: 1022 -> 500
Computing persistence on full 779 point cloud...
  H0 features: 779
  H1 features: 221
Point cloud optimization: 519 -> 500
Computing persistence on full 505 point cloud...
  H0 features: 505
  H1 features: 229
Point cloud optimization: 998 -> 500
Computing persistence on full 757 point cloud...
  H0 features: 757
  H1 features: 505
Point cloud optimization: 637 -> 500
Computing persistence on full 535 point cloud...
  H0 features: 535
  H1 features: 177
Point cloud optimization: 655 -> 500
Computing persistence on full 544 point cloud...
  H0 features: 544
  H1 features: 236
Computing persistence on full 435 point cloud...
  H0 features: 435
  H1 features: 282
Point cloud optimization: 579 -> 500
Computing persistence on full 521 point cloud...
  H0 features: 521
  H1 features: 201
Computing persistence on full 294 point cloud...
  H0 features: 294
  H1 features: 60
Analyzing persistence diagram ranges...
Found 32 valid diagrams with 12561 total finite features
Actual persistence ranges:
  Birth times: 0.0000 - 0.9988
  Lifespans: 0.0000 - 0.9774
Adjusted persistence image parameters:
  birth_range: (0.0000, 1.0987)
  pers_range: (0.0010, 1.0752)
PersistenceImager config: pixel_size=0.0077, sigma=0.0130

Persistence image conversion results:
  Successful: 16/16
  Success rate: 100.0%
Computing persistence on full 443 point cloud...
  H0 features: 443
  H1 features: 105
Computing persistence on full 378 point cloud...
  H0 features: 378
  H1 features: 126
Point cloud optimization: 1209 -> 500
Computing persistence on full 922 point cloud...
  H0 features: 922
  H1 features: 549
Computing persistence on full 344 point cloud...
  H0 features: 344
  H1 features: 128
Point cloud optimization: 537 -> 500
Computing persistence on full 509 point cloud...
  H0 features: 509
  H1 features: 210
Point cloud optimization: 571 -> 500
Computing persistence on full 521 point cloud...
  H0 features: 521
  H1 features: 265
Point cloud optimization: 1389 -> 500
Computing persistence on full 1076 point cloud...
  H0 features: 1076
  H1 features: 364
Computing persistence on full 297 point cloud...
  H0 features: 297
  H1 features: 137
Computing persistence on full 414 point cloud...
  H0 features: 414
  H1 features: 208
Computing persistence on full 309 point cloud...
  H0 features: 309
  H1 features: 149
Computing persistence on full 488 point cloud...
  H0 features: 488
  H1 features: 263
Computing persistence on full 484 point cloud...
  H0 features: 484
  H1 features: 162
Computing persistence on full 184 point cloud...
  H0 features: 184
  H1 features: 32
Computing persistence on full 321 point cloud...
  H0 features: 321
  H1 features: 131
Computing persistence on full 343 point cloud...
  H0 features: 343
  H1 features: 168
Computing persistence on full 435 point cloud...
  H0 features: 435
  H1 features: 188
Analyzing persistence diagram ranges...
Found 32 valid diagrams with 10637 total finite features
Actual persistence ranges:
  Birth times: 0.0000 - 0.9986
  Lifespans: 0.0000 - 0.9854
Adjusted persistence image parameters:
  birth_range: (0.0000, 1.0985)
  pers_range: (0.0010, 1.0839)
PersistenceImager config: pixel_size=0.0078, sigma=0.0131

Persistence image conversion results:
  Successful: 16/16
  Success rate: 100.0%
Computing persistence on full 269 point cloud...
  H0 features: 269
  H1 features: 78
Point cloud optimization: 704 -> 500
Computing persistence on full 558 point cloud...
  H0 features: 558
  H1 features: 209
Computing persistence on full 413 point cloud...
  H0 features: 413
  H1 features: 115
Point cloud optimization: 553 -> 500
Computing persistence on full 514 point cloud...
  H0 features: 514
  H1 features: 209
Point cloud optimization: 1402 -> 500
Computing persistence on full 1086 point cloud...
  H0 features: 1086
  H1 features: 373
Computing persistence on full 304 point cloud...
  H0 features: 304
  H1 features: 56
Point cloud optimization: 834 -> 500
Computing persistence on full 648 point cloud...
  H0 features: 648
  H1 features: 215
Point cloud optimization: 599 -> 500
Computing persistence on full 526 point cloud...
  H0 features: 526
  H1 features: 252
Point cloud optimization: 1334 -> 500
Computing persistence on full 1007 point cloud...
  H0 features: 1007
  H1 features: 320
Point cloud optimization: 795 -> 500
Computing persistence on full 611 point cloud...
  H0 features: 611
  H1 features: 310
Computing persistence on full 366 point cloud...
  H0 features: 366
  H1 features: 77
Computing persistence on full 330 point cloud...
  H0 features: 330
  H1 features: 89
Point cloud optimization: 514 -> 500
Computing persistence on full 503 point cloud...
  H0 features: 503
  H1 features: 292
Computing persistence on full 362 point cloud...
  H0 features: 362
  H1 features: 167
Point cloud optimization: 994 -> 500
Computing persistence on full 753 point cloud...
  H0 features: 753
  H1 features: 255
Point cloud optimization: 560 -> 500
Computing persistence on full 516 point cloud...
  H0 features: 516
  H1 features: 167
Analyzing persistence diagram ranges...
Found 32 valid diagrams with 11934 total finite features
Actual persistence ranges:
  Birth times: 0.0000 - 0.9985
  Lifespans: 0.0000 - 0.9785
Adjusted persistence image parameters:
  birth_range: (0.0000, 1.0984)
  pers_range: (0.0010, 1.0763)
PersistenceImager config: pixel_size=0.0077, sigma=0.0130

Persistence image conversion results:
  Successful: 16/16
  Success rate: 100.0%
Computing persistence on full 403 point cloud...
  H0 features: 403
  H1 features: 100
Computing persistence on full 334 point cloud...
  H0 features: 334
  H1 features: 139
Computing persistence on full 317 point cloud...
  H0 features: 317
  H1 features: 141
Point cloud optimization: 540 -> 500
Computing persistence on full 509 point cloud...
  H0 features: 509
  H1 features: 146
Point cloud optimization: 685 -> 500
Computing persistence on full 549 point cloud...
  H0 features: 549
  H1 features: 157
Point cloud optimization: 745 -> 500
Computing persistence on full 586 point cloud...
  H0 features: 586
  H1 features: 228
Computing persistence on full 423 point cloud...
  H0 features: 423
  H1 features: 174
Computing persistence on full 359 point cloud...
  H0 features: 359
  H1 features: 158
Point cloud optimization: 552 -> 500
Computing persistence on full 514 point cloud...
  H0 features: 514
  H1 features: 236
Point cloud optimization: 540 -> 500
Computing persistence on full 509 point cloud...
  H0 features: 509
  H1 features: 193
Computing persistence on full 492 point cloud...
  H0 features: 492
  H1 features: 201
Point cloud optimization: 717 -> 500
Computing persistence on full 565 point cloud...
  H0 features: 565
  H1 features: 270
Point cloud optimization: 738 -> 500
Computing persistence on full 581 point cloud...
  H0 features: 581
  H1 features: 324
Point cloud optimization: 844 -> 500
Computing persistence on full 651 point cloud...
  H0 features: 651
  H1 features: 158
Computing persistence on full 463 point cloud...
  H0 features: 463
  H1 features: 160
Point cloud optimization: 511 -> 500
Computing persistence on full 502 point cloud...
  H0 features: 502
  H1 features: 266
Analyzing persistence diagram ranges...
Found 32 valid diagrams with 10792 total finite features
Actual persistence ranges:
  Birth times: 0.0000 - 0.9978
  Lifespans: 0.0000 - 0.9762
Adjusted persistence image parameters:
  birth_range: (0.0000, 1.0975)
  pers_range: (0.0010, 1.0738)
PersistenceImager config: pixel_size=0.0077, sigma=0.0130

Persistence image conversion results:
  Successful: 16/16
  Success rate: 100.0%
Computing persistence on full 367 point cloud...
  H0 features: 367
  H1 features: 84
Point cloud optimization: 1311 -> 500
Computing persistence on full 1006 point cloud...
  H0 features: 1006
  H1 features: 388
Computing persistence on full 458 point cloud...
  H0 features: 458
  H1 features: 218
Computing persistence on full 488 point cloud...
  H0 features: 488
  H1 features: 120
Point cloud optimization: 752 -> 500
Computing persistence on full 590 point cloud...
  H0 features: 590
  H1 features: 235
Computing persistence on full 483 point cloud...
  H0 features: 483
  H1 features: 195
Computing persistence on full 327 point cloud...
  H0 features: 327
  H1 features: 138
Computing persistence on full 324 point cloud...
  H0 features: 324
  H1 features: 77
Point cloud optimization: 627 -> 500
Computing persistence on full 530 point cloud...
  H0 features: 530
  H1 features: 95
Computing persistence on full 353 point cloud...
  H0 features: 353
  H1 features: 162
Computing persistence on full 380 point cloud...
  H0 features: 380
  H1 features: 146
Point cloud optimization: 749 -> 500
Computing persistence on full 586 point cloud...
  H0 features: 586
  H1 features: 356
Computing persistence on full 410 point cloud...
  H0 features: 410
  H1 features: 183
Computing persistence on full 300 point cloud...
  H0 features: 300
  H1 features: 123
Computing persistence on full 496 point cloud...
  H0 features: 496
  H1 features: 140
Computing persistence on full 359 point cloud...
  H0 features: 359
  H1 features: 118
Analyzing persistence diagram ranges...
Found 32 valid diagrams with 10219 total finite features
Actual persistence ranges:
  Birth times: 0.0000 - 0.9977
  Lifespans: 0.0000 - 0.9821
Adjusted persistence image parameters:
  birth_range: (0.0000, 1.0974)
  pers_range: (0.0010, 1.0803)
PersistenceImager config: pixel_size=0.0078, sigma=0.0131

Persistence image conversion results:
  Successful: 16/16
  Success rate: 100.0%
Computing persistence on full 282 point cloud...
  H0 features: 282
  H1 features: 59
Computing persistence on full 438 point cloud...
  H0 features: 438
  H1 features: 164
Computing persistence on full 459 point cloud...
  H0 features: 459
  H1 features: 182
Point cloud optimization: 950 -> 500
Computing persistence on full 716 point cloud...
  H0 features: 716
  H1 features: 164
Computing persistence on full 312 point cloud...
  H0 features: 312
  H1 features: 138
Point cloud optimization: 777 -> 500
Computing persistence on full 600 point cloud...
  H0 features: 600
  H1 features: 208
Point cloud optimization: 1594 -> 500
Computing persistence on full 1191 point cloud...
  H0 features: 1191
  H1 features: 250
Computing persistence on full 323 point cloud...
  H0 features: 323
  H1 features: 65
Point cloud optimization: 871 -> 500
Computing persistence on full 671 point cloud...
  H0 features: 671
  H1 features: 323
Point cloud optimization: 563 -> 500
Computing persistence on full 517 point cloud...
  H0 features: 517
  H1 features: 262
Computing persistence on full 478 point cloud...
  H0 features: 478
  H1 features: 223
Point cloud optimization: 727 -> 500
Computing persistence on full 574 point cloud...
  H0 features: 574
  H1 features: 393
Point cloud optimization: 768 -> 500
Computing persistence on full 602 point cloud...
  H0 features: 602
  H1 features: 196
Computing persistence on full 420 point cloud...
  H0 features: 420
  H1 features: 238
Point cloud optimization: 638 -> 500
Computing persistence on full 539 point cloud...
  H0 features: 539
  H1 features: 216
Point cloud optimization: 613 -> 500
Computing persistence on full 531 point cloud...
  H0 features: 531
  H1 features: 166
Analyzing persistence diagram ranges...
Found 32 valid diagrams with 11884 total finite features
Actual persistence ranges:
  Birth times: 0.0000 - 0.9981
  Lifespans: 0.0000 - 0.9744
Adjusted persistence image parameters:
  birth_range: (0.0000, 1.0979)
  pers_range: (0.0010, 1.0718)
PersistenceImager config: pixel_size=0.0077, sigma=0.0130

Persistence image conversion results:
  Successful: 16/16
  Success rate: 100.0%
Point cloud optimization: 727 -> 500
Computing persistence on full 571 point cloud...
  H0 features: 571
  H1 features: 288
Point cloud optimization: 553 -> 500
Computing persistence on full 514 point cloud...
  H0 features: 514
  H1 features: 226
Computing persistence on full 324 point cloud...
  H0 features: 324
  H1 features: 101
Computing persistence on full 300 point cloud...
  H0 features: 300
  H1 features: 129
Point cloud optimization: 2189 -> 500
Computing persistence on full 1622 point cloud...
  H0 features: 1622
  H1 features: 1050
Point cloud optimization: 591 -> 500
Computing persistence on full 527 point cloud...
  H0 features: 527
  H1 features: 159
Point cloud optimization: 515 -> 500
Computing persistence on full 503 point cloud...
  H0 features: 503
  H1 features: 205
Point cloud optimization: 616 -> 500
Computing persistence on full 535 point cloud...
  H0 features: 535
  H1 features: 233
Computing persistence on full 422 point cloud...
  H0 features: 422
  H1 features: 209
Point cloud optimization: 748 -> 500
Computing persistence on full 584 point cloud...
  H0 features: 584
  H1 features: 254
Computing persistence on full 393 point cloud...
  H0 features: 393
  H1 features: 176
Computing persistence on full 372 point cloud...
  H0 features: 372
  H1 features: 150
Computing persistence on full 489 point cloud...
  H0 features: 489
  H1 features: 125
Point cloud optimization: 778 -> 500
Computing persistence on full 604 point cloud...
  H0 features: 604
  H1 features: 121
Point cloud optimization: 795 -> 500
Computing persistence on full 622 point cloud...
  H0 features: 622
  H1 features: 282
Point cloud optimization: 1022 -> 500
Computing persistence on full 787 point cloud...
  H0 features: 787
  H1 features: 264
Analyzing persistence diagram ranges...
Found 32 valid diagrams with 13125 total finite features
Actual persistence ranges:
  Birth times: 0.0000 - 0.9978
  Lifespans: 0.0000 - 0.9778
Adjusted persistence image parameters:
  birth_range: (0.0000, 1.0976)
  pers_range: (0.0010, 1.0756)
PersistenceImager config: pixel_size=0.0077, sigma=0.0130
