{
  "epoch": [
    1,
    2,
    3,
    4,
    5
  ],
  "train_loss": [
    1.9333653283518786,
    1.8916987451539138,
    1.8805757035090271,
    1.2291508247066476,
    1.2080882434738416
  ],
  "train_contrastive_loss": [
    1.9333653283518786,
    1.8916987451539138,
    1.8805757035090271,
    1.2291508247066476,
    1.2080882434738416
  ],
  "train_reconstruction_loss": [
    0.010786124127023823,
    0.010515177022367438,
    0.010513186584845935,
    0.010513096707881718,
    0.01051313596737729
  ],
  "val_loss": [
    1.890703899456358,
    1.875136389856676,
    1.8660993467274103,
    1.189472071951328,
    1.1726787194637391
  ],
  "val_contrastive_loss": [
    1.890703899456358,
    1.875136389856676,
    1.8660993467274103,
    1.189472071951328,
    1.1726787194637391
  ],
  "val_reconstruction_loss": [
    0.01052393399185919,
    0.010513247844019082,
    0.010513173508175147,
    0.010513149566074324,
    0.010513239654623929
  ],
  "learning_rate": [
    0.0001,
    0.0001,
    0.0001,
    0.0001,
    0.0001
  ],
  "train_separation_ratio": [
    1.6234236847270618,
    2.2148125713521782,
    2.4413020502437246,
    2.5172473083842886,
    2.720767693086104
  ],
  "val_separation_ratio": [
    2.2413871721182455,
    2.5689413844984115,
    2.7729433235509435,
    2.9780115171073755,
    3.2070720186890616
  ]
}