{
  "epoch": [
    1
  ],
  "train_loss": [
    1.9333653283518786
  ],
  "train_contrastive_loss": [
    1.9333653283518786
  ],
  "train_reconstruction_loss": [
    0.010786124127023823
  ],
  "val_loss": [
    1.890703899456358
  ],
  "val_contrastive_loss": [
    1.890703899456358
  ],
  "val_reconstruction_loss": [
    0.01052393399185919
  ],
  "learning_rate": [
    0.0001
  ],
  "train_separation_ratio": [
    1.6234236847270618
  ],
  "val_separation_ratio": [
    2.2413871721182455
  ]
}