{
  "epoch": [
    1,
    2,
    3
  ],
  "train_loss": [
    1.9333653283518786,
    1.8916987451539138,
    1.8805757035090271
  ],
  "train_contrastive_loss": [
    1.9333653283518786,
    1.8916987451539138,
    1.8805757035090271
  ],
  "train_reconstruction_loss": [
    0.010786124127023823,
    0.010515177022367438,
    0.010513186584845935
  ],
  "val_loss": [
    1.890703899456358,
    1.875136389856676,
    1.8660993467274103
  ],
  "val_contrastive_loss": [
    1.890703899456358,
    1.875136389856676,
    1.8660993467274103
  ],
  "val_reconstruction_loss": [
    0.01052393399185919,
    0.010513247844019082,
    0.010513173508175147
  ],
  "learning_rate": [
    0.0001,
    0.0001,
    0.0001
  ],
  "train_separation_ratio": [
    1.6234236847270618,
    2.2148125713521782,
    2.4413020502437246
  ],
  "val_separation_ratio": [
    2.2413871721182455,
    2.5689413844984115,
    2.7729433235509435
  ]
}