{
  "epoch": [
    1,
    2,
    3,
    4,
    5,
    6,
    7,
    8,
    9,
    10,
    11,
    12,
    13,
    14,
    15,
    16,
    17,
    18,
    19,
    20,
    21,
    22,
    23,
    24,
    25,
    26,
    27,
    28,
    29,
    30,
    31,
    32,
    33,
    34,
    35,
    36,
    37,
    38,
    39,
    40,
    41,
    42,
    43,
    44,
    45,
    46,
    47,
    48,
    49,
    50
  ],
  "train_loss": [
    1.9333653283518786,
    1.8916987451539138,
    1.8805757035090271,
    1.2291508247066476,
    1.2080882434738416,
    1.1942154424372553,
    1.0846418346550655,
    1.0757533487216941,
    1.0669856795163573,
    1.0374679542120608,
    1.0305776394057318,
    1.0246886460030766,
    0.9917043238822753,
    0.9851994924039148,
    0.9812676175124596,
    0.9264430221676605,
    0.922330801158422,
    0.9179516837583573,
    0.8920520111169229,
    0.887369707864978,
    0.8849214435289692,
    0.8458791980086314,
    0.8431518932516571,
    0.8386178163176808,
    0.8268310565300272,
    0.823061027007396,
    0.820566244964493,
    0.7958982223904999,
    0.7940812930048511,
    0.7907900445066128,
    0.7484527755272011,
    0.7456616467381767,
    0.7429519319001523,
    0.7358390260453109,
    0.7351218337675268,
    0.7333514911280442,
    0.7023254973706364,
    0.6996135689470799,
    0.6974412585769951,
    0.6678455600747405,
    0.6657416595205027,
    0.6637235283851624,
    0.65692487053809,
    0.6549727028752617,
    0.6522817355294467,
    0.6385296283487502,
    0.6376078192082197,
    0.6371124976174125,
    0.6274187400576344,
    0.6261980683443933
  ],
  "train_contrastive_loss": [
    1.9333653283518786,
    1.8916987451539138,
    1.8805757035090271,
    1.2291508247066476,
    1.2080882434738416,
    1.1942154424372553,
    1.0846418346550655,
    1.0757533487216941,
    1.0669856795163573,
    1.0374679542120608,
    1.0305776394057318,
    1.0246886460030766,
    0.9917043238822753,
    0.9851994924039148,
    0.9812676175124596,
    0.9264430221676605,
    0.922330801158422,
    0.9179516837583573,
    0.8920520111169229,
    0.887369707864978,
    0.8849214435289692,
    0.8458791980086314,
    0.8431518932516571,
    0.8386178163176808,
    0.8268310565300272,
    0.823061027007396,
    0.820566244964493,
    0.7958982223904999,
    0.7940812930048511,
    0.7907900445066128,
    0.7484527755272011,
    0.7456616467381767,
    0.7429519319001523,
    0.7358390260453109,
    0.7351218337675268,
    0.7333514911280442,
    0.7023254973706364,
    0.6996135689470799,
    0.6974412585769951,
    0.6678455600747405,
    0.6657416595205027,
    0.6637235283851624,
    0.65692487053809,
    0.6549727028752617,
    0.6522817355294467,
    0.6385296283487502,
    0.6376078192082197,
    0.6371124976174125,
    0.6274187400576344,
    0.6261980683443933
  ],
  "train_reconstruction_loss": [
    0.010786124127023823,
    0.010515177022367438,
    0.010513186584845935,
    0.010513096707881718,
    0.01051313596737729,
    0.010513159441215366,
    0.010513112224721708,
    0.010513045218056918,
    0.010513104236506105,
    0.010513120519909557,
    0.010513187736425431,
    0.010513135996860499,
    0.010513019805264206,
    0.010513115868499604,
    0.01051320224216475,
    0.010513159266050412,
    0.01051318876833778,
    0.010513068528870186,
    0.01051312215536056,
    0.01051315957649127,
    0.01051308814214206,
    0.010513029690811087,
    0.010513103518503228,
    0.010513107046082588,
    0.01051310840577886,
    0.010513216097539142,
    0.010513082216016852,
    0.010513181690633075,
    0.010513172311503683,
    0.010513107023536604,
    0.010513226749649484,
    0.010513114834852946,
    0.01051318382036142,
    0.01051314571071104,
    0.010513093227128631,
    0.010513114963191626,
    0.010513079924998003,
    0.01051314240859152,
    0.010513093152553454,
    0.01051308788199609,
    0.010513022937421693,
    0.010513141463394493,
    0.010513072366890405,
    0.010513199928599918,
    0.010513138119651618,
    0.010513095762684692,
    0.01051312932845212,
    0.010513107847332177,
    0.010513123074542987,
    0.010513047535090362
  ],
  "val_loss": [
    1.890703899456358,
    1.875136389856676,
    1.8660993467274103,
    1.189472071951328,
    1.1726787194637391,
    1.1590092963568548,
    1.04646163224286,
    1.0354604315935345,
    1.0272955517085127,
    0.9935264202247562,
    0.9883600887417572,
    0.9799600461119824,
    0.9446920643749628,
    0.9389763189205689,
    0.9342403671594971,
    0.8739508125147119,
    0.8685882658709805,
    0.8654808618502909,
    0.8352693096219495,
    0.8333284782741767,
    0.8257974280769377,
    0.7844146728737617,
    0.7809602466153477,
    0.7768582716112474,
    0.7614815837844124,
    0.7597521371459606,
    0.7559075570861277,
    0.7255835344449546,
    0.7221776208176072,
    0.718737710898593,
    0.6741862562337623,
    0.6698315762940732,
    0.6663246583228226,
    0.6569919320902123,
    0.6525591927089727,
    0.6533792045529329,
    0.6168606989432536,
    0.614795743531133,
    0.6132812552167939,
    0.5777250197568641,
    0.5750984567281698,
    0.5715244668822049,
    0.560324028439584,
    0.5588709596593064,
    0.5571601861460027,
    0.5393804709116617,
    0.5391331790656795,
    0.5347247490558766,
    0.5265795155610452,
    0.5246018784006214
  ],
  "val_contrastive_loss": [
    1.890703899456358,
    1.875136389856676,
    1.8660993467274103,
    1.189472071951328,
    1.1726787194637391,
    1.1590092963568548,
    1.04646163224286,
    1.0354604315935345,
    1.0272955517085127,
    0.9935264202247562,
    0.9883600887417572,
    0.9799600461119824,
    0.9446920643749628,
    0.9389763189205689,
    0.9342403671594971,
    0.8739508125147119,
    0.8685882658709805,
    0.8654808618502909,
    0.8352693096219495,
    0.8333284782741767,
    0.8257974280769377,
    0.7844146728737617,
    0.7809602466153477,
    0.7768582716112474,
    0.7614815837844124,
    0.7597521371459606,
    0.7559075570861277,
    0.7255835344449546,
    0.7221776208176072,
    0.718737710898593,
    0.6741862562337623,
    0.6698315762940732,
    0.6663246583228226,
    0.6569919320902123,
    0.6525591927089727,
    0.6533792045529329,
    0.6168606989432536,
    0.614795743531133,
    0.6132812552167939,
    0.5777250197568641,
    0.5750984567281698,
    0.5715244668822049,
    0.560324028439584,
    0.5588709596593064,
    0.5571601861460027,
    0.5393804709116617,
    0.5391331790656795,
    0.5347247490558766,
    0.5265795155610452,
    0.5246018784006214
  ],
  "val_reconstruction_loss": [
    0.01052393399185919,
    0.010513247844019082,
    0.010513173508175147,
    0.010513149566074324,
    0.010513239654623929,
    0.010513080199018426,
    0.010513229907821565,
    0.010513050630827412,
    0.010513177902907744,
    0.010513240672661827,
    0.010513162535218109,
    0.010513170506090647,
    0.010513126187623102,
    0.010513158393694258,
    0.010513182231736693,
    0.010513210474917564,
    0.010513119841795726,
    0.010513102523011313,
    0.010513145532077474,
    0.010513128485579176,
    0.010513135388118927,
    0.01051312517131951,
    0.010513201898772069,
    0.010513149564340017,
    0.01051314054594637,
    0.010513126595185123,
    0.010513113981574163,
    0.01051310896595985,
    0.010513113709288048,
    0.010513249696258394,
    0.010513075292665422,
    0.010513139408241326,
    0.010512970949850936,
    0.010513194748226491,
    0.01051311242069834,
    0.010513135584095558,
    0.010513142439809036,
    0.01051316789595941,
    0.010513228045176416,
    0.010513187403438588,
    0.010513157672222766,
    0.01051305986947798,
    0.010513127360014276,
    0.010513055285705978,
    0.010513086217061878,
    0.010513104109901734,
    0.010513148326045198,
    0.010513135046460552,
    0.010513100473061065,
    0.010513172722534317
  ],