{
  "epoch": [
    1,
    2,
    3,
    4,
    5,
    6,
    7,
    8,
    9,
    10,
    11,
    12,
    13,
    14,
    15
  ],
  "train_loss": [
    1.9333653283518786,
    1.8916987451539138,
    1.8805757035090271,
    1.2291508247066476,
    1.2080882434738416,
    1.1942154424372553,
    1.0846418346550655,
    1.0757533487216941,
    1.0669856795163573,
    1.0374679542120608,
    1.0305776394057318,
    1.0246886460030766,
    0.9917043238822753,
    0.9851994924039148,
    0.9812676175124596
  ],
  "train_contrastive_loss": [
    1.9333653283518786,
    1.8916987451539138,
    1.8805757035090271,
    1.2291508247066476,
    1.2080882434738416,
    1.1942154424372553,
    1.0846418346550655,
    1.0757533487216941,
    1.0669856795163573,
    1.0374679542120608,
    1.0305776394057318,
    1.0246886460030766,
    0.9917043238822753,
    0.9851994924039148,
    0.9812676175124596
  ],
  "train_reconstruction_loss": [
    0.010786124127023823,
    0.010515177022367438,
    0.010513186584845935,
    0.010513096707881718,
    0.01051313596737729,
    0.010513159441215366,
    0.010513112224721708,
    0.010513045218056918,
    0.010513104236506105,
    0.010513120519909557,
    0.010513187736425431,
    0.010513135996860499,
    0.010513019805264206,
    0.010513115868499604,
    0.01051320224216475
  ],
  "val_loss": [
    1.890703899456358,
    1.875136389856676,
    1.8660993467274103,
    1.189472071951328,
    1.1726787194637391,
    1.1590092963568548,
    1.04646163224286,
    1.0354604315935345,
    1.0272955517085127,
    0.9935264202247562,
    0.9883600887417572,
    0.9799600461119824,
    0.9446920643749628,
    0.9389763189205689,
    0.9342403671594971
  ],
  "val_contrastive_loss": [
    1.890703899456358,
    1.875136389856676,
    1.8660993467274103,
    1.189472071951328,
    1.1726787194637391,
    1.1590092963568548,
    1.04646163224286,
    1.0354604315935345,
    1.0272955517085127,
    0.9935264202247562,
    0.9883600887417572,
    0.9799600461119824,
    0.9446920643749628,
    0.9389763189205689,
    0.9342403671594971
  ],
  "val_reconstruction_loss": [
    0.01052393399185919,
    0.010513247844019082,
    0.010513173508175147,
    0.010513149566074324,
    0.010513239654623929,
    0.010513080199018426,
    0.010513229907821565,
    0.010513050630827412,
    0.010513177902907744,
    0.010513240672661827,
    0.010513162535218109,
    0.010513170506090647,
    0.010513126187623102,
    0.010513158393694258,
    0.010513182231736693
  ],
  "learning_rate": [
    0.0001,
    0.0001,
    0.0001,
    0.0001,
    0.0001,
    0.0001,
    0.0001,
    0.0001,
    0.0001,
    0.0001,
    0.0001,
    0.0001,
    0.0001,
    0.0001,
    0.0001
  ],
  "train_separation_ratio": [
    1.6234236847270618,
    2.2148125713521782,
    2.4413020502437246,
    2.5172473083842886,
    2.720767693086104,
    2.897252776406028,
    2.9811650189486416,
    3.1158240925181997,
    3.2437785863876343,
    3.2669369957663794,
    3.342865748838945,
    3.4181978052312676,
    3.4587233283303003,
    3.5551380786028774,
    3.6697943102229726
  ],
  "val_separation_ratio": [
    2.2413871721182455,
    2.5689413844984115,
    2.7729433235509435,
    2.9780115171073755,
    3.2070720186890616,
    3.3995783839589833,
    3.537284062561376,
    3.7415267555407308,
    3.8791408787448534,
    4.005400697168247,
    4.145827043433873,
    4.248994263856771,
    4.373379320183724,
    4.446196772310765,
    4.633886698238011
  ]
}