Starting Surface Distance Metric Analysis job...
Job ID: 186966
Node: gpuvm14
Time: Sun 27 Jul 14:37:39 BST 2025
Loading CUDA...
Activating conda environment...
Activated conda environment: /vol/bitbucket/ahb24/tda_entailment_new
Python location: /vol/bitbucket/ahb24/tda_entailment_new/bin/python
Checking GPU availability...
Sun Jul 27 14:37:41 2025       
+-----------------------------------------------------------------------------------------+
| NVIDIA-SMI 570.133.07             Driver Version: 570.133.07     CUDA Version: 12.8     |
|-----------------------------------------+------------------------+----------------------+
| GPU  Name                 Persistence-M | Bus-Id          Disp.A | Volatile Uncorr. ECC |
| Fan  Temp   Perf          Pwr:Usage/Cap |           Memory-Usage | GPU-Util  Compute M. |
|                                         |                        |               MIG M. |
|=========================================+========================+======================|
|   0  Tesla T4                       Off |   00000000:00:07.0 Off |                    0 |
| N/A   38C    P8             13W /   70W |       0MiB /  15360MiB |      0%      Default |
|                                         |                        |                  N/A |
+-----------------------------------------+------------------------+----------------------+
                                                                                         
+-----------------------------------------------------------------------------------------+
| Processes:                                                                              |
|  GPU   GI   CI              PID   Type   Process name                        GPU Memory |
|        ID   ID                                                               Usage      |
|=========================================================================================|
|  No running processes found                                                             |
+-----------------------------------------------------------------------------------------+

Testing PyTorch and CUDA...
PyTorch version: 2.4.1
CUDA available: True
CUDA device: Tesla T4
GPU memory: 15.6 GB
PyTorch setup verified!

Starting Topological Training...

============================================================
TOPOLOGICAL AUTOENCODER TRAINING WITH TORCHPH
============================================================
Experiment setup completed:
  Experiment directory: entailment_surfaces/supervised_contrastive_autoencoder/experiments/gw_topological_autoencoder_attention_20250727_143755
  Config saved to: entailment_surfaces/supervised_contrastive_autoencoder/experiments/gw_topological_autoencoder_attention_20250727_143755/config.json
Loading data...
========================================
FlexibleEmbedder initialized with type: 'concat'
Output dimension will be: 1536
GlobalDataLoader initialized:
  Embedding type: concat
  Output dimension: 1536
  Sample size: All
Starting data loading pipeline...
============================================================
Loading training data from data/processed/snli_full_standard_SBERT.pt
  Loaded keys: ['premise_embeddings', 'hypothesis_embeddings', 'labels', 'texts', 'metadata']
  Final dataset: 549367 training samples
Loading validation data from data/processed/snli_full_standard_SBERT_validation.pt
  Loaded keys: ['premise_embeddings', 'hypothesis_embeddings', 'labels', 'texts', 'metadata']
  Final dataset: 9842 validation samples
Loading test data from data/processed/snli_full_standard_SBERT_test.pt
  Loaded keys: ['premise_embeddings', 'hypothesis_embeddings', 'labels', 'texts', 'metadata']
  Final dataset: 9824 test samples
Generating embeddings for training...
Generating concat embeddings on cuda
Processing 549367 samples in batches of 1000
  Processing batch 1/550
  Processing batch 6/550
  Processing batch 11/550
  Processing batch 16/550
  Processing batch 21/550
  Processing batch 26/550
  Processing batch 31/550
  Processing batch 36/550
  Processing batch 41/550
  Processing batch 46/550
  Processing batch 51/550
  Processing batch 56/550
  Processing batch 61/550
  Processing batch 66/550
  Processing batch 71/550
  Processing batch 76/550
  Processing batch 81/550
  Processing batch 86/550
  Processing batch 91/550
  Processing batch 96/550
  Processing batch 101/550
  Processing batch 106/550
  Processing batch 111/550
  Processing batch 116/550
  Processing batch 121/550
  Processing batch 126/550
  Processing batch 131/550
  Processing batch 136/550
  Processing batch 141/550
  Processing batch 146/550
  Processing batch 151/550
  Processing batch 156/550
  Processing batch 161/550
  Processing batch 166/550
  Processing batch 171/550
  Processing batch 176/550
  Processing batch 181/550
  Processing batch 186/550
  Processing batch 191/550
  Processing batch 196/550
  Processing batch 201/550
  Processing batch 206/550
  Processing batch 211/550
  Processing batch 216/550
  Processing batch 221/550
  Processing batch 226/550
  Processing batch 231/550
  Processing batch 236/550
  Processing batch 241/550
  Processing batch 246/550
  Processing batch 251/550
  Processing batch 256/550
  Processing batch 261/550
  Processing batch 266/550
  Processing batch 271/550
  Processing batch 276/550
  Processing batch 281/550
  Processing batch 286/550
  Processing batch 291/550
  Processing batch 296/550
  Processing batch 301/550
  Processing batch 306/550
  Processing batch 311/550
  Processing batch 316/550
  Processing batch 321/550
  Processing batch 326/550
  Processing batch 331/550
  Processing batch 336/550
  Processing batch 341/550
  Processing batch 346/550
  Processing batch 351/550
  Processing batch 356/550
  Processing batch 361/550
  Processing batch 366/550
  Processing batch 371/550
  Processing batch 376/550
  Processing batch 381/550
  Processing batch 386/550
  Processing batch 391/550
  Processing batch 396/550
  Processing batch 401/550
  Processing batch 406/550
  Processing batch 411/550
  Processing batch 416/550
  Processing batch 421/550
  Processing batch 426/550
  Processing batch 431/550
  Processing batch 436/550
  Processing batch 441/550
  Processing batch 446/550
  Processing batch 451/550
  Processing batch 456/550
  Processing batch 461/550
  Processing batch 466/550
  Processing batch 471/550
  Processing batch 476/550
  Processing batch 481/550
  Processing batch 486/550
  Processing batch 491/550
  Processing batch 496/550
  Processing batch 501/550
  Processing batch 506/550
  Processing batch 511/550
  Processing batch 516/550
  Processing batch 521/550
  Processing batch 526/550
  Processing batch 531/550
  Processing batch 536/550
  Processing batch 541/550
  Processing batch 546/550
Generated concat embeddings: torch.Size([549367, 1536])
Generating embeddings for validation...
Generating concat embeddings on cuda
Processing 9842 samples in batches of 1000
  Processing batch 1/10
  Processing batch 6/10
Generated concat embeddings: torch.Size([9842, 1536])
Generating embeddings for test...
Generating concat embeddings on cuda
Processing 9824 samples in batches of 1000
  Processing batch 1/10
  Processing batch 6/10
Generated concat embeddings: torch.Size([9824, 1536])
EntailmentDataset created: 549367 samples
  Embedding shape: torch.Size([549367, 1536])
  Class distribution: {'entailment': 183416, 'neutral': 182764, 'contradiction': 183187}
EntailmentDataset created: 9842 samples
  Embedding shape: torch.Size([9842, 1536])
  Class distribution: {'entailment': 3329, 'neutral': 3235, 'contradiction': 3278}
EntailmentDataset created: 9824 samples
  Embedding shape: torch.Size([9824, 1536])
  Class distribution: {'entailment': 3368, 'neutral': 3219, 'contradiction': 3237}

Data loading pipeline completed!
Output embedding dimension: 1536
Updated model input_dim to: 1536
BalancedBatchSampler initialized:
  Classes: [2, 0, 1]
  Samples per class per batch: 340
  Effective batch size: 1020
  Number of batches: 537
  Class 2: 183187 samples
  Class 0: 183416 samples
  Class 1: 182764 samples
BalancedBatchSampler initialized:
  Classes: [2, 0, 1]
  Samples per class per batch: 340
  Effective batch size: 1020
  Number of batches: 9
  Class 2: 3278 samples
  Class 0: 3329 samples
  Class 1: 3235 samples
DataLoaders created:
  Batch size: 1020
  Balanced sampling: True
  Train batches: 537
  Val batches: 9
  Test batches: 10
Data loading completed!
  Train: 549367 samples, 537 batches
  Val: 9842 samples, 9 batches
  Test: 9824 samples, 10 batches
AttentionAutoencoder initialized:
  Input dim: 1536
  Latent dim: 75
  Hidden dims: [1024, 768, 512, 256, 128]
  Attention Heads: 5
  Total parameters: 3,068,401
FullDatasetContrastiveLoss initialized:
  Positive Margin: 2.0
  Negative Margin: 10.0
  Update frequency: 3 epochs
  Max global samples: 5000
FullDatasetCombinedLoss initialized:
  Contrastive weight: 0.0
  Base reconstruction weight: 100.0
GromovWassersteinTopologicalLoss initialized:
  GW weight: 0.01
  Distance weight: 20
  Distance type: stress
  Max dimension: 1
  Distance metric: euclidean
No prototypes being used for topological loss - whole dataset instead.
TopologicalTrainer initialized on device: cuda
Model parameters: 3,068,401
Enhanced with topological loss monitoring
Starting Phase 1: Pure Topological Training
  Contrastive weight: 0.0
  Topological weight: 1.0
  Reconstruction weight: 100.0

======================================================================
🧠 TOPOLOGICAL AUTOENCODER TRAINING STARTED
======================================================================

============================================================
EPOCH 1 | Batches: 537 | Topological Weight: 1.0000
🧠 Full topological learning active
============================================================
  GW Loss Components:
    Raw GW loss: 1368.414673
    Raw distance loss: 0.229805
    Weighted GW: 13.684147
    Weighted distance: 4.596105
    Total loss: 18.280252
    GW/Distance ratio: 5954.670
  GW Loss Components:
    Raw GW loss: 1378.813232
    Raw distance loss: 0.236722
    Weighted GW: 13.788132
    Weighted distance: 4.734443
    Total loss: 18.522575
    GW/Distance ratio: 5824.606
  GW Loss Components:
    Raw GW loss: 1416.840332
    Raw distance loss: 0.230544
    Weighted GW: 14.168403
    Weighted distance: 4.610874
    Total loss: 18.779278
    GW/Distance ratio: 6145.646
Batch   0/537: Loss=56.4018 (C:8.0376, R:0.3787, T:18.5274(w:1.000)⚠️)
  GW Loss Components:
    Raw GW loss: 1373.064697
    Raw distance loss: 0.185307
    Weighted GW: 13.730647
    Weighted distance: 3.706148
    Total loss: 17.436794
    GW/Distance ratio: 7409.659
  GW Loss Components:
    Raw GW loss: 1383.344971
    Raw distance loss: 0.194100
    Weighted GW: 13.833449
    Weighted distance: 3.882000
    Total loss: 17.715450
    GW/Distance ratio: 7126.969
  GW Loss Components:
    Raw GW loss: 1427.400146
    Raw distance loss: 0.183201
    Weighted GW: 14.274001
    Weighted distance: 3.664024
    Total loss: 17.938026
    GW/Distance ratio: 7791.433
  GW Loss Components:
    Raw GW loss: 1419.443115
    Raw distance loss: 0.140988
    Weighted GW: 14.194431
    Weighted distance: 2.819750
    Total loss: 17.014181
    GW/Distance ratio: 10067.864
  GW Loss Components:
    Raw GW loss: 1558.111816
    Raw distance loss: 0.141227
    Weighted GW: 15.581118
    Weighted distance: 2.824531
    Total loss: 18.405649
    GW/Distance ratio: 11032.710
  GW Loss Components:
    Raw GW loss: 1504.452026
    Raw distance loss: 0.138617
    Weighted GW: 15.044520
    Weighted distance: 2.772342
    Total loss: 17.816862
    GW/Distance ratio: 10853.292
  GW Loss Components:
    Raw GW loss: 1347.954346
    Raw distance loss: 0.134669
    Weighted GW: 13.479543
    Weighted distance: 2.693379
    Total loss: 16.172922
    GW/Distance ratio: 10009.390
  GW Loss Components:
    Raw GW loss: 1414.072266
    Raw distance loss: 0.133937
    Weighted GW: 14.140722
    Weighted distance: 2.678743
    Total loss: 16.819466
    GW/Distance ratio: 10557.729
  GW Loss Components:
    Raw GW loss: 1412.218140
    Raw distance loss: 0.128234
    Weighted GW: 14.122181
    Weighted distance: 2.564685
    Total loss: 16.686867
    GW/Distance ratio: 11012.800
  GW Loss Components:
    Raw GW loss: 1207.323730
    Raw distance loss: 0.138388
    Weighted GW: 12.073237
    Weighted distance: 2.767763
    Total loss: 14.841001
    GW/Distance ratio: 8724.184
  GW Loss Components:
    Raw GW loss: 1235.063477
    Raw distance loss: 0.141680
    Weighted GW: 12.350635
    Weighted distance: 2.833610
    Total loss: 15.184244
    GW/Distance ratio: 8717.244
  GW Loss Components:
    Raw GW loss: 1287.422363
    Raw distance loss: 0.134577
    Weighted GW: 12.874224
    Weighted distance: 2.691543
    Total loss: 15.565767
    GW/Distance ratio: 9566.425
  GW Loss Components:
    Raw GW loss: 1146.208374
    Raw distance loss: 0.152145
    Weighted GW: 11.462084
    Weighted distance: 3.042899
    Total loss: 14.504982
    GW/Distance ratio: 7533.660
  GW Loss Components:
    Raw GW loss: 1175.774658
    Raw distance loss: 0.155431
    Weighted GW: 11.757747
    Weighted distance: 3.108617
    Total loss: 14.866364
    GW/Distance ratio: 7564.615
  GW Loss Components:
    Raw GW loss: 1215.988525
    Raw distance loss: 0.149593
    Weighted GW: 12.159885
    Weighted distance: 2.991860
    Total loss: 15.151745
    GW/Distance ratio: 8128.646
  GW Loss Components:
    Raw GW loss: 1088.266602
    Raw distance loss: 0.139641
    Weighted GW: 10.882666
    Weighted distance: 2.792827
    Total loss: 13.675492
    GW/Distance ratio: 7793.297
  GW Loss Components:
    Raw GW loss: 1178.845825
    Raw distance loss: 0.142646
    Weighted GW: 11.788458
    Weighted distance: 2.852921
    Total loss: 14.641378
    GW/Distance ratio: 8264.133
  GW Loss Components:
    Raw GW loss: 1165.383423
    Raw distance loss: 0.125569
    Weighted GW: 11.653834
    Weighted distance: 2.511375
    Total loss: 14.165209
    GW/Distance ratio: 9280.840
  GW Loss Components:
    Raw GW loss: 1044.404663
    Raw distance loss: 0.131525
    Weighted GW: 10.444046
    Weighted distance: 2.630507
    Total loss: 13.074553
    GW/Distance ratio: 7940.710
  GW Loss Components:
    Raw GW loss: 1128.663208
    Raw distance loss: 0.126719
    Weighted GW: 11.286632
    Weighted distance: 2.534378
    Total loss: 13.821009
    GW/Distance ratio: 8906.826
  GW Loss Components:
    Raw GW loss: 1170.555176
    Raw distance loss: 0.120237
    Weighted GW: 11.705551
    Weighted distance: 2.404736
    Total loss: 14.110288
    GW/Distance ratio: 9735.413
  GW Loss Components:
    Raw GW loss: 1031.096313
    Raw distance loss: 0.131722
    Weighted GW: 10.310963
    Weighted distance: 2.634445
    Total loss: 12.945408
    GW/Distance ratio: 7827.806
  GW Loss Components:
    Raw GW loss: 1094.348877
    Raw distance loss: 0.129064
    Weighted GW: 10.943488
    Weighted distance: 2.581280
    Total loss: 13.524769
    GW/Distance ratio: 8479.115
  GW Loss Components:
    Raw GW loss: 1098.743164
    Raw distance loss: 0.130133
    Weighted GW: 10.987432
    Weighted distance: 2.602664
    Total loss: 13.590096
    GW/Distance ratio: 8443.220
  GW Loss Components:
    Raw GW loss: 1038.078491
    Raw distance loss: 0.132323
    Weighted GW: 10.380785
    Weighted distance: 2.646458
    Total loss: 13.027243
    GW/Distance ratio: 7845.040
  GW Loss Components:
    Raw GW loss: 1075.212158
    Raw distance loss: 0.117779
    Weighted GW: 10.752121
    Weighted distance: 2.355588
    Total loss: 13.107710
    GW/Distance ratio: 9129.032
  GW Loss Components:
    Raw GW loss: 1112.448242
    Raw distance loss: 0.117473
    Weighted GW: 11.124482
    Weighted distance: 2.349454
    Total loss: 13.473936
    GW/Distance ratio: 9469.845
  GW Loss Components:
    Raw GW loss: 1007.194946
    Raw distance loss: 0.125030
    Weighted GW: 10.071949
    Weighted distance: 2.500605
    Total loss: 12.572554
    GW/Distance ratio: 8055.610
  GW Loss Components:
    Raw GW loss: 1068.462402
    Raw distance loss: 0.119899
    Weighted GW: 10.684624
    Weighted distance: 2.397978
    Total loss: 13.082602
    GW/Distance ratio: 8911.361
  GW Loss Components:
    Raw GW loss: 1118.169312
    Raw distance loss: 0.114379
    Weighted GW: 11.181693
    Weighted distance: 2.287587
    Total loss: 13.469280
    GW/Distance ratio: 9775.970
  GW Loss Components:
    Raw GW loss: 1028.345215
    Raw distance loss: 0.115406
    Weighted GW: 10.283452
    Weighted distance: 2.308130
    Total loss: 12.591581
    GW/Distance ratio: 8910.636
  GW Loss Components:
    Raw GW loss: 1067.198120
    Raw distance loss: 0.119240
    Weighted GW: 10.671981
    Weighted distance: 2.384808
    Total loss: 13.056788
    GW/Distance ratio: 8949.973
  GW Loss Components:
    Raw GW loss: 1102.146729
    Raw distance loss: 0.121722
    Weighted GW: 11.021467
    Weighted distance: 2.434435
    Total loss: 13.455902
    GW/Distance ratio: 9054.642
  GW Loss Components:
    Raw GW loss: 1005.605164
    Raw distance loss: 0.123878
    Weighted GW: 10.056051
    Weighted distance: 2.477557
    Total loss: 12.533607
    GW/Distance ratio: 8117.716
  GW Loss Components:
    Raw GW loss: 1071.053833
    Raw distance loss: 0.116647
    Weighted GW: 10.710538
    Weighted distance: 2.332934
    Total loss: 13.043471
    GW/Distance ratio: 9182.033
  GW Loss Components:
    Raw GW loss: 1108.913086
    Raw distance loss: 0.130699
    Weighted GW: 11.089130
    Weighted distance: 2.613976
    Total loss: 13.703107
    GW/Distance ratio: 8484.490
  GW Loss Components:
    Raw GW loss: 1026.727783
    Raw distance loss: 0.110265
    Weighted GW: 10.267278
    Weighted distance: 2.205304
    Total loss: 12.472582
    GW/Distance ratio: 9311.440
  GW Loss Components:
    Raw GW loss: 1083.237061
    Raw distance loss: 0.113476
    Weighted GW: 10.832371
    Weighted distance: 2.269516
    Total loss: 13.101887
    GW/Distance ratio: 9545.975
  GW Loss Components:
    Raw GW loss: 1108.909180
    Raw distance loss: 0.116633
    Weighted GW: 11.089091
    Weighted distance: 2.332668
    Total loss: 13.421760
    GW/Distance ratio: 9507.646
  GW Loss Components:
    Raw GW loss: 1040.652100
    Raw distance loss: 0.128447
    Weighted GW: 10.406521
    Weighted distance: 2.568949
    Total loss: 12.975471
    GW/Distance ratio: 8101.771
  GW Loss Components:
    Raw GW loss: 1086.703857
    Raw distance loss: 0.118057
    Weighted GW: 10.867039
    Weighted distance: 2.361132
    Total loss: 13.228170
    GW/Distance ratio: 9204.939
  GW Loss Components:
    Raw GW loss: 1118.752686
    Raw distance loss: 0.123099
    Weighted GW: 11.187527
    Weighted distance: 2.461986
    Total loss: 13.649512
    GW/Distance ratio: 9088.214
  GW Loss Components:
    Raw GW loss: 1064.573242
    Raw distance loss: 0.111849
    Weighted GW: 10.645732
    Weighted distance: 2.236989
    Total loss: 12.882721
    GW/Distance ratio: 9517.911
  GW Loss Components:
    Raw GW loss: 1087.401611
    Raw distance loss: 0.121276
    Weighted GW: 10.874016
    Weighted distance: 2.425514
    Total loss: 13.299529
    GW/Distance ratio: 8966.362
  GW Loss Components:
    Raw GW loss: 1120.551147
    Raw distance loss: 0.129314
    Weighted GW: 11.205511
    Weighted distance: 2.586276
    Total loss: 13.791787
    GW/Distance ratio: 8665.363
  GW Loss Components:
    Raw GW loss: 1027.637085
    Raw distance loss: 0.107919
    Weighted GW: 10.276371
    Weighted distance: 2.158377
    Total loss: 12.434748
    GW/Distance ratio: 9522.312
  GW Loss Components:
    Raw GW loss: 1087.639282
    Raw distance loss: 0.127479
    Weighted GW: 10.876392
    Weighted distance: 2.549577
    Total loss: 13.425969
    GW/Distance ratio: 8531.919
  GW Loss Components:
    Raw GW loss: 1136.440796
    Raw distance loss: 0.111313
    Weighted GW: 11.364408
    Weighted distance: 2.226266
    Total loss: 13.590673
    GW/Distance ratio: 10209.390
  GW Loss Components:
    Raw GW loss: 1016.843872
    Raw distance loss: 0.115969
    Weighted GW: 10.168439
    Weighted distance: 2.319382
    Total loss: 12.487822
    GW/Distance ratio: 8768.229
  GW Loss Components:
    Raw GW loss: 1102.523193
    Raw distance loss: 0.101584
    Weighted GW: 11.025231
    Weighted distance: 2.031672
    Total loss: 13.056904
    GW/Distance ratio: 10853.356
  GW Loss Components:
    Raw GW loss: 1112.738281
    Raw distance loss: 0.118471
    Weighted GW: 11.127382
    Weighted distance: 2.369428
    Total loss: 13.496811
    GW/Distance ratio: 9392.462
  GW Loss Components:
    Raw GW loss: 1033.107056
    Raw distance loss: 0.122857
    Weighted GW: 10.331070
    Weighted distance: 2.457146
    Total loss: 12.788217
    GW/Distance ratio: 8408.998
  GW Loss Components:
    Raw GW loss: 1120.746948
    Raw distance loss: 0.103700
    Weighted GW: 11.207469
    Weighted distance: 2.074000
    Total loss: 13.281469
    GW/Distance ratio: 10807.589
  GW Loss Components:
    Raw GW loss: 1132.774902
    Raw distance loss: 0.105151
    Weighted GW: 11.327748
    Weighted distance: 2.103012
    Total loss: 13.430760
    GW/Distance ratio: 10772.879
  GW Loss Components:
    Raw GW loss: 1057.302124
    Raw distance loss: 0.115673
    Weighted GW: 10.573021
    Weighted distance: 2.313459
    Total loss: 12.886480
    GW/Distance ratio: 9140.442
  GW Loss Components:
    Raw GW loss: 1128.191895
    Raw distance loss: 0.109237
    Weighted GW: 11.281919
    Weighted distance: 2.184738
    Total loss: 13.466657
    GW/Distance ratio: 10327.936
  GW Loss Components:
    Raw GW loss: 1136.697998
    Raw distance loss: 0.126662
    Weighted GW: 11.366980
    Weighted distance: 2.533245
    Total loss: 13.900225
    GW/Distance ratio: 8974.242
  GW Loss Components:
    Raw GW loss: 1075.460938
    Raw distance loss: 0.111396
    Weighted GW: 10.754609
    Weighted distance: 2.227918
    Total loss: 12.982527
    GW/Distance ratio: 9654.404
  GW Loss Components:
    Raw GW loss: 1119.399780
    Raw distance loss: 0.125687
    Weighted GW: 11.193997
    Weighted distance: 2.513732
    Total loss: 13.707729
    GW/Distance ratio: 8906.275
  GW Loss Components:
    Raw GW loss: 1141.521851
    Raw distance loss: 0.108422
    Weighted GW: 11.415218
    Weighted distance: 2.168437
    Total loss: 13.583655
    GW/Distance ratio: 10528.521
  GW Loss Components:
    Raw GW loss: 1032.987793
    Raw distance loss: 0.111066
    Weighted GW: 10.329878
    Weighted distance: 2.221326
    Total loss: 12.551205
    GW/Distance ratio: 9300.639
  GW Loss Components:
    Raw GW loss: 1117.884766
    Raw distance loss: 0.122164
    Weighted GW: 11.178847
    Weighted distance: 2.443278
    Total loss: 13.622126
    GW/Distance ratio: 9150.695
  GW Loss Components:
    Raw GW loss: 1159.193848
    Raw distance loss: 0.112188
    Weighted GW: 11.591938
    Weighted distance: 2.243755
    Total loss: 13.835693
    GW/Distance ratio: 10332.623
  GW Loss Components:
    Raw GW loss: 1038.181885
    Raw distance loss: 0.112074
    Weighted GW: 10.381819
    Weighted distance: 2.241482
    Total loss: 12.623301
    GW/Distance ratio: 9263.354
  GW Loss Components:
    Raw GW loss: 1087.411865
    Raw distance loss: 0.129132
    Weighted GW: 10.874119
    Weighted distance: 2.582638
    Total loss: 13.456757
    GW/Distance ratio: 8420.938
  GW Loss Components:
    Raw GW loss: 1143.574341
    Raw distance loss: 0.107574
    Weighted GW: 11.435743
    Weighted distance: 2.151476
    Total loss: 13.587219
    GW/Distance ratio: 10630.604
  GW Loss Components:
    Raw GW loss: 1065.972168
    Raw distance loss: 0.102438
    Weighted GW: 10.659721
    Weighted distance: 2.048755
    Total loss: 12.708477
    GW/Distance ratio: 10406.045
  GW Loss Components:
    Raw GW loss: 1123.505737
    Raw distance loss: 0.099395
    Weighted GW: 11.235057
    Weighted distance: 1.987904
    Total loss: 13.222961
    GW/Distance ratio: 11303.417
  GW Loss Components:
    Raw GW loss: 1138.889282
    Raw distance loss: 0.096123
    Weighted GW: 11.388892
    Weighted distance: 1.922455
    Total loss: 13.311347
    GW/Distance ratio: 11848.281
  GW Loss Components:
    Raw GW loss: 1036.808105
    Raw distance loss: 0.101437
    Weighted GW: 10.368081
    Weighted distance: 2.028734
    Total loss: 12.396815
    GW/Distance ratio: 10221.231
  GW Loss Components:
    Raw GW loss: 1176.406006
    Raw distance loss: 0.097816
    Weighted GW: 11.764060
    Weighted distance: 1.956311
    Total loss: 13.720370
    GW/Distance ratio: 12026.780
  GW Loss Components:
    Raw GW loss: 1172.459595
    Raw distance loss: 0.098702
    Weighted GW: 11.724596
    Weighted distance: 1.974049
    Total loss: 13.698645
    GW/Distance ratio: 11878.728
  GW Loss Components:
    Raw GW loss: 1033.519043
    Raw distance loss: 0.089006
    Weighted GW: 10.335190
    Weighted distance: 1.780120
    Total loss: 12.115311
    GW/Distance ratio: 11611.787
  GW Loss Components:
    Raw GW loss: 1087.000732
    Raw distance loss: 0.097716
    Weighted GW: 10.870008
    Weighted distance: 1.954327
    Total loss: 12.824334
    GW/Distance ratio: 11124.043
  GW Loss Components:
    Raw GW loss: 1099.446655
    Raw distance loss: 0.100165
    Weighted GW: 10.994467
    Weighted distance: 2.003297
    Total loss: 12.997764
    GW/Distance ratio: 10976.371
Batch  25/537: Loss=17.5429 (C:8.0231, R:0.0490, T:12.6458(w:1.000)⚠️)
  GW Loss Components:
    Raw GW loss: 1023.861816
    Raw distance loss: 0.088942
    Weighted GW: 10.238618
    Weighted distance: 1.778847
    Total loss: 12.017465
    GW/Distance ratio: 11511.521
  GW Loss Components:
    Raw GW loss: 1098.393555
    Raw distance loss: 0.091517
    Weighted GW: 10.983935
    Weighted distance: 1.830332
    Total loss: 12.814268
    GW/Distance ratio: 12002.121
  GW Loss Components:
    Raw GW loss: 1087.116699
    Raw distance loss: 0.093836
    Weighted GW: 10.871167
    Weighted distance: 1.876713
    Total loss: 12.747880
    GW/Distance ratio: 11585.329
  GW Loss Components:
    Raw GW loss: 919.212280
    Raw distance loss: 0.088157
    Weighted GW: 9.192122
    Weighted distance: 1.763142
    Total loss: 10.955264
    GW/Distance ratio: 10426.979
  GW Loss Components:
    Raw GW loss: 1018.293579
    Raw distance loss: 0.081253
    Weighted GW: 10.182936
    Weighted distance: 1.625063
    Total loss: 11.807999
    GW/Distance ratio: 12532.354
  GW Loss Components:
    Raw GW loss: 1136.573975
    Raw distance loss: 0.081620
    Weighted GW: 11.365740
    Weighted distance: 1.632391
    Total loss: 12.998131
    GW/Distance ratio: 13925.269
  GW Loss Components:
    Raw GW loss: 850.294189
    Raw distance loss: 0.083361
    Weighted GW: 8.502942
    Weighted distance: 1.667227
    Total loss: 10.170169
    GW/Distance ratio: 10200.102
  GW Loss Components:
    Raw GW loss: 917.808716
    Raw distance loss: 0.079738
    Weighted GW: 9.178087
    Weighted distance: 1.594751
    Total loss: 10.772839
    GW/Distance ratio: 11510.365
  GW Loss Components:
    Raw GW loss: 976.804810
    Raw distance loss: 0.078367
    Weighted GW: 9.768048
    Weighted distance: 1.567342
    Total loss: 11.335390
    GW/Distance ratio: 12464.479
  GW Loss Components:
    Raw GW loss: 802.399414
    Raw distance loss: 0.093640
    Weighted GW: 8.023993
    Weighted distance: 1.872800
    Total loss: 9.896793
    GW/Distance ratio: 8568.980
  GW Loss Components:
    Raw GW loss: 876.582031
    Raw distance loss: 0.084490
    Weighted GW: 8.765821
    Weighted distance: 1.689793
    Total loss: 10.455614
    GW/Distance ratio: 10375.020
  GW Loss Components:
    Raw GW loss: 955.086914
    Raw distance loss: 0.077310
    Weighted GW: 9.550869
    Weighted distance: 1.546200
    Total loss: 11.097069
    GW/Distance ratio: 12353.991
  GW Loss Components:
    Raw GW loss: 775.071777
    Raw distance loss: 0.091456
    Weighted GW: 7.750718
    Weighted distance: 1.829128
    Total loss: 9.579845
    GW/Distance ratio: 8474.769
  GW Loss Components:
    Raw GW loss: 851.583740
    Raw distance loss: 0.079642
    Weighted GW: 8.515838
    Weighted distance: 1.592844
    Total loss: 10.108682
    GW/Distance ratio: 10692.618
  GW Loss Components:
    Raw GW loss: 895.401611
    Raw distance loss: 0.078579
    Weighted GW: 8.954016
    Weighted distance: 1.571571
    Total loss: 10.525587
    GW/Distance ratio: 11394.987
  GW Loss Components:
    Raw GW loss: 726.884521
    Raw distance loss: 0.076996
    Weighted GW: 7.268845
    Weighted distance: 1.539928
    Total loss: 8.808773
    GW/Distance ratio: 9440.497
  GW Loss Components:
    Raw GW loss: 796.461548
    Raw distance loss: 0.075406
    Weighted GW: 7.964615
    Weighted distance: 1.508122
    Total loss: 9.472737
    GW/Distance ratio: 10562.298
  GW Loss Components:
    Raw GW loss: 901.145020
    Raw distance loss: 0.069036
    Weighted GW: 9.011450
    Weighted distance: 1.380726
    Total loss: 10.392176
    GW/Distance ratio: 13053.207
  GW Loss Components:
    Raw GW loss: 685.674805
    Raw distance loss: 0.073410
    Weighted GW: 6.856748
    Weighted distance: 1.468197
    Total loss: 8.324945
    GW/Distance ratio: 9340.365
  GW Loss Components:
    Raw GW loss: 754.955078
    Raw distance loss: 0.073459
    Weighted GW: 7.549551
    Weighted distance: 1.469190
    Total loss: 9.018740
    GW/Distance ratio: 10277.162
  GW Loss Components:
    Raw GW loss: 804.736328
    Raw distance loss: 0.067009
    Weighted GW: 8.047363
    Weighted distance: 1.340178
    Total loss: 9.387541
    GW/Distance ratio: 12009.394
  GW Loss Components:
    Raw GW loss: 686.563538
    Raw distance loss: 0.071692
    Weighted GW: 6.865635
    Weighted distance: 1.433839
    Total loss: 8.299475
    GW/Distance ratio: 9576.577
  GW Loss Components:
    Raw GW loss: 779.108643
    Raw distance loss: 0.056002
    Weighted GW: 7.791086
    Weighted distance: 1.120044
    Total loss: 8.911131
    GW/Distance ratio: 13912.103
  GW Loss Components:
    Raw GW loss: 832.548218
    Raw distance loss: 0.057352
    Weighted GW: 8.325482
    Weighted distance: 1.147046
    Total loss: 9.472528
    GW/Distance ratio: 14516.383
  GW Loss Components:
    Raw GW loss: 614.014465
    Raw distance loss: 0.052480
    Weighted GW: 6.140144
    Weighted distance: 1.049595
    Total loss: 7.189739
    GW/Distance ratio: 11700.027
  GW Loss Components:
    Raw GW loss: 760.881592
    Raw distance loss: 0.053178
    Weighted GW: 7.608816
    Weighted distance: 1.063568
    Total loss: 8.672384
    GW/Distance ratio: 14308.087
  GW Loss Components:
    Raw GW loss: 799.789734
    Raw distance loss: 0.048835
    Weighted GW: 7.997897
    Weighted distance: 0.976708
    Total loss: 8.974606
    GW/Distance ratio: 16377.250
  GW Loss Components:
    Raw GW loss: 527.785889
    Raw distance loss: 0.051996
    Weighted GW: 5.277859
    Weighted distance: 1.039914
    Total loss: 6.317773
    GW/Distance ratio: 10150.565
  GW Loss Components:
    Raw GW loss: 639.299316
    Raw distance loss: 0.052938
    Weighted GW: 6.392993
    Weighted distance: 1.058764
    Total loss: 7.451757
    GW/Distance ratio: 12076.328
  GW Loss Components:
    Raw GW loss: 669.078491
    Raw distance loss: 0.050400
    Weighted GW: 6.690785
    Weighted distance: 1.008010
    Total loss: 7.698794
    GW/Distance ratio: 13275.236
  GW Loss Components:
    Raw GW loss: 437.497955
    Raw distance loss: 0.051700
    Weighted GW: 4.374979
    Weighted distance: 1.034001
    Total loss: 5.408981
    GW/Distance ratio: 8462.230
  GW Loss Components:
    Raw GW loss: 574.153442
    Raw distance loss: 0.050235
    Weighted GW: 5.741534
    Weighted distance: 1.004697
    Total loss: 6.746232
    GW/Distance ratio: 11429.380
  GW Loss Components:
    Raw GW loss: 534.512451
    Raw distance loss: 0.044812
    Weighted GW: 5.345124
    Weighted distance: 0.896235
    Total loss: 6.241359
    GW/Distance ratio: 11927.957
  GW Loss Components:
    Raw GW loss: 352.926270
    Raw distance loss: 0.052568
    Weighted GW: 3.529263
    Weighted distance: 1.051351
    Total loss: 4.580614
    GW/Distance ratio: 6713.765
  GW Loss Components:
    Raw GW loss: 448.190796
    Raw distance loss: 0.048695
    Weighted GW: 4.481908
    Weighted distance: 0.973898
    Total loss: 5.455806
    GW/Distance ratio: 9204.055
  GW Loss Components:
    Raw GW loss: 470.170807
    Raw distance loss: 0.042667
    Weighted GW: 4.701708
    Weighted distance: 0.853338
    Total loss: 5.555046
    GW/Distance ratio: 11019.560
  GW Loss Components:
    Raw GW loss: 187.982361
    Raw distance loss: 0.055259
    Weighted GW: 1.879824
    Weighted distance: 1.105171
    Total loss: 2.984995
    GW/Distance ratio: 3401.867
  GW Loss Components:
    Raw GW loss: 385.029449
    Raw distance loss: 0.044472
    Weighted GW: 3.850294
    Weighted distance: 0.889440
    Total loss: 4.739735
    GW/Distance ratio: 8657.791
  GW Loss Components:
    Raw GW loss: 341.020782
    Raw distance loss: 0.043125
    Weighted GW: 3.410208
    Weighted distance: 0.862506
    Total loss: 4.272714
    GW/Distance ratio: 7907.670
  GW Loss Components:
    Raw GW loss: 209.685547
    Raw distance loss: 0.045238
    Weighted GW: 2.096855
    Weighted distance: 0.904760
    Total loss: 3.001616
    GW/Distance ratio: 4635.162
  GW Loss Components:
    Raw GW loss: 322.309814
    Raw distance loss: 0.044591
    Weighted GW: 3.223098
    Weighted distance: 0.891815
    Total loss: 4.114913
    GW/Distance ratio: 7228.176
  GW Loss Components:
    Raw GW loss: 381.582520
    Raw distance loss: 0.040688
    Weighted GW: 3.815825
    Weighted distance: 0.813766
    Total loss: 4.629591
    GW/Distance ratio: 9378.189
  GW Loss Components:
    Raw GW loss: 219.575577
    Raw distance loss: 0.059697
    Weighted GW: 2.195756
    Weighted distance: 1.193946
    Total loss: 3.389702
    GW/Distance ratio: 3678.147
  GW Loss Components:
    Raw GW loss: 220.363022
    Raw distance loss: 0.059996
    Weighted GW: 2.203630
    Weighted distance: 1.199918
    Total loss: 3.403548
    GW/Distance ratio: 3672.967
  GW Loss Components:
    Raw GW loss: 212.667511
    Raw distance loss: 0.057950
    Weighted GW: 2.126675
    Weighted distance: 1.159000
    Total loss: 3.285675
    GW/Distance ratio: 3669.844
  GW Loss Components:
    Raw GW loss: 222.290863
    Raw distance loss: 0.038519
    Weighted GW: 2.222908
    Weighted distance: 0.770377
    Total loss: 2.993285
    GW/Distance ratio: 5770.962
  GW Loss Components:
    Raw GW loss: 340.468445
    Raw distance loss: 0.033008
    Weighted GW: 3.404684
    Weighted distance: 0.660164
    Total loss: 4.064849
    GW/Distance ratio: 10314.652
  GW Loss Components:
    Raw GW loss: 373.574249
    Raw distance loss: 0.034951
    Weighted GW: 3.735742
    Weighted distance: 0.699027
    Total loss: 4.434769
    GW/Distance ratio: 10688.405
  GW Loss Components:
    Raw GW loss: 220.843628
    Raw distance loss: 0.033734
    Weighted GW: 2.208436
    Weighted distance: 0.674689
    Total loss: 2.883125
    GW/Distance ratio: 6546.533
  GW Loss Components:
    Raw GW loss: 390.607300
    Raw distance loss: 0.031340
    Weighted GW: 3.906073
    Weighted distance: 0.626805
    Total loss: 4.532878
    GW/Distance ratio: 12463.438
  GW Loss Components:
    Raw GW loss: 431.526154
    Raw distance loss: 0.028861
    Weighted GW: 4.315261
    Weighted distance: 0.577213
    Total loss: 4.892475
    GW/Distance ratio: 14952.046
  GW Loss Components:
    Raw GW loss: 174.640793
    Raw distance loss: 0.036320
    Weighted GW: 1.746408
    Weighted distance: 0.726409
    Total loss: 2.472817
    GW/Distance ratio: 4808.332
  GW Loss Components:
    Raw GW loss: 246.216187
    Raw distance loss: 0.035280
    Weighted GW: 2.462162
    Weighted distance: 0.705603
    Total loss: 3.167765
    GW/Distance ratio: 6978.885
  GW Loss Components:
    Raw GW loss: 317.449219
    Raw distance loss: 0.034020
    Weighted GW: 3.174492
    Weighted distance: 0.680392
    Total loss: 3.854884
    GW/Distance ratio: 9331.363
  GW Loss Components:
    Raw GW loss: 233.856598
    Raw distance loss: 0.057488
    Weighted GW: 2.338566
    Weighted distance: 1.149765
    Total loss: 3.488331
    GW/Distance ratio: 4067.900
  GW Loss Components:
    Raw GW loss: 168.796753
    Raw distance loss: 0.047481
    Weighted GW: 1.687968
    Weighted distance: 0.949626
    Total loss: 2.637594
    GW/Distance ratio: 3555.014
  GW Loss Components:
    Raw GW loss: 213.982147
    Raw distance loss: 0.044451
    Weighted GW: 2.139822
    Weighted distance: 0.889021
    Total loss: 3.028842
    GW/Distance ratio: 4813.882
  GW Loss Components:
    Raw GW loss: 180.236389
    Raw distance loss: 0.046794
    Weighted GW: 1.802364
    Weighted distance: 0.935872
    Total loss: 2.738235
    GW/Distance ratio: 3851.732
  GW Loss Components:
    Raw GW loss: 206.648804
    Raw distance loss: 0.040719
    Weighted GW: 2.066488
    Weighted distance: 0.814379
    Total loss: 2.880867
    GW/Distance ratio: 5075.002
  GW Loss Components:
    Raw GW loss: 223.902252
    Raw distance loss: 0.039056
    Weighted GW: 2.239022
    Weighted distance: 0.781114
    Total loss: 3.020136
    GW/Distance ratio: 5732.896
  GW Loss Components:
    Raw GW loss: 155.133865
    Raw distance loss: 0.035022
    Weighted GW: 1.551339
    Weighted distance: 0.700441
    Total loss: 2.251780
    GW/Distance ratio: 4429.602
  GW Loss Components:
    Raw GW loss: 298.773041
    Raw distance loss: 0.029284
    Weighted GW: 2.987730
    Weighted distance: 0.585679
    Total loss: 3.573410
    GW/Distance ratio: 10202.613
  GW Loss Components:
    Raw GW loss: 367.721863
    Raw distance loss: 0.029252
    Weighted GW: 3.677218
    Weighted distance: 0.585039
    Total loss: 4.262258
    GW/Distance ratio: 12570.840
  GW Loss Components:
    Raw GW loss: 156.348969
    Raw distance loss: 0.032045
    Weighted GW: 1.563490
    Weighted distance: 0.640892
    Total loss: 2.204382
    GW/Distance ratio: 4879.102
  GW Loss Components:
    Raw GW loss: 274.340210
    Raw distance loss: 0.031749
    Weighted GW: 2.743402
    Weighted distance: 0.634986
    Total loss: 3.378388
    GW/Distance ratio: 8640.825
  GW Loss Components:
    Raw GW loss: 368.401062
    Raw distance loss: 0.028886
    Weighted GW: 3.684011
    Weighted distance: 0.577710
    Total loss: 4.261721
    GW/Distance ratio: 12753.834
  GW Loss Components:
    Raw GW loss: 139.513763
    Raw distance loss: 0.035075
    Weighted GW: 1.395138
    Weighted distance: 0.701507
    Total loss: 2.096645
    GW/Distance ratio: 3977.541
  GW Loss Components:
    Raw GW loss: 233.585785
    Raw distance loss: 0.030756
    Weighted GW: 2.335858
    Weighted distance: 0.615123
    Total loss: 2.950981
    GW/Distance ratio: 7594.769
  GW Loss Components:
    Raw GW loss: 336.164490
    Raw distance loss: 0.027939
    Weighted GW: 3.361645
    Weighted distance: 0.558780
    Total loss: 3.920425
    GW/Distance ratio: 12032.085
  GW Loss Components:
    Raw GW loss: 179.383789
    Raw distance loss: 0.043131
    Weighted GW: 1.793838
    Weighted distance: 0.862614
    Total loss: 2.656452
    GW/Distance ratio: 4159.074
  GW Loss Components:
    Raw GW loss: 162.363953
    Raw distance loss: 0.038407
    Weighted GW: 1.623639
    Weighted distance: 0.768131
    Total loss: 2.391770
    GW/Distance ratio: 4227.507
  GW Loss Components:
    Raw GW loss: 238.347473
    Raw distance loss: 0.036342
    Weighted GW: 2.383475
    Weighted distance: 0.726840
    Total loss: 3.110315
    GW/Distance ratio: 6558.456
  GW Loss Components:
    Raw GW loss: 186.967194
    Raw distance loss: 0.042453
    Weighted GW: 1.869672
    Weighted distance: 0.849053
    Total loss: 2.718725
    GW/Distance ratio: 4404.135
  GW Loss Components:
    Raw GW loss: 151.383301
    Raw distance loss: 0.038609
    Weighted GW: 1.513833
    Weighted distance: 0.772188
    Total loss: 2.286021
    GW/Distance ratio: 3920.889
  GW Loss Components:
    Raw GW loss: 228.221649
    Raw distance loss: 0.042569
    Weighted GW: 2.282217
    Weighted distance: 0.851376
    Total loss: 3.133593
    GW/Distance ratio: 5361.239
Batch  50/537: Loss=10.2555 (C:7.9992, R:0.0754, T:2.7128(w:1.000)🚀)
  GW Loss Components:
    Raw GW loss: 145.891586
    Raw distance loss: 0.037093
    Weighted GW: 1.458916
    Weighted distance: 0.741857
    Total loss: 2.200773
    GW/Distance ratio: 3933.145
  GW Loss Components:
    Raw GW loss: 198.013641
    Raw distance loss: 0.031462
    Weighted GW: 1.980136
    Weighted distance: 0.629231
    Total loss: 2.609368
    GW/Distance ratio: 6293.824
  GW Loss Components:
    Raw GW loss: 285.566040
    Raw distance loss: 0.034421
    Weighted GW: 2.855660
    Weighted distance: 0.688415
    Total loss: 3.544076
    GW/Distance ratio: 8296.327
  GW Loss Components:
    Raw GW loss: 95.546631
    Raw distance loss: 0.030613
    Weighted GW: 0.955466
    Weighted distance: 0.612255
    Total loss: 1.567721
    GW/Distance ratio: 3121.139
  GW Loss Components:
    Raw GW loss: 282.446716
    Raw distance loss: 0.026261
    Weighted GW: 2.824467
    Weighted distance: 0.525216
    Total loss: 3.349683
    GW/Distance ratio: 10755.450
  GW Loss Components:
    Raw GW loss: 344.686493
    Raw distance loss: 0.027522
    Weighted GW: 3.446865
    Weighted distance: 0.550431
    Total loss: 3.997296
    GW/Distance ratio: 12524.231
  GW Loss Components:
    Raw GW loss: 141.425797
    Raw distance loss: 0.032054
    Weighted GW: 1.414258
    Weighted distance: 0.641082
    Total loss: 2.055339
    GW/Distance ratio: 4412.099
  GW Loss Components:
    Raw GW loss: 263.061035
    Raw distance loss: 0.028215
    Weighted GW: 2.630610
    Weighted distance: 0.564305
    Total loss: 3.194915
    GW/Distance ratio: 9323.357
  GW Loss Components:
    Raw GW loss: 306.313782
    Raw distance loss: 0.026784
    Weighted GW: 3.063138
    Weighted distance: 0.535685
    Total loss: 3.598823
    GW/Distance ratio: 11436.329
  GW Loss Components:
    Raw GW loss: 175.972107
    Raw distance loss: 0.044412
    Weighted GW: 1.759721
    Weighted distance: 0.888248
    Total loss: 2.647969
    GW/Distance ratio: 3962.229
  GW Loss Components:
    Raw GW loss: 159.241638
    Raw distance loss: 0.038044
    Weighted GW: 1.592416
    Weighted distance: 0.760885
    Total loss: 2.353302
    GW/Distance ratio: 4185.693
  GW Loss Components:
    Raw GW loss: 232.787796
    Raw distance loss: 0.032027
    Weighted GW: 2.327878
    Weighted distance: 0.640532
    Total loss: 2.968410
    GW/Distance ratio: 7268.575
  GW Loss Components:
    Raw GW loss: 158.933502
    Raw distance loss: 0.037765
    Weighted GW: 1.589335
    Weighted distance: 0.755295
    Total loss: 2.344630
    GW/Distance ratio: 4208.512
  GW Loss Components:
    Raw GW loss: 160.103668
    Raw distance loss: 0.035802
    Weighted GW: 1.601037
    Weighted distance: 0.716044
    Total loss: 2.317080
    GW/Distance ratio: 4471.896
  GW Loss Components:
    Raw GW loss: 189.736389
    Raw distance loss: 0.040394
    Weighted GW: 1.897364
    Weighted distance: 0.807882
    Total loss: 2.705246
    GW/Distance ratio: 4697.129
  GW Loss Components:
    Raw GW loss: 137.968719
    Raw distance loss: 0.032640
    Weighted GW: 1.379687
    Weighted distance: 0.652808
    Total loss: 2.032495
    GW/Distance ratio: 4226.927
  GW Loss Components:
    Raw GW loss: 228.432465
    Raw distance loss: 0.030980
    Weighted GW: 2.284325
    Weighted distance: 0.619601
    Total loss: 2.903926
    GW/Distance ratio: 7373.532
  GW Loss Components:
    Raw GW loss: 294.739563
    Raw distance loss: 0.029063
    Weighted GW: 2.947396
    Weighted distance: 0.581268
    Total loss: 3.528664
    GW/Distance ratio: 10141.258
  GW Loss Components:
    Raw GW loss: 147.148529
    Raw distance loss: 0.030766
    Weighted GW: 1.471485
    Weighted distance: 0.615322
    Total loss: 2.086807
    GW/Distance ratio: 4782.811
  GW Loss Components:
    Raw GW loss: 186.027267
    Raw distance loss: 0.028745
    Weighted GW: 1.860273
    Weighted distance: 0.574901
    Total loss: 2.435174
    GW/Distance ratio: 6471.629
  GW Loss Components:
    Raw GW loss: 314.154114
    Raw distance loss: 0.027077
    Weighted GW: 3.141541
    Weighted distance: 0.541539
    Total loss: 3.683080
    GW/Distance ratio: 11602.272
  GW Loss Components:
    Raw GW loss: 142.470200
    Raw distance loss: 0.028966
    Weighted GW: 1.424702
    Weighted distance: 0.579325
    Total loss: 2.004027
    GW/Distance ratio: 4918.486
  GW Loss Components:
    Raw GW loss: 217.336609
    Raw distance loss: 0.029033
    Weighted GW: 2.173366
    Weighted distance: 0.580666
    Total loss: 2.754033
    GW/Distance ratio: 7485.762
  GW Loss Components:
    Raw GW loss: 312.906128
    Raw distance loss: 0.027155
    Weighted GW: 3.129061
    Weighted distance: 0.543092
    Total loss: 3.672153
    GW/Distance ratio: 11523.126
  GW Loss Components:
    Raw GW loss: 159.582291
    Raw distance loss: 0.036947
    Weighted GW: 1.595823
    Weighted distance: 0.738934
    Total loss: 2.334757
    GW/Distance ratio: 4319.254
  GW Loss Components:
    Raw GW loss: 209.555588
    Raw distance loss: 0.029480
    Weighted GW: 2.095556
    Weighted distance: 0.589601
    Total loss: 2.685157
    GW/Distance ratio: 7108.387
  GW Loss Components:
    Raw GW loss: 230.738647
    Raw distance loss: 0.030345
    Weighted GW: 2.307386
    Weighted distance: 0.606909
    Total loss: 2.914296
    GW/Distance ratio: 7603.724
  GW Loss Components:
    Raw GW loss: 198.932343
    Raw distance loss: 0.037898
    Weighted GW: 1.989323
    Weighted distance: 0.757957
    Total loss: 2.747280
    GW/Distance ratio: 5249.171
  GW Loss Components:
    Raw GW loss: 169.023132
    Raw distance loss: 0.031862
    Weighted GW: 1.690231
    Weighted distance: 0.637236
    Total loss: 2.327467
    GW/Distance ratio: 5304.884
  GW Loss Components:
    Raw GW loss: 284.074341
    Raw distance loss: 0.031019
    Weighted GW: 2.840743
    Weighted distance: 0.620390
    Total loss: 3.461133
    GW/Distance ratio: 9157.926
  GW Loss Components:
    Raw GW loss: 157.619186
    Raw distance loss: 0.037851
    Weighted GW: 1.576192
    Weighted distance: 0.757019
    Total loss: 2.333211
    GW/Distance ratio: 4164.205
  GW Loss Components:
    Raw GW loss: 162.967529
    Raw distance loss: 0.033167
    Weighted GW: 1.629675
    Weighted distance: 0.663342
    Total loss: 2.293017
    GW/Distance ratio: 4913.529
  GW Loss Components:
    Raw GW loss: 229.519287
    Raw distance loss: 0.032209
    Weighted GW: 2.295193
    Weighted distance: 0.644188
    Total loss: 2.939381
    GW/Distance ratio: 7125.846
  GW Loss Components:
    Raw GW loss: 121.390068
    Raw distance loss: 0.032180
    Weighted GW: 1.213901
    Weighted distance: 0.643594
    Total loss: 1.857495
    GW/Distance ratio: 3772.252
  GW Loss Components:
    Raw GW loss: 201.279968
    Raw distance loss: 0.030036
    Weighted GW: 2.012800
    Weighted distance: 0.600726
    Total loss: 2.613526
    GW/Distance ratio: 6701.222
  GW Loss Components:
    Raw GW loss: 298.635681
    Raw distance loss: 0.030533
    Weighted GW: 2.986357
    Weighted distance: 0.610665
    Total loss: 3.597022
    GW/Distance ratio: 9780.663
  GW Loss Components:
    Raw GW loss: 138.925705
    Raw distance loss: 0.030467
    Weighted GW: 1.389257
    Weighted distance: 0.609342
    Total loss: 1.998599
    GW/Distance ratio: 4559.857
  GW Loss Components:
    Raw GW loss: 224.178955
    Raw distance loss: 0.029577
    Weighted GW: 2.241790
    Weighted distance: 0.591533
    Total loss: 2.833322
    GW/Distance ratio: 7579.595
  GW Loss Components:
    Raw GW loss: 286.611908
    Raw distance loss: 0.028970
    Weighted GW: 2.866119
    Weighted distance: 0.579391
    Total loss: 3.445510
    GW/Distance ratio: 9893.552
  GW Loss Components:
    Raw GW loss: 129.722305
    Raw distance loss: 0.036818
    Weighted GW: 1.297223
    Weighted distance: 0.736364
    Total loss: 2.033587
    GW/Distance ratio: 3523.317
  GW Loss Components:
    Raw GW loss: 153.156113
    Raw distance loss: 0.033960
    Weighted GW: 1.531561
    Weighted distance: 0.679209
    Total loss: 2.210770
    GW/Distance ratio: 4509.834
  GW Loss Components:
    Raw GW loss: 204.111877
    Raw distance loss: 0.035926
    Weighted GW: 2.041119
    Weighted distance: 0.718528
    Total loss: 2.759647
    GW/Distance ratio: 5681.388
  GW Loss Components:
    Raw GW loss: 217.508408
    Raw distance loss: 0.041486
    Weighted GW: 2.175084
    Weighted distance: 0.829717
    Total loss: 3.004801
    GW/Distance ratio: 5242.956
  GW Loss Components:
    Raw GW loss: 153.861359
    Raw distance loss: 0.039570
    Weighted GW: 1.538614
    Weighted distance: 0.791408
    Total loss: 2.330021
    GW/Distance ratio: 3888.295
  GW Loss Components:
    Raw GW loss: 192.391647
    Raw distance loss: 0.033787
    Weighted GW: 1.923916
    Weighted distance: 0.675735
    Total loss: 2.599651
    GW/Distance ratio: 5694.291
  GW Loss Components:
    Raw GW loss: 118.707901
    Raw distance loss: 0.032426
    Weighted GW: 1.187079
    Weighted distance: 0.648512
    Total loss: 1.835591
    GW/Distance ratio: 3660.930
  GW Loss Components:
    Raw GW loss: 229.657578
    Raw distance loss: 0.027887
    Weighted GW: 2.296576
    Weighted distance: 0.557746
    Total loss: 2.854322
    GW/Distance ratio: 8235.196
  GW Loss Components:
    Raw GW loss: 252.934601
    Raw distance loss: 0.029310
    Weighted GW: 2.529346
    Weighted distance: 0.586203
    Total loss: 3.115549
    GW/Distance ratio: 8629.583
  GW Loss Components:
    Raw GW loss: 109.543716
    Raw distance loss: 0.029411
    Weighted GW: 1.095437
    Weighted distance: 0.588219
    Total loss: 1.683656
    GW/Distance ratio: 3724.589
  GW Loss Components:
    Raw GW loss: 316.745911
    Raw distance loss: 0.024511
    Weighted GW: 3.167459
    Weighted distance: 0.490222
    Total loss: 3.657681
    GW/Distance ratio: 12922.540
  GW Loss Components:
    Raw GW loss: 330.136597
    Raw distance loss: 0.025400
    Weighted GW: 3.301366
    Weighted distance: 0.507995
    Total loss: 3.809361
    GW/Distance ratio: 12997.625
  GW Loss Components:
    Raw GW loss: 132.825333
    Raw distance loss: 0.034673
    Weighted GW: 1.328253
    Weighted distance: 0.693465
    Total loss: 2.021718
    GW/Distance ratio: 3830.772
  GW Loss Components:
    Raw GW loss: 196.431885
    Raw distance loss: 0.029250
    Weighted GW: 1.964319
    Weighted distance: 0.585006
    Total loss: 2.549325
    GW/Distance ratio: 6715.552
  GW Loss Components:
    Raw GW loss: 267.330566
    Raw distance loss: 0.027587
    Weighted GW: 2.673306
    Weighted distance: 0.551737
    Total loss: 3.225043
    GW/Distance ratio: 9690.503
  GW Loss Components:
    Raw GW loss: 218.391907
    Raw distance loss: 0.045398
    Weighted GW: 2.183919
    Weighted distance: 0.907966
    Total loss: 3.091885
    GW/Distance ratio: 4810.572
  GW Loss Components:
    Raw GW loss: 138.019943
    Raw distance loss: 0.036781
    Weighted GW: 1.380199
    Weighted distance: 0.735618
    Total loss: 2.115818
    GW/Distance ratio: 3752.488
  GW Loss Components:
    Raw GW loss: 168.418411
    Raw distance loss: 0.035487
    Weighted GW: 1.684184
    Weighted distance: 0.709735
    Total loss: 2.393919
    GW/Distance ratio: 4745.954
  GW Loss Components:
    Raw GW loss: 210.249329
    Raw distance loss: 0.042112
    Weighted GW: 2.102493
    Weighted distance: 0.842240
    Total loss: 2.944733
    GW/Distance ratio: 4992.624
  GW Loss Components:
    Raw GW loss: 133.457397
    Raw distance loss: 0.037268
    Weighted GW: 1.334574
    Weighted distance: 0.745366
    Total loss: 2.079939
    GW/Distance ratio: 3580.991
  GW Loss Components:
    Raw GW loss: 187.084000
    Raw distance loss: 0.035159
    Weighted GW: 1.870840
    Weighted distance: 0.703174
    Total loss: 2.574014
    GW/Distance ratio: 5321.129
  GW Loss Components:
    Raw GW loss: 135.966446
    Raw distance loss: 0.032258
    Weighted GW: 1.359664
    Weighted distance: 0.645153
    Total loss: 2.004818
    GW/Distance ratio: 4215.010
  GW Loss Components:
    Raw GW loss: 180.843338
    Raw distance loss: 0.029101
    Weighted GW: 1.808433
    Weighted distance: 0.582020
    Total loss: 2.390454
    GW/Distance ratio: 6214.327
  GW Loss Components:
    Raw GW loss: 288.026703
    Raw distance loss: 0.028208
    Weighted GW: 2.880267
    Weighted distance: 0.564161
    Total loss: 3.444428
    GW/Distance ratio: 10210.790
  GW Loss Components:
    Raw GW loss: 142.445618
    Raw distance loss: 0.030862
    Weighted GW: 1.424456
    Weighted distance: 0.617230
    Total loss: 2.041686
    GW/Distance ratio: 4615.639
  GW Loss Components:
    Raw GW loss: 189.025238
    Raw distance loss: 0.027948
    Weighted GW: 1.890252
    Weighted distance: 0.558959
    Total loss: 2.449212
    GW/Distance ratio: 6763.467
  GW Loss Components:
    Raw GW loss: 316.500122
    Raw distance loss: 0.029304
    Weighted GW: 3.165001
    Weighted distance: 0.586086
    Total loss: 3.751087
    GW/Distance ratio: 10800.459
  GW Loss Components:
    Raw GW loss: 154.059723
    Raw distance loss: 0.034907
    Weighted GW: 1.540597
    Weighted distance: 0.698137
    Total loss: 2.238734
    GW/Distance ratio: 4413.454
  GW Loss Components:
    Raw GW loss: 178.964020
    Raw distance loss: 0.029827
    Weighted GW: 1.789640
    Weighted distance: 0.596538
    Total loss: 2.386178
    GW/Distance ratio: 6000.088
  GW Loss Components:
    Raw GW loss: 255.701141
    Raw distance loss: 0.029668
    Weighted GW: 2.557011
    Weighted distance: 0.593353
    Total loss: 3.150364
    GW/Distance ratio: 8618.857
  GW Loss Components:
    Raw GW loss: 185.805969
    Raw distance loss: 0.040321
    Weighted GW: 1.858060
    Weighted distance: 0.806412
    Total loss: 2.664471
    GW/Distance ratio: 4608.215
  GW Loss Components:
    Raw GW loss: 142.266983
    Raw distance loss: 0.033526
    Weighted GW: 1.422670
    Weighted distance: 0.670515
    Total loss: 2.093185
    GW/Distance ratio: 4243.510
  GW Loss Components:
    Raw GW loss: 150.454193
    Raw distance loss: 0.037774
    Weighted GW: 1.504542
    Weighted distance: 0.755479
    Total loss: 2.260020
    GW/Distance ratio: 3983.016
  GW Loss Components:
    Raw GW loss: 124.944092
    Raw distance loss: 0.032543
    Weighted GW: 1.249441
    Weighted distance: 0.650870
    Total loss: 1.900311
    GW/Distance ratio: 3839.294
  GW Loss Components:
    Raw GW loss: 140.707809
    Raw distance loss: 0.032853
    Weighted GW: 1.407078
    Weighted distance: 0.657069
    Total loss: 2.064147
    GW/Distance ratio: 4282.893
  GW Loss Components:
    Raw GW loss: 226.841492
    Raw distance loss: 0.030950
    Weighted GW: 2.268415
    Weighted distance: 0.618991
    Total loss: 2.887406
    GW/Distance ratio: 7329.394
Batch  75/537: Loss=7.8098 (C:8.0001, R:0.0553, T:2.2840(w:1.000)🚀)
  GW Loss Components:
    Raw GW loss: 149.626770
    Raw distance loss: 0.032143
    Weighted GW: 1.496268
    Weighted distance: 0.642852
    Total loss: 2.139120
    GW/Distance ratio: 4655.090
  GW Loss Components:
    Raw GW loss: 176.075500
    Raw distance loss: 0.028930
    Weighted GW: 1.760755
    Weighted distance: 0.578596
    Total loss: 2.339351
    GW/Distance ratio: 6086.298
  GW Loss Components:
    Raw GW loss: 283.166138
    Raw distance loss: 0.025763
    Weighted GW: 2.831661
    Weighted distance: 0.515269
    Total loss: 3.346930
    GW/Distance ratio: 10991.001
  GW Loss Components:
    Raw GW loss: 130.811859
    Raw distance loss: 0.030137
    Weighted GW: 1.308119
    Weighted distance: 0.602748
    Total loss: 1.910866
    GW/Distance ratio: 4340.516
  GW Loss Components:
    Raw GW loss: 175.201843
    Raw distance loss: 0.029815
    Weighted GW: 1.752018
    Weighted distance: 0.596300
    Total loss: 2.348318
    GW/Distance ratio: 5876.299
  GW Loss Components:
    Raw GW loss: 315.534607
    Raw distance loss: 0.024286
    Weighted GW: 3.155346
    Weighted distance: 0.485712
    Total loss: 3.641058
    GW/Distance ratio: 12992.650
  GW Loss Components:
    Raw GW loss: 130.664429
    Raw distance loss: 0.034819
    Weighted GW: 1.306644
    Weighted distance: 0.696389
    Total loss: 2.003033
    GW/Distance ratio: 3752.629
  GW Loss Components:
    Raw GW loss: 153.788437
    Raw distance loss: 0.029476
    Weighted GW: 1.537884
    Weighted distance: 0.589519
    Total loss: 2.127403
    GW/Distance ratio: 5217.421
  GW Loss Components:
    Raw GW loss: 219.063873
    Raw distance loss: 0.028333
    Weighted GW: 2.190639
    Weighted distance: 0.566666
    Total loss: 2.757304
    GW/Distance ratio: 7731.678
  GW Loss Components:
    Raw GW loss: 155.343689
    Raw distance loss: 0.035739
    Weighted GW: 1.553437
    Weighted distance: 0.714772
    Total loss: 2.268209
    GW/Distance ratio: 4346.665
  GW Loss Components:
    Raw GW loss: 135.698776
    Raw distance loss: 0.034378
    Weighted GW: 1.356988
    Weighted distance: 0.687565
    Total loss: 2.044553
    GW/Distance ratio: 3947.225
  GW Loss Components:
    Raw GW loss: 180.168274
    Raw distance loss: 0.034394
    Weighted GW: 1.801683
    Weighted distance: 0.687878
    Total loss: 2.489561
    GW/Distance ratio: 5238.375
  GW Loss Components:
    Raw GW loss: 147.755157
    Raw distance loss: 0.034830
    Weighted GW: 1.477552
    Weighted distance: 0.696597
    Total loss: 2.174149
    GW/Distance ratio: 4242.198
  GW Loss Components:
    Raw GW loss: 145.324005
    Raw distance loss: 0.030455
    Weighted GW: 1.453240
    Weighted distance: 0.609092
    Total loss: 2.062332
    GW/Distance ratio: 4771.825
  GW Loss Components:
    Raw GW loss: 260.006775
    Raw distance loss: 0.031227
    Weighted GW: 2.600068
    Weighted distance: 0.624549
    Total loss: 3.224616
    GW/Distance ratio: 8326.228
  GW Loss Components:
    Raw GW loss: 125.051064
    Raw distance loss: 0.029783
    Weighted GW: 1.250511
    Weighted distance: 0.595659
    Total loss: 1.846170
    GW/Distance ratio: 4198.742
  GW Loss Components:
    Raw GW loss: 195.013855
    Raw distance loss: 0.028205
    Weighted GW: 1.950138
    Weighted distance: 0.564104
    Total loss: 2.514243
    GW/Distance ratio: 6914.104
  GW Loss Components:
    Raw GW loss: 261.274445
    Raw distance loss: 0.028133
    Weighted GW: 2.612744
    Weighted distance: 0.562655
    Total loss: 3.175399
    GW/Distance ratio: 9287.197
  GW Loss Components:
    Raw GW loss: 152.584183
    Raw distance loss: 0.036518
    Weighted GW: 1.525842
    Weighted distance: 0.730367
    Total loss: 2.256209
    GW/Distance ratio: 4178.285
  GW Loss Components:
    Raw GW loss: 125.734436
    Raw distance loss: 0.032730
    Weighted GW: 1.257344
    Weighted distance: 0.654599
    Total loss: 1.911943
    GW/Distance ratio: 3841.570
  GW Loss Components:
    Raw GW loss: 252.404999
    Raw distance loss: 0.028784
    Weighted GW: 2.524050
    Weighted distance: 0.575677
    Total loss: 3.099727
    GW/Distance ratio: 8768.970
  GW Loss Components:
    Raw GW loss: 162.632202
    Raw distance loss: 0.034516
    Weighted GW: 1.626322
    Weighted distance: 0.690311
    Total loss: 2.316633
    GW/Distance ratio: 4711.853
  GW Loss Components:
    Raw GW loss: 151.080750
    Raw distance loss: 0.032499
    Weighted GW: 1.510808
    Weighted distance: 0.649980
    Total loss: 2.160788
    GW/Distance ratio: 4648.778
  GW Loss Components:
    Raw GW loss: 205.714676
    Raw distance loss: 0.031784
    Weighted GW: 2.057147
    Weighted distance: 0.635681
    Total loss: 2.692828
    GW/Distance ratio: 6472.258
  GW Loss Components:
    Raw GW loss: 179.570282
    Raw distance loss: 0.036648
    Weighted GW: 1.795703
    Weighted distance: 0.732960
    Total loss: 2.528662
    GW/Distance ratio: 4899.867
  GW Loss Components:
    Raw GW loss: 125.356705
    Raw distance loss: 0.030683
    Weighted GW: 1.253567
    Weighted distance: 0.613655
    Total loss: 1.867222
    GW/Distance ratio: 4085.575
  GW Loss Components:
    Raw GW loss: 221.576996
    Raw distance loss: 0.030044
    Weighted GW: 2.215770
    Weighted distance: 0.600878
    Total loss: 2.816648
    GW/Distance ratio: 7375.108
  GW Loss Components:
    Raw GW loss: 136.400604
    Raw distance loss: 0.029931
    Weighted GW: 1.364006
    Weighted distance: 0.598611
    Total loss: 1.962617
    GW/Distance ratio: 4557.239
  GW Loss Components:
    Raw GW loss: 203.798828
    Raw distance loss: 0.028330
    Weighted GW: 2.037988
    Weighted distance: 0.566590
    Total loss: 2.604578
    GW/Distance ratio: 7193.865
  GW Loss Components:
    Raw GW loss: 287.001556
    Raw distance loss: 0.026351
    Weighted GW: 2.870015
    Weighted distance: 0.527025
    Total loss: 3.397041
    GW/Distance ratio: 10891.374
  GW Loss Components:
    Raw GW loss: 132.935593
    Raw distance loss: 0.035499
    Weighted GW: 1.329356
    Weighted distance: 0.709972
    Total loss: 2.039328
    GW/Distance ratio: 3744.810
  GW Loss Components:
    Raw GW loss: 175.458801
    Raw distance loss: 0.029589
    Weighted GW: 1.754588
    Weighted distance: 0.591779
    Total loss: 2.346367
    GW/Distance ratio: 5929.873
  GW Loss Components:
    Raw GW loss: 195.325836
    Raw distance loss: 0.031136
    Weighted GW: 1.953258
    Weighted distance: 0.622714
    Total loss: 2.575972
    GW/Distance ratio: 6273.375
  GW Loss Components:
    Raw GW loss: 199.088394
    Raw distance loss: 0.039543
    Weighted GW: 1.990884
    Weighted distance: 0.790859
    Total loss: 2.781743
    GW/Distance ratio: 5034.737
  GW Loss Components:
    Raw GW loss: 138.619690
    Raw distance loss: 0.035639
    Weighted GW: 1.386197
    Weighted distance: 0.712775
    Total loss: 2.098972
    GW/Distance ratio: 3889.578
  GW Loss Components:
    Raw GW loss: 180.289566
    Raw distance loss: 0.033962
    Weighted GW: 1.802896
    Weighted distance: 0.679246
    Total loss: 2.482142
    GW/Distance ratio: 5308.516
  GW Loss Components:
    Raw GW loss: 149.141632
    Raw distance loss: 0.037282
    Weighted GW: 1.491416
    Weighted distance: 0.745646
    Total loss: 2.237062
    GW/Distance ratio: 4000.333
  GW Loss Components:
    Raw GW loss: 179.680328
    Raw distance loss: 0.029708
    Weighted GW: 1.796803
    Weighted distance: 0.594153
    Total loss: 2.390956
    GW/Distance ratio: 6048.280
  GW Loss Components:
    Raw GW loss: 220.445343
    Raw distance loss: 0.030057
    Weighted GW: 2.204453
    Weighted distance: 0.601150
    Total loss: 2.805603
    GW/Distance ratio: 7334.121
  GW Loss Components:
    Raw GW loss: 119.893135
    Raw distance loss: 0.034797
    Weighted GW: 1.198931
    Weighted distance: 0.695930
    Total loss: 1.894862
    GW/Distance ratio: 3445.549
  GW Loss Components:
    Raw GW loss: 222.632706
    Raw distance loss: 0.026065
    Weighted GW: 2.226327
    Weighted distance: 0.521293
    Total loss: 2.747620
    GW/Distance ratio: 8541.561
  GW Loss Components:
    Raw GW loss: 245.003601
    Raw distance loss: 0.029709
    Weighted GW: 2.450036
    Weighted distance: 0.594173
    Total loss: 3.044209
    GW/Distance ratio: 8246.872
  GW Loss Components:
    Raw GW loss: 120.044083
    Raw distance loss: 0.032856
    Weighted GW: 1.200441
    Weighted distance: 0.657111
    Total loss: 1.857551
    GW/Distance ratio: 3653.694
  GW Loss Components:
    Raw GW loss: 189.126770
    Raw distance loss: 0.028436
    Weighted GW: 1.891268
    Weighted distance: 0.568717
    Total loss: 2.459985
    GW/Distance ratio: 6650.990
  GW Loss Components:
    Raw GW loss: 246.634552
    Raw distance loss: 0.027176
    Weighted GW: 2.466346
    Weighted distance: 0.543524
    Total loss: 3.009869
    GW/Distance ratio: 9075.393
  GW Loss Components:
    Raw GW loss: 142.548630
    Raw distance loss: 0.040132
    Weighted GW: 1.425486
    Weighted distance: 0.802636
    Total loss: 2.228122
    GW/Distance ratio: 3552.011
  GW Loss Components:
    Raw GW loss: 144.252090
    Raw distance loss: 0.035199
    Weighted GW: 1.442521
    Weighted distance: 0.703974
    Total loss: 2.146495
    GW/Distance ratio: 4098.223
  GW Loss Components:
    Raw GW loss: 185.757523
    Raw distance loss: 0.037429
    Weighted GW: 1.857575
    Weighted distance: 0.748583
    Total loss: 2.606158
    GW/Distance ratio: 4962.908
  GW Loss Components:
    Raw GW loss: 228.213196
    Raw distance loss: 0.039909
    Weighted GW: 2.282132
    Weighted distance: 0.798187
    Total loss: 3.080319
    GW/Distance ratio: 5718.284
  GW Loss Components:
    Raw GW loss: 102.543846
    Raw distance loss: 0.034448
    Weighted GW: 1.025438
    Weighted distance: 0.688956
    Total loss: 1.714395
    GW/Distance ratio: 2976.787
  GW Loss Components:
    Raw GW loss: 177.769623
    Raw distance loss: 0.033497
    Weighted GW: 1.777696
    Weighted distance: 0.669943
    Total loss: 2.447639
    GW/Distance ratio: 5307.006
  GW Loss Components:
    Raw GW loss: 148.889023
    Raw distance loss: 0.034259
    Weighted GW: 1.488890
    Weighted distance: 0.685171
    Total loss: 2.174061
    GW/Distance ratio: 4346.037
  GW Loss Components:
    Raw GW loss: 174.858658
    Raw distance loss: 0.028612
    Weighted GW: 1.748587
    Weighted distance: 0.572232
    Total loss: 2.320819
    GW/Distance ratio: 6111.454
  GW Loss Components:
    Raw GW loss: 263.894379
    Raw distance loss: 0.028594
    Weighted GW: 2.638944
    Weighted distance: 0.571883
    Total loss: 3.210826
    GW/Distance ratio: 9228.964
  GW Loss Components:
    Raw GW loss: 112.722000
    Raw distance loss: 0.028557
    Weighted GW: 1.127220
    Weighted distance: 0.571142
    Total loss: 1.698362
    GW/Distance ratio: 3947.247
  GW Loss Components:
    Raw GW loss: 213.154480
    Raw distance loss: 0.024131
    Weighted GW: 2.131545
    Weighted distance: 0.482615
    Total loss: 2.614159
    GW/Distance ratio: 8833.318
  GW Loss Components:
    Raw GW loss: 361.749695
    Raw distance loss: 0.023165
    Weighted GW: 3.617497
    Weighted distance: 0.463293
    Total loss: 4.080790
    GW/Distance ratio: 15616.460
  GW Loss Components:
    Raw GW loss: 119.051071
    Raw distance loss: 0.030721
    Weighted GW: 1.190511
    Weighted distance: 0.614427
    Total loss: 1.804938
    GW/Distance ratio: 3875.189
  GW Loss Components:
    Raw GW loss: 213.540726
    Raw distance loss: 0.027442
    Weighted GW: 2.135407
    Weighted distance: 0.548834
    Total loss: 2.684241
    GW/Distance ratio: 7781.614
  GW Loss Components:
    Raw GW loss: 238.469452
    Raw distance loss: 0.027788
    Weighted GW: 2.384695
    Weighted distance: 0.555768
    Total loss: 2.940463
    GW/Distance ratio: 8581.611
  GW Loss Components:
    Raw GW loss: 187.698669
    Raw distance loss: 0.040088
    Weighted GW: 1.876987
    Weighted distance: 0.801764
    Total loss: 2.678751
    GW/Distance ratio: 4682.138
  GW Loss Components:
    Raw GW loss: 147.990112
    Raw distance loss: 0.035233
    Weighted GW: 1.479901
    Weighted distance: 0.704664
    Total loss: 2.184566
    GW/Distance ratio: 4200.299
  GW Loss Components:
    Raw GW loss: 187.251404
    Raw distance loss: 0.034634
    Weighted GW: 1.872514
    Weighted distance: 0.692679
    Total loss: 2.565193
    GW/Distance ratio: 5406.585
  GW Loss Components:
    Raw GW loss: 318.282715
    Raw distance loss: 0.048169
    Weighted GW: 3.182827
    Weighted distance: 0.963389
    Total loss: 4.146215
    GW/Distance ratio: 6607.565
  GW Loss Components:
    Raw GW loss: 155.883820
    Raw distance loss: 0.040585
    Weighted GW: 1.558838
    Weighted distance: 0.811694
    Total loss: 2.370532
    GW/Distance ratio: 3840.952
  GW Loss Components:
    Raw GW loss: 149.697540
    Raw distance loss: 0.044837
    Weighted GW: 1.496975
    Weighted distance: 0.896734
    Total loss: 2.393709
    GW/Distance ratio: 3338.729
  GW Loss Components:
    Raw GW loss: 119.610611
    Raw distance loss: 0.030925
    Weighted GW: 1.196106
    Weighted distance: 0.618510
    Total loss: 1.814616
    GW/Distance ratio: 3867.702
  GW Loss Components:
    Raw GW loss: 212.331589
    Raw distance loss: 0.030530
    Weighted GW: 2.123316
    Weighted distance: 0.610608
    Total loss: 2.733924
    GW/Distance ratio: 6954.758
  GW Loss Components:
    Raw GW loss: 338.182556
    Raw distance loss: 0.027843
    Weighted GW: 3.381825
    Weighted distance: 0.556858
    Total loss: 3.938683
    GW/Distance ratio: 12146.100
  GW Loss Components:
    Raw GW loss: 115.121521
    Raw distance loss: 0.027536
    Weighted GW: 1.151215
    Weighted distance: 0.550720
    Total loss: 1.701935
    GW/Distance ratio: 4180.763
  GW Loss Components:
    Raw GW loss: 301.704681
    Raw distance loss: 0.024477
    Weighted GW: 3.017047
    Weighted distance: 0.489530
    Total loss: 3.506577
    GW/Distance ratio: 12326.291
  GW Loss Components:
    Raw GW loss: 326.919128
    Raw distance loss: 0.024114
    Weighted GW: 3.269191
    Weighted distance: 0.482275
    Total loss: 3.751467
    GW/Distance ratio: 13557.357
  GW Loss Components:
    Raw GW loss: 94.625214
    Raw distance loss: 0.028657
    Weighted GW: 0.946252
    Weighted distance: 0.573139
    Total loss: 1.519391
    GW/Distance ratio: 3301.998
  GW Loss Components:
    Raw GW loss: 237.193573
    Raw distance loss: 0.028664
    Weighted GW: 2.371936
    Weighted distance: 0.573280
    Total loss: 2.945216
    GW/Distance ratio: 8274.960
  GW Loss Components:
    Raw GW loss: 284.670044
    Raw distance loss: 0.027760
    Weighted GW: 2.846700
    Weighted distance: 0.555199
    Total loss: 3.401899
    GW/Distance ratio: 10254.706
Batch 100/537: Loss=6.8118 (C:7.9979, R:0.0419, T:2.6222(w:1.000)🚀)
  GW Loss Components:
    Raw GW loss: 189.941010
    Raw distance loss: 0.042139
    Weighted GW: 1.899410
    Weighted distance: 0.842786
    Total loss: 2.742196
    GW/Distance ratio: 4507.456
  GW Loss Components:
    Raw GW loss: 122.124702
    Raw distance loss: 0.038332
    Weighted GW: 1.221247
    Weighted distance: 0.766633
    Total loss: 1.987880
    GW/Distance ratio: 3186.002
  GW Loss Components:
    Raw GW loss: 183.045898
    Raw distance loss: 0.031538
    Weighted GW: 1.830459
    Weighted distance: 0.630761
    Total loss: 2.461220
    GW/Distance ratio: 5803.969
  GW Loss Components:
    Raw GW loss: 212.336670
    Raw distance loss: 0.043675
    Weighted GW: 2.123367
    Weighted distance: 0.873492
    Total loss: 2.996858
    GW/Distance ratio: 4861.790
  GW Loss Components:
    Raw GW loss: 150.907562
    Raw distance loss: 0.042058
    Weighted GW: 1.509076
    Weighted distance: 0.841162
    Total loss: 2.350238
    GW/Distance ratio: 3588.071
  GW Loss Components:
    Raw GW loss: 161.560791
    Raw distance loss: 0.037297
    Weighted GW: 1.615608
    Weighted distance: 0.745933
    Total loss: 2.361540
    GW/Distance ratio: 4331.779
  GW Loss Components:
    Raw GW loss: 161.653198
    Raw distance loss: 0.040406
    Weighted GW: 1.616532
    Weighted distance: 0.808125
    Total loss: 2.424657
    GW/Distance ratio: 4000.697
  GW Loss Components:
    Raw GW loss: 156.057663
    Raw distance loss: 0.034670
    Weighted GW: 1.560577
    Weighted distance: 0.693402
    Total loss: 2.253978
    GW/Distance ratio: 4501.219
  GW Loss Components:
    Raw GW loss: 191.724335
    Raw distance loss: 0.034919
    Weighted GW: 1.917243
    Weighted distance: 0.698376
    Total loss: 2.615620
    GW/Distance ratio: 5490.571
  GW Loss Components:
    Raw GW loss: 105.689964
    Raw distance loss: 0.029426
    Weighted GW: 1.056900
    Weighted distance: 0.588516
    Total loss: 1.645416
    GW/Distance ratio: 3591.744
  GW Loss Components:
    Raw GW loss: 207.587463
    Raw distance loss: 0.029439
    Weighted GW: 2.075875
    Weighted distance: 0.588773
    Total loss: 2.664648
    GW/Distance ratio: 7051.523
  GW Loss Components:
    Raw GW loss: 312.291870
    Raw distance loss: 0.025235
    Weighted GW: 3.122919
    Weighted distance: 0.504696
    Total loss: 3.627615
    GW/Distance ratio: 12375.429
  GW Loss Components:
    Raw GW loss: 121.161331
    Raw distance loss: 0.030908
    Weighted GW: 1.211613
    Weighted distance: 0.618169
    Total loss: 1.829782
    GW/Distance ratio: 3920.005
  GW Loss Components:
    Raw GW loss: 251.436584
    Raw distance loss: 0.027225
    Weighted GW: 2.514366
    Weighted distance: 0.544495
    Total loss: 3.058861
    GW/Distance ratio: 9235.583
  GW Loss Components:
    Raw GW loss: 331.450134
    Raw distance loss: 0.025913
    Weighted GW: 3.314501
    Weighted distance: 0.518263
    Total loss: 3.832765
    GW/Distance ratio: 12790.793
  GW Loss Components:
    Raw GW loss: 146.850891
    Raw distance loss: 0.035589
    Weighted GW: 1.468509
    Weighted distance: 0.711778
    Total loss: 2.180287
    GW/Distance ratio: 4126.311
  GW Loss Components:
    Raw GW loss: 172.432953
    Raw distance loss: 0.031091
    Weighted GW: 1.724329
    Weighted distance: 0.621816
    Total loss: 2.346146
    GW/Distance ratio: 5546.104
  GW Loss Components:
    Raw GW loss: 261.387817
    Raw distance loss: 0.031009
    Weighted GW: 2.613878
    Weighted distance: 0.620189
    Total loss: 3.234067
    GW/Distance ratio: 8429.293
  GW Loss Components:
    Raw GW loss: 180.986984
    Raw distance loss: 0.041776
    Weighted GW: 1.809870
    Weighted distance: 0.835518
    Total loss: 2.645388
    GW/Distance ratio: 4332.327
  GW Loss Components:
    Raw GW loss: 136.864044
    Raw distance loss: 0.039914
    Weighted GW: 1.368640
    Weighted distance: 0.798289
    Total loss: 2.166930
    GW/Distance ratio: 3428.932
  GW Loss Components:
    Raw GW loss: 147.149719
    Raw distance loss: 0.040199
    Weighted GW: 1.471497
    Weighted distance: 0.803987
    Total loss: 2.275484
    GW/Distance ratio: 3660.500
  GW Loss Components:
    Raw GW loss: 169.235596
    Raw distance loss: 0.037916
    Weighted GW: 1.692356
    Weighted distance: 0.758326
    Total loss: 2.450682
    GW/Distance ratio: 4463.399
  GW Loss Components:
    Raw GW loss: 159.978561
    Raw distance loss: 0.035243
    Weighted GW: 1.599786
    Weighted distance: 0.704864
    Total loss: 2.304650
    GW/Distance ratio: 4539.273
  GW Loss Components:
    Raw GW loss: 207.830826
    Raw distance loss: 0.032526
    Weighted GW: 2.078308
    Weighted distance: 0.650524
    Total loss: 2.728832
    GW/Distance ratio: 6389.646
  GW Loss Components:
    Raw GW loss: 134.977448
    Raw distance loss: 0.035215
    Weighted GW: 1.349774
    Weighted distance: 0.704293
    Total loss: 2.054067
    GW/Distance ratio: 3832.991
  GW Loss Components:
    Raw GW loss: 189.085953
    Raw distance loss: 0.030546
    Weighted GW: 1.890859
    Weighted distance: 0.610911
    Total loss: 2.501771
    GW/Distance ratio: 6190.288
  GW Loss Components:
    Raw GW loss: 224.200638
    Raw distance loss: 0.031475
    Weighted GW: 2.242006
    Weighted distance: 0.629490
    Total loss: 2.871497
    GW/Distance ratio: 7123.242
  GW Loss Components:
    Raw GW loss: 124.374557
    Raw distance loss: 0.034526
    Weighted GW: 1.243746
    Weighted distance: 0.690512
    Total loss: 1.934258
    GW/Distance ratio: 3602.386
  GW Loss Components:
    Raw GW loss: 240.435196
    Raw distance loss: 0.027071
    Weighted GW: 2.404352
    Weighted distance: 0.541420
    Total loss: 2.945771
    GW/Distance ratio: 8881.657
  GW Loss Components:
    Raw GW loss: 280.991119
    Raw distance loss: 0.028970
    Weighted GW: 2.809911
    Weighted distance: 0.579407
    Total loss: 3.389318
    GW/Distance ratio: 9699.257
  GW Loss Components:
    Raw GW loss: 138.866409
    Raw distance loss: 0.034007
    Weighted GW: 1.388664
    Weighted distance: 0.680143
    Total loss: 2.068807
    GW/Distance ratio: 4083.449
  GW Loss Components:
    Raw GW loss: 238.035477
    Raw distance loss: 0.027315
    Weighted GW: 2.380355
    Weighted distance: 0.546303
    Total loss: 2.926658
    GW/Distance ratio: 8714.408
  GW Loss Components:
    Raw GW loss: 268.654205
    Raw distance loss: 0.029388
    Weighted GW: 2.686542
    Weighted distance: 0.587754
    Total loss: 3.274296
    GW/Distance ratio: 9141.722
  GW Loss Components:
    Raw GW loss: 184.832153
    Raw distance loss: 0.041484
    Weighted GW: 1.848321
    Weighted distance: 0.829689
    Total loss: 2.678011
    GW/Distance ratio: 4455.454
  GW Loss Components:
    Raw GW loss: 144.450958
    Raw distance loss: 0.040279
    Weighted GW: 1.444510
    Weighted distance: 0.805576
    Total loss: 2.250085
    GW/Distance ratio: 3586.278
  GW Loss Components:
    Raw GW loss: 180.249680
    Raw distance loss: 0.036989
    Weighted GW: 1.802497
    Weighted distance: 0.739775
    Total loss: 2.542272
    GW/Distance ratio: 4873.093
  GW Loss Components:
    Raw GW loss: 249.385315
    Raw distance loss: 0.042838
    Weighted GW: 2.493853
    Weighted distance: 0.856766
    Total loss: 3.350619
    GW/Distance ratio: 5821.547
  GW Loss Components:
    Raw GW loss: 163.866272
    Raw distance loss: 0.042160
    Weighted GW: 1.638663
    Weighted distance: 0.843201
    Total loss: 2.481863
    GW/Distance ratio: 3886.766
  GW Loss Components:
    Raw GW loss: 171.432190
    Raw distance loss: 0.039332
    Weighted GW: 1.714322
    Weighted distance: 0.786646
    Total loss: 2.500968
    GW/Distance ratio: 4358.558
  GW Loss Components:
    Raw GW loss: 165.881622
    Raw distance loss: 0.036429
    Weighted GW: 1.658816
    Weighted distance: 0.728571
    Total loss: 2.387387
    GW/Distance ratio: 4553.616
  GW Loss Components:
    Raw GW loss: 176.028442
    Raw distance loss: 0.030741
    Weighted GW: 1.760284
    Weighted distance: 0.614817
    Total loss: 2.375102
    GW/Distance ratio: 5726.200
  GW Loss Components:
    Raw GW loss: 210.482803
    Raw distance loss: 0.030556
    Weighted GW: 2.104828
    Weighted distance: 0.611123
    Total loss: 2.715950
    GW/Distance ratio: 6888.397
  GW Loss Components:
    Raw GW loss: 103.531799
    Raw distance loss: 0.029746
    Weighted GW: 1.035318
    Weighted distance: 0.594916
    Total loss: 1.630234
    GW/Distance ratio: 3480.550
  GW Loss Components:
    Raw GW loss: 227.031021
    Raw distance loss: 0.026358
    Weighted GW: 2.270310
    Weighted distance: 0.527154
    Total loss: 2.797465
    GW/Distance ratio: 8613.450
  GW Loss Components:
    Raw GW loss: 324.362579
    Raw distance loss: 0.027480
    Weighted GW: 3.243626
    Weighted distance: 0.549606
    Total loss: 3.793232
    GW/Distance ratio: 11803.454
  GW Loss Components:
    Raw GW loss: 155.067032
    Raw distance loss: 0.031053
    Weighted GW: 1.550670
    Weighted distance: 0.621064
    Total loss: 2.171734
    GW/Distance ratio: 4993.590
  GW Loss Components:
    Raw GW loss: 194.239349
    Raw distance loss: 0.029454
    Weighted GW: 1.942393
    Weighted distance: 0.589074
    Total loss: 2.531467
    GW/Distance ratio: 6594.731
  GW Loss Components:
    Raw GW loss: 286.534088
    Raw distance loss: 0.030001
    Weighted GW: 2.865341
    Weighted distance: 0.600022
    Total loss: 3.465363
    GW/Distance ratio: 9550.785
  GW Loss Components:
    Raw GW loss: 170.231262
    Raw distance loss: 0.039299
    Weighted GW: 1.702313
    Weighted distance: 0.785974
    Total loss: 2.488287
    GW/Distance ratio: 4331.726
  GW Loss Components:
    Raw GW loss: 132.768967
    Raw distance loss: 0.037095
    Weighted GW: 1.327690
    Weighted distance: 0.741899
    Total loss: 2.069589
    GW/Distance ratio: 3579.164
  GW Loss Components:
    Raw GW loss: 230.102539
    Raw distance loss: 0.034281
    Weighted GW: 2.301025
    Weighted distance: 0.685618
    Total loss: 2.986644
    GW/Distance ratio: 6712.263
  GW Loss Components:
    Raw GW loss: 179.447083
    Raw distance loss: 0.043931
    Weighted GW: 1.794471
    Weighted distance: 0.878618
    Total loss: 2.673089
    GW/Distance ratio: 4084.757
  GW Loss Components:
    Raw GW loss: 134.942856
    Raw distance loss: 0.037472
    Weighted GW: 1.349429
    Weighted distance: 0.749439
    Total loss: 2.098868
    GW/Distance ratio: 3601.168
  GW Loss Components:
    Raw GW loss: 154.867661
    Raw distance loss: 0.040942
    Weighted GW: 1.548677
    Weighted distance: 0.818849
    Total loss: 2.367526
    GW/Distance ratio: 3782.569
  GW Loss Components:
    Raw GW loss: 176.774551
    Raw distance loss: 0.042634
    Weighted GW: 1.767745
    Weighted distance: 0.852674
    Total loss: 2.620420
    GW/Distance ratio: 4146.356
  GW Loss Components:
    Raw GW loss: 132.890427
    Raw distance loss: 0.035040
    Weighted GW: 1.328904
    Weighted distance: 0.700791
    Total loss: 2.029695
    GW/Distance ratio: 3792.584
  GW Loss Components:
    Raw GW loss: 186.779800
    Raw distance loss: 0.038068
    Weighted GW: 1.867798
    Weighted distance: 0.761357
    Total loss: 2.629155
    GW/Distance ratio: 4906.497
  GW Loss Components:
    Raw GW loss: 136.338928
    Raw distance loss: 0.035006
    Weighted GW: 1.363389
    Weighted distance: 0.700121
    Total loss: 2.063510
    GW/Distance ratio: 3894.723
  GW Loss Components:
    Raw GW loss: 149.749725
    Raw distance loss: 0.033800
    Weighted GW: 1.497497
    Weighted distance: 0.675997
    Total loss: 2.173494
    GW/Distance ratio: 4430.482
  GW Loss Components:
    Raw GW loss: 227.428223
    Raw distance loss: 0.033916
    Weighted GW: 2.274282
    Weighted distance: 0.678325
    Total loss: 2.952608
    GW/Distance ratio: 6705.576
  GW Loss Components:
    Raw GW loss: 118.646225
    Raw distance loss: 0.031042
    Weighted GW: 1.186462
    Weighted distance: 0.620830
    Total loss: 1.807292
    GW/Distance ratio: 3822.178
  GW Loss Components:
    Raw GW loss: 168.222656
    Raw distance loss: 0.030525
    Weighted GW: 1.682227
    Weighted distance: 0.610509
    Total loss: 2.292736
    GW/Distance ratio: 5510.894
  GW Loss Components:
    Raw GW loss: 246.593079
    Raw distance loss: 0.031774
    Weighted GW: 2.465931
    Weighted distance: 0.635489
    Total loss: 3.101419
    GW/Distance ratio: 7760.736
  GW Loss Components:
    Raw GW loss: 121.788269
    Raw distance loss: 0.034207
    Weighted GW: 1.217883
    Weighted distance: 0.684143
    Total loss: 1.902025
    GW/Distance ratio: 3560.316
  GW Loss Components:
    Raw GW loss: 176.653625
    Raw distance loss: 0.034134
    Weighted GW: 1.766536
    Weighted distance: 0.682679
    Total loss: 2.449215
    GW/Distance ratio: 5175.307
  GW Loss Components:
    Raw GW loss: 293.205322
    Raw distance loss: 0.028518
    Weighted GW: 2.932053
    Weighted distance: 0.570366
    Total loss: 3.502419
    GW/Distance ratio: 10281.300
  GW Loss Components:
    Raw GW loss: 148.287598
    Raw distance loss: 0.037548
    Weighted GW: 1.482876
    Weighted distance: 0.750957
    Total loss: 2.233833
    GW/Distance ratio: 3949.297
  GW Loss Components:
    Raw GW loss: 129.110596
    Raw distance loss: 0.036067
    Weighted GW: 1.291106
    Weighted distance: 0.721339
    Total loss: 2.012445
    GW/Distance ratio: 3579.747
  GW Loss Components:
    Raw GW loss: 279.855957
    Raw distance loss: 0.032873
    Weighted GW: 2.798559
    Weighted distance: 0.657451
    Total loss: 3.456011
    GW/Distance ratio: 8513.357
  GW Loss Components:
    Raw GW loss: 156.269638
    Raw distance loss: 0.041456
    Weighted GW: 1.562696
    Weighted distance: 0.829129
    Total loss: 2.391825
    GW/Distance ratio: 3769.490
  GW Loss Components:
    Raw GW loss: 128.005386
    Raw distance loss: 0.036724
    Weighted GW: 1.280054
    Weighted distance: 0.734489
    Total loss: 2.014543
    GW/Distance ratio: 3485.561
  GW Loss Components:
    Raw GW loss: 183.315643
    Raw distance loss: 0.037762
    Weighted GW: 1.833156
    Weighted distance: 0.755239
    Total loss: 2.588395
    GW/Distance ratio: 4854.507
  GW Loss Components:
    Raw GW loss: 167.217117
    Raw distance loss: 0.041492
    Weighted GW: 1.672171
    Weighted distance: 0.829837
    Total loss: 2.502008
    GW/Distance ratio: 4030.116
  GW Loss Components:
    Raw GW loss: 150.549255
    Raw distance loss: 0.036010
    Weighted GW: 1.505493
    Weighted distance: 0.720205
    Total loss: 2.225698
    GW/Distance ratio: 4180.731
  GW Loss Components:
    Raw GW loss: 222.049072
    Raw distance loss: 0.033413
    Weighted GW: 2.220491
    Weighted distance: 0.668261
    Total loss: 2.888752
    GW/Distance ratio: 6645.574
Batch 125/537: Loss=6.1127 (C:8.0011, R:0.0357, T:2.5388(w:1.000)🚀)
  GW Loss Components:
    Raw GW loss: 130.861603
    Raw distance loss: 0.038998
    Weighted GW: 1.308616
    Weighted distance: 0.779958
    Total loss: 2.088574
    GW/Distance ratio: 3355.607
  GW Loss Components:
    Raw GW loss: 156.552155
    Raw distance loss: 0.034364
    Weighted GW: 1.565521
    Weighted distance: 0.687289
    Total loss: 2.252810
    GW/Distance ratio: 4555.644
  GW Loss Components:
    Raw GW loss: 223.941025
    Raw distance loss: 0.036913
    Weighted GW: 2.239410
    Weighted distance: 0.738261
    Total loss: 2.977671
    GW/Distance ratio: 6066.716
  GW Loss Components:
    Raw GW loss: 121.056572
    Raw distance loss: 0.035640
    Weighted GW: 1.210566
    Weighted distance: 0.712794
    Total loss: 1.923360
    GW/Distance ratio: 3396.676
  GW Loss Components:
    Raw GW loss: 173.803452
    Raw distance loss: 0.031867
    Weighted GW: 1.738034
    Weighted distance: 0.637347
    Total loss: 2.375381
    GW/Distance ratio: 5453.964
  GW Loss Components:
    Raw GW loss: 185.756561
    Raw distance loss: 0.035284
    Weighted GW: 1.857566
    Weighted distance: 0.705687
    Total loss: 2.563252
    GW/Distance ratio: 5264.558
  GW Loss Components:
    Raw GW loss: 162.908752
    Raw distance loss: 0.039325
    Weighted GW: 1.629087
    Weighted distance: 0.786497
    Total loss: 2.415585
    GW/Distance ratio: 4142.640
  GW Loss Components:
    Raw GW loss: 137.678574
    Raw distance loss: 0.036608
    Weighted GW: 1.376786
    Weighted distance: 0.732155
    Total loss: 2.108941
    GW/Distance ratio: 3760.910
  GW Loss Components:
    Raw GW loss: 176.798203
    Raw distance loss: 0.035588
    Weighted GW: 1.767982
    Weighted distance: 0.711751
    Total loss: 2.479733
    GW/Distance ratio: 4967.975
  GW Loss Components:
    Raw GW loss: 136.564926
    Raw distance loss: 0.039250
    Weighted GW: 1.365649
    Weighted distance: 0.785002
    Total loss: 2.150651
    GW/Distance ratio: 3479.351
  GW Loss Components:
    Raw GW loss: 138.255478
    Raw distance loss: 0.039063
    Weighted GW: 1.382555
    Weighted distance: 0.781251
    Total loss: 2.163806
    GW/Distance ratio: 3539.333
  GW Loss Components:
    Raw GW loss: 186.274780
    Raw distance loss: 0.037159
    Weighted GW: 1.862748
    Weighted distance: 0.743186
    Total loss: 2.605934
    GW/Distance ratio: 5012.871
  GW Loss Components:
    Raw GW loss: 145.192566
    Raw distance loss: 0.034000
    Weighted GW: 1.451926
    Weighted distance: 0.679991
    Total loss: 2.131917
    GW/Distance ratio: 4270.424
  GW Loss Components:
    Raw GW loss: 146.392761
    Raw distance loss: 0.033325
    Weighted GW: 1.463928
    Weighted distance: 0.666501
    Total loss: 2.130428
    GW/Distance ratio: 4392.875
  GW Loss Components:
    Raw GW loss: 195.500015
    Raw distance loss: 0.036049
    Weighted GW: 1.955000
    Weighted distance: 0.720981
    Total loss: 2.675981
    GW/Distance ratio: 5423.167
  GW Loss Components:
    Raw GW loss: 107.208183
    Raw distance loss: 0.032675
    Weighted GW: 1.072082
    Weighted distance: 0.653506
    Total loss: 1.725588
    GW/Distance ratio: 3281.015
  GW Loss Components:
    Raw GW loss: 186.876404
    Raw distance loss: 0.030619
    Weighted GW: 1.868764
    Weighted distance: 0.612381
    Total loss: 2.481145
    GW/Distance ratio: 6103.271
  GW Loss Components:
    Raw GW loss: 236.838257
    Raw distance loss: 0.030809
    Weighted GW: 2.368382
    Weighted distance: 0.616172
    Total loss: 2.984555
    GW/Distance ratio: 7687.400
  GW Loss Components:
    Raw GW loss: 136.234924
    Raw distance loss: 0.035119
    Weighted GW: 1.362349
    Weighted distance: 0.702376
    Total loss: 2.064726
    GW/Distance ratio: 3879.255
  GW Loss Components:
    Raw GW loss: 152.009613
    Raw distance loss: 0.032571
    Weighted GW: 1.520096
    Weighted distance: 0.651419
    Total loss: 2.171515
    GW/Distance ratio: 4667.032
  GW Loss Components:
    Raw GW loss: 241.208572
    Raw distance loss: 0.031588
    Weighted GW: 2.412086
    Weighted distance: 0.631763
    Total loss: 3.043849
    GW/Distance ratio: 7636.048
  GW Loss Components:
    Raw GW loss: 190.510773
    Raw distance loss: 0.040447
    Weighted GW: 1.905108
    Weighted distance: 0.808949
    Total loss: 2.714056
    GW/Distance ratio: 4710.081
  GW Loss Components:
    Raw GW loss: 142.713089
    Raw distance loss: 0.038559
    Weighted GW: 1.427131
    Weighted distance: 0.771187
    Total loss: 2.198318
    GW/Distance ratio: 3701.126
  GW Loss Components:
    Raw GW loss: 162.598495
    Raw distance loss: 0.041415
    Weighted GW: 1.625985
    Weighted distance: 0.828307
    Total loss: 2.454292
    GW/Distance ratio: 3926.045
  GW Loss Components:
    Raw GW loss: 219.620422
    Raw distance loss: 0.041379
    Weighted GW: 2.196204
    Weighted distance: 0.827574
    Total loss: 3.023779
    GW/Distance ratio: 5307.567
  GW Loss Components:
    Raw GW loss: 149.697662
    Raw distance loss: 0.033598
    Weighted GW: 1.496977
    Weighted distance: 0.671961
    Total loss: 2.168937
    GW/Distance ratio: 4455.546
  GW Loss Components:
    Raw GW loss: 166.229370
    Raw distance loss: 0.035729
    Weighted GW: 1.662294
    Weighted distance: 0.714586
    Total loss: 2.376879
    GW/Distance ratio: 4652.466
  GW Loss Components:
    Raw GW loss: 112.532578
    Raw distance loss: 0.031600
    Weighted GW: 1.125326
    Weighted distance: 0.632006
    Total loss: 1.757332
    GW/Distance ratio: 3561.122
  GW Loss Components:
    Raw GW loss: 204.401962
    Raw distance loss: 0.032556
    Weighted GW: 2.044019
    Weighted distance: 0.651118
    Total loss: 2.695137
    GW/Distance ratio: 6278.494
  GW Loss Components:
    Raw GW loss: 293.813873
    Raw distance loss: 0.026941
    Weighted GW: 2.938139
    Weighted distance: 0.538824
    Total loss: 3.476963
    GW/Distance ratio: 10905.741
  GW Loss Components:
    Raw GW loss: 126.876175
    Raw distance loss: 0.033844
    Weighted GW: 1.268762
    Weighted distance: 0.676884
    Total loss: 1.945646
    GW/Distance ratio: 3748.829
  GW Loss Components:
    Raw GW loss: 173.848419
    Raw distance loss: 0.030816
    Weighted GW: 1.738484
    Weighted distance: 0.616320
    Total loss: 2.354804
    GW/Distance ratio: 5641.497
  GW Loss Components:
    Raw GW loss: 283.540527
    Raw distance loss: 0.030861
    Weighted GW: 2.835405
    Weighted distance: 0.617212
    Total loss: 3.452618
    GW/Distance ratio: 9187.775
  GW Loss Components:
    Raw GW loss: 176.376923
    Raw distance loss: 0.039787
    Weighted GW: 1.763769
    Weighted distance: 0.795742
    Total loss: 2.559511
    GW/Distance ratio: 4433.019
  GW Loss Components:
    Raw GW loss: 143.608124
    Raw distance loss: 0.035059
    Weighted GW: 1.436081
    Weighted distance: 0.701175
    Total loss: 2.137256
    GW/Distance ratio: 4096.212
  GW Loss Components:
    Raw GW loss: 213.040787
    Raw distance loss: 0.032826
    Weighted GW: 2.130408
    Weighted distance: 0.656519
    Total loss: 2.786926
    GW/Distance ratio: 6490.013
  GW Loss Components:
    Raw GW loss: 156.162109
    Raw distance loss: 0.040503
    Weighted GW: 1.561621
    Weighted distance: 0.810055
    Total loss: 2.371676
    GW/Distance ratio: 3855.592
  GW Loss Components:
    Raw GW loss: 113.733307
    Raw distance loss: 0.037169
    Weighted GW: 1.137333
    Weighted distance: 0.743371
    Total loss: 1.880704
    GW/Distance ratio: 3059.931
  GW Loss Components:
    Raw GW loss: 186.765961
    Raw distance loss: 0.036209
    Weighted GW: 1.867660
    Weighted distance: 0.724173
    Total loss: 2.591832
    GW/Distance ratio: 5158.048
  GW Loss Components:
    Raw GW loss: 163.490997
    Raw distance loss: 0.036028
    Weighted GW: 1.634910
    Weighted distance: 0.720554
    Total loss: 2.355464
    GW/Distance ratio: 4537.923
  GW Loss Components:
    Raw GW loss: 154.110260
    Raw distance loss: 0.035486
    Weighted GW: 1.541103
    Weighted distance: 0.709727
    Total loss: 2.250830
    GW/Distance ratio: 4342.802
  GW Loss Components:
    Raw GW loss: 203.918427
    Raw distance loss: 0.036740
    Weighted GW: 2.039184
    Weighted distance: 0.734807
    Total loss: 2.773992
    GW/Distance ratio: 5550.253
  GW Loss Components:
    Raw GW loss: 144.284851
    Raw distance loss: 0.034288
    Weighted GW: 1.442848
    Weighted distance: 0.685756
    Total loss: 2.128605
    GW/Distance ratio: 4208.049
  GW Loss Components:
    Raw GW loss: 199.506149
    Raw distance loss: 0.031890
    Weighted GW: 1.995061
    Weighted distance: 0.637800
    Total loss: 2.632861
    GW/Distance ratio: 6256.074
  GW Loss Components:
    Raw GW loss: 251.223389
    Raw distance loss: 0.030344
    Weighted GW: 2.512234
    Weighted distance: 0.606887
    Total loss: 3.119120
    GW/Distance ratio: 8279.085
  GW Loss Components:
    Raw GW loss: 135.864166
    Raw distance loss: 0.035666
    Weighted GW: 1.358642
    Weighted distance: 0.713327
    Total loss: 2.071969
    GW/Distance ratio: 3809.307
  GW Loss Components:
    Raw GW loss: 153.017151
    Raw distance loss: 0.035119
    Weighted GW: 1.530172
    Weighted distance: 0.702370
    Total loss: 2.232542
    GW/Distance ratio: 4357.164
  GW Loss Components:
    Raw GW loss: 235.082153
    Raw distance loss: 0.033786
    Weighted GW: 2.350821
    Weighted distance: 0.675726
    Total loss: 3.026547
    GW/Distance ratio: 6957.914
  GW Loss Components:
    Raw GW loss: 163.335754
    Raw distance loss: 0.041880
    Weighted GW: 1.633358
    Weighted distance: 0.837592
    Total loss: 2.470949
    GW/Distance ratio: 3900.128
  GW Loss Components:
    Raw GW loss: 154.373322
    Raw distance loss: 0.038441
    Weighted GW: 1.543733
    Weighted distance: 0.768813
    Total loss: 2.312546
    GW/Distance ratio: 4015.886
  GW Loss Components:
    Raw GW loss: 162.885559
    Raw distance loss: 0.040937
    Weighted GW: 1.628856
    Weighted distance: 0.818731
    Total loss: 2.447587
    GW/Distance ratio: 3978.973
  GW Loss Components:
    Raw GW loss: 141.642014
    Raw distance loss: 0.041690
    Weighted GW: 1.416420
    Weighted distance: 0.833798
    Total loss: 2.250218
    GW/Distance ratio: 3397.514
  GW Loss Components:
    Raw GW loss: 137.735565
    Raw distance loss: 0.037022
    Weighted GW: 1.377356
    Weighted distance: 0.740445
    Total loss: 2.117801
    GW/Distance ratio: 3720.344
  GW Loss Components:
    Raw GW loss: 227.309738
    Raw distance loss: 0.033154
    Weighted GW: 2.273097
    Weighted distance: 0.663087
    Total loss: 2.936184
    GW/Distance ratio: 6856.102
  GW Loss Components:
    Raw GW loss: 106.510704
    Raw distance loss: 0.029200
    Weighted GW: 1.065107
    Weighted distance: 0.584010
    Total loss: 1.649117
    GW/Distance ratio: 3647.566
  GW Loss Components:
    Raw GW loss: 269.310730
    Raw distance loss: 0.027497
    Weighted GW: 2.693107
    Weighted distance: 0.549931
    Total loss: 3.243038
    GW/Distance ratio: 9794.345
  GW Loss Components:
    Raw GW loss: 319.969086
    Raw distance loss: 0.026681
    Weighted GW: 3.199691
    Weighted distance: 0.533612
    Total loss: 3.733303
    GW/Distance ratio: 11992.566
  GW Loss Components:
    Raw GW loss: 117.132431
    Raw distance loss: 0.032465
    Weighted GW: 1.171324
    Weighted distance: 0.649293
    Total loss: 1.820617
    GW/Distance ratio: 3607.999
  GW Loss Components:
    Raw GW loss: 146.320740
    Raw distance loss: 0.030328
    Weighted GW: 1.463207
    Weighted distance: 0.606560
    Total loss: 2.069767
    GW/Distance ratio: 4824.607
  GW Loss Components:
    Raw GW loss: 267.562744
    Raw distance loss: 0.030063
    Weighted GW: 2.675627
    Weighted distance: 0.601267
    Total loss: 3.276895
    GW/Distance ratio: 8899.962
  GW Loss Components:
    Raw GW loss: 166.170502
    Raw distance loss: 0.041222
    Weighted GW: 1.661705
    Weighted distance: 0.824430
    Total loss: 2.486135
    GW/Distance ratio: 4031.159
  GW Loss Components:
    Raw GW loss: 155.298676
    Raw distance loss: 0.031953
    Weighted GW: 1.552987
    Weighted distance: 0.639055
    Total loss: 2.192041
    GW/Distance ratio: 4860.261
  GW Loss Components:
    Raw GW loss: 205.458923
    Raw distance loss: 0.034707
    Weighted GW: 2.054589
    Weighted distance: 0.694131
    Total loss: 2.748720
    GW/Distance ratio: 5919.887
  GW Loss Components:
    Raw GW loss: 182.393890
    Raw distance loss: 0.043154
    Weighted GW: 1.823939
    Weighted distance: 0.863079
    Total loss: 2.687018
    GW/Distance ratio: 4226.585
  GW Loss Components:
    Raw GW loss: 143.637939
    Raw distance loss: 0.039204
    Weighted GW: 1.436379
    Weighted distance: 0.784081
    Total loss: 2.220460
    GW/Distance ratio: 3663.853
  GW Loss Components:
    Raw GW loss: 159.034836
    Raw distance loss: 0.042082
    Weighted GW: 1.590348
    Weighted distance: 0.841646
    Total loss: 2.431994
    GW/Distance ratio: 3779.137
  GW Loss Components:
    Raw GW loss: 142.288239
    Raw distance loss: 0.038261
    Weighted GW: 1.422882
    Weighted distance: 0.765216
    Total loss: 2.188098
    GW/Distance ratio: 3718.905
  GW Loss Components:
    Raw GW loss: 144.830856
    Raw distance loss: 0.033296
    Weighted GW: 1.448309
    Weighted distance: 0.665917
    Total loss: 2.114226
    GW/Distance ratio: 4349.815
  GW Loss Components:
    Raw GW loss: 257.659729
    Raw distance loss: 0.031636
    Weighted GW: 2.576597
    Weighted distance: 0.632724
    Total loss: 3.209321
    GW/Distance ratio: 8144.460
  GW Loss Components:
    Raw GW loss: 115.441940
    Raw distance loss: 0.033089
    Weighted GW: 1.154419
    Weighted distance: 0.661776
    Total loss: 1.816195
    GW/Distance ratio: 3488.853
  GW Loss Components:
    Raw GW loss: 178.077911
    Raw distance loss: 0.029680
    Weighted GW: 1.780779
    Weighted distance: 0.593605
    Total loss: 2.374384
    GW/Distance ratio: 5999.875
  GW Loss Components:
    Raw GW loss: 354.776306
    Raw distance loss: 0.028169
    Weighted GW: 3.547763
    Weighted distance: 0.563380
    Total loss: 4.111143
    GW/Distance ratio: 12594.556
  GW Loss Components:
    Raw GW loss: 125.042725
    Raw distance loss: 0.033984
    Weighted GW: 1.250427
    Weighted distance: 0.679679
    Total loss: 1.930106
    GW/Distance ratio: 3679.464
  GW Loss Components:
    Raw GW loss: 152.335678
    Raw distance loss: 0.033784
    Weighted GW: 1.523357
    Weighted distance: 0.675672
    Total loss: 2.199028
    GW/Distance ratio: 4509.162
  GW Loss Components:
    Raw GW loss: 194.737686
    Raw distance loss: 0.034163
    Weighted GW: 1.947377
    Weighted distance: 0.683263
    Total loss: 2.630640
    GW/Distance ratio: 5700.222
Batch 150/537: Loss=5.1760 (C:7.9983, R:0.0292, T:2.2533(w:1.000)🚀)
  GW Loss Components:
    Raw GW loss: 154.424759
    Raw distance loss: 0.038104
    Weighted GW: 1.544248
    Weighted distance: 0.762086
    Total loss: 2.306334
    GW/Distance ratio: 4052.684
  GW Loss Components:
    Raw GW loss: 151.413330
    Raw distance loss: 0.034128
    Weighted GW: 1.514133
    Weighted distance: 0.682559
    Total loss: 2.196692
    GW/Distance ratio: 4436.639
  GW Loss Components:
    Raw GW loss: 199.125275
    Raw distance loss: 0.033509
    Weighted GW: 1.991253
    Weighted distance: 0.670179
    Total loss: 2.661431
    GW/Distance ratio: 5942.451
  GW Loss Components:
    Raw GW loss: 192.781982
    Raw distance loss: 0.045570
    Weighted GW: 1.927820
    Weighted distance: 0.911391
    Total loss: 2.839211
    GW/Distance ratio: 4230.499
  GW Loss Components:
    Raw GW loss: 140.695435
    Raw distance loss: 0.039223
    Weighted GW: 1.406954
    Weighted distance: 0.784461
    Total loss: 2.191415
    GW/Distance ratio: 3587.059
  GW Loss Components:
    Raw GW loss: 150.909164
    Raw distance loss: 0.041069
    Weighted GW: 1.509092
    Weighted distance: 0.821373
    Total loss: 2.330465
    GW/Distance ratio: 3674.556
  GW Loss Components:
    Raw GW loss: 177.938843
    Raw distance loss: 0.042406
    Weighted GW: 1.779388
    Weighted distance: 0.848124
    Total loss: 2.627512
    GW/Distance ratio: 4196.056
  GW Loss Components:
    Raw GW loss: 154.600677
    Raw distance loss: 0.041296
    Weighted GW: 1.546007
    Weighted distance: 0.825916
    Total loss: 2.371922
    GW/Distance ratio: 3743.740
  GW Loss Components:
    Raw GW loss: 180.911469
    Raw distance loss: 0.037688
    Weighted GW: 1.809115
    Weighted distance: 0.753754
    Total loss: 2.562869
    GW/Distance ratio: 4800.276
  GW Loss Components:
    Raw GW loss: 111.912994
    Raw distance loss: 0.034440
    Weighted GW: 1.119130
    Weighted distance: 0.688794
    Total loss: 1.807924
    GW/Distance ratio: 3249.533
  GW Loss Components:
    Raw GW loss: 178.599045
    Raw distance loss: 0.033495
    Weighted GW: 1.785990
    Weighted distance: 0.669897
    Total loss: 2.455887
    GW/Distance ratio: 5332.132
  GW Loss Components:
    Raw GW loss: 236.124832
    Raw distance loss: 0.032251
    Weighted GW: 2.361248
    Weighted distance: 0.645011
    Total loss: 3.006259
    GW/Distance ratio: 7321.573
  GW Loss Components:
    Raw GW loss: 106.655701
    Raw distance loss: 0.031717
    Weighted GW: 1.066557
    Weighted distance: 0.634341
    Total loss: 1.700897
    GW/Distance ratio: 3362.726
  GW Loss Components:
    Raw GW loss: 190.302155
    Raw distance loss: 0.031730
    Weighted GW: 1.903021
    Weighted distance: 0.634603
    Total loss: 2.537624
    GW/Distance ratio: 5997.521
  GW Loss Components:
    Raw GW loss: 298.566345
    Raw distance loss: 0.030182
    Weighted GW: 2.985663
    Weighted distance: 0.603647
    Total loss: 3.589311
    GW/Distance ratio: 9892.076
  GW Loss Components:
    Raw GW loss: 140.509018
    Raw distance loss: 0.036961
    Weighted GW: 1.405090
    Weighted distance: 0.739230
    Total loss: 2.144320
    GW/Distance ratio: 3801.496
  GW Loss Components:
    Raw GW loss: 154.089996
    Raw distance loss: 0.031850
    Weighted GW: 1.540900
    Weighted distance: 0.637005
    Total loss: 2.177905
    GW/Distance ratio: 4837.951
  GW Loss Components:
    Raw GW loss: 258.567688
    Raw distance loss: 0.031978
    Weighted GW: 2.585677
    Weighted distance: 0.639569
    Total loss: 3.225246
    GW/Distance ratio: 8085.685
  GW Loss Components:
    Raw GW loss: 167.607758
    Raw distance loss: 0.039681
    Weighted GW: 1.676077
    Weighted distance: 0.793624
    Total loss: 2.469702
    GW/Distance ratio: 4223.856
  GW Loss Components:
    Raw GW loss: 149.017670
    Raw distance loss: 0.036370
    Weighted GW: 1.490177
    Weighted distance: 0.727391
    Total loss: 2.217568
    GW/Distance ratio: 4097.317
  GW Loss Components:
    Raw GW loss: 210.620667
    Raw distance loss: 0.039177
    Weighted GW: 2.106207
    Weighted distance: 0.783532
    Total loss: 2.889738
    GW/Distance ratio: 5376.187
  GW Loss Components:
    Raw GW loss: 174.057831
    Raw distance loss: 0.044356
    Weighted GW: 1.740578
    Weighted distance: 0.887121
    Total loss: 2.627699
    GW/Distance ratio: 3924.105
  GW Loss Components:
    Raw GW loss: 179.270905
    Raw distance loss: 0.042756
    Weighted GW: 1.792709
    Weighted distance: 0.855114
    Total loss: 2.647823
    GW/Distance ratio: 4192.910
  GW Loss Components:
    Raw GW loss: 167.661621
    Raw distance loss: 0.043900
    Weighted GW: 1.676616
    Weighted distance: 0.878002
    Total loss: 2.554618
    GW/Distance ratio: 3819.162
  GW Loss Components:
    Raw GW loss: 121.127029
    Raw distance loss: 0.034588
    Weighted GW: 1.211270
    Weighted distance: 0.691750
    Total loss: 1.903020
    GW/Distance ratio: 3502.044
  GW Loss Components:
    Raw GW loss: 169.459534
    Raw distance loss: 0.033423
    Weighted GW: 1.694595
    Weighted distance: 0.668454
    Total loss: 2.363050
    GW/Distance ratio: 5070.190
  GW Loss Components:
    Raw GW loss: 214.503616
    Raw distance loss: 0.035030
    Weighted GW: 2.145036
    Weighted distance: 0.700605
    Total loss: 2.845641
    GW/Distance ratio: 6123.382
  GW Loss Components:
    Raw GW loss: 119.664978
    Raw distance loss: 0.035705
    Weighted GW: 1.196650
    Weighted distance: 0.714092
    Total loss: 1.910742
    GW/Distance ratio: 3351.526
  GW Loss Components:
    Raw GW loss: 226.323486
    Raw distance loss: 0.027581
    Weighted GW: 2.263235
    Weighted distance: 0.551611
    Total loss: 2.814846
    GW/Distance ratio: 8205.899
  GW Loss Components:
    Raw GW loss: 209.127060
    Raw distance loss: 0.035833
    Weighted GW: 2.091270
    Weighted distance: 0.716659
    Total loss: 2.807929
    GW/Distance ratio: 5836.168
  GW Loss Components:
    Raw GW loss: 118.196198
    Raw distance loss: 0.033644
    Weighted GW: 1.181962
    Weighted distance: 0.672883
    Total loss: 1.854845
    GW/Distance ratio: 3513.128
  GW Loss Components:
    Raw GW loss: 186.075226
    Raw distance loss: 0.032990
    Weighted GW: 1.860752
    Weighted distance: 0.659807
    Total loss: 2.520560
    GW/Distance ratio: 5640.287
  GW Loss Components:
    Raw GW loss: 260.686920
    Raw distance loss: 0.033958
    Weighted GW: 2.606869
    Weighted distance: 0.679153
    Total loss: 3.286022
    GW/Distance ratio: 7676.819
  GW Loss Components:
    Raw GW loss: 174.439636
    Raw distance loss: 0.037531
    Weighted GW: 1.744396
    Weighted distance: 0.750614
    Total loss: 2.495010
    GW/Distance ratio: 4647.919
  GW Loss Components:
    Raw GW loss: 156.910049
    Raw distance loss: 0.034832
    Weighted GW: 1.569100
    Weighted distance: 0.696641
    Total loss: 2.265742
    GW/Distance ratio: 4504.759
  GW Loss Components:
    Raw GW loss: 238.157990
    Raw distance loss: 0.035230
    Weighted GW: 2.381580
    Weighted distance: 0.704595
    Total loss: 3.086175
    GW/Distance ratio: 6760.137
  GW Loss Components:
    Raw GW loss: 143.724030
    Raw distance loss: 0.041337
    Weighted GW: 1.437240
    Weighted distance: 0.826734
    Total loss: 2.263974
    GW/Distance ratio: 3476.910
  GW Loss Components:
    Raw GW loss: 145.473846
    Raw distance loss: 0.041964
    Weighted GW: 1.454738
    Weighted distance: 0.839271
    Total loss: 2.294009
    GW/Distance ratio: 3466.672
  GW Loss Components:
    Raw GW loss: 177.174255
    Raw distance loss: 0.040648
    Weighted GW: 1.771742
    Weighted distance: 0.812960
    Total loss: 2.584703
    GW/Distance ratio: 4358.743
  GW Loss Components:
    Raw GW loss: 127.579239
    Raw distance loss: 0.040549
    Weighted GW: 1.275792
    Weighted distance: 0.810983
    Total loss: 2.086775
    GW/Distance ratio: 3146.286
  GW Loss Components:
    Raw GW loss: 124.307404
    Raw distance loss: 0.040017
    Weighted GW: 1.243074
    Weighted distance: 0.800348
    Total loss: 2.043422
    GW/Distance ratio: 3106.334
  GW Loss Components:
    Raw GW loss: 167.751282
    Raw distance loss: 0.044230
    Weighted GW: 1.677513
    Weighted distance: 0.884590
    Total loss: 2.562103
    GW/Distance ratio: 3792.745
  GW Loss Components:
    Raw GW loss: 91.456268
    Raw distance loss: 0.029508
    Weighted GW: 0.914563
    Weighted distance: 0.590158
    Total loss: 1.504720
    GW/Distance ratio: 3099.384
  GW Loss Components:
    Raw GW loss: 156.768280
    Raw distance loss: 0.030814
    Weighted GW: 1.567683
    Weighted distance: 0.616273
    Total loss: 2.183955
    GW/Distance ratio: 5087.625
  GW Loss Components:
    Raw GW loss: 200.752014
    Raw distance loss: 0.032386
    Weighted GW: 2.007520
    Weighted distance: 0.647712
    Total loss: 2.655233
    GW/Distance ratio: 6198.798
  GW Loss Components:
    Raw GW loss: 105.246803
    Raw distance loss: 0.031745
    Weighted GW: 1.052468
    Weighted distance: 0.634892
    Total loss: 1.687360
    GW/Distance ratio: 3315.421
  GW Loss Components:
    Raw GW loss: 248.958099
    Raw distance loss: 0.028220
    Weighted GW: 2.489581
    Weighted distance: 0.564399
    Total loss: 3.053980
    GW/Distance ratio: 8822.061
  GW Loss Components:
    Raw GW loss: 252.133224
    Raw distance loss: 0.031393
    Weighted GW: 2.521332
    Weighted distance: 0.627851
    Total loss: 3.149184
    GW/Distance ratio: 8031.619
  GW Loss Components:
    Raw GW loss: 126.775444
    Raw distance loss: 0.038590
    Weighted GW: 1.267754
    Weighted distance: 0.771807
    Total loss: 2.039561
    GW/Distance ratio: 3285.159
  GW Loss Components:
    Raw GW loss: 165.612366
    Raw distance loss: 0.035959
    Weighted GW: 1.656124
    Weighted distance: 0.719172
    Total loss: 2.375295
    GW/Distance ratio: 4605.640
  GW Loss Components:
    Raw GW loss: 206.629868
    Raw distance loss: 0.036393
    Weighted GW: 2.066299
    Weighted distance: 0.727855
    Total loss: 2.794154
    GW/Distance ratio: 5677.773
  GW Loss Components:
    Raw GW loss: 115.483940
    Raw distance loss: 0.038163
    Weighted GW: 1.154839
    Weighted distance: 0.763263
    Total loss: 1.918103
    GW/Distance ratio: 3026.056
  GW Loss Components:
    Raw GW loss: 139.536728
    Raw distance loss: 0.041107
    Weighted GW: 1.395367
    Weighted distance: 0.822148
    Total loss: 2.217515
    GW/Distance ratio: 3394.444
  GW Loss Components:
    Raw GW loss: 148.362625
    Raw distance loss: 0.040529
    Weighted GW: 1.483626
    Weighted distance: 0.810572
    Total loss: 2.294198
    GW/Distance ratio: 3660.689
  GW Loss Components:
    Raw GW loss: 142.309235
    Raw distance loss: 0.042119
    Weighted GW: 1.423092
    Weighted distance: 0.842374
    Total loss: 2.265467
    GW/Distance ratio: 3378.764
  GW Loss Components:
    Raw GW loss: 180.713867
    Raw distance loss: 0.043290
    Weighted GW: 1.807139
    Weighted distance: 0.865797
    Total loss: 2.672936
    GW/Distance ratio: 4174.507
  GW Loss Components:
    Raw GW loss: 167.943054
    Raw distance loss: 0.047346
    Weighted GW: 1.679430
    Weighted distance: 0.946915
    Total loss: 2.626346
    GW/Distance ratio: 3547.160
  GW Loss Components:
    Raw GW loss: 160.053436
    Raw distance loss: 0.032148
    Weighted GW: 1.600534
    Weighted distance: 0.642967
    Total loss: 2.243501
    GW/Distance ratio: 4978.587
  GW Loss Components:
    Raw GW loss: 227.099289
    Raw distance loss: 0.029434
    Weighted GW: 2.270993
    Weighted distance: 0.588685
    Total loss: 2.859678
    GW/Distance ratio: 7715.477
  GW Loss Components:
    Raw GW loss: 199.032166
    Raw distance loss: 0.035319
    Weighted GW: 1.990322
    Weighted distance: 0.706385
    Total loss: 2.696707
    GW/Distance ratio: 5635.228
  GW Loss Components:
    Raw GW loss: 107.245949
    Raw distance loss: 0.028980
    Weighted GW: 1.072459
    Weighted distance: 0.579607
    Total loss: 1.652067
    GW/Distance ratio: 3700.640
  GW Loss Components:
    Raw GW loss: 257.844391
    Raw distance loss: 0.027354
    Weighted GW: 2.578444
    Weighted distance: 0.547073
    Total loss: 3.125516
    GW/Distance ratio: 9426.325
  GW Loss Components:
    Raw GW loss: 263.525269
    Raw distance loss: 0.030033
    Weighted GW: 2.635253
    Weighted distance: 0.600670
    Total loss: 3.235922
    GW/Distance ratio: 8774.380
  GW Loss Components:
    Raw GW loss: 141.697723
    Raw distance loss: 0.034710
    Weighted GW: 1.416977
    Weighted distance: 0.694205
    Total loss: 2.111182
    GW/Distance ratio: 4082.302
  GW Loss Components:
    Raw GW loss: 188.644745
    Raw distance loss: 0.030632
    Weighted GW: 1.886447
    Weighted distance: 0.612635
    Total loss: 2.499083
    GW/Distance ratio: 6158.466
  GW Loss Components:
    Raw GW loss: 207.649506
    Raw distance loss: 0.036622
    Weighted GW: 2.076495
    Weighted distance: 0.732439
    Total loss: 2.808933
    GW/Distance ratio: 5670.084
  GW Loss Components:
    Raw GW loss: 128.798080
    Raw distance loss: 0.044787
    Weighted GW: 1.287981
    Weighted distance: 0.895734
    Total loss: 2.183714
    GW/Distance ratio: 2875.812
  GW Loss Components:
    Raw GW loss: 151.571106
    Raw distance loss: 0.039093
    Weighted GW: 1.515711
    Weighted distance: 0.781863
    Total loss: 2.297574
    GW/Distance ratio: 3877.179
  GW Loss Components:
    Raw GW loss: 172.728149
    Raw distance loss: 0.049259
    Weighted GW: 1.727281
    Weighted distance: 0.985174
    Total loss: 2.712455
    GW/Distance ratio: 3506.552
  GW Loss Components:
    Raw GW loss: 128.070892
    Raw distance loss: 0.042379
    Weighted GW: 1.280709
    Weighted distance: 0.847573
    Total loss: 2.128282
    GW/Distance ratio: 3022.060
  GW Loss Components:
    Raw GW loss: 167.936859
    Raw distance loss: 0.044456
    Weighted GW: 1.679368
    Weighted distance: 0.889115
    Total loss: 2.568484
    GW/Distance ratio: 3777.616
  GW Loss Components:
    Raw GW loss: 169.823654
    Raw distance loss: 0.044077
    Weighted GW: 1.698236
    Weighted distance: 0.881530
    Total loss: 2.579767
    GW/Distance ratio: 3852.927
  GW Loss Components:
    Raw GW loss: 106.951004
    Raw distance loss: 0.031778
    Weighted GW: 1.069510
    Weighted distance: 0.635552
    Total loss: 1.705062
    GW/Distance ratio: 3365.607
  GW Loss Components:
    Raw GW loss: 170.685547
    Raw distance loss: 0.031926
    Weighted GW: 1.706855
    Weighted distance: 0.638513
    Total loss: 2.345369
    GW/Distance ratio: 5346.340
  GW Loss Components:
    Raw GW loss: 228.792313
    Raw distance loss: 0.035548
    Weighted GW: 2.287923
    Weighted distance: 0.710969
    Total loss: 2.998892
    GW/Distance ratio: 6436.069
Batch 175/537: Loss=4.8912 (C:7.9922, R:0.0254, T:2.3498(w:1.000)🚀)
  GW Loss Components:
    Raw GW loss: 96.921074
    Raw distance loss: 0.026535
    Weighted GW: 0.969211
    Weighted distance: 0.530700
    Total loss: 1.499910
    GW/Distance ratio: 3652.576
  GW Loss Components:
    Raw GW loss: 150.897064
    Raw distance loss: 0.030019
    Weighted GW: 1.508971
    Weighted distance: 0.600381
    Total loss: 2.109352
    GW/Distance ratio: 5026.708
  GW Loss Components:
    Raw GW loss: 294.462524
    Raw distance loss: 0.030810
    Weighted GW: 2.944625
    Weighted distance: 0.616209
    Total loss: 3.560834
    GW/Distance ratio: 9557.230
  GW Loss Components:
    Raw GW loss: 119.862282
    Raw distance loss: 0.027602
    Weighted GW: 1.198623
    Weighted distance: 0.552037
    Total loss: 1.750660
    GW/Distance ratio: 4342.543
  GW Loss Components:
    Raw GW loss: 209.398483
    Raw distance loss: 0.028777
    Weighted GW: 2.093985
    Weighted distance: 0.575532
    Total loss: 2.669517
    GW/Distance ratio: 7276.689
  GW Loss Components:
    Raw GW loss: 227.538589
    Raw distance loss: 0.030991
    Weighted GW: 2.275386
    Weighted distance: 0.619810
    Total loss: 2.895196
    GW/Distance ratio: 7342.201
  GW Loss Components:
    Raw GW loss: 126.865387
    Raw distance loss: 0.038108
    Weighted GW: 1.268654
    Weighted distance: 0.762164
    Total loss: 2.030818
    GW/Distance ratio: 3329.085
  GW Loss Components:
    Raw GW loss: 108.815613
    Raw distance loss: 0.038983
    Weighted GW: 1.088156
    Weighted distance: 0.779660
    Total loss: 1.867816
    GW/Distance ratio: 2791.361
  GW Loss Components:
    Raw GW loss: 146.926208
    Raw distance loss: 0.041855
    Weighted GW: 1.469262
    Weighted distance: 0.837097
    Total loss: 2.306359
    GW/Distance ratio: 3510.374
  GW Loss Components:
    Raw GW loss: 131.199890
    Raw distance loss: 0.037195
    Weighted GW: 1.311999
    Weighted distance: 0.743897
    Total loss: 2.055895
    GW/Distance ratio: 3527.368
  GW Loss Components:
    Raw GW loss: 144.422104
    Raw distance loss: 0.039499
    Weighted GW: 1.444221
    Weighted distance: 0.789979
    Total loss: 2.234200
    GW/Distance ratio: 3656.352
  GW Loss Components:
    Raw GW loss: 175.973633
    Raw distance loss: 0.040423
    Weighted GW: 1.759736
    Weighted distance: 0.808467
    Total loss: 2.568203
    GW/Distance ratio: 4353.268
  GW Loss Components:
    Raw GW loss: 109.850662
    Raw distance loss: 0.033495
    Weighted GW: 1.098507
    Weighted distance: 0.669900
    Total loss: 1.768406
    GW/Distance ratio: 3279.615
  GW Loss Components:
    Raw GW loss: 210.176910
    Raw distance loss: 0.033163
    Weighted GW: 2.101769
    Weighted distance: 0.663258
    Total loss: 2.765027
    GW/Distance ratio: 6337.714
  GW Loss Components:
    Raw GW loss: 198.365173
    Raw distance loss: 0.038561
    Weighted GW: 1.983652
    Weighted distance: 0.771211
    Total loss: 2.754863
    GW/Distance ratio: 5144.247
  GW Loss Components:
    Raw GW loss: 108.145378
    Raw distance loss: 0.032358
    Weighted GW: 1.081454
    Weighted distance: 0.647165
    Total loss: 1.728619
    GW/Distance ratio: 3342.125
  GW Loss Components:
    Raw GW loss: 165.116241
    Raw distance loss: 0.031226
    Weighted GW: 1.651162
    Weighted distance: 0.624519
    Total loss: 2.275681
    GW/Distance ratio: 5287.787
  GW Loss Components:
    Raw GW loss: 199.183167
    Raw distance loss: 0.036241
    Weighted GW: 1.991832
    Weighted distance: 0.724816
    Total loss: 2.716648
    GW/Distance ratio: 5496.101
  GW Loss Components:
    Raw GW loss: 113.762100
    Raw distance loss: 0.036672
    Weighted GW: 1.137621
    Weighted distance: 0.733445
    Total loss: 1.871066
    GW/Distance ratio: 3102.128
  GW Loss Components:
    Raw GW loss: 157.954895
    Raw distance loss: 0.036418
    Weighted GW: 1.579549
    Weighted distance: 0.728355
    Total loss: 2.307904
    GW/Distance ratio: 4337.306
  GW Loss Components:
    Raw GW loss: 196.306732
    Raw distance loss: 0.038107
    Weighted GW: 1.963067
    Weighted distance: 0.762148
    Total loss: 2.725215
    GW/Distance ratio: 5151.406
  GW Loss Components:
    Raw GW loss: 109.047089
    Raw distance loss: 0.034863
    Weighted GW: 1.090471
    Weighted distance: 0.697258
    Total loss: 1.787729
    GW/Distance ratio: 3127.881
  GW Loss Components:
    Raw GW loss: 160.343567
    Raw distance loss: 0.034587
    Weighted GW: 1.603436
    Weighted distance: 0.691746
    Total loss: 2.295182
    GW/Distance ratio: 4635.904
  GW Loss Components:
    Raw GW loss: 188.630859
    Raw distance loss: 0.039146
    Weighted GW: 1.886309
    Weighted distance: 0.782918
    Total loss: 2.669227
    GW/Distance ratio: 4818.660
  GW Loss Components:
    Raw GW loss: 123.642448
    Raw distance loss: 0.036804
    Weighted GW: 1.236424
    Weighted distance: 0.736083
    Total loss: 1.972508
    GW/Distance ratio: 3359.469
  GW Loss Components:
    Raw GW loss: 136.345215
    Raw distance loss: 0.035917
    Weighted GW: 1.363452
    Weighted distance: 0.718332
    Total loss: 2.081784
    GW/Distance ratio: 3796.160
  GW Loss Components:
    Raw GW loss: 163.006409
    Raw distance loss: 0.044158
    Weighted GW: 1.630064
    Weighted distance: 0.883167
    Total loss: 2.513231
    GW/Distance ratio: 3691.406
  GW Loss Components:
    Raw GW loss: 123.241631
    Raw distance loss: 0.029670
    Weighted GW: 1.232416
    Weighted distance: 0.593402
    Total loss: 1.825818
    GW/Distance ratio: 4153.730
  GW Loss Components:
    Raw GW loss: 152.592438
    Raw distance loss: 0.030282
    Weighted GW: 1.525924
    Weighted distance: 0.605649
    Total loss: 2.131573
    GW/Distance ratio: 5038.971
  GW Loss Components:
    Raw GW loss: 180.131119
    Raw distance loss: 0.035991
    Weighted GW: 1.801311
    Weighted distance: 0.719810
    Total loss: 2.521122
    GW/Distance ratio: 5004.958
  GW Loss Components:
    Raw GW loss: 149.649475
    Raw distance loss: 0.030741
    Weighted GW: 1.496495
    Weighted distance: 0.614821
    Total loss: 2.111315
    GW/Distance ratio: 4868.067
  GW Loss Components:
    Raw GW loss: 194.539597
    Raw distance loss: 0.031746
    Weighted GW: 1.945396
    Weighted distance: 0.634922
    Total loss: 2.580318
    GW/Distance ratio: 6127.981
  GW Loss Components:
    Raw GW loss: 245.473679
    Raw distance loss: 0.031184
    Weighted GW: 2.454737
    Weighted distance: 0.623685
    Total loss: 3.078422
    GW/Distance ratio: 7871.713
  GW Loss Components:
    Raw GW loss: 146.582626
    Raw distance loss: 0.035977
    Weighted GW: 1.465826
    Weighted distance: 0.719532
    Total loss: 2.185359
    GW/Distance ratio: 4074.385
  GW Loss Components:
    Raw GW loss: 127.905319
    Raw distance loss: 0.038485
    Weighted GW: 1.279053
    Weighted distance: 0.769690
    Total loss: 2.048743
    GW/Distance ratio: 3323.552
  GW Loss Components:
    Raw GW loss: 152.804764
    Raw distance loss: 0.041000
    Weighted GW: 1.528048
    Weighted distance: 0.819992
    Total loss: 2.348040
    GW/Distance ratio: 3726.979
  GW Loss Components:
    Raw GW loss: 120.654602
    Raw distance loss: 0.036967
    Weighted GW: 1.206546
    Weighted distance: 0.739348
    Total loss: 1.945894
    GW/Distance ratio: 3263.812
  GW Loss Components:
    Raw GW loss: 152.569244
    Raw distance loss: 0.037572
    Weighted GW: 1.525692
    Weighted distance: 0.751435
    Total loss: 2.277128
    GW/Distance ratio: 4060.742
  GW Loss Components:
    Raw GW loss: 150.231949
    Raw distance loss: 0.040334
    Weighted GW: 1.502319
    Weighted distance: 0.806683
    Total loss: 2.309002
    GW/Distance ratio: 3724.683
  GW Loss Components:
    Raw GW loss: 140.913849
    Raw distance loss: 0.031425
    Weighted GW: 1.409138
    Weighted distance: 0.628505
    Total loss: 2.037643
    GW/Distance ratio: 4484.098
  GW Loss Components:
    Raw GW loss: 138.076233
    Raw distance loss: 0.039376
    Weighted GW: 1.380762
    Weighted distance: 0.787525
    Total loss: 2.168288
    GW/Distance ratio: 3506.585
  GW Loss Components:
    Raw GW loss: 158.298584
    Raw distance loss: 0.037635
    Weighted GW: 1.582986
    Weighted distance: 0.752706
    Total loss: 2.335691
    GW/Distance ratio: 4206.120
  GW Loss Components:
    Raw GW loss: 95.808838
    Raw distance loss: 0.031032
    Weighted GW: 0.958088
    Weighted distance: 0.620646
    Total loss: 1.578734
    GW/Distance ratio: 3087.389
  GW Loss Components:
    Raw GW loss: 116.018524
    Raw distance loss: 0.032280
    Weighted GW: 1.160185
    Weighted distance: 0.645591
    Total loss: 1.805776
    GW/Distance ratio: 3594.179
  GW Loss Components:
    Raw GW loss: 236.599747
    Raw distance loss: 0.033950
    Weighted GW: 2.365997
    Weighted distance: 0.678993
    Total loss: 3.044990
    GW/Distance ratio: 6969.139
  GW Loss Components:
    Raw GW loss: 95.105301
    Raw distance loss: 0.030264
    Weighted GW: 0.951053
    Weighted distance: 0.605283
    Total loss: 1.556336
    GW/Distance ratio: 3142.507
  GW Loss Components:
    Raw GW loss: 187.684097
    Raw distance loss: 0.031121
    Weighted GW: 1.876841
    Weighted distance: 0.622415
    Total loss: 2.499256
    GW/Distance ratio: 6030.836
  GW Loss Components:
    Raw GW loss: 216.852158
    Raw distance loss: 0.033055
    Weighted GW: 2.168522
    Weighted distance: 0.661107
    Total loss: 2.829629
    GW/Distance ratio: 6560.270
  GW Loss Components:
    Raw GW loss: 119.812012
    Raw distance loss: 0.033896
    Weighted GW: 1.198120
    Weighted distance: 0.677926
    Total loss: 1.876046
    GW/Distance ratio: 3534.661
  GW Loss Components:
    Raw GW loss: 164.701767
    Raw distance loss: 0.036255
    Weighted GW: 1.647018
    Weighted distance: 0.725095
    Total loss: 2.372112
    GW/Distance ratio: 4542.901
  GW Loss Components:
    Raw GW loss: 158.245056
    Raw distance loss: 0.043447
    Weighted GW: 1.582451
    Weighted distance: 0.868931
    Total loss: 2.451382
    GW/Distance ratio: 3642.291
  GW Loss Components:
    Raw GW loss: 104.911438
    Raw distance loss: 0.031488
    Weighted GW: 1.049114
    Weighted distance: 0.629761
    Total loss: 1.678876
    GW/Distance ratio: 3331.783
  GW Loss Components:
    Raw GW loss: 159.102158
    Raw distance loss: 0.042894
    Weighted GW: 1.591022
    Weighted distance: 0.857874
    Total loss: 2.448896
    GW/Distance ratio: 3709.217
  GW Loss Components:
    Raw GW loss: 173.082184
    Raw distance loss: 0.045234
    Weighted GW: 1.730822
    Weighted distance: 0.904684
    Total loss: 2.635506
    GW/Distance ratio: 3826.354
  GW Loss Components:
    Raw GW loss: 123.476242
    Raw distance loss: 0.027364
    Weighted GW: 1.234762
    Weighted distance: 0.547282
    Total loss: 1.782045
    GW/Distance ratio: 4512.342
  GW Loss Components:
    Raw GW loss: 186.727478
    Raw distance loss: 0.031467
    Weighted GW: 1.867275
    Weighted distance: 0.629331
    Total loss: 2.496605
    GW/Distance ratio: 5934.158
  GW Loss Components:
    Raw GW loss: 247.558624
    Raw distance loss: 0.031836
    Weighted GW: 2.475586
    Weighted distance: 0.636729
    Total loss: 3.112315
    GW/Distance ratio: 7775.946
  GW Loss Components:
    Raw GW loss: 116.251831
    Raw distance loss: 0.026676
    Weighted GW: 1.162518
    Weighted distance: 0.533516
    Total loss: 1.696034
    GW/Distance ratio: 4357.952
  GW Loss Components:
    Raw GW loss: 250.868469
    Raw distance loss: 0.029106
    Weighted GW: 2.508685
    Weighted distance: 0.582115
    Total loss: 3.090799
    GW/Distance ratio: 8619.210
  GW Loss Components:
    Raw GW loss: 256.465515
    Raw distance loss: 0.030218
    Weighted GW: 2.564655
    Weighted distance: 0.604366
    Total loss: 3.169022
    GW/Distance ratio: 8487.085
  GW Loss Components:
    Raw GW loss: 129.891403
    Raw distance loss: 0.039406
    Weighted GW: 1.298914
    Weighted distance: 0.788126
    Total loss: 2.087040
    GW/Distance ratio: 3296.208
  GW Loss Components:
    Raw GW loss: 146.349884
    Raw distance loss: 0.040443
    Weighted GW: 1.463499
    Weighted distance: 0.808852
    Total loss: 2.272351
    GW/Distance ratio: 3618.703
  GW Loss Components:
    Raw GW loss: 176.804230
    Raw distance loss: 0.043144
    Weighted GW: 1.768042
    Weighted distance: 0.862886
    Total loss: 2.630929
    GW/Distance ratio: 4097.972
  GW Loss Components:
    Raw GW loss: 119.112061
    Raw distance loss: 0.035505
    Weighted GW: 1.191121
    Weighted distance: 0.710091
    Total loss: 1.901211
    GW/Distance ratio: 3354.839
  GW Loss Components:
    Raw GW loss: 104.758980
    Raw distance loss: 0.035799
    Weighted GW: 1.047590
    Weighted distance: 0.715973
    Total loss: 1.763563
    GW/Distance ratio: 2926.336
  GW Loss Components:
    Raw GW loss: 183.017670
    Raw distance loss: 0.042938
    Weighted GW: 1.830177
    Weighted distance: 0.858752
    Total loss: 2.688929
    GW/Distance ratio: 4262.407
  GW Loss Components:
    Raw GW loss: 101.974022
    Raw distance loss: 0.027695
    Weighted GW: 1.019740
    Weighted distance: 0.553891
    Total loss: 1.573631
    GW/Distance ratio: 3682.095
  GW Loss Components:
    Raw GW loss: 169.889160
    Raw distance loss: 0.030013
    Weighted GW: 1.698892
    Weighted distance: 0.600267
    Total loss: 2.299159
    GW/Distance ratio: 5660.449
  GW Loss Components:
    Raw GW loss: 185.063171
    Raw distance loss: 0.038117
    Weighted GW: 1.850632
    Weighted distance: 0.762350
    Total loss: 2.612981
    GW/Distance ratio: 4855.071
  GW Loss Components:
    Raw GW loss: 99.104149
    Raw distance loss: 0.026939
    Weighted GW: 0.991041
    Weighted distance: 0.538789
    Total loss: 1.529830
    GW/Distance ratio: 3678.775
  GW Loss Components:
    Raw GW loss: 198.521683
    Raw distance loss: 0.027720
    Weighted GW: 1.985217
    Weighted distance: 0.554403
    Total loss: 2.539620
    GW/Distance ratio: 7161.633
  GW Loss Components:
    Raw GW loss: 255.938217
    Raw distance loss: 0.030294
    Weighted GW: 2.559382
    Weighted distance: 0.605886
    Total loss: 3.165268
    GW/Distance ratio: 8448.398
  GW Loss Components:
    Raw GW loss: 110.439545
    Raw distance loss: 0.032352
    Weighted GW: 1.104395
    Weighted distance: 0.647035
    Total loss: 1.751430
    GW/Distance ratio: 3413.711
  GW Loss Components:
    Raw GW loss: 171.791550
    Raw distance loss: 0.032902
    Weighted GW: 1.717915
    Weighted distance: 0.658044
    Total loss: 2.375959
    GW/Distance ratio: 5221.277
  GW Loss Components:
    Raw GW loss: 221.382309
    Raw distance loss: 0.033639
    Weighted GW: 2.213823
    Weighted distance: 0.672787
    Total loss: 2.886610
    GW/Distance ratio: 6581.051
Batch 200/537: Loss=4.5772 (C:7.9774, R:0.0224, T:2.3380(w:1.000)🚀)
  GW Loss Components:
    Raw GW loss: 165.559341
    Raw distance loss: 0.038678
    Weighted GW: 1.655593
    Weighted distance: 0.773550
    Total loss: 2.429144
    GW/Distance ratio: 4280.505
  GW Loss Components:
    Raw GW loss: 167.353577
    Raw distance loss: 0.040730
    Weighted GW: 1.673536
    Weighted distance: 0.814603
    Total loss: 2.488138
    GW/Distance ratio: 4108.838
  GW Loss Components:
    Raw GW loss: 150.008820
    Raw distance loss: 0.047143
    Weighted GW: 1.500088
    Weighted distance: 0.942860
    Total loss: 2.442949
    GW/Distance ratio: 3181.994
  GW Loss Components:
    Raw GW loss: 95.592293
    Raw distance loss: 0.031282
    Weighted GW: 0.955923
    Weighted distance: 0.625639
    Total loss: 1.581562
    GW/Distance ratio: 3055.830
  GW Loss Components:
    Raw GW loss: 172.430634
    Raw distance loss: 0.037512
    Weighted GW: 1.724306
    Weighted distance: 0.750233
    Total loss: 2.474539
    GW/Distance ratio: 4596.723
  GW Loss Components:
    Raw GW loss: 170.962463
    Raw distance loss: 0.039749
    Weighted GW: 1.709625
    Weighted distance: 0.794981
    Total loss: 2.504605
    GW/Distance ratio: 4301.046
  GW Loss Components:
    Raw GW loss: 116.236588
    Raw distance loss: 0.030393
    Weighted GW: 1.162366
    Weighted distance: 0.607858
    Total loss: 1.770224
    GW/Distance ratio: 3824.462
  GW Loss Components:
    Raw GW loss: 248.839691
    Raw distance loss: 0.030116
    Weighted GW: 2.488397
    Weighted distance: 0.602323
    Total loss: 3.090720
    GW/Distance ratio: 8262.664
  GW Loss Components:
    Raw GW loss: 211.714600
    Raw distance loss: 0.034228
    Weighted GW: 2.117146
    Weighted distance: 0.684561
    Total loss: 2.801707
    GW/Distance ratio: 6185.409
  GW Loss Components:
    Raw GW loss: 110.078522
    Raw distance loss: 0.031459
    Weighted GW: 1.100785
    Weighted distance: 0.629177
    Total loss: 1.729962
    GW/Distance ratio: 3499.128
  GW Loss Components:
    Raw GW loss: 166.148361
    Raw distance loss: 0.032952
    Weighted GW: 1.661484
    Weighted distance: 0.659037
    Total loss: 2.320521
    GW/Distance ratio: 5042.152
  GW Loss Components:
    Raw GW loss: 180.019180
    Raw distance loss: 0.038672
    Weighted GW: 1.800192
    Weighted distance: 0.773437
    Total loss: 2.573629
    GW/Distance ratio: 4655.044
  GW Loss Components:
    Raw GW loss: 151.987915
    Raw distance loss: 0.037475
    Weighted GW: 1.519879
    Weighted distance: 0.749496
    Total loss: 2.269375
    GW/Distance ratio: 4055.735
  GW Loss Components:
    Raw GW loss: 121.014381
    Raw distance loss: 0.037385
    Weighted GW: 1.210144
    Weighted distance: 0.747699
    Total loss: 1.957843
    GW/Distance ratio: 3236.981
  GW Loss Components:
    Raw GW loss: 167.521179
    Raw distance loss: 0.050459
    Weighted GW: 1.675212
    Weighted distance: 1.009179
    Total loss: 2.684391
    GW/Distance ratio: 3319.948
  GW Loss Components:
    Raw GW loss: 116.898071
    Raw distance loss: 0.032948
    Weighted GW: 1.168981
    Weighted distance: 0.658957
    Total loss: 1.827938
    GW/Distance ratio: 3547.971
  GW Loss Components:
    Raw GW loss: 164.740891
    Raw distance loss: 0.036075
    Weighted GW: 1.647409
    Weighted distance: 0.721502
    Total loss: 2.368911
    GW/Distance ratio: 4566.608
  GW Loss Components:
    Raw GW loss: 171.933319
    Raw distance loss: 0.038635
    Weighted GW: 1.719333
    Weighted distance: 0.772699
    Total loss: 2.492032
    GW/Distance ratio: 4450.203
  GW Loss Components:
    Raw GW loss: 127.988647
    Raw distance loss: 0.030851
    Weighted GW: 1.279886
    Weighted distance: 0.617013
    Total loss: 1.896899
    GW/Distance ratio: 4148.655
  GW Loss Components:
    Raw GW loss: 149.661514
    Raw distance loss: 0.033520
    Weighted GW: 1.496615
    Weighted distance: 0.670396
    Total loss: 2.167011
    GW/Distance ratio: 4464.869
  GW Loss Components:
    Raw GW loss: 197.603180
    Raw distance loss: 0.036963
    Weighted GW: 1.976032
    Weighted distance: 0.739251
    Total loss: 2.715283
    GW/Distance ratio: 5346.037
  GW Loss Components:
    Raw GW loss: 99.463593
    Raw distance loss: 0.030707
    Weighted GW: 0.994636
    Weighted distance: 0.614141
    Total loss: 1.608776
    GW/Distance ratio: 3239.114
  GW Loss Components:
    Raw GW loss: 175.980469
    Raw distance loss: 0.034604
    Weighted GW: 1.759805
    Weighted distance: 0.692084
    Total loss: 2.451888
    GW/Distance ratio: 5085.525
  GW Loss Components:
    Raw GW loss: 162.429749
    Raw distance loss: 0.037227
    Weighted GW: 1.624297
    Weighted distance: 0.744535
    Total loss: 2.368832
    GW/Distance ratio: 4363.254
  GW Loss Components:
    Raw GW loss: 119.329140
    Raw distance loss: 0.033954
    Weighted GW: 1.193291
    Weighted distance: 0.679071
    Total loss: 1.872362
    GW/Distance ratio: 3514.481
  GW Loss Components:
    Raw GW loss: 146.018555
    Raw distance loss: 0.038790
    Weighted GW: 1.460186
    Weighted distance: 0.775807
    Total loss: 2.235992
    GW/Distance ratio: 3764.300
  GW Loss Components:
    Raw GW loss: 165.227692
    Raw distance loss: 0.041312
    Weighted GW: 1.652277
    Weighted distance: 0.826237
    Total loss: 2.478514
    GW/Distance ratio: 3999.523
  GW Loss Components:
    Raw GW loss: 105.356384
    Raw distance loss: 0.026294
    Weighted GW: 1.053564
    Weighted distance: 0.525888
    Total loss: 1.579452
    GW/Distance ratio: 4006.798
  GW Loss Components:
    Raw GW loss: 235.806366
    Raw distance loss: 0.031197
    Weighted GW: 2.358064
    Weighted distance: 0.623948
    Total loss: 2.982012
    GW/Distance ratio: 7558.519
  GW Loss Components:
    Raw GW loss: 171.752808
    Raw distance loss: 0.035129
    Weighted GW: 1.717528
    Weighted distance: 0.702580
    Total loss: 2.420108
    GW/Distance ratio: 4889.202
  GW Loss Components:
    Raw GW loss: 141.077057
    Raw distance loss: 0.029575
    Weighted GW: 1.410771
    Weighted distance: 0.591500
    Total loss: 2.002270
    GW/Distance ratio: 4770.145
  GW Loss Components:
    Raw GW loss: 170.039154
    Raw distance loss: 0.031065
    Weighted GW: 1.700392
    Weighted distance: 0.621298
    Total loss: 2.321689
    GW/Distance ratio: 5473.676
  GW Loss Components:
    Raw GW loss: 183.541229
    Raw distance loss: 0.035565
    Weighted GW: 1.835412
    Weighted distance: 0.711292
    Total loss: 2.546704
    GW/Distance ratio: 5160.782
  GW Loss Components:
    Raw GW loss: 131.834045
    Raw distance loss: 0.035511
    Weighted GW: 1.318340
    Weighted distance: 0.710218
    Total loss: 2.028558
    GW/Distance ratio: 3712.495
  GW Loss Components:
    Raw GW loss: 153.409119
    Raw distance loss: 0.037234
    Weighted GW: 1.534091
    Weighted distance: 0.744682
    Total loss: 2.278773
    GW/Distance ratio: 4120.125
  GW Loss Components:
    Raw GW loss: 156.836655
    Raw distance loss: 0.040675
    Weighted GW: 1.568367
    Weighted distance: 0.813510
    Total loss: 2.381876
    GW/Distance ratio: 3855.801
  GW Loss Components:
    Raw GW loss: 159.847565
    Raw distance loss: 0.039051
    Weighted GW: 1.598476
    Weighted distance: 0.781011
    Total loss: 2.379487
    GW/Distance ratio: 4093.348
  GW Loss Components:
    Raw GW loss: 148.095596
    Raw distance loss: 0.042645
    Weighted GW: 1.480956
    Weighted distance: 0.852892
    Total loss: 2.333848
    GW/Distance ratio: 3472.786
  GW Loss Components:
    Raw GW loss: 154.559143
    Raw distance loss: 0.046225
    Weighted GW: 1.545591
    Weighted distance: 0.924506
    Total loss: 2.470098
    GW/Distance ratio: 3343.604
  GW Loss Components:
    Raw GW loss: 110.809860
    Raw distance loss: 0.030954
    Weighted GW: 1.108099
    Weighted distance: 0.619075
    Total loss: 1.727174
    GW/Distance ratio: 3579.852
  GW Loss Components:
    Raw GW loss: 118.510880
    Raw distance loss: 0.033018
    Weighted GW: 1.185109
    Weighted distance: 0.660363
    Total loss: 1.845472
    GW/Distance ratio: 3589.261
  GW Loss Components:
    Raw GW loss: 169.818085
    Raw distance loss: 0.038344
    Weighted GW: 1.698181
    Weighted distance: 0.766885
    Total loss: 2.465065
    GW/Distance ratio: 4428.775
  GW Loss Components:
    Raw GW loss: 189.353592
    Raw distance loss: 0.023332
    Weighted GW: 1.893536
    Weighted distance: 0.466640
    Total loss: 2.360176
    GW/Distance ratio: 8115.616
  GW Loss Components:
    Raw GW loss: 290.698090
    Raw distance loss: 0.024434
    Weighted GW: 2.906981
    Weighted distance: 0.488670
    Total loss: 3.395651
    GW/Distance ratio: 11897.515
  GW Loss Components:
    Raw GW loss: 256.336975
    Raw distance loss: 0.030425
    Weighted GW: 2.563370
    Weighted distance: 0.608494
    Total loss: 3.171863
    GW/Distance ratio: 8425.294
  GW Loss Components:
    Raw GW loss: 107.146103
    Raw distance loss: 0.026290
    Weighted GW: 1.071461
    Weighted distance: 0.525798
    Total loss: 1.597259
    GW/Distance ratio: 4075.564
  GW Loss Components:
    Raw GW loss: 203.051697
    Raw distance loss: 0.030534
    Weighted GW: 2.030517
    Weighted distance: 0.610681
    Total loss: 2.641198
    GW/Distance ratio: 6650.005
  GW Loss Components:
    Raw GW loss: 187.789627
    Raw distance loss: 0.035900
    Weighted GW: 1.877896
    Weighted distance: 0.717998
    Total loss: 2.595895
    GW/Distance ratio: 5230.918
  GW Loss Components:
    Raw GW loss: 136.521423
    Raw distance loss: 0.037890
    Weighted GW: 1.365214
    Weighted distance: 0.757807
    Total loss: 2.123021
    GW/Distance ratio: 3603.064
  GW Loss Components:
    Raw GW loss: 151.473297
    Raw distance loss: 0.039757
    Weighted GW: 1.514733
    Weighted distance: 0.795139
    Total loss: 2.309872
    GW/Distance ratio: 3809.980
  GW Loss Components:
    Raw GW loss: 175.429214
    Raw distance loss: 0.043095
    Weighted GW: 1.754292
    Weighted distance: 0.861895
    Total loss: 2.616187
    GW/Distance ratio: 4070.779
  GW Loss Components:
    Raw GW loss: 145.386353
    Raw distance loss: 0.039708
    Weighted GW: 1.453864
    Weighted distance: 0.794169
    Total loss: 2.248033
    GW/Distance ratio: 3661.344
  GW Loss Components:
    Raw GW loss: 157.759247
    Raw distance loss: 0.041096
    Weighted GW: 1.577592
    Weighted distance: 0.821920
    Total loss: 2.399512
    GW/Distance ratio: 3838.799
  GW Loss Components:
    Raw GW loss: 182.971893
    Raw distance loss: 0.045930
    Weighted GW: 1.829719
    Weighted distance: 0.918606
    Total loss: 2.748325
    GW/Distance ratio: 3983.684
  GW Loss Components:
    Raw GW loss: 128.080933
    Raw distance loss: 0.031535
    Weighted GW: 1.280809
    Weighted distance: 0.630691
    Total loss: 1.911500
    GW/Distance ratio: 4061.604
  GW Loss Components:
    Raw GW loss: 177.847412
    Raw distance loss: 0.032346
    Weighted GW: 1.778474
    Weighted distance: 0.646919
    Total loss: 2.425393
    GW/Distance ratio: 5498.289
  GW Loss Components:
    Raw GW loss: 192.641876
    Raw distance loss: 0.035483
    Weighted GW: 1.926419
    Weighted distance: 0.709650
    Total loss: 2.636069
    GW/Distance ratio: 5429.205
  GW Loss Components:
    Raw GW loss: 179.955429
    Raw distance loss: 0.027976
    Weighted GW: 1.799554
    Weighted distance: 0.559515
    Total loss: 2.359069
    GW/Distance ratio: 6432.549
  GW Loss Components:
    Raw GW loss: 208.855530
    Raw distance loss: 0.029642
    Weighted GW: 2.088555
    Weighted distance: 0.592841
    Total loss: 2.681396
    GW/Distance ratio: 7045.921
  GW Loss Components:
    Raw GW loss: 260.771545
    Raw distance loss: 0.029580
    Weighted GW: 2.607715
    Weighted distance: 0.591601
    Total loss: 3.199316
    GW/Distance ratio: 8815.792
  GW Loss Components:
    Raw GW loss: 108.138397
    Raw distance loss: 0.032927
    Weighted GW: 1.081384
    Weighted distance: 0.658538
    Total loss: 1.739922
    GW/Distance ratio: 3284.195
  GW Loss Components:
    Raw GW loss: 147.731689
    Raw distance loss: 0.032632
    Weighted GW: 1.477317
    Weighted distance: 0.652636
    Total loss: 2.129953
    GW/Distance ratio: 4527.227
  GW Loss Components:
    Raw GW loss: 154.393646
    Raw distance loss: 0.039531
    Weighted GW: 1.543936
    Weighted distance: 0.790611
    Total loss: 2.334548
    GW/Distance ratio: 3905.676
  GW Loss Components:
    Raw GW loss: 115.325859
    Raw distance loss: 0.033684
    Weighted GW: 1.153259
    Weighted distance: 0.673688
    Total loss: 1.826946
    GW/Distance ratio: 3423.717
  GW Loss Components:
    Raw GW loss: 148.425110
    Raw distance loss: 0.040323
    Weighted GW: 1.484251
    Weighted distance: 0.806469
    Total loss: 2.290720
    GW/Distance ratio: 3680.863
  GW Loss Components:
    Raw GW loss: 178.891159
    Raw distance loss: 0.039060
    Weighted GW: 1.788912
    Weighted distance: 0.781199
    Total loss: 2.570111
    GW/Distance ratio: 4579.909
  GW Loss Components:
    Raw GW loss: 122.132828
    Raw distance loss: 0.035651
    Weighted GW: 1.221328
    Weighted distance: 0.713016
    Total loss: 1.934345
    GW/Distance ratio: 3425.806
  GW Loss Components:
    Raw GW loss: 150.444534
    Raw distance loss: 0.036848
    Weighted GW: 1.504445
    Weighted distance: 0.736959
    Total loss: 2.241405
    GW/Distance ratio: 4082.845
  GW Loss Components:
    Raw GW loss: 154.836472
    Raw distance loss: 0.039581
    Weighted GW: 1.548365
    Weighted distance: 0.791621
    Total loss: 2.339985
    GW/Distance ratio: 3911.885
  GW Loss Components:
    Raw GW loss: 151.038239
    Raw distance loss: 0.026498
    Weighted GW: 1.510382
    Weighted distance: 0.529953
    Total loss: 2.040335
    GW/Distance ratio: 5700.061
  GW Loss Components:
    Raw GW loss: 183.385208
    Raw distance loss: 0.027219
    Weighted GW: 1.833852
    Weighted distance: 0.544370
    Total loss: 2.378222
    GW/Distance ratio: 6737.513
  GW Loss Components:
    Raw GW loss: 197.269440
    Raw distance loss: 0.033941
    Weighted GW: 1.972694
    Weighted distance: 0.678828
    Total loss: 2.651522
    GW/Distance ratio: 5812.061
  GW Loss Components:
    Raw GW loss: 111.339378
    Raw distance loss: 0.029699
    Weighted GW: 1.113394
    Weighted distance: 0.593982
    Total loss: 1.707376
    GW/Distance ratio: 3748.911
  GW Loss Components:
    Raw GW loss: 129.734085
    Raw distance loss: 0.028237
    Weighted GW: 1.297341
    Weighted distance: 0.564736
    Total loss: 1.862077
    GW/Distance ratio: 4594.499
  GW Loss Components:
    Raw GW loss: 217.876770
    Raw distance loss: 0.032727
    Weighted GW: 2.178768
    Weighted distance: 0.654546
    Total loss: 2.833314
    GW/Distance ratio: 6657.336
Batch 225/537: Loss=4.1704 (C:7.9769, R:0.0204, T:2.1343(w:1.000)🚀)
  GW Loss Components:
    Raw GW loss: 112.503891
    Raw distance loss: 0.029238
    Weighted GW: 1.125039
    Weighted distance: 0.584758
    Total loss: 1.709796
    GW/Distance ratio: 3847.880
  GW Loss Components:
    Raw GW loss: 156.118225
    Raw distance loss: 0.030293
    Weighted GW: 1.561182
    Weighted distance: 0.605864
    Total loss: 2.167047
    GW/Distance ratio: 5153.568
  GW Loss Components:
    Raw GW loss: 157.939728
    Raw distance loss: 0.034917
    Weighted GW: 1.579397
    Weighted distance: 0.698349
    Total loss: 2.277746
    GW/Distance ratio: 4523.234
  GW Loss Components:
    Raw GW loss: 128.714890
    Raw distance loss: 0.036226
    Weighted GW: 1.287149
    Weighted distance: 0.724520
    Total loss: 2.011669
    GW/Distance ratio: 3553.105
  GW Loss Components:
    Raw GW loss: 144.476776
    Raw distance loss: 0.038306
    Weighted GW: 1.444768
    Weighted distance: 0.766110
    Total loss: 2.210878
    GW/Distance ratio: 3771.696
  GW Loss Components:
    Raw GW loss: 181.188782
    Raw distance loss: 0.044955
    Weighted GW: 1.811888
    Weighted distance: 0.899097
    Total loss: 2.710985
    GW/Distance ratio: 4030.460
  GW Loss Components:
    Raw GW loss: 99.187126
    Raw distance loss: 0.033418
    Weighted GW: 0.991871
    Weighted distance: 0.668363
    Total loss: 1.660234
    GW/Distance ratio: 2968.062
  GW Loss Components:
    Raw GW loss: 147.647766
    Raw distance loss: 0.036654
    Weighted GW: 1.476478
    Weighted distance: 0.733078
    Total loss: 2.209556
    GW/Distance ratio: 4028.157
  GW Loss Components:
    Raw GW loss: 159.556580
    Raw distance loss: 0.039630
    Weighted GW: 1.595566
    Weighted distance: 0.792602
    Total loss: 2.388167
    GW/Distance ratio: 4026.147
  GW Loss Components:
    Raw GW loss: 96.159821
    Raw distance loss: 0.027936
    Weighted GW: 0.961598
    Weighted distance: 0.558729
    Total loss: 1.520327
    GW/Distance ratio: 3442.092
  GW Loss Components:
    Raw GW loss: 190.679993
    Raw distance loss: 0.030475
    Weighted GW: 1.906800
    Weighted distance: 0.609505
    Total loss: 2.516305
    GW/Distance ratio: 6256.878
  GW Loss Components:
    Raw GW loss: 199.925125
    Raw distance loss: 0.034286
    Weighted GW: 1.999251
    Weighted distance: 0.685711
    Total loss: 2.684962
    GW/Distance ratio: 5831.180
  GW Loss Components:
    Raw GW loss: 126.467903
    Raw distance loss: 0.025541
    Weighted GW: 1.264679
    Weighted distance: 0.510813
    Total loss: 1.775492
    GW/Distance ratio: 4951.627
  GW Loss Components:
    Raw GW loss: 191.460724
    Raw distance loss: 0.030259
    Weighted GW: 1.914607
    Weighted distance: 0.605189
    Total loss: 2.519796
    GW/Distance ratio: 6327.305
  GW Loss Components:
    Raw GW loss: 221.894318
    Raw distance loss: 0.032186
    Weighted GW: 2.218943
    Weighted distance: 0.643717
    Total loss: 2.862660
    GW/Distance ratio: 6894.159
  GW Loss Components:
    Raw GW loss: 106.393257
    Raw distance loss: 0.033756
    Weighted GW: 1.063933
    Weighted distance: 0.675127
    Total loss: 1.739059
    GW/Distance ratio: 3151.799
  GW Loss Components:
    Raw GW loss: 128.029190
    Raw distance loss: 0.035819
    Weighted GW: 1.280292
    Weighted distance: 0.716382
    Total loss: 1.996674
    GW/Distance ratio: 3574.325
  GW Loss Components:
    Raw GW loss: 160.440994
    Raw distance loss: 0.041323
    Weighted GW: 1.604410
    Weighted distance: 0.826459
    Total loss: 2.430869
    GW/Distance ratio: 3882.610
  GW Loss Components:
    Raw GW loss: 153.857452
    Raw distance loss: 0.038661
    Weighted GW: 1.538574
    Weighted distance: 0.773213
    Total loss: 2.311788
    GW/Distance ratio: 3979.690
  GW Loss Components:
    Raw GW loss: 164.294846
    Raw distance loss: 0.040949
    Weighted GW: 1.642948
    Weighted distance: 0.818984
    Total loss: 2.461932
    GW/Distance ratio: 4012.163
  GW Loss Components:
    Raw GW loss: 166.879242
    Raw distance loss: 0.047902
    Weighted GW: 1.668792
    Weighted distance: 0.958042
    Total loss: 2.626835
    GW/Distance ratio: 3483.755
  GW Loss Components:
    Raw GW loss: 116.368759
    Raw distance loss: 0.030644
    Weighted GW: 1.163688
    Weighted distance: 0.612885
    Total loss: 1.776572
    GW/Distance ratio: 3797.411
  GW Loss Components:
    Raw GW loss: 147.886505
    Raw distance loss: 0.033715
    Weighted GW: 1.478865
    Weighted distance: 0.674304
    Total loss: 2.153169
    GW/Distance ratio: 4386.346
  GW Loss Components:
    Raw GW loss: 167.989395
    Raw distance loss: 0.037808
    Weighted GW: 1.679894
    Weighted distance: 0.756168
    Total loss: 2.436062
    GW/Distance ratio: 4443.175
  GW Loss Components:
    Raw GW loss: 135.934326
    Raw distance loss: 0.024460
    Weighted GW: 1.359343
    Weighted distance: 0.489203
    Total loss: 1.848546
    GW/Distance ratio: 5557.378
  GW Loss Components:
    Raw GW loss: 241.038712
    Raw distance loss: 0.026461
    Weighted GW: 2.410387
    Weighted distance: 0.529227
    Total loss: 2.939614
    GW/Distance ratio: 9109.086
  GW Loss Components:
    Raw GW loss: 237.015656
    Raw distance loss: 0.031696
    Weighted GW: 2.370157
    Weighted distance: 0.633917
    Total loss: 3.004073
    GW/Distance ratio: 7477.816
  GW Loss Components:
    Raw GW loss: 100.145668
    Raw distance loss: 0.027522
    Weighted GW: 1.001457
    Weighted distance: 0.550434
    Total loss: 1.551891
    GW/Distance ratio: 3638.786
  GW Loss Components:
    Raw GW loss: 211.256836
    Raw distance loss: 0.029066
    Weighted GW: 2.112568
    Weighted distance: 0.581327
    Total loss: 2.693895
    GW/Distance ratio: 7268.091
  GW Loss Components:
    Raw GW loss: 201.791336
    Raw distance loss: 0.030817
    Weighted GW: 2.017913
    Weighted distance: 0.616337
    Total loss: 2.634250
    GW/Distance ratio: 6548.082
  GW Loss Components:
    Raw GW loss: 138.041229
    Raw distance loss: 0.034452
    Weighted GW: 1.380412
    Weighted distance: 0.689047
    Total loss: 2.069459
    GW/Distance ratio: 4006.726
  GW Loss Components:
    Raw GW loss: 152.861542
    Raw distance loss: 0.037089
    Weighted GW: 1.528615
    Weighted distance: 0.741784
    Total loss: 2.270399
    GW/Distance ratio: 4121.458
  GW Loss Components:
    Raw GW loss: 160.195312
    Raw distance loss: 0.042707
    Weighted GW: 1.601953
    Weighted distance: 0.854139
    Total loss: 2.456092
    GW/Distance ratio: 3751.036
  GW Loss Components:
    Raw GW loss: 136.115051
    Raw distance loss: 0.038384
    Weighted GW: 1.361151
    Weighted distance: 0.767688
    Total loss: 2.128839
    GW/Distance ratio: 3546.102
  GW Loss Components:
    Raw GW loss: 134.175262
    Raw distance loss: 0.038410
    Weighted GW: 1.341753
    Weighted distance: 0.768197
    Total loss: 2.109950
    GW/Distance ratio: 3493.250
  GW Loss Components:
    Raw GW loss: 225.592926
    Raw distance loss: 0.047846
    Weighted GW: 2.255929
    Weighted distance: 0.956912
    Total loss: 3.212841
    GW/Distance ratio: 4715.018
  GW Loss Components:
    Raw GW loss: 126.911865
    Raw distance loss: 0.029115
    Weighted GW: 1.269119
    Weighted distance: 0.582296
    Total loss: 1.851414
    GW/Distance ratio: 4359.017
  GW Loss Components:
    Raw GW loss: 195.878967
    Raw distance loss: 0.028363
    Weighted GW: 1.958790
    Weighted distance: 0.567255
    Total loss: 2.526045
    GW/Distance ratio: 6906.200
  GW Loss Components:
    Raw GW loss: 270.682892
    Raw distance loss: 0.030289
    Weighted GW: 2.706829
    Weighted distance: 0.605785
    Total loss: 3.312613
    GW/Distance ratio: 8936.601
  GW Loss Components:
    Raw GW loss: 119.410324
    Raw distance loss: 0.025473
    Weighted GW: 1.194103
    Weighted distance: 0.509452
    Total loss: 1.703555
    GW/Distance ratio: 4687.796
  GW Loss Components:
    Raw GW loss: 211.094284
    Raw distance loss: 0.027666
    Weighted GW: 2.110943
    Weighted distance: 0.553315
    Total loss: 2.664258
    GW/Distance ratio: 7630.161
  GW Loss Components:
    Raw GW loss: 236.829971
    Raw distance loss: 0.031449
    Weighted GW: 2.368300
    Weighted distance: 0.628987
    Total loss: 2.997287
    GW/Distance ratio: 7530.518
  GW Loss Components:
    Raw GW loss: 149.373993
    Raw distance loss: 0.030841
    Weighted GW: 1.493740
    Weighted distance: 0.616814
    Total loss: 2.110554
    GW/Distance ratio: 4843.399
  GW Loss Components:
    Raw GW loss: 164.098480
    Raw distance loss: 0.031197
    Weighted GW: 1.640985
    Weighted distance: 0.623945
    Total loss: 2.264929
    GW/Distance ratio: 5260.032
  GW Loss Components:
    Raw GW loss: 193.341568
    Raw distance loss: 0.037458
    Weighted GW: 1.933416
    Weighted distance: 0.749168
    Total loss: 2.682584
    GW/Distance ratio: 5161.498
  GW Loss Components:
    Raw GW loss: 137.202576
    Raw distance loss: 0.037272
    Weighted GW: 1.372026
    Weighted distance: 0.745444
    Total loss: 2.117470
    GW/Distance ratio: 3681.094
  GW Loss Components:
    Raw GW loss: 171.699295
    Raw distance loss: 0.039634
    Weighted GW: 1.716993
    Weighted distance: 0.792671
    Total loss: 2.509664
    GW/Distance ratio: 4332.169
  GW Loss Components:
    Raw GW loss: 171.770416
    Raw distance loss: 0.039072
    Weighted GW: 1.717704
    Weighted distance: 0.781443
    Total loss: 2.499147
    GW/Distance ratio: 4396.238
  GW Loss Components:
    Raw GW loss: 135.313202
    Raw distance loss: 0.036486
    Weighted GW: 1.353132
    Weighted distance: 0.729716
    Total loss: 2.082848
    GW/Distance ratio: 3708.655
  GW Loss Components:
    Raw GW loss: 146.855515
    Raw distance loss: 0.036551
    Weighted GW: 1.468555
    Weighted distance: 0.731015
    Total loss: 2.199571
    GW/Distance ratio: 4017.849
  GW Loss Components:
    Raw GW loss: 180.432602
    Raw distance loss: 0.044097
    Weighted GW: 1.804326
    Weighted distance: 0.881942
    Total loss: 2.686267
    GW/Distance ratio: 4091.712
  GW Loss Components:
    Raw GW loss: 103.246468
    Raw distance loss: 0.028032
    Weighted GW: 1.032465
    Weighted distance: 0.560637
    Total loss: 1.593102
    GW/Distance ratio: 3683.184
  GW Loss Components:
    Raw GW loss: 210.909363
    Raw distance loss: 0.030338
    Weighted GW: 2.109094
    Weighted distance: 0.606753
    Total loss: 2.715847
    GW/Distance ratio: 6952.064
  GW Loss Components:
    Raw GW loss: 244.174118
    Raw distance loss: 0.032527
    Weighted GW: 2.441741
    Weighted distance: 0.650535
    Total loss: 3.092276
    GW/Distance ratio: 7506.870
  GW Loss Components:
    Raw GW loss: 100.164719
    Raw distance loss: 0.026756
    Weighted GW: 1.001647
    Weighted distance: 0.535119
    Total loss: 1.536766
    GW/Distance ratio: 3743.640
  GW Loss Components:
    Raw GW loss: 197.980652
    Raw distance loss: 0.029970
    Weighted GW: 1.979806
    Weighted distance: 0.599396
    Total loss: 2.579203
    GW/Distance ratio: 6605.999
  GW Loss Components:
    Raw GW loss: 203.484787
    Raw distance loss: 0.030901
    Weighted GW: 2.034848
    Weighted distance: 0.618027
    Total loss: 2.652875
    GW/Distance ratio: 6584.978
  GW Loss Components:
    Raw GW loss: 100.713730
    Raw distance loss: 0.029276
    Weighted GW: 1.007137
    Weighted distance: 0.585515
    Total loss: 1.592652
    GW/Distance ratio: 3440.177
  GW Loss Components:
    Raw GW loss: 139.409225
    Raw distance loss: 0.035931
    Weighted GW: 1.394092
    Weighted distance: 0.718613
    Total loss: 2.112705
    GW/Distance ratio: 3879.954
  GW Loss Components:
    Raw GW loss: 185.118118
    Raw distance loss: 0.033868
    Weighted GW: 1.851181
    Weighted distance: 0.677358
    Total loss: 2.528539
    GW/Distance ratio: 5465.887
  GW Loss Components:
    Raw GW loss: 112.235756
    Raw distance loss: 0.031819
    Weighted GW: 1.122357
    Weighted distance: 0.636373
    Total loss: 1.758731
    GW/Distance ratio: 3527.354
  GW Loss Components:
    Raw GW loss: 126.888962
    Raw distance loss: 0.036558
    Weighted GW: 1.268890
    Weighted distance: 0.731163
    Total loss: 2.000053
    GW/Distance ratio: 3470.877
  GW Loss Components:
    Raw GW loss: 158.285431
    Raw distance loss: 0.037355
    Weighted GW: 1.582854
    Weighted distance: 0.747108
    Total loss: 2.329962
    GW/Distance ratio: 4237.282
  GW Loss Components:
    Raw GW loss: 110.894249
    Raw distance loss: 0.030631
    Weighted GW: 1.108943
    Weighted distance: 0.612626
    Total loss: 1.721568
    GW/Distance ratio: 3620.293
  GW Loss Components:
    Raw GW loss: 111.535721
    Raw distance loss: 0.031360
    Weighted GW: 1.115357
    Weighted distance: 0.627204
    Total loss: 1.742561
    GW/Distance ratio: 3556.600
  GW Loss Components:
    Raw GW loss: 166.277435
    Raw distance loss: 0.040021
    Weighted GW: 1.662774
    Weighted distance: 0.800423
    Total loss: 2.463197
    GW/Distance ratio: 4154.738
  GW Loss Components:
    Raw GW loss: 107.060165
    Raw distance loss: 0.026362
    Weighted GW: 1.070602
    Weighted distance: 0.527233
    Total loss: 1.597835
    GW/Distance ratio: 4061.206
  GW Loss Components:
    Raw GW loss: 174.644958
    Raw distance loss: 0.030973
    Weighted GW: 1.746450
    Weighted distance: 0.619462
    Total loss: 2.365911
    GW/Distance ratio: 5638.602
  GW Loss Components:
    Raw GW loss: 183.688095
    Raw distance loss: 0.033634
    Weighted GW: 1.836881
    Weighted distance: 0.672689
    Total loss: 2.509570
    GW/Distance ratio: 5461.309
  GW Loss Components:
    Raw GW loss: 153.299103
    Raw distance loss: 0.027755
    Weighted GW: 1.532991
    Weighted distance: 0.555108
    Total loss: 2.088099
    GW/Distance ratio: 5523.211
  GW Loss Components:
    Raw GW loss: 121.891617
    Raw distance loss: 0.032825
    Weighted GW: 1.218916
    Weighted distance: 0.656493
    Total loss: 1.875409
    GW/Distance ratio: 3713.416
  GW Loss Components:
    Raw GW loss: 203.337280
    Raw distance loss: 0.033167
    Weighted GW: 2.033373
    Weighted distance: 0.663331
    Total loss: 2.696704
    GW/Distance ratio: 6130.790
  GW Loss Components:
    Raw GW loss: 123.591522
    Raw distance loss: 0.033411
    Weighted GW: 1.235915
    Weighted distance: 0.668227
    Total loss: 1.904142
    GW/Distance ratio: 3699.086
  GW Loss Components:
    Raw GW loss: 144.528275
    Raw distance loss: 0.032997
    Weighted GW: 1.445283
    Weighted distance: 0.659941
    Total loss: 2.105223
    GW/Distance ratio: 4380.037
  GW Loss Components:
    Raw GW loss: 166.368546
    Raw distance loss: 0.037690
    Weighted GW: 1.663685
    Weighted distance: 0.753795
    Total loss: 2.417480
    GW/Distance ratio: 4414.157
Batch 250/537: Loss=4.0190 (C:7.9607, R:0.0188, T:2.1423(w:1.000)🚀)
  GW Loss Components:
    Raw GW loss: 151.302048
    Raw distance loss: 0.039989
    Weighted GW: 1.513020
    Weighted distance: 0.799776
    Total loss: 2.312796
    GW/Distance ratio: 3783.610
  GW Loss Components:
    Raw GW loss: 141.748047
    Raw distance loss: 0.040060
    Weighted GW: 1.417480
    Weighted distance: 0.801194
    Total loss: 2.218674
    GW/Distance ratio: 3538.420
  GW Loss Components:
    Raw GW loss: 253.504974
    Raw distance loss: 0.048242
    Weighted GW: 2.535050
    Weighted distance: 0.964840
    Total loss: 3.499890
    GW/Distance ratio: 5254.857
  GW Loss Components:
    Raw GW loss: 106.007889
    Raw distance loss: 0.029863
    Weighted GW: 1.060079
    Weighted distance: 0.597269
    Total loss: 1.657348
    GW/Distance ratio: 3549.750
  GW Loss Components:
    Raw GW loss: 141.110718
    Raw distance loss: 0.033620
    Weighted GW: 1.411107
    Weighted distance: 0.672410
    Total loss: 2.083517
    GW/Distance ratio: 4197.164
  GW Loss Components:
    Raw GW loss: 163.111450
    Raw distance loss: 0.038161
    Weighted GW: 1.631114
    Weighted distance: 0.763217
    Total loss: 2.394331
    GW/Distance ratio: 4274.313
  GW Loss Components:
    Raw GW loss: 111.087852
    Raw distance loss: 0.026131
    Weighted GW: 1.110878
    Weighted distance: 0.522625
    Total loss: 1.633504
    GW/Distance ratio: 4251.146
  GW Loss Components:
    Raw GW loss: 142.320801
    Raw distance loss: 0.027961
    Weighted GW: 1.423208
    Weighted distance: 0.559226
    Total loss: 1.982434
    GW/Distance ratio: 5089.922
  GW Loss Components:
    Raw GW loss: 218.091629
    Raw distance loss: 0.030679
    Weighted GW: 2.180916
    Weighted distance: 0.613588
    Total loss: 2.794504
    GW/Distance ratio: 7108.729
  GW Loss Components:
    Raw GW loss: 125.289314
    Raw distance loss: 0.024632
    Weighted GW: 1.252893
    Weighted distance: 0.492649
    Total loss: 1.745542
    GW/Distance ratio: 5086.353
  GW Loss Components:
    Raw GW loss: 216.361069
    Raw distance loss: 0.025072
    Weighted GW: 2.163611
    Weighted distance: 0.501433
    Total loss: 2.665043
    GW/Distance ratio: 8629.711
  GW Loss Components:
    Raw GW loss: 234.586731
    Raw distance loss: 0.029730
    Weighted GW: 2.345867
    Weighted distance: 0.594591
    Total loss: 2.940459
    GW/Distance ratio: 7890.683
  GW Loss Components:
    Raw GW loss: 104.216797
    Raw distance loss: 0.026462
    Weighted GW: 1.042168
    Weighted distance: 0.529241
    Total loss: 1.571409
    GW/Distance ratio: 3938.346
  GW Loss Components:
    Raw GW loss: 127.532104
    Raw distance loss: 0.030471
    Weighted GW: 1.275321
    Weighted distance: 0.609412
    Total loss: 1.884733
    GW/Distance ratio: 4185.413
  GW Loss Components:
    Raw GW loss: 184.736145
    Raw distance loss: 0.032061
    Weighted GW: 1.847361
    Weighted distance: 0.641223
    Total loss: 2.488584
    GW/Distance ratio: 5761.993
  GW Loss Components:
    Raw GW loss: 128.774185
    Raw distance loss: 0.039263
    Weighted GW: 1.287742
    Weighted distance: 0.785259
    Total loss: 2.073000
    GW/Distance ratio: 3279.789
  GW Loss Components:
    Raw GW loss: 132.969666
    Raw distance loss: 0.041723
    Weighted GW: 1.329697
    Weighted distance: 0.834460
    Total loss: 2.164157
    GW/Distance ratio: 3186.962
  GW Loss Components:
    Raw GW loss: 173.811600
    Raw distance loss: 0.043036
    Weighted GW: 1.738116
    Weighted distance: 0.860730
    Total loss: 2.598845
    GW/Distance ratio: 4038.703
  GW Loss Components:
    Raw GW loss: 122.567368
    Raw distance loss: 0.035710
    Weighted GW: 1.225674
    Weighted distance: 0.714194
    Total loss: 1.939867
    GW/Distance ratio: 3432.326
  GW Loss Components:
    Raw GW loss: 125.600830
    Raw distance loss: 0.042017
    Weighted GW: 1.256008
    Weighted distance: 0.840335
    Total loss: 2.096344
    GW/Distance ratio: 2989.302
  GW Loss Components:
    Raw GW loss: 152.124619
    Raw distance loss: 0.040089
    Weighted GW: 1.521246
    Weighted distance: 0.801786
    Total loss: 2.323032
    GW/Distance ratio: 3794.645
  GW Loss Components:
    Raw GW loss: 116.110069
    Raw distance loss: 0.025123
    Weighted GW: 1.161101
    Weighted distance: 0.502454
    Total loss: 1.663555
    GW/Distance ratio: 4621.718
  GW Loss Components:
    Raw GW loss: 220.328751
    Raw distance loss: 0.026551
    Weighted GW: 2.203287
    Weighted distance: 0.531010
    Total loss: 2.734298
    GW/Distance ratio: 8298.469
  GW Loss Components:
    Raw GW loss: 190.818420
    Raw distance loss: 0.032846
    Weighted GW: 1.908184
    Weighted distance: 0.656912
    Total loss: 2.565096
    GW/Distance ratio: 5809.555
  GW Loss Components:
    Raw GW loss: 107.620621
    Raw distance loss: 0.025629
    Weighted GW: 1.076206
    Weighted distance: 0.512589
    Total loss: 1.588795
    GW/Distance ratio: 4199.096
  GW Loss Components:
    Raw GW loss: 209.402267
    Raw distance loss: 0.028280
    Weighted GW: 2.094023
    Weighted distance: 0.565603
    Total loss: 2.659626
    GW/Distance ratio: 7404.562
  GW Loss Components:
    Raw GW loss: 200.965652
    Raw distance loss: 0.031682
    Weighted GW: 2.009656
    Weighted distance: 0.633639
    Total loss: 2.643296
    GW/Distance ratio: 6343.215
  GW Loss Components:
    Raw GW loss: 108.942551
    Raw distance loss: 0.029161
    Weighted GW: 1.089425
    Weighted distance: 0.583212
    Total loss: 1.672637
    GW/Distance ratio: 3735.951
  GW Loss Components:
    Raw GW loss: 173.628571
    Raw distance loss: 0.032926
    Weighted GW: 1.736286
    Weighted distance: 0.658516
    Total loss: 2.394801
    GW/Distance ratio: 5273.329
  GW Loss Components:
    Raw GW loss: 187.857895
    Raw distance loss: 0.036678
    Weighted GW: 1.878579
    Weighted distance: 0.733557
    Total loss: 2.612135
    GW/Distance ratio: 5121.836
  GW Loss Components:
    Raw GW loss: 123.793327
    Raw distance loss: 0.033480
    Weighted GW: 1.237933
    Weighted distance: 0.669605
    Total loss: 1.907538
    GW/Distance ratio: 3697.502
  GW Loss Components:
    Raw GW loss: 112.833244
    Raw distance loss: 0.037268
    Weighted GW: 1.128332
    Weighted distance: 0.745358
    Total loss: 1.873691
    GW/Distance ratio: 3027.623
  GW Loss Components:
    Raw GW loss: 189.075302
    Raw distance loss: 0.038947
    Weighted GW: 1.890753
    Weighted distance: 0.778942
    Total loss: 2.669695
    GW/Distance ratio: 4854.666
  GW Loss Components:
    Raw GW loss: 123.138535
    Raw distance loss: 0.035006
    Weighted GW: 1.231385
    Weighted distance: 0.700118
    Total loss: 1.931503
    GW/Distance ratio: 3517.650
  GW Loss Components:
    Raw GW loss: 135.619858
    Raw distance loss: 0.036737
    Weighted GW: 1.356199
    Weighted distance: 0.734743
    Total loss: 2.090941
    GW/Distance ratio: 3691.628
  GW Loss Components:
    Raw GW loss: 177.444122
    Raw distance loss: 0.044328
    Weighted GW: 1.774441
    Weighted distance: 0.886566
    Total loss: 2.661007
    GW/Distance ratio: 4002.952
  GW Loss Components:
    Raw GW loss: 112.060577
    Raw distance loss: 0.028154
    Weighted GW: 1.120606
    Weighted distance: 0.563073
    Total loss: 1.683678
    GW/Distance ratio: 3980.324
  GW Loss Components:
    Raw GW loss: 173.591522
    Raw distance loss: 0.030539
    Weighted GW: 1.735915
    Weighted distance: 0.610776
    Total loss: 2.346692
    GW/Distance ratio: 5684.289
  GW Loss Components:
    Raw GW loss: 224.770309
    Raw distance loss: 0.032733
    Weighted GW: 2.247703
    Weighted distance: 0.654668
    Total loss: 2.902371
    GW/Distance ratio: 6866.691
  GW Loss Components:
    Raw GW loss: 141.757736
    Raw distance loss: 0.028423
    Weighted GW: 1.417577
    Weighted distance: 0.568469
    Total loss: 1.986046
    GW/Distance ratio: 4987.354
  GW Loss Components:
    Raw GW loss: 145.117462
    Raw distance loss: 0.032177
    Weighted GW: 1.451175
    Weighted distance: 0.643549
    Total loss: 2.094724
    GW/Distance ratio: 4509.910
  GW Loss Components:
    Raw GW loss: 204.615051
    Raw distance loss: 0.035060
    Weighted GW: 2.046150
    Weighted distance: 0.701209
    Total loss: 2.747360
    GW/Distance ratio: 5836.059
  GW Loss Components:
    Raw GW loss: 153.482147
    Raw distance loss: 0.032050
    Weighted GW: 1.534821
    Weighted distance: 0.641002
    Total loss: 2.175823
    GW/Distance ratio: 4788.819
  GW Loss Components:
    Raw GW loss: 171.547394
    Raw distance loss: 0.031465
    Weighted GW: 1.715474
    Weighted distance: 0.629299
    Total loss: 2.344773
    GW/Distance ratio: 5452.012
  GW Loss Components:
    Raw GW loss: 176.981049
    Raw distance loss: 0.035978
    Weighted GW: 1.769810
    Weighted distance: 0.719560
    Total loss: 2.489371
    GW/Distance ratio: 4919.143
  GW Loss Components:
    Raw GW loss: 115.852760
    Raw distance loss: 0.031615
    Weighted GW: 1.158528
    Weighted distance: 0.632303
    Total loss: 1.790831
    GW/Distance ratio: 3664.467
  GW Loss Components:
    Raw GW loss: 149.813538
    Raw distance loss: 0.038199
    Weighted GW: 1.498135
    Weighted distance: 0.763976
    Total loss: 2.262111
    GW/Distance ratio: 3921.942
  GW Loss Components:
    Raw GW loss: 177.567535
    Raw distance loss: 0.036419
    Weighted GW: 1.775675
    Weighted distance: 0.728375
    Total loss: 2.504051
    GW/Distance ratio: 4875.714
  GW Loss Components:
    Raw GW loss: 115.977844
    Raw distance loss: 0.033215
    Weighted GW: 1.159778
    Weighted distance: 0.664299
    Total loss: 1.824078
    GW/Distance ratio: 3491.733
  GW Loss Components:
    Raw GW loss: 120.053253
    Raw distance loss: 0.037950
    Weighted GW: 1.200533
    Weighted distance: 0.758994
    Total loss: 1.959527
    GW/Distance ratio: 3163.481
  GW Loss Components:
    Raw GW loss: 161.280945
    Raw distance loss: 0.039593
    Weighted GW: 1.612809
    Weighted distance: 0.791852
    Total loss: 2.404661
    GW/Distance ratio: 4073.512
  GW Loss Components:
    Raw GW loss: 112.097427
    Raw distance loss: 0.028027
    Weighted GW: 1.120974
    Weighted distance: 0.560540
    Total loss: 1.681514
    GW/Distance ratio: 3999.624
  GW Loss Components:
    Raw GW loss: 146.611542
    Raw distance loss: 0.027834
    Weighted GW: 1.466115
    Weighted distance: 0.556674
    Total loss: 2.022789
    GW/Distance ratio: 5267.410
  GW Loss Components:
    Raw GW loss: 180.296677
    Raw distance loss: 0.033868
    Weighted GW: 1.802967
    Weighted distance: 0.677354
    Total loss: 2.480320
    GW/Distance ratio: 5323.558
  GW Loss Components:
    Raw GW loss: 105.031601
    Raw distance loss: 0.027507
    Weighted GW: 1.050316
    Weighted distance: 0.550143
    Total loss: 1.600459
    GW/Distance ratio: 3818.335
  GW Loss Components:
    Raw GW loss: 144.845123
    Raw distance loss: 0.029644
    Weighted GW: 1.448451
    Weighted distance: 0.592875
    Total loss: 2.041326
    GW/Distance ratio: 4886.192
  GW Loss Components:
    Raw GW loss: 174.137817
    Raw distance loss: 0.035030
    Weighted GW: 1.741378
    Weighted distance: 0.700608
    Total loss: 2.441986
    GW/Distance ratio: 4971.050
  GW Loss Components:
    Raw GW loss: 110.085739
    Raw distance loss: 0.027389
    Weighted GW: 1.100857
    Weighted distance: 0.547778
    Total loss: 1.648636
    GW/Distance ratio: 4019.353
  GW Loss Components:
    Raw GW loss: 117.145874
    Raw distance loss: 0.030258
    Weighted GW: 1.171459
    Weighted distance: 0.605157
    Total loss: 1.776616
    GW/Distance ratio: 3871.585
  GW Loss Components:
    Raw GW loss: 174.669205
    Raw distance loss: 0.032545
    Weighted GW: 1.746692
    Weighted distance: 0.650906
    Total loss: 2.397598
    GW/Distance ratio: 5366.954
  GW Loss Components:
    Raw GW loss: 103.001099
    Raw distance loss: 0.028274
    Weighted GW: 1.030011
    Weighted distance: 0.565473
    Total loss: 1.595484
    GW/Distance ratio: 3643.002
  GW Loss Components:
    Raw GW loss: 140.497086
    Raw distance loss: 0.030170
    Weighted GW: 1.404971
    Weighted distance: 0.603390
    Total loss: 2.008361
    GW/Distance ratio: 4656.922
  GW Loss Components:
    Raw GW loss: 173.657257
    Raw distance loss: 0.034328
    Weighted GW: 1.736573
    Weighted distance: 0.686561
    Total loss: 2.423133
    GW/Distance ratio: 5058.758
  GW Loss Components:
    Raw GW loss: 118.131790
    Raw distance loss: 0.029683
    Weighted GW: 1.181318
    Weighted distance: 0.593665
    Total loss: 1.774983
    GW/Distance ratio: 3979.744
  GW Loss Components:
    Raw GW loss: 131.617630
    Raw distance loss: 0.035317
    Weighted GW: 1.316176
    Weighted distance: 0.706338
    Total loss: 2.022514
    GW/Distance ratio: 3726.761
  GW Loss Components:
    Raw GW loss: 164.250580
    Raw distance loss: 0.039773
    Weighted GW: 1.642506
    Weighted distance: 0.795466
    Total loss: 2.437972
    GW/Distance ratio: 4129.669
  GW Loss Components:
    Raw GW loss: 103.085037
    Raw distance loss: 0.025831
    Weighted GW: 1.030850
    Weighted distance: 0.516620
    Total loss: 1.547471
    GW/Distance ratio: 3990.744
  GW Loss Components:
    Raw GW loss: 107.485199
    Raw distance loss: 0.031157
    Weighted GW: 1.074852
    Weighted distance: 0.623138
    Total loss: 1.697990
    GW/Distance ratio: 3449.805
  GW Loss Components:
    Raw GW loss: 155.430557
    Raw distance loss: 0.033581
    Weighted GW: 1.554306
    Weighted distance: 0.671612
    Total loss: 2.225918
    GW/Distance ratio: 4628.581
  GW Loss Components:
    Raw GW loss: 175.497131
    Raw distance loss: 0.025680
    Weighted GW: 1.754971
    Weighted distance: 0.513607
    Total loss: 2.268578
    GW/Distance ratio: 6833.911
  GW Loss Components:
    Raw GW loss: 181.577515
    Raw distance loss: 0.026299
    Weighted GW: 1.815775
    Weighted distance: 0.525980
    Total loss: 2.341755
    GW/Distance ratio: 6904.346
  GW Loss Components:
    Raw GW loss: 212.931183
    Raw distance loss: 0.030312
    Weighted GW: 2.129312
    Weighted distance: 0.606241
    Total loss: 2.735553
    GW/Distance ratio: 7024.636
  GW Loss Components:
    Raw GW loss: 102.259430
    Raw distance loss: 0.026238
    Weighted GW: 1.022594
    Weighted distance: 0.524770
    Total loss: 1.547364
    GW/Distance ratio: 3897.304
  GW Loss Components:
    Raw GW loss: 126.558975
    Raw distance loss: 0.032093
    Weighted GW: 1.265590
    Weighted distance: 0.641869
    Total loss: 1.907459
    GW/Distance ratio: 3943.450
  GW Loss Components:
    Raw GW loss: 204.605820
    Raw distance loss: 0.034036
    Weighted GW: 2.046058
    Weighted distance: 0.680721
    Total loss: 2.726779
    GW/Distance ratio: 6011.440
Batch 275/537: Loss=3.7724 (C:7.9684, R:0.0171, T:2.0605(w:1.000)🚀)
  GW Loss Components:
    Raw GW loss: 123.633484
    Raw distance loss: 0.030934
    Weighted GW: 1.236335
    Weighted distance: 0.618690
    Total loss: 1.855025
    GW/Distance ratio: 3996.622
  GW Loss Components:
    Raw GW loss: 155.829468
    Raw distance loss: 0.035335
    Weighted GW: 1.558295
    Weighted distance: 0.706694
    Total loss: 2.264988
    GW/Distance ratio: 4410.099
  GW Loss Components:
    Raw GW loss: 169.707291
    Raw distance loss: 0.039439
    Weighted GW: 1.697073
    Weighted distance: 0.788779
    Total loss: 2.485852
    GW/Distance ratio: 4303.035
  GW Loss Components:
    Raw GW loss: 131.699127
    Raw distance loss: 0.033252
    Weighted GW: 1.316991
    Weighted distance: 0.665038
    Total loss: 1.982030
    GW/Distance ratio: 3960.646
  GW Loss Components:
    Raw GW loss: 157.479233
    Raw distance loss: 0.036798
    Weighted GW: 1.574792
    Weighted distance: 0.735957
    Total loss: 2.310749
    GW/Distance ratio: 4279.577
  GW Loss Components:
    Raw GW loss: 157.369461
    Raw distance loss: 0.040862
    Weighted GW: 1.573695
    Weighted distance: 0.817248
    Total loss: 2.390943
    GW/Distance ratio: 3851.202
  GW Loss Components:
    Raw GW loss: 96.104752
    Raw distance loss: 0.028687
    Weighted GW: 0.961047
    Weighted distance: 0.573744
    Total loss: 1.534792
    GW/Distance ratio: 3350.089
  GW Loss Components:
    Raw GW loss: 135.436508
    Raw distance loss: 0.028956
    Weighted GW: 1.354365
    Weighted distance: 0.579121
    Total loss: 1.933486
    GW/Distance ratio: 4677.309
  GW Loss Components:
    Raw GW loss: 192.809082
    Raw distance loss: 0.037302
    Weighted GW: 1.928091
    Weighted distance: 0.746050
    Total loss: 2.674140
    GW/Distance ratio: 5168.800
  GW Loss Components:
    Raw GW loss: 142.078400
    Raw distance loss: 0.024026
    Weighted GW: 1.420784
    Weighted distance: 0.480515
    Total loss: 1.901299
    GW/Distance ratio: 5913.590
  GW Loss Components:
    Raw GW loss: 183.342255
    Raw distance loss: 0.027176
    Weighted GW: 1.833423
    Weighted distance: 0.543520
    Total loss: 2.376942
    GW/Distance ratio: 6746.478
  GW Loss Components:
    Raw GW loss: 226.061829
    Raw distance loss: 0.029636
    Weighted GW: 2.260618
    Weighted distance: 0.592725
    Total loss: 2.853343
    GW/Distance ratio: 7627.881
  GW Loss Components:
    Raw GW loss: 113.182877
    Raw distance loss: 0.027252
    Weighted GW: 1.131829
    Weighted distance: 0.545044
    Total loss: 1.676873
    GW/Distance ratio: 4153.163
  GW Loss Components:
    Raw GW loss: 159.547119
    Raw distance loss: 0.029415
    Weighted GW: 1.595471
    Weighted distance: 0.588309
    Total loss: 2.183780
    GW/Distance ratio: 5423.917
  GW Loss Components:
    Raw GW loss: 183.183502
    Raw distance loss: 0.033038
    Weighted GW: 1.831835
    Weighted distance: 0.660765
    Total loss: 2.492600
    GW/Distance ratio: 5544.587
  GW Loss Components:
    Raw GW loss: 126.862061
    Raw distance loss: 0.033589
    Weighted GW: 1.268621
    Weighted distance: 0.671780
    Total loss: 1.940401
    GW/Distance ratio: 3776.889
  GW Loss Components:
    Raw GW loss: 142.793488
    Raw distance loss: 0.036929
    Weighted GW: 1.427935
    Weighted distance: 0.738585
    Total loss: 2.166520
    GW/Distance ratio: 3866.677
  GW Loss Components:
    Raw GW loss: 149.799759
    Raw distance loss: 0.039513
    Weighted GW: 1.497998
    Weighted distance: 0.790257
    Total loss: 2.288254
    GW/Distance ratio: 3791.167
  GW Loss Components:
    Raw GW loss: 126.144791
    Raw distance loss: 0.032628
    Weighted GW: 1.261448
    Weighted distance: 0.652559
    Total loss: 1.914007
    GW/Distance ratio: 3866.156
  GW Loss Components:
    Raw GW loss: 131.830261
    Raw distance loss: 0.037387
    Weighted GW: 1.318303
    Weighted distance: 0.747747
    Total loss: 2.066050
    GW/Distance ratio: 3526.066
  GW Loss Components:
    Raw GW loss: 168.910767
    Raw distance loss: 0.040559
    Weighted GW: 1.689108
    Weighted distance: 0.811180
    Total loss: 2.500288
    GW/Distance ratio: 4164.566
  GW Loss Components:
    Raw GW loss: 97.982475
    Raw distance loss: 0.029207
    Weighted GW: 0.979825
    Weighted distance: 0.584148
    Total loss: 1.563973
    GW/Distance ratio: 3354.714
  GW Loss Components:
    Raw GW loss: 120.223679
    Raw distance loss: 0.031660
    Weighted GW: 1.202237
    Weighted distance: 0.633190
    Total loss: 1.835427
    GW/Distance ratio: 3797.394
  GW Loss Components:
    Raw GW loss: 184.424530
    Raw distance loss: 0.035624
    Weighted GW: 1.844245
    Weighted distance: 0.712486
    Total loss: 2.556731
    GW/Distance ratio: 5176.928
  GW Loss Components:
    Raw GW loss: 104.958984
    Raw distance loss: 0.026508
    Weighted GW: 1.049590
    Weighted distance: 0.530156
    Total loss: 1.579746
    GW/Distance ratio: 3959.549
  GW Loss Components:
    Raw GW loss: 200.581070
    Raw distance loss: 0.024270
    Weighted GW: 2.005811
    Weighted distance: 0.485394
    Total loss: 2.491205
    GW/Distance ratio: 8264.670
  GW Loss Components:
    Raw GW loss: 217.237427
    Raw distance loss: 0.030728
    Weighted GW: 2.172374
    Weighted distance: 0.614553
    Total loss: 2.786927
    GW/Distance ratio: 7069.771
  GW Loss Components:
    Raw GW loss: 101.257011
    Raw distance loss: 0.026390
    Weighted GW: 1.012570
    Weighted distance: 0.527803
    Total loss: 1.540373
    GW/Distance ratio: 3836.926
  GW Loss Components:
    Raw GW loss: 122.579628
    Raw distance loss: 0.027666
    Weighted GW: 1.225796
    Weighted distance: 0.553319
    Total loss: 1.779115
    GW/Distance ratio: 4430.703
  GW Loss Components:
    Raw GW loss: 229.349640
    Raw distance loss: 0.029450
    Weighted GW: 2.293496
    Weighted distance: 0.589004
    Total loss: 2.882500
    GW/Distance ratio: 7787.710
  GW Loss Components:
    Raw GW loss: 98.863602
    Raw distance loss: 0.030174
    Weighted GW: 0.988636
    Weighted distance: 0.603483
    Total loss: 1.592119
    GW/Distance ratio: 3276.435
  GW Loss Components:
    Raw GW loss: 148.650146
    Raw distance loss: 0.031121
    Weighted GW: 1.486501
    Weighted distance: 0.622423
    Total loss: 2.108924
    GW/Distance ratio: 4776.498
  GW Loss Components:
    Raw GW loss: 165.801453
    Raw distance loss: 0.036591
    Weighted GW: 1.658015
    Weighted distance: 0.731816
    Total loss: 2.389830
    GW/Distance ratio: 4531.233
  GW Loss Components:
    Raw GW loss: 122.346809
    Raw distance loss: 0.032184
    Weighted GW: 1.223468
    Weighted distance: 0.643683
    Total loss: 1.867151
    GW/Distance ratio: 3801.458
  GW Loss Components:
    Raw GW loss: 115.015373
    Raw distance loss: 0.037504
    Weighted GW: 1.150154
    Weighted distance: 0.750089
    Total loss: 1.900242
    GW/Distance ratio: 3066.713
  GW Loss Components:
    Raw GW loss: 175.750580
    Raw distance loss: 0.044582
    Weighted GW: 1.757506
    Weighted distance: 0.891638
    Total loss: 2.649144
    GW/Distance ratio: 3942.194
  GW Loss Components:
    Raw GW loss: 107.133636
    Raw distance loss: 0.029364
    Weighted GW: 1.071336
    Weighted distance: 0.587279
    Total loss: 1.658615
    GW/Distance ratio: 3648.477
  GW Loss Components:
    Raw GW loss: 115.639267
    Raw distance loss: 0.033249
    Weighted GW: 1.156393
    Weighted distance: 0.664984
    Total loss: 1.821377
    GW/Distance ratio: 3477.954
  GW Loss Components:
    Raw GW loss: 168.314041
    Raw distance loss: 0.036288
    Weighted GW: 1.683140
    Weighted distance: 0.725757
    Total loss: 2.408898
    GW/Distance ratio: 4638.298
  GW Loss Components:
    Raw GW loss: 162.721024
    Raw distance loss: 0.025363
    Weighted GW: 1.627210
    Weighted distance: 0.507251
    Total loss: 2.134461
    GW/Distance ratio: 6415.800
  GW Loss Components:
    Raw GW loss: 164.226471
    Raw distance loss: 0.029091
    Weighted GW: 1.642265
    Weighted distance: 0.581810
    Total loss: 2.224075
    GW/Distance ratio: 5645.358
  GW Loss Components:
    Raw GW loss: 173.238373
    Raw distance loss: 0.034775
    Weighted GW: 1.732384
    Weighted distance: 0.695500
    Total loss: 2.427884
    GW/Distance ratio: 4981.692
  GW Loss Components:
    Raw GW loss: 118.236328
    Raw distance loss: 0.024217
    Weighted GW: 1.182363
    Weighted distance: 0.484336
    Total loss: 1.666699
    GW/Distance ratio: 4882.411
  GW Loss Components:
    Raw GW loss: 148.888382
    Raw distance loss: 0.026836
    Weighted GW: 1.488884
    Weighted distance: 0.536715
    Total loss: 2.025599
    GW/Distance ratio: 5548.130
  GW Loss Components:
    Raw GW loss: 230.438217
    Raw distance loss: 0.032105
    Weighted GW: 2.304382
    Weighted distance: 0.642110
    Total loss: 2.946492
    GW/Distance ratio: 7177.530
  GW Loss Components:
    Raw GW loss: 102.950836
    Raw distance loss: 0.029094
    Weighted GW: 1.029508
    Weighted distance: 0.581888
    Total loss: 1.611397
    GW/Distance ratio: 3538.507
  GW Loss Components:
    Raw GW loss: 113.466942
    Raw distance loss: 0.032501
    Weighted GW: 1.134669
    Weighted distance: 0.650018
    Total loss: 1.784687
    GW/Distance ratio: 3491.193
  GW Loss Components:
    Raw GW loss: 162.854324
    Raw distance loss: 0.039697
    Weighted GW: 1.628543
    Weighted distance: 0.793948
    Total loss: 2.422491
    GW/Distance ratio: 4102.392
  GW Loss Components:
    Raw GW loss: 135.196304
    Raw distance loss: 0.034066
    Weighted GW: 1.351963
    Weighted distance: 0.681322
    Total loss: 2.033285
    GW/Distance ratio: 3968.647
  GW Loss Components:
    Raw GW loss: 135.474091
    Raw distance loss: 0.035279
    Weighted GW: 1.354741
    Weighted distance: 0.705588
    Total loss: 2.060329
    GW/Distance ratio: 3840.033
  GW Loss Components:
    Raw GW loss: 179.483002
    Raw distance loss: 0.042263
    Weighted GW: 1.794830
    Weighted distance: 0.845255
    Total loss: 2.640085
    GW/Distance ratio: 4246.835
  GW Loss Components:
    Raw GW loss: 106.643364
    Raw distance loss: 0.028301
    Weighted GW: 1.066434
    Weighted distance: 0.566015
    Total loss: 1.632448
    GW/Distance ratio: 3768.218
  GW Loss Components:
    Raw GW loss: 151.365814
    Raw distance loss: 0.034956
    Weighted GW: 1.513658
    Weighted distance: 0.699128
    Total loss: 2.212786
    GW/Distance ratio: 4330.133
  GW Loss Components:
    Raw GW loss: 167.529953
    Raw distance loss: 0.038042
    Weighted GW: 1.675300
    Weighted distance: 0.760840
    Total loss: 2.436140
    GW/Distance ratio: 4403.813
  GW Loss Components:
    Raw GW loss: 149.983978
    Raw distance loss: 0.026567
    Weighted GW: 1.499840
    Weighted distance: 0.531349
    Total loss: 2.031189
    GW/Distance ratio: 5645.402
  GW Loss Components:
    Raw GW loss: 154.022369
    Raw distance loss: 0.030134
    Weighted GW: 1.540224
    Weighted distance: 0.602684
    Total loss: 2.142908
    GW/Distance ratio: 5111.215
  GW Loss Components:
    Raw GW loss: 191.499695
    Raw distance loss: 0.032351
    Weighted GW: 1.914997
    Weighted distance: 0.647027
    Total loss: 2.562023
    GW/Distance ratio: 5919.375
  GW Loss Components:
    Raw GW loss: 108.392624
    Raw distance loss: 0.028442
    Weighted GW: 1.083926
    Weighted distance: 0.568836
    Total loss: 1.652763
    GW/Distance ratio: 3811.029
  GW Loss Components:
    Raw GW loss: 117.031471
    Raw distance loss: 0.033751
    Weighted GW: 1.170315
    Weighted distance: 0.675016
    Total loss: 1.845331
    GW/Distance ratio: 3467.514
  GW Loss Components:
    Raw GW loss: 163.366455
    Raw distance loss: 0.036189
    Weighted GW: 1.633664
    Weighted distance: 0.723784
    Total loss: 2.357449
    GW/Distance ratio: 4514.230
  GW Loss Components:
    Raw GW loss: 104.040329
    Raw distance loss: 0.025316
    Weighted GW: 1.040403
    Weighted distance: 0.506320
    Total loss: 1.546723
    GW/Distance ratio: 4109.669
  GW Loss Components:
    Raw GW loss: 147.594070
    Raw distance loss: 0.026972
    Weighted GW: 1.475941
    Weighted distance: 0.539446
    Total loss: 2.015387
    GW/Distance ratio: 5472.061
  GW Loss Components:
    Raw GW loss: 198.377960
    Raw distance loss: 0.031845
    Weighted GW: 1.983780
    Weighted distance: 0.636896
    Total loss: 2.620676
    GW/Distance ratio: 6229.522
  GW Loss Components:
    Raw GW loss: 111.625755
    Raw distance loss: 0.025901
    Weighted GW: 1.116258
    Weighted distance: 0.518013
    Total loss: 1.634270
    GW/Distance ratio: 4309.767
  GW Loss Components:
    Raw GW loss: 145.782761
    Raw distance loss: 0.031162
    Weighted GW: 1.457828
    Weighted distance: 0.623246
    Total loss: 2.081073
    GW/Distance ratio: 4678.178
  GW Loss Components:
    Raw GW loss: 214.990509
    Raw distance loss: 0.030448
    Weighted GW: 2.149905
    Weighted distance: 0.608962
    Total loss: 2.758867
    GW/Distance ratio: 7060.881
  GW Loss Components:
    Raw GW loss: 106.695724
    Raw distance loss: 0.032498
    Weighted GW: 1.066957
    Weighted distance: 0.649954
    Total loss: 1.716912
    GW/Distance ratio: 3283.174
  GW Loss Components:
    Raw GW loss: 125.946121
    Raw distance loss: 0.036975
    Weighted GW: 1.259461
    Weighted distance: 0.739505
    Total loss: 1.998966
    GW/Distance ratio: 3406.226
  GW Loss Components:
    Raw GW loss: 172.626587
    Raw distance loss: 0.036680
    Weighted GW: 1.726266
    Weighted distance: 0.733603
    Total loss: 2.459869
    GW/Distance ratio: 4706.265
  GW Loss Components:
    Raw GW loss: 134.715027
    Raw distance loss: 0.030519
    Weighted GW: 1.347150
    Weighted distance: 0.610372
    Total loss: 1.957523
    GW/Distance ratio: 4414.190
  GW Loss Components:
    Raw GW loss: 113.612724
    Raw distance loss: 0.035295
    Weighted GW: 1.136127
    Weighted distance: 0.705906
    Total loss: 1.842033
    GW/Distance ratio: 3218.918
  GW Loss Components:
    Raw GW loss: 117.264252
    Raw distance loss: 0.034597
    Weighted GW: 1.172642
    Weighted distance: 0.691939
    Total loss: 1.864581
    GW/Distance ratio: 3389.438
  GW Loss Components:
    Raw GW loss: 91.547485
    Raw distance loss: 0.027061
    Weighted GW: 0.915475
    Weighted distance: 0.541218
    Total loss: 1.456693
    GW/Distance ratio: 3383.015
  GW Loss Components:
    Raw GW loss: 166.431396
    Raw distance loss: 0.030192
    Weighted GW: 1.664314
    Weighted distance: 0.603837
    Total loss: 2.268151
    GW/Distance ratio: 5512.455
  GW Loss Components:
    Raw GW loss: 179.886597
    Raw distance loss: 0.030371
    Weighted GW: 1.798866
    Weighted distance: 0.607430
    Total loss: 2.406296
    GW/Distance ratio: 5922.876
Batch 300/537: Loss=3.6473 (C:7.9749, R:0.0160, T:2.0437(w:1.000)🚀)
  GW Loss Components:
    Raw GW loss: 101.902420
    Raw distance loss: 0.025545
    Weighted GW: 1.019024
    Weighted distance: 0.510902
    Total loss: 1.529926
    GW/Distance ratio: 3989.120
  GW Loss Components:
    Raw GW loss: 104.639366
    Raw distance loss: 0.028791
    Weighted GW: 1.046394
    Weighted distance: 0.575817
    Total loss: 1.622211
    GW/Distance ratio: 3634.462
  GW Loss Components:
    Raw GW loss: 178.699432
    Raw distance loss: 0.033069
    Weighted GW: 1.786994
    Weighted distance: 0.661372
    Total loss: 2.448366
    GW/Distance ratio: 5403.900
  GW Loss Components:
    Raw GW loss: 114.843948
    Raw distance loss: 0.026465
    Weighted GW: 1.148439
    Weighted distance: 0.529296
    Total loss: 1.677736
    GW/Distance ratio: 4339.495
  GW Loss Components:
    Raw GW loss: 121.436516
    Raw distance loss: 0.032613
    Weighted GW: 1.214365
    Weighted distance: 0.652261
    Total loss: 1.866626
    GW/Distance ratio: 3723.554
  GW Loss Components:
    Raw GW loss: 182.904327
    Raw distance loss: 0.028878
    Weighted GW: 1.829043
    Weighted distance: 0.577562
    Total loss: 2.406606
    GW/Distance ratio: 6333.663
  GW Loss Components:
    Raw GW loss: 101.335358
    Raw distance loss: 0.028220
    Weighted GW: 1.013354
    Weighted distance: 0.564410
    Total loss: 1.577763
    GW/Distance ratio: 3590.843
  GW Loss Components:
    Raw GW loss: 188.340057
    Raw distance loss: 0.028778
    Weighted GW: 1.883401
    Weighted distance: 0.575558
    Total loss: 2.458958
    GW/Distance ratio: 6544.610
  GW Loss Components:
    Raw GW loss: 234.366714
    Raw distance loss: 0.030371
    Weighted GW: 2.343667
    Weighted distance: 0.607425
    Total loss: 2.951092
    GW/Distance ratio: 7716.730
  GW Loss Components:
    Raw GW loss: 105.946289
    Raw distance loss: 0.032260
    Weighted GW: 1.059463
    Weighted distance: 0.645204
    Total loss: 1.704667
    GW/Distance ratio: 3284.116
  GW Loss Components:
    Raw GW loss: 153.329224
    Raw distance loss: 0.038680
    Weighted GW: 1.533292
    Weighted distance: 0.773598
    Total loss: 2.306890
    GW/Distance ratio: 3964.053
  GW Loss Components:
    Raw GW loss: 169.244904
    Raw distance loss: 0.040551
    Weighted GW: 1.692449
    Weighted distance: 0.811020
    Total loss: 2.503469
    GW/Distance ratio: 4173.627
  GW Loss Components:
    Raw GW loss: 102.609711
    Raw distance loss: 0.030850
    Weighted GW: 1.026097
    Weighted distance: 0.616994
    Total loss: 1.643091
    GW/Distance ratio: 3326.117
  GW Loss Components:
    Raw GW loss: 146.978226
    Raw distance loss: 0.035964
    Weighted GW: 1.469782
    Weighted distance: 0.719277
    Total loss: 2.189059
    GW/Distance ratio: 4086.831
  GW Loss Components:
    Raw GW loss: 160.540131
    Raw distance loss: 0.040084
    Weighted GW: 1.605401
    Weighted distance: 0.801673
    Total loss: 2.407074
    GW/Distance ratio: 4005.128
  GW Loss Components:
    Raw GW loss: 120.103836
    Raw distance loss: 0.025048
    Weighted GW: 1.201038
    Weighted distance: 0.500957
    Total loss: 1.701996
    GW/Distance ratio: 4794.971
  GW Loss Components:
    Raw GW loss: 149.781219
    Raw distance loss: 0.027343
    Weighted GW: 1.497812
    Weighted distance: 0.546854
    Total loss: 2.044666
    GW/Distance ratio: 5477.919
  GW Loss Components:
    Raw GW loss: 233.741058
    Raw distance loss: 0.030816
    Weighted GW: 2.337410
    Weighted distance: 0.616316
    Total loss: 2.953726
    GW/Distance ratio: 7585.107
  GW Loss Components:
    Raw GW loss: 92.786461
    Raw distance loss: 0.024868
    Weighted GW: 0.927865
    Weighted distance: 0.497358
    Total loss: 1.425223
    GW/Distance ratio: 3731.170
  GW Loss Components:
    Raw GW loss: 115.099976
    Raw distance loss: 0.028838
    Weighted GW: 1.151000
    Weighted distance: 0.576762
    Total loss: 1.727761
    GW/Distance ratio: 3991.248
  GW Loss Components:
    Raw GW loss: 194.315155
    Raw distance loss: 0.030935
    Weighted GW: 1.943151
    Weighted distance: 0.618693
    Total loss: 2.561845
    GW/Distance ratio: 6281.468
  GW Loss Components:
    Raw GW loss: 96.252068
    Raw distance loss: 0.026113
    Weighted GW: 0.962521
    Weighted distance: 0.522258
    Total loss: 1.484779
    GW/Distance ratio: 3685.994
  GW Loss Components:
    Raw GW loss: 172.229446
    Raw distance loss: 0.028338
    Weighted GW: 1.722294
    Weighted distance: 0.566765
    Total loss: 2.289060
    GW/Distance ratio: 6077.629
  GW Loss Components:
    Raw GW loss: 198.388535
    Raw distance loss: 0.033158
    Weighted GW: 1.983885
    Weighted distance: 0.663154
    Total loss: 2.647039
    GW/Distance ratio: 5983.184
  GW Loss Components:
    Raw GW loss: 106.711349
    Raw distance loss: 0.032402
    Weighted GW: 1.067114
    Weighted distance: 0.648041
    Total loss: 1.715154
    GW/Distance ratio: 3293.353
  GW Loss Components:
    Raw GW loss: 124.444115
    Raw distance loss: 0.035444
    Weighted GW: 1.244441
    Weighted distance: 0.708874
    Total loss: 1.953315
    GW/Distance ratio: 3511.035
  GW Loss Components:
    Raw GW loss: 182.794556
    Raw distance loss: 0.038994
    Weighted GW: 1.827945
    Weighted distance: 0.779871
    Total loss: 2.607817
    GW/Distance ratio: 4687.812
  GW Loss Components:
    Raw GW loss: 108.202682
    Raw distance loss: 0.031930
    Weighted GW: 1.082027
    Weighted distance: 0.638596
    Total loss: 1.720623
    GW/Distance ratio: 3388.765
  GW Loss Components:
    Raw GW loss: 145.737030
    Raw distance loss: 0.039783
    Weighted GW: 1.457370
    Weighted distance: 0.795664
    Total loss: 2.253034
    GW/Distance ratio: 3663.281
  GW Loss Components:
    Raw GW loss: 180.491287
    Raw distance loss: 0.042942
    Weighted GW: 1.804913
    Weighted distance: 0.858848
    Total loss: 2.663761
    GW/Distance ratio: 4203.101
  GW Loss Components:
    Raw GW loss: 103.695709
    Raw distance loss: 0.026088
    Weighted GW: 1.036957
    Weighted distance: 0.521761
    Total loss: 1.558718
    GW/Distance ratio: 3974.835
  GW Loss Components:
    Raw GW loss: 194.962845
    Raw distance loss: 0.027010
    Weighted GW: 1.949628
    Weighted distance: 0.540195
    Total loss: 2.489824
    GW/Distance ratio: 7218.233
  GW Loss Components:
    Raw GW loss: 173.296860
    Raw distance loss: 0.032247
    Weighted GW: 1.732969
    Weighted distance: 0.644934
    Total loss: 2.377903
    GW/Distance ratio: 5374.090
  GW Loss Components:
    Raw GW loss: 105.882797
    Raw distance loss: 0.022274
    Weighted GW: 1.058828
    Weighted distance: 0.445478
    Total loss: 1.504305
    GW/Distance ratio: 4753.674
  GW Loss Components:
    Raw GW loss: 120.923813
    Raw distance loss: 0.025164
    Weighted GW: 1.209238
    Weighted distance: 0.503281
    Total loss: 1.712519
    GW/Distance ratio: 4805.416
  GW Loss Components:
    Raw GW loss: 250.885406
    Raw distance loss: 0.027484
    Weighted GW: 2.508854
    Weighted distance: 0.549683
    Total loss: 3.058537
    GW/Distance ratio: 9128.365
  GW Loss Components:
    Raw GW loss: 103.743607
    Raw distance loss: 0.026768
    Weighted GW: 1.037436
    Weighted distance: 0.535369
    Total loss: 1.572805
    GW/Distance ratio: 3875.593
  GW Loss Components:
    Raw GW loss: 153.150726
    Raw distance loss: 0.027853
    Weighted GW: 1.531507
    Weighted distance: 0.557051
    Total loss: 2.088558
    GW/Distance ratio: 5498.622
  GW Loss Components:
    Raw GW loss: 187.110870
    Raw distance loss: 0.032378
    Weighted GW: 1.871109
    Weighted distance: 0.647563
    Total loss: 2.518672
    GW/Distance ratio: 5778.924
  GW Loss Components:
    Raw GW loss: 110.760201
    Raw distance loss: 0.032923
    Weighted GW: 1.107602
    Weighted distance: 0.658458
    Total loss: 1.766060
    GW/Distance ratio: 3364.230
  GW Loss Components:
    Raw GW loss: 137.060760
    Raw distance loss: 0.036670
    Weighted GW: 1.370608
    Weighted distance: 0.733409
    Total loss: 2.104017
    GW/Distance ratio: 3737.633
  GW Loss Components:
    Raw GW loss: 156.100632
    Raw distance loss: 0.041127
    Weighted GW: 1.561006
    Weighted distance: 0.822549
    Total loss: 2.383555
    GW/Distance ratio: 3795.535
  GW Loss Components:
    Raw GW loss: 105.689468
    Raw distance loss: 0.028163
    Weighted GW: 1.056895
    Weighted distance: 0.563262
    Total loss: 1.620157
    GW/Distance ratio: 3752.760
  GW Loss Components:
    Raw GW loss: 142.810394
    Raw distance loss: 0.032706
    Weighted GW: 1.428104
    Weighted distance: 0.654119
    Total loss: 2.082222
    GW/Distance ratio: 4366.497
  GW Loss Components:
    Raw GW loss: 174.301575
    Raw distance loss: 0.034413
    Weighted GW: 1.743016
    Weighted distance: 0.688266
    Total loss: 2.431282
    GW/Distance ratio: 5064.945
  GW Loss Components:
    Raw GW loss: 103.192078
    Raw distance loss: 0.025844
    Weighted GW: 1.031921
    Weighted distance: 0.516889
    Total loss: 1.548810
    GW/Distance ratio: 3992.814
  GW Loss Components:
    Raw GW loss: 148.744308
    Raw distance loss: 0.033068
    Weighted GW: 1.487443
    Weighted distance: 0.661358
    Total loss: 2.148801
    GW/Distance ratio: 4498.148
  GW Loss Components:
    Raw GW loss: 156.896362
    Raw distance loss: 0.038675
    Weighted GW: 1.568964
    Weighted distance: 0.773509
    Total loss: 2.342473
    GW/Distance ratio: 4056.742
  GW Loss Components:
    Raw GW loss: 100.433731
    Raw distance loss: 0.021968
    Weighted GW: 1.004337
    Weighted distance: 0.439352
    Total loss: 1.443689
    GW/Distance ratio: 4571.905
  GW Loss Components:
    Raw GW loss: 170.429108
    Raw distance loss: 0.025227
    Weighted GW: 1.704291
    Weighted distance: 0.504540
    Total loss: 2.208831
    GW/Distance ratio: 6755.825
  GW Loss Components:
    Raw GW loss: 225.736954
    Raw distance loss: 0.029630
    Weighted GW: 2.257370
    Weighted distance: 0.592600
    Total loss: 2.849969
    GW/Distance ratio: 7618.527
  GW Loss Components:
    Raw GW loss: 109.463699
    Raw distance loss: 0.021216
    Weighted GW: 1.094637
    Weighted distance: 0.424316
    Total loss: 1.518953
    GW/Distance ratio: 5159.530
  GW Loss Components:
    Raw GW loss: 136.895233
    Raw distance loss: 0.023913
    Weighted GW: 1.368952
    Weighted distance: 0.478251
    Total loss: 1.847203
    GW/Distance ratio: 5724.824
  GW Loss Components:
    Raw GW loss: 216.322128
    Raw distance loss: 0.029293
    Weighted GW: 2.163221
    Weighted distance: 0.585867
    Total loss: 2.749089
    GW/Distance ratio: 7384.676
  GW Loss Components:
    Raw GW loss: 98.569733
    Raw distance loss: 0.025375
    Weighted GW: 0.985697
    Weighted distance: 0.507505
    Total loss: 1.493202
    GW/Distance ratio: 3884.482
  GW Loss Components:
    Raw GW loss: 138.187576
    Raw distance loss: 0.030256
    Weighted GW: 1.381876
    Weighted distance: 0.605116
    Total loss: 1.986992
    GW/Distance ratio: 4567.308
  GW Loss Components:
    Raw GW loss: 165.649490
    Raw distance loss: 0.039261
    Weighted GW: 1.656495
    Weighted distance: 0.785214
    Total loss: 2.441709
    GW/Distance ratio: 4219.218
  GW Loss Components:
    Raw GW loss: 106.598000
    Raw distance loss: 0.029944
    Weighted GW: 1.065980
    Weighted distance: 0.598889
    Total loss: 1.664869
    GW/Distance ratio: 3559.858
  GW Loss Components:
    Raw GW loss: 141.765411
    Raw distance loss: 0.035820
    Weighted GW: 1.417654
    Weighted distance: 0.716391
    Total loss: 2.134045
    GW/Distance ratio: 3957.764
  GW Loss Components:
    Raw GW loss: 133.894760
    Raw distance loss: 0.037557
    Weighted GW: 1.338948
    Weighted distance: 0.751140
    Total loss: 2.090088
    GW/Distance ratio: 3565.104
  GW Loss Components:
    Raw GW loss: 96.322868
    Raw distance loss: 0.025262
    Weighted GW: 0.963229
    Weighted distance: 0.505239
    Total loss: 1.468467
    GW/Distance ratio: 3812.963
  GW Loss Components:
    Raw GW loss: 150.398270
    Raw distance loss: 0.031211
    Weighted GW: 1.503983
    Weighted distance: 0.624215
    Total loss: 2.128198
    GW/Distance ratio: 4818.793
  GW Loss Components:
    Raw GW loss: 164.707184
    Raw distance loss: 0.035520
    Weighted GW: 1.647072
    Weighted distance: 0.710405
    Total loss: 2.357477
    GW/Distance ratio: 4636.993
  GW Loss Components:
    Raw GW loss: 120.315399
    Raw distance loss: 0.025607
    Weighted GW: 1.203154
    Weighted distance: 0.512138
    Total loss: 1.715292
    GW/Distance ratio: 4698.553
  GW Loss Components:
    Raw GW loss: 177.299408
    Raw distance loss: 0.026507
    Weighted GW: 1.772994
    Weighted distance: 0.530149
    Total loss: 2.303143
    GW/Distance ratio: 6688.663
  GW Loss Components:
    Raw GW loss: 184.359375
    Raw distance loss: 0.032660
    Weighted GW: 1.843594
    Weighted distance: 0.653192
    Total loss: 2.496785
    GW/Distance ratio: 5644.878
  GW Loss Components:
    Raw GW loss: 96.534592
    Raw distance loss: 0.025385
    Weighted GW: 0.965346
    Weighted distance: 0.507691
    Total loss: 1.473037
    GW/Distance ratio: 3802.889
  GW Loss Components:
    Raw GW loss: 126.740952
    Raw distance loss: 0.029945
    Weighted GW: 1.267409
    Weighted distance: 0.598905
    Total loss: 1.866314
    GW/Distance ratio: 4232.421
  GW Loss Components:
    Raw GW loss: 162.264252
    Raw distance loss: 0.033485
    Weighted GW: 1.622643
    Weighted distance: 0.669696
    Total loss: 2.292339
    GW/Distance ratio: 4845.903
  GW Loss Components:
    Raw GW loss: 104.672256
    Raw distance loss: 0.028892
    Weighted GW: 1.046723
    Weighted distance: 0.577837
    Total loss: 1.624560
    GW/Distance ratio: 3622.897
  GW Loss Components:
    Raw GW loss: 151.756165
    Raw distance loss: 0.030636
    Weighted GW: 1.517562
    Weighted distance: 0.612715
    Total loss: 2.130276
    GW/Distance ratio: 4953.563
  GW Loss Components:
    Raw GW loss: 175.224457
    Raw distance loss: 0.037367
    Weighted GW: 1.752244
    Weighted distance: 0.747344
    Total loss: 2.499589
    GW/Distance ratio: 4689.254
  GW Loss Components:
    Raw GW loss: 98.539124
    Raw distance loss: 0.028429
    Weighted GW: 0.985391
    Weighted distance: 0.568585
    Total loss: 1.553977
    GW/Distance ratio: 3466.115
  GW Loss Components:
    Raw GW loss: 139.011887
    Raw distance loss: 0.031563
    Weighted GW: 1.390119
    Weighted distance: 0.631265
    Total loss: 2.021384
    GW/Distance ratio: 4404.232
  GW Loss Components:
    Raw GW loss: 168.175781
    Raw distance loss: 0.038967
    Weighted GW: 1.681758
    Weighted distance: 0.779343
    Total loss: 2.461101
    GW/Distance ratio: 4315.832
Batch 325/537: Loss=3.5397 (C:7.9573, R:0.0153, T:2.0122(w:1.000)🚀)
  GW Loss Components:
    Raw GW loss: 93.105026
    Raw distance loss: 0.023625
    Weighted GW: 0.931050
    Weighted distance: 0.472496
    Total loss: 1.403546
    GW/Distance ratio: 3940.984
  GW Loss Components:
    Raw GW loss: 129.507263
    Raw distance loss: 0.026377
    Weighted GW: 1.295073
    Weighted distance: 0.527543
    Total loss: 1.822615
    GW/Distance ratio: 4909.828
  GW Loss Components:
    Raw GW loss: 187.082733
    Raw distance loss: 0.029596
    Weighted GW: 1.870827
    Weighted distance: 0.591930
    Total loss: 2.462757
    GW/Distance ratio: 6321.111
  GW Loss Components:
    Raw GW loss: 108.815659
    Raw distance loss: 0.024026
    Weighted GW: 1.088157
    Weighted distance: 0.480527
    Total loss: 1.568683
    GW/Distance ratio: 4529.013
  GW Loss Components:
    Raw GW loss: 239.610718
    Raw distance loss: 0.024483
    Weighted GW: 2.396107
    Weighted distance: 0.489665
    Total loss: 2.885772
    GW/Distance ratio: 9786.711
  GW Loss Components:
    Raw GW loss: 236.736816
    Raw distance loss: 0.027260
    Weighted GW: 2.367368
    Weighted distance: 0.545195
    Total loss: 2.912563
    GW/Distance ratio: 8684.481
  GW Loss Components:
    Raw GW loss: 134.746429
    Raw distance loss: 0.028101
    Weighted GW: 1.347464
    Weighted distance: 0.562026
    Total loss: 1.909490
    GW/Distance ratio: 4795.024
  GW Loss Components:
    Raw GW loss: 137.667725
    Raw distance loss: 0.036768
    Weighted GW: 1.376677
    Weighted distance: 0.735356
    Total loss: 2.112034
    GW/Distance ratio: 3744.244
  GW Loss Components:
    Raw GW loss: 154.512161
    Raw distance loss: 0.037892
    Weighted GW: 1.545122
    Weighted distance: 0.757831
    Total loss: 2.302952
    GW/Distance ratio: 4077.747
  GW Loss Components:
    Raw GW loss: 107.344093
    Raw distance loss: 0.028997
    Weighted GW: 1.073441
    Weighted distance: 0.579934
    Total loss: 1.653375
    GW/Distance ratio: 3701.941
  GW Loss Components:
    Raw GW loss: 121.630356
    Raw distance loss: 0.035009
    Weighted GW: 1.216304
    Weighted distance: 0.700174
    Total loss: 1.916478
    GW/Distance ratio: 3474.287
  GW Loss Components:
    Raw GW loss: 166.930862
    Raw distance loss: 0.037566
    Weighted GW: 1.669309
    Weighted distance: 0.751327
    Total loss: 2.420636
    GW/Distance ratio: 4443.626
  GW Loss Components:
    Raw GW loss: 101.843529
    Raw distance loss: 0.025847
    Weighted GW: 1.018435
    Weighted distance: 0.516936
    Total loss: 1.535371
    GW/Distance ratio: 3940.278
  GW Loss Components:
    Raw GW loss: 104.708633
    Raw distance loss: 0.029931
    Weighted GW: 1.047086
    Weighted distance: 0.598625
    Total loss: 1.645712
    GW/Distance ratio: 3498.302
  GW Loss Components:
    Raw GW loss: 167.148224
    Raw distance loss: 0.035395
    Weighted GW: 1.671482
    Weighted distance: 0.707893
    Total loss: 2.379375
    GW/Distance ratio: 4722.412
  GW Loss Components:
    Raw GW loss: 104.911873
    Raw distance loss: 0.023622
    Weighted GW: 1.049119
    Weighted distance: 0.472449
    Total loss: 1.521567
    GW/Distance ratio: 4441.195
  GW Loss Components:
    Raw GW loss: 154.563263
    Raw distance loss: 0.024448
    Weighted GW: 1.545633
    Weighted distance: 0.488969
    Total loss: 2.034602
    GW/Distance ratio: 6321.998
  GW Loss Components:
    Raw GW loss: 257.412720
    Raw distance loss: 0.027726
    Weighted GW: 2.574127
    Weighted distance: 0.554527
    Total loss: 3.128654
    GW/Distance ratio: 9284.038
  GW Loss Components:
    Raw GW loss: 110.010529
    Raw distance loss: 0.021629
    Weighted GW: 1.100105
    Weighted distance: 0.432574
    Total loss: 1.532680
    GW/Distance ratio: 5086.315
  GW Loss Components:
    Raw GW loss: 165.550018
    Raw distance loss: 0.026345
    Weighted GW: 1.655500
    Weighted distance: 0.526907
    Total loss: 2.182407
    GW/Distance ratio: 6283.841
  GW Loss Components:
    Raw GW loss: 216.786911
    Raw distance loss: 0.028820
    Weighted GW: 2.167869
    Weighted distance: 0.576390
    Total loss: 2.744259
    GW/Distance ratio: 7522.226
  GW Loss Components:
    Raw GW loss: 109.322769
    Raw distance loss: 0.029894
    Weighted GW: 1.093228
    Weighted distance: 0.597877
    Total loss: 1.691105
    GW/Distance ratio: 3657.030
  GW Loss Components:
    Raw GW loss: 129.276627
    Raw distance loss: 0.034430
    Weighted GW: 1.292766
    Weighted distance: 0.688609
    Total loss: 1.981375
    GW/Distance ratio: 3754.717
  GW Loss Components:
    Raw GW loss: 193.136047
    Raw distance loss: 0.039935
    Weighted GW: 1.931360
    Weighted distance: 0.798700
    Total loss: 2.730061
    GW/Distance ratio: 4836.258
  GW Loss Components:
    Raw GW loss: 105.886856
    Raw distance loss: 0.026821
    Weighted GW: 1.058869
    Weighted distance: 0.536416
    Total loss: 1.595285
    GW/Distance ratio: 3947.933
  GW Loss Components:
    Raw GW loss: 109.293137
    Raw distance loss: 0.032222
    Weighted GW: 1.092931
    Weighted distance: 0.644440
    Total loss: 1.737371
    GW/Distance ratio: 3391.879
  GW Loss Components:
    Raw GW loss: 172.229843
    Raw distance loss: 0.038187
    Weighted GW: 1.722298
    Weighted distance: 0.763730
    Total loss: 2.486028
    GW/Distance ratio: 4510.227
  GW Loss Components:
    Raw GW loss: 102.778183
    Raw distance loss: 0.024322
    Weighted GW: 1.027782
    Weighted distance: 0.486438
    Total loss: 1.514220
    GW/Distance ratio: 4225.745
  GW Loss Components:
    Raw GW loss: 110.907669
    Raw distance loss: 0.027270
    Weighted GW: 1.109077
    Weighted distance: 0.545403
    Total loss: 1.654479
    GW/Distance ratio: 4067.001
  GW Loss Components:
    Raw GW loss: 191.280396
    Raw distance loss: 0.030796
    Weighted GW: 1.912804
    Weighted distance: 0.615922
    Total loss: 2.528726
    GW/Distance ratio: 6211.185
  GW Loss Components:
    Raw GW loss: 119.511345
    Raw distance loss: 0.022566
    Weighted GW: 1.195113
    Weighted distance: 0.451319
    Total loss: 1.646432
    GW/Distance ratio: 5296.090
  GW Loss Components:
    Raw GW loss: 152.636566
    Raw distance loss: 0.025463
    Weighted GW: 1.526366
    Weighted distance: 0.509257
    Total loss: 2.035622
    GW/Distance ratio: 5994.482
  GW Loss Components:
    Raw GW loss: 209.259155
    Raw distance loss: 0.027261
    Weighted GW: 2.092592
    Weighted distance: 0.545230
    Total loss: 2.637821
    GW/Distance ratio: 7675.994
  GW Loss Components:
    Raw GW loss: 102.813667
    Raw distance loss: 0.024662
    Weighted GW: 1.028137
    Weighted distance: 0.493234
    Total loss: 1.521371
    GW/Distance ratio: 4168.960
  GW Loss Components:
    Raw GW loss: 122.697769
    Raw distance loss: 0.027320
    Weighted GW: 1.226978
    Weighted distance: 0.546396
    Total loss: 1.773374
    GW/Distance ratio: 4491.164
  GW Loss Components:
    Raw GW loss: 170.699188
    Raw distance loss: 0.032581
    Weighted GW: 1.706992
    Weighted distance: 0.651622
    Total loss: 2.358614
    GW/Distance ratio: 5239.208
  GW Loss Components:
    Raw GW loss: 114.991493
    Raw distance loss: 0.029194
    Weighted GW: 1.149915
    Weighted distance: 0.583888
    Total loss: 1.733803
    GW/Distance ratio: 3938.818
  GW Loss Components:
    Raw GW loss: 127.250092
    Raw distance loss: 0.034685
    Weighted GW: 1.272501
    Weighted distance: 0.693692
    Total loss: 1.966193
    GW/Distance ratio: 3668.778
  GW Loss Components:
    Raw GW loss: 188.199112
    Raw distance loss: 0.039943
    Weighted GW: 1.881991
    Weighted distance: 0.798854
    Total loss: 2.680845
    GW/Distance ratio: 4711.727
  GW Loss Components:
    Raw GW loss: 105.932480
    Raw distance loss: 0.025011
    Weighted GW: 1.059325
    Weighted distance: 0.500219
    Total loss: 1.559544
    GW/Distance ratio: 4235.441
  GW Loss Components:
    Raw GW loss: 177.462234
    Raw distance loss: 0.026742
    Weighted GW: 1.774622
    Weighted distance: 0.534837
    Total loss: 2.309459
    GW/Distance ratio: 6636.124
  GW Loss Components:
    Raw GW loss: 182.366028
    Raw distance loss: 0.031525
    Weighted GW: 1.823660
    Weighted distance: 0.630498
    Total loss: 2.454159
    GW/Distance ratio: 5784.819
  GW Loss Components:
    Raw GW loss: 97.453293
    Raw distance loss: 0.023835
    Weighted GW: 0.974533
    Weighted distance: 0.476695
    Total loss: 1.451228
    GW/Distance ratio: 4088.707
  GW Loss Components:
    Raw GW loss: 117.176865
    Raw distance loss: 0.028315
    Weighted GW: 1.171769
    Weighted distance: 0.566310
    Total loss: 1.738078
    GW/Distance ratio: 4138.261
  GW Loss Components:
    Raw GW loss: 201.806763
    Raw distance loss: 0.031110
    Weighted GW: 2.018068
    Weighted distance: 0.622193
    Total loss: 2.640260
    GW/Distance ratio: 6486.950
  GW Loss Components:
    Raw GW loss: 99.013809
    Raw distance loss: 0.023920
    Weighted GW: 0.990138
    Weighted distance: 0.478402
    Total loss: 1.468540
    GW/Distance ratio: 4139.351
  GW Loss Components:
    Raw GW loss: 115.858109
    Raw distance loss: 0.028286
    Weighted GW: 1.158581
    Weighted distance: 0.565717
    Total loss: 1.724298
    GW/Distance ratio: 4095.969
  GW Loss Components:
    Raw GW loss: 177.349762
    Raw distance loss: 0.029982
    Weighted GW: 1.773498
    Weighted distance: 0.599638
    Total loss: 2.373135
    GW/Distance ratio: 5915.230
  GW Loss Components:
    Raw GW loss: 117.968651
    Raw distance loss: 0.027357
    Weighted GW: 1.179686
    Weighted distance: 0.547138
    Total loss: 1.726824
    GW/Distance ratio: 4312.208
  GW Loss Components:
    Raw GW loss: 114.659531
    Raw distance loss: 0.030629
    Weighted GW: 1.146595
    Weighted distance: 0.612588
    Total loss: 1.759183
    GW/Distance ratio: 3743.446
  GW Loss Components:
    Raw GW loss: 166.255310
    Raw distance loss: 0.036307
    Weighted GW: 1.662553
    Weighted distance: 0.726146
    Total loss: 2.388700
    GW/Distance ratio: 4579.112
  GW Loss Components:
    Raw GW loss: 103.081314
    Raw distance loss: 0.025240
    Weighted GW: 1.030813
    Weighted distance: 0.504808
    Total loss: 1.535621
    GW/Distance ratio: 4083.982
  GW Loss Components:
    Raw GW loss: 133.125351
    Raw distance loss: 0.030942
    Weighted GW: 1.331254
    Weighted distance: 0.618831
    Total loss: 1.950085
    GW/Distance ratio: 4302.476
  GW Loss Components:
    Raw GW loss: 175.817276
    Raw distance loss: 0.033600
    Weighted GW: 1.758173
    Weighted distance: 0.672001
    Total loss: 2.430174
    GW/Distance ratio: 5232.648
  GW Loss Components:
    Raw GW loss: 136.216553
    Raw distance loss: 0.019989
    Weighted GW: 1.362165
    Weighted distance: 0.399784
    Total loss: 1.761949
    GW/Distance ratio: 6814.508
  GW Loss Components:
    Raw GW loss: 166.982788
    Raw distance loss: 0.023183
    Weighted GW: 1.669828
    Weighted distance: 0.463657
    Total loss: 2.133485
    GW/Distance ratio: 7202.858
  GW Loss Components:
    Raw GW loss: 195.108032
    Raw distance loss: 0.030311
    Weighted GW: 1.951080
    Weighted distance: 0.606224
    Total loss: 2.557305
    GW/Distance ratio: 6436.824
  GW Loss Components:
    Raw GW loss: 91.313759
    Raw distance loss: 0.023028
    Weighted GW: 0.913138
    Weighted distance: 0.460564
    Total loss: 1.373702
    GW/Distance ratio: 3965.300
  GW Loss Components:
    Raw GW loss: 198.910339
    Raw distance loss: 0.025224
    Weighted GW: 1.989103
    Weighted distance: 0.504481
    Total loss: 2.493584
    GW/Distance ratio: 7885.743
  GW Loss Components:
    Raw GW loss: 198.211517
    Raw distance loss: 0.029846
    Weighted GW: 1.982115
    Weighted distance: 0.596925
    Total loss: 2.579040
    GW/Distance ratio: 6641.085
  GW Loss Components:
    Raw GW loss: 104.260590
    Raw distance loss: 0.028236
    Weighted GW: 1.042606
    Weighted distance: 0.564717
    Total loss: 1.607323
    GW/Distance ratio: 3692.489
  GW Loss Components:
    Raw GW loss: 108.110550
    Raw distance loss: 0.029481
    Weighted GW: 1.081105
    Weighted distance: 0.589624
    Total loss: 1.670729
    GW/Distance ratio: 3667.101
  GW Loss Components:
    Raw GW loss: 160.556702
    Raw distance loss: 0.036596
    Weighted GW: 1.605567
    Weighted distance: 0.731910
    Total loss: 2.337477
    GW/Distance ratio: 4387.332
  GW Loss Components:
    Raw GW loss: 118.683449
    Raw distance loss: 0.030964
    Weighted GW: 1.186834
    Weighted distance: 0.619279
    Total loss: 1.806113
    GW/Distance ratio: 3832.957
  GW Loss Components:
    Raw GW loss: 160.230911
    Raw distance loss: 0.037658
    Weighted GW: 1.602309
    Weighted distance: 0.753155
    Total loss: 2.355464
    GW/Distance ratio: 4254.926
  GW Loss Components:
    Raw GW loss: 168.738831
    Raw distance loss: 0.038695
    Weighted GW: 1.687388
    Weighted distance: 0.773903
    Total loss: 2.461291
    GW/Distance ratio: 4360.723
  GW Loss Components:
    Raw GW loss: 102.252853
    Raw distance loss: 0.027557
    Weighted GW: 1.022529
    Weighted distance: 0.551141
    Total loss: 1.573670
    GW/Distance ratio: 3710.583
  GW Loss Components:
    Raw GW loss: 105.915848
    Raw distance loss: 0.027523
    Weighted GW: 1.059158
    Weighted distance: 0.550470
    Total loss: 1.609628
    GW/Distance ratio: 3848.196
  GW Loss Components:
    Raw GW loss: 161.978363
    Raw distance loss: 0.032763
    Weighted GW: 1.619784
    Weighted distance: 0.655263
    Total loss: 2.275046
    GW/Distance ratio: 4943.921
  GW Loss Components:
    Raw GW loss: 115.485474
    Raw distance loss: 0.020302
    Weighted GW: 1.154855
    Weighted distance: 0.406032
    Total loss: 1.560887
    GW/Distance ratio: 5688.485
  GW Loss Components:
    Raw GW loss: 204.440948
    Raw distance loss: 0.023951
    Weighted GW: 2.044410
    Weighted distance: 0.479011
    Total loss: 2.523421
    GW/Distance ratio: 8535.957
  GW Loss Components:
    Raw GW loss: 207.454788
    Raw distance loss: 0.027291
    Weighted GW: 2.074548
    Weighted distance: 0.545828
    Total loss: 2.620375
    GW/Distance ratio: 7601.473
  GW Loss Components:
    Raw GW loss: 102.081802
    Raw distance loss: 0.022904
    Weighted GW: 1.020818
    Weighted distance: 0.458071
    Total loss: 1.478889
    GW/Distance ratio: 4457.024
  GW Loss Components:
    Raw GW loss: 132.212830
    Raw distance loss: 0.027669
    Weighted GW: 1.322128
    Weighted distance: 0.553383
    Total loss: 1.875511
    GW/Distance ratio: 4778.350
  GW Loss Components:
    Raw GW loss: 163.630280
    Raw distance loss: 0.032883
    Weighted GW: 1.636303
    Weighted distance: 0.657665
    Total loss: 2.293968
    GW/Distance ratio: 4976.096
Batch 350/537: Loss=3.2957 (C:7.9606, R:0.0141, T:1.8828(w:1.000)🚀)
  GW Loss Components:
    Raw GW loss: 102.991386
    Raw distance loss: 0.027420
    Weighted GW: 1.029914
    Weighted distance: 0.548391
    Total loss: 1.578304
    GW/Distance ratio: 3756.132
  GW Loss Components:
    Raw GW loss: 108.894585
    Raw distance loss: 0.031437
    Weighted GW: 1.088946
    Weighted distance: 0.628750
    Total loss: 1.717696
    GW/Distance ratio: 3463.843
  GW Loss Components:
    Raw GW loss: 145.332733
    Raw distance loss: 0.032678
    Weighted GW: 1.453327
    Weighted distance: 0.653558
    Total loss: 2.106885
    GW/Distance ratio: 4447.431
  GW Loss Components:
    Raw GW loss: 100.301270
    Raw distance loss: 0.025925
    Weighted GW: 1.003013
    Weighted distance: 0.518496
    Total loss: 1.521509
    GW/Distance ratio: 3868.927
  GW Loss Components:
    Raw GW loss: 150.525925
    Raw distance loss: 0.032580
    Weighted GW: 1.505259
    Weighted distance: 0.651606
    Total loss: 2.156865
    GW/Distance ratio: 4620.152
  GW Loss Components:
    Raw GW loss: 185.159424
    Raw distance loss: 0.040730
    Weighted GW: 1.851594
    Weighted distance: 0.814593
    Total loss: 2.666188
    GW/Distance ratio: 4546.056
  GW Loss Components:
    Raw GW loss: 99.193436
    Raw distance loss: 0.023166
    Weighted GW: 0.991934
    Weighted distance: 0.463327
    Total loss: 1.455261
    GW/Distance ratio: 4281.788
  GW Loss Components:
    Raw GW loss: 114.380302
    Raw distance loss: 0.028425
    Weighted GW: 1.143803
    Weighted distance: 0.568494
    Total loss: 1.712297
    GW/Distance ratio: 4023.977
  GW Loss Components:
    Raw GW loss: 163.525604
    Raw distance loss: 0.032653
    Weighted GW: 1.635256
    Weighted distance: 0.653064
    Total loss: 2.288320
    GW/Distance ratio: 5007.948
  GW Loss Components:
    Raw GW loss: 99.339912
    Raw distance loss: 0.022292
    Weighted GW: 0.993399
    Weighted distance: 0.445833
    Total loss: 1.439232
    GW/Distance ratio: 4456.371
  GW Loss Components:
    Raw GW loss: 114.733994
    Raw distance loss: 0.025161
    Weighted GW: 1.147340
    Weighted distance: 0.503226
    Total loss: 1.650566
    GW/Distance ratio: 4559.938
  GW Loss Components:
    Raw GW loss: 204.543671
    Raw distance loss: 0.031444
    Weighted GW: 2.045437
    Weighted distance: 0.628871
    Total loss: 2.674308
    GW/Distance ratio: 6505.101
  GW Loss Components:
    Raw GW loss: 110.854622
    Raw distance loss: 0.026261
    Weighted GW: 1.108546
    Weighted distance: 0.525226
    Total loss: 1.633772
    GW/Distance ratio: 4221.217
  GW Loss Components:
    Raw GW loss: 158.678101
    Raw distance loss: 0.029491
    Weighted GW: 1.586781
    Weighted distance: 0.589821
    Total loss: 2.176602
    GW/Distance ratio: 5380.551
  GW Loss Components:
    Raw GW loss: 179.940292
    Raw distance loss: 0.030498
    Weighted GW: 1.799403
    Weighted distance: 0.609957
    Total loss: 2.409359
    GW/Distance ratio: 5900.098
  GW Loss Components:
    Raw GW loss: 94.060684
    Raw distance loss: 0.025102
    Weighted GW: 0.940607
    Weighted distance: 0.502043
    Total loss: 1.442650
    GW/Distance ratio: 3747.113
  GW Loss Components:
    Raw GW loss: 124.969360
    Raw distance loss: 0.030075
    Weighted GW: 1.249694
    Weighted distance: 0.601502
    Total loss: 1.851196
    GW/Distance ratio: 4155.240
  GW Loss Components:
    Raw GW loss: 177.980209
    Raw distance loss: 0.033560
    Weighted GW: 1.779802
    Weighted distance: 0.671195
    Total loss: 2.450997
    GW/Distance ratio: 5303.379
  GW Loss Components:
    Raw GW loss: 113.434349
    Raw distance loss: 0.029488
    Weighted GW: 1.134344
    Weighted distance: 0.589755
    Total loss: 1.724099
    GW/Distance ratio: 3846.826
  GW Loss Components:
    Raw GW loss: 117.024704
    Raw distance loss: 0.032477
    Weighted GW: 1.170247
    Weighted distance: 0.649533
    Total loss: 1.819780
    GW/Distance ratio: 3603.346
  GW Loss Components:
    Raw GW loss: 115.053688
    Raw distance loss: 0.034074
    Weighted GW: 1.150537
    Weighted distance: 0.681477
    Total loss: 1.832014
    GW/Distance ratio: 3376.594
  GW Loss Components:
    Raw GW loss: 97.003021
    Raw distance loss: 0.024795
    Weighted GW: 0.970030
    Weighted distance: 0.495908
    Total loss: 1.465938
    GW/Distance ratio: 3912.135
  GW Loss Components:
    Raw GW loss: 124.394394
    Raw distance loss: 0.026117
    Weighted GW: 1.243944
    Weighted distance: 0.522330
    Total loss: 1.766274
    GW/Distance ratio: 4763.055
  GW Loss Components:
    Raw GW loss: 157.793518
    Raw distance loss: 0.029055
    Weighted GW: 1.577935
    Weighted distance: 0.581093
    Total loss: 2.159028
    GW/Distance ratio: 5430.923
  GW Loss Components:
    Raw GW loss: 110.288345
    Raw distance loss: 0.021758
    Weighted GW: 1.102883
    Weighted distance: 0.435159
    Total loss: 1.538042
    GW/Distance ratio: 5068.879
  GW Loss Components:
    Raw GW loss: 108.705200
    Raw distance loss: 0.026302
    Weighted GW: 1.087052
    Weighted distance: 0.526034
    Total loss: 1.613086
    GW/Distance ratio: 4133.008
  GW Loss Components:
    Raw GW loss: 190.049927
    Raw distance loss: 0.028640
    Weighted GW: 1.900499
    Weighted distance: 0.572808
    Total loss: 2.473307
    GW/Distance ratio: 6635.726
  GW Loss Components:
    Raw GW loss: 107.719902
    Raw distance loss: 0.019166
    Weighted GW: 1.077199
    Weighted distance: 0.383319
    Total loss: 1.460518
    GW/Distance ratio: 5620.376
  GW Loss Components:
    Raw GW loss: 138.920151
    Raw distance loss: 0.021841
    Weighted GW: 1.389202
    Weighted distance: 0.436829
    Total loss: 1.826031
    GW/Distance ratio: 6360.381
  GW Loss Components:
    Raw GW loss: 188.337738
    Raw distance loss: 0.029119
    Weighted GW: 1.883377
    Weighted distance: 0.582382
    Total loss: 2.465759
    GW/Distance ratio: 6467.845
  GW Loss Components:
    Raw GW loss: 106.709305
    Raw distance loss: 0.024000
    Weighted GW: 1.067093
    Weighted distance: 0.479991
    Total loss: 1.547084
    GW/Distance ratio: 4446.299
  GW Loss Components:
    Raw GW loss: 108.031166
    Raw distance loss: 0.028629
    Weighted GW: 1.080312
    Weighted distance: 0.572570
    Total loss: 1.652882
    GW/Distance ratio: 3773.549
  GW Loss Components:
    Raw GW loss: 122.906181
    Raw distance loss: 0.030617
    Weighted GW: 1.229062
    Weighted distance: 0.612338
    Total loss: 1.841400
    GW/Distance ratio: 4014.325
  GW Loss Components:
    Raw GW loss: 102.976555
    Raw distance loss: 0.023090
    Weighted GW: 1.029765
    Weighted distance: 0.461794
    Total loss: 1.491560
    GW/Distance ratio: 4459.845
  GW Loss Components:
    Raw GW loss: 112.887436
    Raw distance loss: 0.031375
    Weighted GW: 1.128874
    Weighted distance: 0.627498
    Total loss: 1.756372
    GW/Distance ratio: 3598.016
  GW Loss Components:
    Raw GW loss: 155.602982
    Raw distance loss: 0.034525
    Weighted GW: 1.556030
    Weighted distance: 0.690500
    Total loss: 2.246530
    GW/Distance ratio: 4506.963
  GW Loss Components:
    Raw GW loss: 113.889252
    Raw distance loss: 0.024233
    Weighted GW: 1.138893
    Weighted distance: 0.484655
    Total loss: 1.623548
    GW/Distance ratio: 4699.803
  GW Loss Components:
    Raw GW loss: 162.054474
    Raw distance loss: 0.028638
    Weighted GW: 1.620545
    Weighted distance: 0.572756
    Total loss: 2.193300
    GW/Distance ratio: 5658.763
  GW Loss Components:
    Raw GW loss: 172.958694
    Raw distance loss: 0.033094
    Weighted GW: 1.729587
    Weighted distance: 0.661872
    Total loss: 2.391459
    GW/Distance ratio: 5226.349
  GW Loss Components:
    Raw GW loss: 100.550262
    Raw distance loss: 0.025487
    Weighted GW: 1.005503
    Weighted distance: 0.509748
    Total loss: 1.515251
    GW/Distance ratio: 3945.094
  GW Loss Components:
    Raw GW loss: 162.953705
    Raw distance loss: 0.025208
    Weighted GW: 1.629537
    Weighted distance: 0.504156
    Total loss: 2.133693
    GW/Distance ratio: 6464.418
  GW Loss Components:
    Raw GW loss: 172.192261
    Raw distance loss: 0.033760
    Weighted GW: 1.721923
    Weighted distance: 0.675195
    Total loss: 2.397118
    GW/Distance ratio: 5100.516
  GW Loss Components:
    Raw GW loss: 99.664711
    Raw distance loss: 0.023694
    Weighted GW: 0.996647
    Weighted distance: 0.473886
    Total loss: 1.470533
    GW/Distance ratio: 4206.269
  GW Loss Components:
    Raw GW loss: 109.213219
    Raw distance loss: 0.025862
    Weighted GW: 1.092132
    Weighted distance: 0.517243
    Total loss: 1.609375
    GW/Distance ratio: 4222.899
  GW Loss Components:
    Raw GW loss: 178.670502
    Raw distance loss: 0.032686
    Weighted GW: 1.786705
    Weighted distance: 0.653721
    Total loss: 2.440426
    GW/Distance ratio: 5466.263
  GW Loss Components:
    Raw GW loss: 123.964561
    Raw distance loss: 0.024442
    Weighted GW: 1.239646
    Weighted distance: 0.488844
    Total loss: 1.728490
    GW/Distance ratio: 5071.742
  GW Loss Components:
    Raw GW loss: 173.118591
    Raw distance loss: 0.028680
    Weighted GW: 1.731186
    Weighted distance: 0.573592
    Total loss: 2.304778
    GW/Distance ratio: 6036.293
  GW Loss Components:
    Raw GW loss: 158.802597
    Raw distance loss: 0.031450
    Weighted GW: 1.588026
    Weighted distance: 0.629008
    Total loss: 2.217034
    GW/Distance ratio: 5049.301
  GW Loss Components:
    Raw GW loss: 100.849442
    Raw distance loss: 0.025658
    Weighted GW: 1.008494
    Weighted distance: 0.513151
    Total loss: 1.521645
    GW/Distance ratio: 3930.595
  GW Loss Components:
    Raw GW loss: 122.928474
    Raw distance loss: 0.027213
    Weighted GW: 1.229285
    Weighted distance: 0.544261
    Total loss: 1.773545
    GW/Distance ratio: 4517.265
  GW Loss Components:
    Raw GW loss: 176.637665
    Raw distance loss: 0.036254
    Weighted GW: 1.766377
    Weighted distance: 0.725073
    Total loss: 2.491450
    GW/Distance ratio: 4872.271
  GW Loss Components:
    Raw GW loss: 121.324524
    Raw distance loss: 0.021790
    Weighted GW: 1.213245
    Weighted distance: 0.435800
    Total loss: 1.649045
    GW/Distance ratio: 5567.901
  GW Loss Components:
    Raw GW loss: 118.994781
    Raw distance loss: 0.029172
    Weighted GW: 1.189948
    Weighted distance: 0.583448
    Total loss: 1.773396
    GW/Distance ratio: 4079.019
  GW Loss Components:
    Raw GW loss: 170.058502
    Raw distance loss: 0.032645
    Weighted GW: 1.700585
    Weighted distance: 0.652901
    Total loss: 2.353486
    GW/Distance ratio: 5209.320
  GW Loss Components:
    Raw GW loss: 97.721405
    Raw distance loss: 0.022422
    Weighted GW: 0.977214
    Weighted distance: 0.448444
    Total loss: 1.425658
    GW/Distance ratio: 4358.246
  GW Loss Components:
    Raw GW loss: 142.251434
    Raw distance loss: 0.029685
    Weighted GW: 1.422514
    Weighted distance: 0.593692
    Total loss: 2.016206
    GW/Distance ratio: 4792.097
  GW Loss Components:
    Raw GW loss: 161.487762
    Raw distance loss: 0.029160
    Weighted GW: 1.614878
    Weighted distance: 0.583196
    Total loss: 2.198073
    GW/Distance ratio: 5538.029
  GW Loss Components:
    Raw GW loss: 101.915306
    Raw distance loss: 0.022042
    Weighted GW: 1.019153
    Weighted distance: 0.440833
    Total loss: 1.459986
    GW/Distance ratio: 4623.762
  GW Loss Components:
    Raw GW loss: 118.873642
    Raw distance loss: 0.027231
    Weighted GW: 1.188736
    Weighted distance: 0.544616
    Total loss: 1.733352
    GW/Distance ratio: 4365.410
  GW Loss Components:
    Raw GW loss: 164.516647
    Raw distance loss: 0.031749
    Weighted GW: 1.645166
    Weighted distance: 0.634989
    Total loss: 2.280156
    GW/Distance ratio: 5181.711
  GW Loss Components:
    Raw GW loss: 120.407303
    Raw distance loss: 0.025037
    Weighted GW: 1.204073
    Weighted distance: 0.500735
    Total loss: 1.704808
    GW/Distance ratio: 4809.221
  GW Loss Components:
    Raw GW loss: 118.019691
    Raw distance loss: 0.028809
    Weighted GW: 1.180197
    Weighted distance: 0.576190
    Total loss: 1.756387
    GW/Distance ratio: 4096.556
  GW Loss Components:
    Raw GW loss: 183.860016
    Raw distance loss: 0.029229
    Weighted GW: 1.838600
    Weighted distance: 0.584589
    Total loss: 2.423189
    GW/Distance ratio: 6290.232
  GW Loss Components:
    Raw GW loss: 112.122910
    Raw distance loss: 0.024357
    Weighted GW: 1.121229
    Weighted distance: 0.487134
    Total loss: 1.608363
    GW/Distance ratio: 4603.366
  GW Loss Components:
    Raw GW loss: 118.759430
    Raw distance loss: 0.027344
    Weighted GW: 1.187594
    Weighted distance: 0.546872
    Total loss: 1.734466
    GW/Distance ratio: 4343.224
  GW Loss Components:
    Raw GW loss: 163.830780
    Raw distance loss: 0.033408
    Weighted GW: 1.638308
    Weighted distance: 0.668155
    Total loss: 2.306463
    GW/Distance ratio: 4903.971
  GW Loss Components:
    Raw GW loss: 95.289078
    Raw distance loss: 0.023548
    Weighted GW: 0.952891
    Weighted distance: 0.470966
    Total loss: 1.423856
    GW/Distance ratio: 4046.539
  GW Loss Components:
    Raw GW loss: 121.734863
    Raw distance loss: 0.025434
    Weighted GW: 1.217349
    Weighted distance: 0.508685
    Total loss: 1.726033
    GW/Distance ratio: 4786.257
  GW Loss Components:
    Raw GW loss: 165.803711
    Raw distance loss: 0.029098
    Weighted GW: 1.658037
    Weighted distance: 0.581951
    Total loss: 2.239988
    GW/Distance ratio: 5698.197
  GW Loss Components:
    Raw GW loss: 105.624268
    Raw distance loss: 0.021925
    Weighted GW: 1.056243
    Weighted distance: 0.438494
    Total loss: 1.494737
    GW/Distance ratio: 4817.586
  GW Loss Components:
    Raw GW loss: 160.468048
    Raw distance loss: 0.026348
    Weighted GW: 1.604680
    Weighted distance: 0.526951
    Total loss: 2.131631
    GW/Distance ratio: 6090.436
  GW Loss Components:
    Raw GW loss: 198.203888
    Raw distance loss: 0.028577
    Weighted GW: 1.982039
    Weighted distance: 0.571541
    Total loss: 2.553580
    GW/Distance ratio: 6935.769
  GW Loss Components:
    Raw GW loss: 121.015976
    Raw distance loss: 0.029273
    Weighted GW: 1.210160
    Weighted distance: 0.585467
    Total loss: 1.795626
    GW/Distance ratio: 4134.000
  GW Loss Components:
    Raw GW loss: 109.350822
    Raw distance loss: 0.033097
    Weighted GW: 1.093508
    Weighted distance: 0.661938
    Total loss: 1.755446
    GW/Distance ratio: 3303.958
  GW Loss Components:
    Raw GW loss: 175.251175
    Raw distance loss: 0.036744
    Weighted GW: 1.752512
    Weighted distance: 0.734872
    Total loss: 2.487383
    GW/Distance ratio: 4769.572
Batch 375/537: Loss=3.4053 (C:7.9656, R:0.0139, T:2.0128(w:1.000)🚀)
  GW Loss Components:
    Raw GW loss: 99.098267
    Raw distance loss: 0.023589
    Weighted GW: 0.990983
    Weighted distance: 0.471787
    Total loss: 1.462769
    GW/Distance ratio: 4200.976
  GW Loss Components:
    Raw GW loss: 120.347168
    Raw distance loss: 0.033016
    Weighted GW: 1.203472
    Weighted distance: 0.660324
    Total loss: 1.863796
    GW/Distance ratio: 3645.094
  GW Loss Components:
    Raw GW loss: 181.101044
    Raw distance loss: 0.031550
    Weighted GW: 1.811010
    Weighted distance: 0.631002
    Total loss: 2.442012
    GW/Distance ratio: 5740.107
  GW Loss Components:
    Raw GW loss: 102.540306
    Raw distance loss: 0.021390
    Weighted GW: 1.025403
    Weighted distance: 0.427805
    Total loss: 1.453208
    GW/Distance ratio: 4793.789
  GW Loss Components:
    Raw GW loss: 143.392365
    Raw distance loss: 0.024213
    Weighted GW: 1.433924
    Weighted distance: 0.484253
    Total loss: 1.918177
    GW/Distance ratio: 5922.206
  GW Loss Components:
    Raw GW loss: 185.432373
    Raw distance loss: 0.027927
    Weighted GW: 1.854324
    Weighted distance: 0.558547
    Total loss: 2.412871
    GW/Distance ratio: 6639.809
  GW Loss Components:
    Raw GW loss: 202.034760
    Raw distance loss: 0.018401
    Weighted GW: 2.020348
    Weighted distance: 0.368027
    Total loss: 2.388375
    GW/Distance ratio: 10979.335
  GW Loss Components:
    Raw GW loss: 152.895920
    Raw distance loss: 0.022821
    Weighted GW: 1.528959
    Weighted distance: 0.456430
    Total loss: 1.985389
    GW/Distance ratio: 6699.644
  GW Loss Components:
    Raw GW loss: 226.058868
    Raw distance loss: 0.025359
    Weighted GW: 2.260589
    Weighted distance: 0.507185
    Total loss: 2.767773
    GW/Distance ratio: 8914.262
  GW Loss Components:
    Raw GW loss: 101.013489
    Raw distance loss: 0.023769
    Weighted GW: 1.010135
    Weighted distance: 0.475384
    Total loss: 1.485519
    GW/Distance ratio: 4249.760
  GW Loss Components:
    Raw GW loss: 126.765648
    Raw distance loss: 0.029933
    Weighted GW: 1.267656
    Weighted distance: 0.598653
    Total loss: 1.866309
    GW/Distance ratio: 4235.030
  GW Loss Components:
    Raw GW loss: 166.958038
    Raw distance loss: 0.036645
    Weighted GW: 1.669580
    Weighted distance: 0.732906
    Total loss: 2.402486
    GW/Distance ratio: 4556.057
  GW Loss Components:
    Raw GW loss: 118.358902
    Raw distance loss: 0.028508
    Weighted GW: 1.183589
    Weighted distance: 0.570162
    Total loss: 1.753751
    GW/Distance ratio: 4151.763
  GW Loss Components:
    Raw GW loss: 149.719345
    Raw distance loss: 0.034658
    Weighted GW: 1.497193
    Weighted distance: 0.693156
    Total loss: 2.190349
    GW/Distance ratio: 4319.932
  GW Loss Components:
    Raw GW loss: 166.478180
    Raw distance loss: 0.033378
    Weighted GW: 1.664782
    Weighted distance: 0.667564
    Total loss: 2.332346
    GW/Distance ratio: 4987.630
  GW Loss Components:
    Raw GW loss: 93.760368
    Raw distance loss: 0.023706
    Weighted GW: 0.937604
    Weighted distance: 0.474113
    Total loss: 1.411717
    GW/Distance ratio: 3955.186
  GW Loss Components:
    Raw GW loss: 134.500641
    Raw distance loss: 0.032406
    Weighted GW: 1.345006
    Weighted distance: 0.648111
    Total loss: 1.993117
    GW/Distance ratio: 4150.544
  GW Loss Components:
    Raw GW loss: 167.725891
    Raw distance loss: 0.034583
    Weighted GW: 1.677259
    Weighted distance: 0.691657
    Total loss: 2.368916
    GW/Distance ratio: 4849.968
  GW Loss Components:
    Raw GW loss: 144.575256
    Raw distance loss: 0.018529
    Weighted GW: 1.445753
    Weighted distance: 0.370576
    Total loss: 1.816329
    GW/Distance ratio: 7802.726
  GW Loss Components:
    Raw GW loss: 159.380997
    Raw distance loss: 0.021830
    Weighted GW: 1.593810
    Weighted distance: 0.436595
    Total loss: 2.030405
    GW/Distance ratio: 7301.089
  GW Loss Components:
    Raw GW loss: 278.075195
    Raw distance loss: 0.025352
    Weighted GW: 2.780752
    Weighted distance: 0.507046
    Total loss: 3.287798
    GW/Distance ratio: 10968.440
  GW Loss Components:
    Raw GW loss: 100.363533
    Raw distance loss: 0.021913
    Weighted GW: 1.003635
    Weighted distance: 0.438265
    Total loss: 1.441900
    GW/Distance ratio: 4580.038
  GW Loss Components:
    Raw GW loss: 112.303383
    Raw distance loss: 0.027685
    Weighted GW: 1.123034
    Weighted distance: 0.553710
    Total loss: 1.676744
    GW/Distance ratio: 4056.397
  GW Loss Components:
    Raw GW loss: 177.807556
    Raw distance loss: 0.028972
    Weighted GW: 1.778076
    Weighted distance: 0.579441
    Total loss: 2.357517
    GW/Distance ratio: 6137.209
  GW Loss Components:
    Raw GW loss: 140.512268
    Raw distance loss: 0.026487
    Weighted GW: 1.405123
    Weighted distance: 0.529730
    Total loss: 1.934853
    GW/Distance ratio: 5305.047
  GW Loss Components:
    Raw GW loss: 125.563492
    Raw distance loss: 0.029902
    Weighted GW: 1.255635
    Weighted distance: 0.598035
    Total loss: 1.853670
    GW/Distance ratio: 4199.199
  GW Loss Components:
    Raw GW loss: 184.119171
    Raw distance loss: 0.033309
    Weighted GW: 1.841192
    Weighted distance: 0.666172
    Total loss: 2.507363
    GW/Distance ratio: 5527.677
  GW Loss Components:
    Raw GW loss: 126.409454
    Raw distance loss: 0.029760
    Weighted GW: 1.264094
    Weighted distance: 0.595210
    Total loss: 1.859304
    GW/Distance ratio: 4247.560
  GW Loss Components:
    Raw GW loss: 176.720978
    Raw distance loss: 0.033042
    Weighted GW: 1.767210
    Weighted distance: 0.660839
    Total loss: 2.428048
    GW/Distance ratio: 5348.384
  GW Loss Components:
    Raw GW loss: 172.791641
    Raw distance loss: 0.037472
    Weighted GW: 1.727916
    Weighted distance: 0.749436
    Total loss: 2.477352
    GW/Distance ratio: 4611.243
  GW Loss Components:
    Raw GW loss: 95.795967
    Raw distance loss: 0.022478
    Weighted GW: 0.957960
    Weighted distance: 0.449560
    Total loss: 1.407519
    GW/Distance ratio: 4261.768
  GW Loss Components:
    Raw GW loss: 113.586258
    Raw distance loss: 0.027057
    Weighted GW: 1.135863
    Weighted distance: 0.541139
    Total loss: 1.677002
    GW/Distance ratio: 4198.041
  GW Loss Components:
    Raw GW loss: 200.525711
    Raw distance loss: 0.026909
    Weighted GW: 2.005257
    Weighted distance: 0.538182
    Total loss: 2.543440
    GW/Distance ratio: 7451.957
  GW Loss Components:
    Raw GW loss: 122.495895
    Raw distance loss: 0.020433
    Weighted GW: 1.224959
    Weighted distance: 0.408668
    Total loss: 1.633626
    GW/Distance ratio: 5994.890
  GW Loss Components:
    Raw GW loss: 220.516373
    Raw distance loss: 0.020636
    Weighted GW: 2.205164
    Weighted distance: 0.412721
    Total loss: 2.617885
    GW/Distance ratio: 10685.973
  GW Loss Components:
    Raw GW loss: 259.368469
    Raw distance loss: 0.023701
    Weighted GW: 2.593685
    Weighted distance: 0.474028
    Total loss: 3.067713
    GW/Distance ratio: 10943.161
  GW Loss Components:
    Raw GW loss: 121.368073
    Raw distance loss: 0.021760
    Weighted GW: 1.213681
    Weighted distance: 0.435193
    Total loss: 1.648873
    GW/Distance ratio: 5577.670
  GW Loss Components:
    Raw GW loss: 175.166885
    Raw distance loss: 0.025381
    Weighted GW: 1.751669
    Weighted distance: 0.507614
    Total loss: 2.259283
    GW/Distance ratio: 6901.580
  GW Loss Components:
    Raw GW loss: 198.881897
    Raw distance loss: 0.027352
    Weighted GW: 1.988819
    Weighted distance: 0.547035
    Total loss: 2.535854
    GW/Distance ratio: 7271.265
  GW Loss Components:
    Raw GW loss: 131.318085
    Raw distance loss: 0.028090
    Weighted GW: 1.313181
    Weighted distance: 0.561810
    Total loss: 1.874991
    GW/Distance ratio: 4674.821
  GW Loss Components:
    Raw GW loss: 117.624405
    Raw distance loss: 0.029866
    Weighted GW: 1.176244
    Weighted distance: 0.597329
    Total loss: 1.773573
    GW/Distance ratio: 3938.346
  GW Loss Components:
    Raw GW loss: 213.264572
    Raw distance loss: 0.038397
    Weighted GW: 2.132646
    Weighted distance: 0.767948
    Total loss: 2.900593
    GW/Distance ratio: 5554.142
  GW Loss Components:
    Raw GW loss: 118.623184
    Raw distance loss: 0.028346
    Weighted GW: 1.186232
    Weighted distance: 0.566917
    Total loss: 1.753149
    GW/Distance ratio: 4184.849
  GW Loss Components:
    Raw GW loss: 143.126709
    Raw distance loss: 0.031248
    Weighted GW: 1.431267
    Weighted distance: 0.624970
    Total loss: 2.056237
    GW/Distance ratio: 4580.275
  GW Loss Components:
    Raw GW loss: 186.996475
    Raw distance loss: 0.036997
    Weighted GW: 1.869965
    Weighted distance: 0.739949
    Total loss: 2.609914
    GW/Distance ratio: 5054.305
  GW Loss Components:
    Raw GW loss: 107.611694
    Raw distance loss: 0.019128
    Weighted GW: 1.076117
    Weighted distance: 0.382564
    Total loss: 1.458681
    GW/Distance ratio: 5625.817
  GW Loss Components:
    Raw GW loss: 205.365570
    Raw distance loss: 0.023791
    Weighted GW: 2.053656
    Weighted distance: 0.475816
    Total loss: 2.529472
    GW/Distance ratio: 8632.130
  GW Loss Components:
    Raw GW loss: 179.107483
    Raw distance loss: 0.026604
    Weighted GW: 1.791075
    Weighted distance: 0.532088
    Total loss: 2.323163
    GW/Distance ratio: 6732.244
  GW Loss Components:
    Raw GW loss: 103.589005
    Raw distance loss: 0.022928
    Weighted GW: 1.035890
    Weighted distance: 0.458562
    Total loss: 1.494452
    GW/Distance ratio: 4517.995
  GW Loss Components:
    Raw GW loss: 174.181519
    Raw distance loss: 0.024733
    Weighted GW: 1.741815
    Weighted distance: 0.494654
    Total loss: 2.236469
    GW/Distance ratio: 7042.563
  GW Loss Components:
    Raw GW loss: 160.340790
    Raw distance loss: 0.030043
    Weighted GW: 1.603408
    Weighted distance: 0.600866
    Total loss: 2.204274
    GW/Distance ratio: 5336.989
  GW Loss Components:
    Raw GW loss: 126.482941
    Raw distance loss: 0.025409
    Weighted GW: 1.264829
    Weighted distance: 0.508179
    Total loss: 1.773008
    GW/Distance ratio: 4977.892
  GW Loss Components:
    Raw GW loss: 136.808899
    Raw distance loss: 0.028073
    Weighted GW: 1.368089
    Weighted distance: 0.561459
    Total loss: 1.929548
    GW/Distance ratio: 4873.333
  GW Loss Components:
    Raw GW loss: 173.778442
    Raw distance loss: 0.028905
    Weighted GW: 1.737784
    Weighted distance: 0.578092
    Total loss: 2.315876
    GW/Distance ratio: 6012.139
  GW Loss Components:
    Raw GW loss: 114.064331
    Raw distance loss: 0.026480
    Weighted GW: 1.140643
    Weighted distance: 0.529600
    Total loss: 1.670243
    GW/Distance ratio: 4307.567
  GW Loss Components:
    Raw GW loss: 113.804306
    Raw distance loss: 0.032522
    Weighted GW: 1.138043
    Weighted distance: 0.650431
    Total loss: 1.788474
    GW/Distance ratio: 3499.348
  GW Loss Components:
    Raw GW loss: 178.280777
    Raw distance loss: 0.035883
    Weighted GW: 1.782808
    Weighted distance: 0.717651
    Total loss: 2.500459
    GW/Distance ratio: 4968.452
  GW Loss Components:
    Raw GW loss: 100.013168
    Raw distance loss: 0.023713
    Weighted GW: 1.000132
    Weighted distance: 0.474254
    Total loss: 1.474385
    GW/Distance ratio: 4217.707
  GW Loss Components:
    Raw GW loss: 116.422073
    Raw distance loss: 0.031562
    Weighted GW: 1.164221
    Weighted distance: 0.631244
    Total loss: 1.795465
    GW/Distance ratio: 3688.651
  GW Loss Components:
    Raw GW loss: 131.847443
    Raw distance loss: 0.034562
    Weighted GW: 1.318474
    Weighted distance: 0.691233
    Total loss: 2.009707
    GW/Distance ratio: 3814.849
  GW Loss Components:
    Raw GW loss: 111.996918
    Raw distance loss: 0.020854
    Weighted GW: 1.119969
    Weighted distance: 0.417087
    Total loss: 1.537056
    GW/Distance ratio: 5370.435
  GW Loss Components:
    Raw GW loss: 118.506493
    Raw distance loss: 0.025655
    Weighted GW: 1.185065
    Weighted distance: 0.513102
    Total loss: 1.698167
    GW/Distance ratio: 4619.212
  GW Loss Components:
    Raw GW loss: 228.667587
    Raw distance loss: 0.027579
    Weighted GW: 2.286676
    Weighted distance: 0.551583
    Total loss: 2.838259
    GW/Distance ratio: 8291.312
  GW Loss Components:
    Raw GW loss: 99.898399
    Raw distance loss: 0.019657
    Weighted GW: 0.998984
    Weighted distance: 0.393135
    Total loss: 1.392119
    GW/Distance ratio: 5082.145
  GW Loss Components:
    Raw GW loss: 220.510025
    Raw distance loss: 0.022480
    Weighted GW: 2.205100
    Weighted distance: 0.449599
    Total loss: 2.654699
    GW/Distance ratio: 9809.183
  GW Loss Components:
    Raw GW loss: 263.438629
    Raw distance loss: 0.023765
    Weighted GW: 2.634386
    Weighted distance: 0.475301
    Total loss: 3.109687
    GW/Distance ratio: 11085.127
  GW Loss Components:
    Raw GW loss: 106.031288
    Raw distance loss: 0.024655
    Weighted GW: 1.060313
    Weighted distance: 0.493091
    Total loss: 1.553404
    GW/Distance ratio: 4300.677
  GW Loss Components:
    Raw GW loss: 151.773712
    Raw distance loss: 0.026149
    Weighted GW: 1.517737
    Weighted distance: 0.522982
    Total loss: 2.040719
    GW/Distance ratio: 5804.165
  GW Loss Components:
    Raw GW loss: 165.853485
    Raw distance loss: 0.030354
    Weighted GW: 1.658535
    Weighted distance: 0.607073
    Total loss: 2.265608
    GW/Distance ratio: 5464.038
  GW Loss Components:
    Raw GW loss: 150.696655
    Raw distance loss: 0.030657
    Weighted GW: 1.506966
    Weighted distance: 0.613147
    Total loss: 2.120114
    GW/Distance ratio: 4915.511
  GW Loss Components:
    Raw GW loss: 128.255814
    Raw distance loss: 0.034458
    Weighted GW: 1.282558
    Weighted distance: 0.689164
    Total loss: 1.971722
    GW/Distance ratio: 3722.066
  GW Loss Components:
    Raw GW loss: 159.787903
    Raw distance loss: 0.039124
    Weighted GW: 1.597879
    Weighted distance: 0.782486
    Total loss: 2.380365
    GW/Distance ratio: 4084.109
  GW Loss Components:
    Raw GW loss: 94.567528
    Raw distance loss: 0.022386
    Weighted GW: 0.945675
    Weighted distance: 0.447711
    Total loss: 1.393386
    GW/Distance ratio: 4224.487
  GW Loss Components:
    Raw GW loss: 141.810959
    Raw distance loss: 0.029873
    Weighted GW: 1.418110
    Weighted distance: 0.597451
    Total loss: 2.015560
    GW/Distance ratio: 4747.201
  GW Loss Components:
    Raw GW loss: 154.267487
    Raw distance loss: 0.037082
    Weighted GW: 1.542675
    Weighted distance: 0.741639
    Total loss: 2.284314
    GW/Distance ratio: 4160.177
Batch 400/537: Loss=3.2218 (C:7.9570, R:0.0132, T:1.8978(w:1.000)🚀)
  GW Loss Components:
    Raw GW loss: 107.026062
    Raw distance loss: 0.019668
    Weighted GW: 1.070261
    Weighted distance: 0.393353
    Total loss: 1.463614
    GW/Distance ratio: 5441.730
  GW Loss Components:
    Raw GW loss: 188.536911
    Raw distance loss: 0.025026
    Weighted GW: 1.885369
    Weighted distance: 0.500517
    Total loss: 2.385886
    GW/Distance ratio: 7533.691
  GW Loss Components:
    Raw GW loss: 194.816986
    Raw distance loss: 0.029643
    Weighted GW: 1.948170
    Weighted distance: 0.592853
    Total loss: 2.541023
    GW/Distance ratio: 6572.181
  GW Loss Components:
    Raw GW loss: 157.233032
    Raw distance loss: 0.018583
    Weighted GW: 1.572330
    Weighted distance: 0.371668
    Total loss: 1.943999
    GW/Distance ratio: 8460.927
  GW Loss Components:
    Raw GW loss: 131.516022
    Raw distance loss: 0.022521
    Weighted GW: 1.315160
    Weighted distance: 0.450423
    Total loss: 1.765584
    GW/Distance ratio: 5839.659
  GW Loss Components:
    Raw GW loss: 217.988800
    Raw distance loss: 0.026974
    Weighted GW: 2.179888
    Weighted distance: 0.539482
    Total loss: 2.719370
    GW/Distance ratio: 8081.414
  GW Loss Components:
    Raw GW loss: 110.856430
    Raw distance loss: 0.025747
    Weighted GW: 1.108564
    Weighted distance: 0.514938
    Total loss: 1.623502
    GW/Distance ratio: 4305.623
  GW Loss Components:
    Raw GW loss: 118.057632
    Raw distance loss: 0.029989
    Weighted GW: 1.180576
    Weighted distance: 0.599788
    Total loss: 1.780365
    GW/Distance ratio: 3936.642
  GW Loss Components:
    Raw GW loss: 151.035309
    Raw distance loss: 0.032880
    Weighted GW: 1.510353
    Weighted distance: 0.657596
    Total loss: 2.167949
    GW/Distance ratio: 4593.556
  GW Loss Components:
    Raw GW loss: 120.956772
    Raw distance loss: 0.027179
    Weighted GW: 1.209568
    Weighted distance: 0.543576
    Total loss: 1.753144
    GW/Distance ratio: 4450.404
  GW Loss Components:
    Raw GW loss: 167.390045
    Raw distance loss: 0.032642
    Weighted GW: 1.673900
    Weighted distance: 0.652834
    Total loss: 2.326735
    GW/Distance ratio: 5128.103
  GW Loss Components:
    Raw GW loss: 161.222763
    Raw distance loss: 0.036632
    Weighted GW: 1.612228
    Weighted distance: 0.732631
    Total loss: 2.344859
    GW/Distance ratio: 4401.195
  GW Loss Components:
    Raw GW loss: 104.741531
    Raw distance loss: 0.024661
    Weighted GW: 1.047415
    Weighted distance: 0.493215
    Total loss: 1.540630
    GW/Distance ratio: 4247.298
  GW Loss Components:
    Raw GW loss: 153.755722
    Raw distance loss: 0.027868
    Weighted GW: 1.537557
    Weighted distance: 0.557356
    Total loss: 2.094913
    GW/Distance ratio: 5517.329
  GW Loss Components:
    Raw GW loss: 164.177582
    Raw distance loss: 0.034414
    Weighted GW: 1.641776
    Weighted distance: 0.688271
    Total loss: 2.330047
    GW/Distance ratio: 4770.721
  GW Loss Components:
    Raw GW loss: 96.479095
    Raw distance loss: 0.020133
    Weighted GW: 0.964791
    Weighted distance: 0.402657
    Total loss: 1.367448
    GW/Distance ratio: 4792.123
  GW Loss Components:
    Raw GW loss: 106.763885
    Raw distance loss: 0.027017
    Weighted GW: 1.067639
    Weighted distance: 0.540343
    Total loss: 1.607982
    GW/Distance ratio: 3951.708
  GW Loss Components:
    Raw GW loss: 258.234894
    Raw distance loss: 0.024471
    Weighted GW: 2.582349
    Weighted distance: 0.489422
    Total loss: 3.071771
    GW/Distance ratio: 10552.641
  GW Loss Components:
    Raw GW loss: 119.356827
    Raw distance loss: 0.020227
    Weighted GW: 1.193568
    Weighted distance: 0.404539
    Total loss: 1.598107
    GW/Distance ratio: 5900.877
  GW Loss Components:
    Raw GW loss: 150.382446
    Raw distance loss: 0.022309
    Weighted GW: 1.503824
    Weighted distance: 0.446187
    Total loss: 1.950011
    GW/Distance ratio: 6740.782
  GW Loss Components:
    Raw GW loss: 217.930115
    Raw distance loss: 0.024665
    Weighted GW: 2.179301
    Weighted distance: 0.493304
    Total loss: 2.672605
    GW/Distance ratio: 8835.533
  GW Loss Components:
    Raw GW loss: 95.631699
    Raw distance loss: 0.023499
    Weighted GW: 0.956317
    Weighted distance: 0.469981
    Total loss: 1.426298
    GW/Distance ratio: 4069.599
  GW Loss Components:
    Raw GW loss: 121.722054
    Raw distance loss: 0.025825
    Weighted GW: 1.217221
    Weighted distance: 0.516506
    Total loss: 1.733727
    GW/Distance ratio: 4713.284
  GW Loss Components:
    Raw GW loss: 195.071548
    Raw distance loss: 0.030596
    Weighted GW: 1.950715
    Weighted distance: 0.611918
    Total loss: 2.562634
    GW/Distance ratio: 6375.740
  GW Loss Components:
    Raw GW loss: 127.078445
    Raw distance loss: 0.029280
    Weighted GW: 1.270784
    Weighted distance: 0.585595
    Total loss: 1.856379
    GW/Distance ratio: 4340.150
  GW Loss Components:
    Raw GW loss: 128.325073
    Raw distance loss: 0.034451
    Weighted GW: 1.283251
    Weighted distance: 0.689020
    Total loss: 1.972271
    GW/Distance ratio: 3724.854
  GW Loss Components:
    Raw GW loss: 167.810364
    Raw distance loss: 0.038834
    Weighted GW: 1.678104
    Weighted distance: 0.776673
    Total loss: 2.454776
    GW/Distance ratio: 4321.262
  GW Loss Components:
    Raw GW loss: 122.104271
    Raw distance loss: 0.025989
    Weighted GW: 1.221043
    Weighted distance: 0.519771
    Total loss: 1.740813
    GW/Distance ratio: 4698.390
  GW Loss Components:
    Raw GW loss: 115.475571
    Raw distance loss: 0.028540
    Weighted GW: 1.154756
    Weighted distance: 0.570798
    Total loss: 1.725554
    GW/Distance ratio: 4046.108
  GW Loss Components:
    Raw GW loss: 119.087173
    Raw distance loss: 0.034718
    Weighted GW: 1.190872
    Weighted distance: 0.694361
    Total loss: 1.885233
    GW/Distance ratio: 3430.122
  GW Loss Components:
    Raw GW loss: 96.238144
    Raw distance loss: 0.023452
    Weighted GW: 0.962381
    Weighted distance: 0.469042
    Total loss: 1.431423
    GW/Distance ratio: 4103.604
  GW Loss Components:
    Raw GW loss: 190.749268
    Raw distance loss: 0.027342
    Weighted GW: 1.907493
    Weighted distance: 0.546844
    Total loss: 2.454337
    GW/Distance ratio: 6976.360
  GW Loss Components:
    Raw GW loss: 185.097458
    Raw distance loss: 0.029655
    Weighted GW: 1.850975
    Weighted distance: 0.593102
    Total loss: 2.444076
    GW/Distance ratio: 6241.677
  GW Loss Components:
    Raw GW loss: 88.692467
    Raw distance loss: 0.021583
    Weighted GW: 0.886925
    Weighted distance: 0.431667
    Total loss: 1.318592
    GW/Distance ratio: 4109.295
  GW Loss Components:
    Raw GW loss: 200.465973
    Raw distance loss: 0.023185
    Weighted GW: 2.004660
    Weighted distance: 0.463703
    Total loss: 2.468363
    GW/Distance ratio: 8646.304
  GW Loss Components:
    Raw GW loss: 195.534149
    Raw distance loss: 0.025858
    Weighted GW: 1.955341
    Weighted distance: 0.517151
    Total loss: 2.472493
    GW/Distance ratio: 7561.968
  GW Loss Components:
    Raw GW loss: 108.205292
    Raw distance loss: 0.025648
    Weighted GW: 1.082053
    Weighted distance: 0.512957
    Total loss: 1.595009
    GW/Distance ratio: 4218.886
  GW Loss Components:
    Raw GW loss: 113.718544
    Raw distance loss: 0.026475
    Weighted GW: 1.137185
    Weighted distance: 0.529492
    Total loss: 1.666677
    GW/Distance ratio: 4295.383
  GW Loss Components:
    Raw GW loss: 159.226196
    Raw distance loss: 0.030924
    Weighted GW: 1.592262
    Weighted distance: 0.618485
    Total loss: 2.210747
    GW/Distance ratio: 5148.906
  GW Loss Components:
    Raw GW loss: 96.968689
    Raw distance loss: 0.024297
    Weighted GW: 0.969687
    Weighted distance: 0.485941
    Total loss: 1.455628
    GW/Distance ratio: 3990.964
  GW Loss Components:
    Raw GW loss: 111.583305
    Raw distance loss: 0.029315
    Weighted GW: 1.115833
    Weighted distance: 0.586297
    Total loss: 1.702130
    GW/Distance ratio: 3806.374
  GW Loss Components:
    Raw GW loss: 177.325928
    Raw distance loss: 0.036082
    Weighted GW: 1.773259
    Weighted distance: 0.721642
    Total loss: 2.494902
    GW/Distance ratio: 4914.509
  GW Loss Components:
    Raw GW loss: 100.868240
    Raw distance loss: 0.023374
    Weighted GW: 1.008682
    Weighted distance: 0.467475
    Total loss: 1.476157
    GW/Distance ratio: 4315.449
  GW Loss Components:
    Raw GW loss: 117.393227
    Raw distance loss: 0.029743
    Weighted GW: 1.173932
    Weighted distance: 0.594854
    Total loss: 1.768786
    GW/Distance ratio: 3946.960
  GW Loss Components:
    Raw GW loss: 143.026779
    Raw distance loss: 0.031401
    Weighted GW: 1.430268
    Weighted distance: 0.628011
    Total loss: 2.058278
    GW/Distance ratio: 4554.916
  GW Loss Components:
    Raw GW loss: 139.031479
    Raw distance loss: 0.018642
    Weighted GW: 1.390315
    Weighted distance: 0.372839
    Total loss: 1.763154
    GW/Distance ratio: 7457.980
  GW Loss Components:
    Raw GW loss: 130.148682
    Raw distance loss: 0.022250
    Weighted GW: 1.301487
    Weighted distance: 0.445001
    Total loss: 1.746487
    GW/Distance ratio: 5849.369
  GW Loss Components:
    Raw GW loss: 244.551239
    Raw distance loss: 0.022613
    Weighted GW: 2.445512
    Weighted distance: 0.452256
    Total loss: 2.897768
    GW/Distance ratio: 10814.718
  GW Loss Components:
    Raw GW loss: 94.707535
    Raw distance loss: 0.022073
    Weighted GW: 0.947075
    Weighted distance: 0.441466
    Total loss: 1.388541
    GW/Distance ratio: 4290.589
  GW Loss Components:
    Raw GW loss: 169.352432
    Raw distance loss: 0.025711
    Weighted GW: 1.693524
    Weighted distance: 0.514227
    Total loss: 2.207751
    GW/Distance ratio: 6586.677
  GW Loss Components:
    Raw GW loss: 159.328491
    Raw distance loss: 0.029837
    Weighted GW: 1.593285
    Weighted distance: 0.596748
    Total loss: 2.190033
    GW/Distance ratio: 5339.890
  GW Loss Components:
    Raw GW loss: 124.279686
    Raw distance loss: 0.023889
    Weighted GW: 1.242797
    Weighted distance: 0.477789
    Total loss: 1.720586
    GW/Distance ratio: 5202.283
  GW Loss Components:
    Raw GW loss: 125.809189
    Raw distance loss: 0.027609
    Weighted GW: 1.258092
    Weighted distance: 0.552173
    Total loss: 1.810265
    GW/Distance ratio: 4556.875
  GW Loss Components:
    Raw GW loss: 159.213776
    Raw distance loss: 0.031398
    Weighted GW: 1.592138
    Weighted distance: 0.627951
    Total loss: 2.220089
    GW/Distance ratio: 5070.896
  GW Loss Components:
    Raw GW loss: 123.487007
    Raw distance loss: 0.027663
    Weighted GW: 1.234870
    Weighted distance: 0.553251
    Total loss: 1.788121
    GW/Distance ratio: 4464.051
  GW Loss Components:
    Raw GW loss: 155.446533
    Raw distance loss: 0.031742
    Weighted GW: 1.554465
    Weighted distance: 0.634831
    Total loss: 2.189297
    GW/Distance ratio: 4897.253
  GW Loss Components:
    Raw GW loss: 136.411423
    Raw distance loss: 0.033074
    Weighted GW: 1.364114
    Weighted distance: 0.661477
    Total loss: 2.025591
    GW/Distance ratio: 4124.450
  GW Loss Components:
    Raw GW loss: 112.299988
    Raw distance loss: 0.024092
    Weighted GW: 1.123000
    Weighted distance: 0.481845
    Total loss: 1.604845
    GW/Distance ratio: 4661.249
  GW Loss Components:
    Raw GW loss: 109.653763
    Raw distance loss: 0.028859
    Weighted GW: 1.096538
    Weighted distance: 0.577180
    Total loss: 1.673717
    GW/Distance ratio: 3799.638
  GW Loss Components:
    Raw GW loss: 162.017853
    Raw distance loss: 0.031910
    Weighted GW: 1.620178
    Weighted distance: 0.638195
    Total loss: 2.258374
    GW/Distance ratio: 5077.374
  GW Loss Components:
    Raw GW loss: 107.510628
    Raw distance loss: 0.021361
    Weighted GW: 1.075106
    Weighted distance: 0.427227
    Total loss: 1.502334
    GW/Distance ratio: 5032.945
  GW Loss Components:
    Raw GW loss: 130.561813
    Raw distance loss: 0.022755
    Weighted GW: 1.305618
    Weighted distance: 0.455109
    Total loss: 1.760727
    GW/Distance ratio: 5737.609
  GW Loss Components:
    Raw GW loss: 190.779388
    Raw distance loss: 0.027846
    Weighted GW: 1.907794
    Weighted distance: 0.556922
    Total loss: 2.464716
    GW/Distance ratio: 6851.206
  GW Loss Components:
    Raw GW loss: 106.920151
    Raw distance loss: 0.021583
    Weighted GW: 1.069201
    Weighted distance: 0.431667
    Total loss: 1.500868
    GW/Distance ratio: 4953.824
  GW Loss Components:
    Raw GW loss: 107.535492
    Raw distance loss: 0.026637
    Weighted GW: 1.075355
    Weighted distance: 0.532739
    Total loss: 1.608094
    GW/Distance ratio: 4037.077
  GW Loss Components:
    Raw GW loss: 176.064331
    Raw distance loss: 0.029733
    Weighted GW: 1.760643
    Weighted distance: 0.594660
    Total loss: 2.355303
    GW/Distance ratio: 5921.509
  GW Loss Components:
    Raw GW loss: 89.852142
    Raw distance loss: 0.020181
    Weighted GW: 0.898521
    Weighted distance: 0.403614
    Total loss: 1.302136
    GW/Distance ratio: 4452.373
  GW Loss Components:
    Raw GW loss: 135.932312
    Raw distance loss: 0.024432
    Weighted GW: 1.359323
    Weighted distance: 0.488635
    Total loss: 1.847958
    GW/Distance ratio: 5563.754
  GW Loss Components:
    Raw GW loss: 155.689514
    Raw distance loss: 0.028753
    Weighted GW: 1.556895
    Weighted distance: 0.575068
    Total loss: 2.131963
    GW/Distance ratio: 5414.649
  GW Loss Components:
    Raw GW loss: 101.128334
    Raw distance loss: 0.021785
    Weighted GW: 1.011283
    Weighted distance: 0.435691
    Total loss: 1.446974
    GW/Distance ratio: 4642.206
  GW Loss Components:
    Raw GW loss: 179.985580
    Raw distance loss: 0.022926
    Weighted GW: 1.799856
    Weighted distance: 0.458527
    Total loss: 2.258383
    GW/Distance ratio: 7850.592
  GW Loss Components:
    Raw GW loss: 167.545563
    Raw distance loss: 0.027716
    Weighted GW: 1.675456
    Weighted distance: 0.554321
    Total loss: 2.229777
    GW/Distance ratio: 6045.067
  GW Loss Components:
    Raw GW loss: 108.333374
    Raw distance loss: 0.023087
    Weighted GW: 1.083334
    Weighted distance: 0.461743
    Total loss: 1.545076
    GW/Distance ratio: 4692.368
  GW Loss Components:
    Raw GW loss: 117.540413
    Raw distance loss: 0.028979
    Weighted GW: 1.175404
    Weighted distance: 0.579588
    Total loss: 1.754992
    GW/Distance ratio: 4056.000
  GW Loss Components:
    Raw GW loss: 156.847610
    Raw distance loss: 0.031436
    Weighted GW: 1.568476
    Weighted distance: 0.628728
    Total loss: 2.197204
    GW/Distance ratio: 4989.363
Batch 425/537: Loss=3.1131 (C:7.9654, R:0.0128, T:1.8324(w:1.000)🚀)
  GW Loss Components:
    Raw GW loss: 106.458824
    Raw distance loss: 0.025748
    Weighted GW: 1.064588
    Weighted distance: 0.514959
    Total loss: 1.579547
    GW/Distance ratio: 4134.652
  GW Loss Components:
    Raw GW loss: 139.257843
    Raw distance loss: 0.033549
    Weighted GW: 1.392578
    Weighted distance: 0.670985
    Total loss: 2.063563
    GW/Distance ratio: 4150.847
  GW Loss Components:
    Raw GW loss: 167.240540
    Raw distance loss: 0.034367
    Weighted GW: 1.672405
    Weighted distance: 0.687341
    Total loss: 2.359746
    GW/Distance ratio: 4866.301
  GW Loss Components:
    Raw GW loss: 102.143105
    Raw distance loss: 0.021870
    Weighted GW: 1.021431
    Weighted distance: 0.437403
    Total loss: 1.458834
    GW/Distance ratio: 4670.430
  GW Loss Components:
    Raw GW loss: 129.171448
    Raw distance loss: 0.027993
    Weighted GW: 1.291714
    Weighted distance: 0.559855
    Total loss: 1.851569
    GW/Distance ratio: 4614.463
  GW Loss Components:
    Raw GW loss: 159.005432
    Raw distance loss: 0.031032
    Weighted GW: 1.590054
    Weighted distance: 0.620649
    Total loss: 2.210703
    GW/Distance ratio: 5123.843
  GW Loss Components:
    Raw GW loss: 142.848557
    Raw distance loss: 0.018372
    Weighted GW: 1.428486
    Weighted distance: 0.367450
    Total loss: 1.795935
    GW/Distance ratio: 7775.132
  GW Loss Components:
    Raw GW loss: 133.111816
    Raw distance loss: 0.023556
    Weighted GW: 1.331118
    Weighted distance: 0.471120
    Total loss: 1.802238
    GW/Distance ratio: 5650.867
  GW Loss Components:
    Raw GW loss: 267.368042
    Raw distance loss: 0.022559
    Weighted GW: 2.673680
    Weighted distance: 0.451170
    Total loss: 3.124851
    GW/Distance ratio: 11852.198
  GW Loss Components:
    Raw GW loss: 95.502029
    Raw distance loss: 0.021835
    Weighted GW: 0.955020
    Weighted distance: 0.436705
    Total loss: 1.391725
    GW/Distance ratio: 4373.753
  GW Loss Components:
    Raw GW loss: 179.167755
    Raw distance loss: 0.025410
    Weighted GW: 1.791677
    Weighted distance: 0.508204
    Total loss: 2.299881
    GW/Distance ratio: 7051.016
  GW Loss Components:
    Raw GW loss: 232.558243
    Raw distance loss: 0.025932
    Weighted GW: 2.325582
    Weighted distance: 0.518634
    Total loss: 2.844216
    GW/Distance ratio: 8968.106
  GW Loss Components:
    Raw GW loss: 120.576920
    Raw distance loss: 0.028124
    Weighted GW: 1.205769
    Weighted distance: 0.562477
    Total loss: 1.768246
    GW/Distance ratio: 4287.352
  GW Loss Components:
    Raw GW loss: 126.053352
    Raw distance loss: 0.033140
    Weighted GW: 1.260533
    Weighted distance: 0.662800
    Total loss: 1.923333
    GW/Distance ratio: 3803.661
  GW Loss Components:
    Raw GW loss: 220.111115
    Raw distance loss: 0.039617
    Weighted GW: 2.201111
    Weighted distance: 0.792349
    Total loss: 2.993460
    GW/Distance ratio: 5555.913
  GW Loss Components:
    Raw GW loss: 116.262604
    Raw distance loss: 0.023131
    Weighted GW: 1.162626
    Weighted distance: 0.462613
    Total loss: 1.625239
    GW/Distance ratio: 5026.347
  GW Loss Components:
    Raw GW loss: 113.547539
    Raw distance loss: 0.030187
    Weighted GW: 1.135475
    Weighted distance: 0.603744
    Total loss: 1.739219
    GW/Distance ratio: 3761.445
  GW Loss Components:
    Raw GW loss: 166.268539
    Raw distance loss: 0.036438
    Weighted GW: 1.662685
    Weighted distance: 0.728757
    Total loss: 2.391442
    GW/Distance ratio: 4563.072
  GW Loss Components:
    Raw GW loss: 123.508797
    Raw distance loss: 0.018261
    Weighted GW: 1.235088
    Weighted distance: 0.365214
    Total loss: 1.600302
    GW/Distance ratio: 6763.640
  GW Loss Components:
    Raw GW loss: 154.995285
    Raw distance loss: 0.022767
    Weighted GW: 1.549953
    Weighted distance: 0.455333
    Total loss: 2.005285
    GW/Distance ratio: 6808.001
  GW Loss Components:
    Raw GW loss: 183.883530
    Raw distance loss: 0.027257
    Weighted GW: 1.838835
    Weighted distance: 0.545133
    Total loss: 2.383968
    GW/Distance ratio: 6746.369
  GW Loss Components:
    Raw GW loss: 132.159302
    Raw distance loss: 0.017443
    Weighted GW: 1.321593
    Weighted distance: 0.348853
    Total loss: 1.670446
    GW/Distance ratio: 7576.783
  GW Loss Components:
    Raw GW loss: 167.438232
    Raw distance loss: 0.020021
    Weighted GW: 1.674382
    Weighted distance: 0.400414
    Total loss: 2.074797
    GW/Distance ratio: 8363.245
  GW Loss Components:
    Raw GW loss: 237.790222
    Raw distance loss: 0.022651
    Weighted GW: 2.377902
    Weighted distance: 0.453028
    Total loss: 2.830930
    GW/Distance ratio: 10497.806
  GW Loss Components:
    Raw GW loss: 99.400612
    Raw distance loss: 0.023482
    Weighted GW: 0.994006
    Weighted distance: 0.469637
    Total loss: 1.463643
    GW/Distance ratio: 4233.081
  GW Loss Components:
    Raw GW loss: 115.118240
    Raw distance loss: 0.027865
    Weighted GW: 1.151182
    Weighted distance: 0.557306
    Total loss: 1.708488
    GW/Distance ratio: 4131.238
  GW Loss Components:
    Raw GW loss: 168.693909
    Raw distance loss: 0.035527
    Weighted GW: 1.686939
    Weighted distance: 0.710539
    Total loss: 2.397478
    GW/Distance ratio: 4748.334
  GW Loss Components:
    Raw GW loss: 112.898697
    Raw distance loss: 0.026605
    Weighted GW: 1.128987
    Weighted distance: 0.532094
    Total loss: 1.661081
    GW/Distance ratio: 4243.561
  GW Loss Components:
    Raw GW loss: 116.114548
    Raw distance loss: 0.029002
    Weighted GW: 1.161145
    Weighted distance: 0.580048
    Total loss: 1.741193
    GW/Distance ratio: 4003.618
  GW Loss Components:
    Raw GW loss: 160.479202
    Raw distance loss: 0.032974
    Weighted GW: 1.604792
    Weighted distance: 0.659481
    Total loss: 2.264273
    GW/Distance ratio: 4866.834
  GW Loss Components:
    Raw GW loss: 129.103378
    Raw distance loss: 0.022652
    Weighted GW: 1.291034
    Weighted distance: 0.453031
    Total loss: 1.744065
    GW/Distance ratio: 5699.532
  GW Loss Components:
    Raw GW loss: 115.929359
    Raw distance loss: 0.025895
    Weighted GW: 1.159294
    Weighted distance: 0.517899
    Total loss: 1.677193
    GW/Distance ratio: 4476.907
  GW Loss Components:
    Raw GW loss: 177.214111
    Raw distance loss: 0.031451
    Weighted GW: 1.772141
    Weighted distance: 0.629028
    Total loss: 2.401170
    GW/Distance ratio: 5634.532
  GW Loss Components:
    Raw GW loss: 114.442078
    Raw distance loss: 0.020244
    Weighted GW: 1.144421
    Weighted distance: 0.404887
    Total loss: 1.549308
    GW/Distance ratio: 5653.034
  GW Loss Components:
    Raw GW loss: 248.524475
    Raw distance loss: 0.021521
    Weighted GW: 2.485245
    Weighted distance: 0.430412
    Total loss: 2.915657
    GW/Distance ratio: 11548.216
  GW Loss Components:
    Raw GW loss: 182.262772
    Raw distance loss: 0.026759
    Weighted GW: 1.822628
    Weighted distance: 0.535179
    Total loss: 2.357807
    GW/Distance ratio: 6811.273
  GW Loss Components:
    Raw GW loss: 117.650688
    Raw distance loss: 0.024774
    Weighted GW: 1.176507
    Weighted distance: 0.495484
    Total loss: 1.671991
    GW/Distance ratio: 4748.917
  GW Loss Components:
    Raw GW loss: 105.078209
    Raw distance loss: 0.026559
    Weighted GW: 1.050782
    Weighted distance: 0.531177
    Total loss: 1.581959
    GW/Distance ratio: 3956.425
  GW Loss Components:
    Raw GW loss: 137.806458
    Raw distance loss: 0.029783
    Weighted GW: 1.378065
    Weighted distance: 0.595652
    Total loss: 1.973716
    GW/Distance ratio: 4627.080
  GW Loss Components:
    Raw GW loss: 110.950935
    Raw distance loss: 0.024335
    Weighted GW: 1.109509
    Weighted distance: 0.486705
    Total loss: 1.596214
    GW/Distance ratio: 4559.269
  GW Loss Components:
    Raw GW loss: 127.547852
    Raw distance loss: 0.028223
    Weighted GW: 1.275478
    Weighted distance: 0.564468
    Total loss: 1.839947
    GW/Distance ratio: 4519.220
  GW Loss Components:
    Raw GW loss: 163.387268
    Raw distance loss: 0.030711
    Weighted GW: 1.633873
    Weighted distance: 0.614213
    Total loss: 2.248086
    GW/Distance ratio: 5320.212
  GW Loss Components:
    Raw GW loss: 106.681168
    Raw distance loss: 0.023850
    Weighted GW: 1.066812
    Weighted distance: 0.476995
    Total loss: 1.543806
    GW/Distance ratio: 4473.054
  GW Loss Components:
    Raw GW loss: 103.329514
    Raw distance loss: 0.028721
    Weighted GW: 1.033295
    Weighted distance: 0.574416
    Total loss: 1.607711
    GW/Distance ratio: 3597.725
  GW Loss Components:
    Raw GW loss: 155.713303
    Raw distance loss: 0.030425
    Weighted GW: 1.557133
    Weighted distance: 0.608501
    Total loss: 2.165634
    GW/Distance ratio: 5117.925
  GW Loss Components:
    Raw GW loss: 102.312706
    Raw distance loss: 0.023532
    Weighted GW: 1.023127
    Weighted distance: 0.470636
    Total loss: 1.493763
    GW/Distance ratio: 4347.845
  GW Loss Components:
    Raw GW loss: 155.184464
    Raw distance loss: 0.022848
    Weighted GW: 1.551845
    Weighted distance: 0.456956
    Total loss: 2.008800
    GW/Distance ratio: 6792.100
  GW Loss Components:
    Raw GW loss: 188.145432
    Raw distance loss: 0.027574
    Weighted GW: 1.881454
    Weighted distance: 0.551488
    Total loss: 2.432943
    GW/Distance ratio: 6823.186
  GW Loss Components:
    Raw GW loss: 99.374275
    Raw distance loss: 0.022269
    Weighted GW: 0.993743
    Weighted distance: 0.445386
    Total loss: 1.439128
    GW/Distance ratio: 4462.390
  GW Loss Components:
    Raw GW loss: 111.108566
    Raw distance loss: 0.023078
    Weighted GW: 1.111086
    Weighted distance: 0.461553
    Total loss: 1.572638
    GW/Distance ratio: 4814.556
  GW Loss Components:
    Raw GW loss: 176.978622
    Raw distance loss: 0.030602
    Weighted GW: 1.769786
    Weighted distance: 0.612045
    Total loss: 2.381831
    GW/Distance ratio: 5783.188
  GW Loss Components:
    Raw GW loss: 104.042084
    Raw distance loss: 0.023672
    Weighted GW: 1.040421
    Weighted distance: 0.473431
    Total loss: 1.513851
    GW/Distance ratio: 4395.239
  GW Loss Components:
    Raw GW loss: 115.476402
    Raw distance loss: 0.026544
    Weighted GW: 1.154764
    Weighted distance: 0.530882
    Total loss: 1.685646
    GW/Distance ratio: 4350.363
  GW Loss Components:
    Raw GW loss: 193.700958
    Raw distance loss: 0.028079
    Weighted GW: 1.937010
    Weighted distance: 0.561574
    Total loss: 2.498584
    GW/Distance ratio: 6898.498
  GW Loss Components:
    Raw GW loss: 100.370560
    Raw distance loss: 0.022339
    Weighted GW: 1.003706
    Weighted distance: 0.446789
    Total loss: 1.450495
    GW/Distance ratio: 4492.971
  GW Loss Components:
    Raw GW loss: 105.111740
    Raw distance loss: 0.024782
    Weighted GW: 1.051117
    Weighted distance: 0.495640
    Total loss: 1.546758
    GW/Distance ratio: 4241.452
  GW Loss Components:
    Raw GW loss: 183.774857
    Raw distance loss: 0.028661
    Weighted GW: 1.837749
    Weighted distance: 0.573226
    Total loss: 2.410974
    GW/Distance ratio: 6411.954
  GW Loss Components:
    Raw GW loss: 118.937599
    Raw distance loss: 0.021915
    Weighted GW: 1.189376
    Weighted distance: 0.438296
    Total loss: 1.627672
    GW/Distance ratio: 5427.271
  GW Loss Components:
    Raw GW loss: 106.147644
    Raw distance loss: 0.026855
    Weighted GW: 1.061476
    Weighted distance: 0.537098
    Total loss: 1.598575
    GW/Distance ratio: 3952.633
  GW Loss Components:
    Raw GW loss: 189.812546
    Raw distance loss: 0.028077
    Weighted GW: 1.898125
    Weighted distance: 0.561539
    Total loss: 2.459665
    GW/Distance ratio: 6760.435
  GW Loss Components:
    Raw GW loss: 99.443085
    Raw distance loss: 0.023096
    Weighted GW: 0.994431
    Weighted distance: 0.461918
    Total loss: 1.456348
    GW/Distance ratio: 4305.663
  GW Loss Components:
    Raw GW loss: 153.515030
    Raw distance loss: 0.026035
    Weighted GW: 1.535150
    Weighted distance: 0.520692
    Total loss: 2.055842
    GW/Distance ratio: 5896.575
  GW Loss Components:
    Raw GW loss: 119.763542
    Raw distance loss: 0.029065
    Weighted GW: 1.197635
    Weighted distance: 0.581296
    Total loss: 1.778931
    GW/Distance ratio: 4120.571
  GW Loss Components:
    Raw GW loss: 93.981323
    Raw distance loss: 0.022135
    Weighted GW: 0.939813
    Weighted distance: 0.442692
    Total loss: 1.382505
    GW/Distance ratio: 4245.902
  GW Loss Components:
    Raw GW loss: 130.857040
    Raw distance loss: 0.028347
    Weighted GW: 1.308570
    Weighted distance: 0.566938
    Total loss: 1.875509
    GW/Distance ratio: 4616.271
  GW Loss Components:
    Raw GW loss: 123.526703
    Raw distance loss: 0.030653
    Weighted GW: 1.235267
    Weighted distance: 0.613056
    Total loss: 1.848323
    GW/Distance ratio: 4029.867
  GW Loss Components:
    Raw GW loss: 102.937424
    Raw distance loss: 0.022138
    Weighted GW: 1.029374
    Weighted distance: 0.442766
    Total loss: 1.472141
    GW/Distance ratio: 4649.738
  GW Loss Components:
    Raw GW loss: 111.522766
    Raw distance loss: 0.024942
    Weighted GW: 1.115228
    Weighted distance: 0.498832
    Total loss: 1.614059
    GW/Distance ratio: 4471.356
  GW Loss Components:
    Raw GW loss: 149.205826
    Raw distance loss: 0.030677
    Weighted GW: 1.492058
    Weighted distance: 0.613541
    Total loss: 2.105599
    GW/Distance ratio: 4863.757
  GW Loss Components:
    Raw GW loss: 90.068047
    Raw distance loss: 0.022276
    Weighted GW: 0.900680
    Weighted distance: 0.445510
    Total loss: 1.346191
    GW/Distance ratio: 4043.363
  GW Loss Components:
    Raw GW loss: 119.578156
    Raw distance loss: 0.028060
    Weighted GW: 1.195781
    Weighted distance: 0.561198
    Total loss: 1.756979
    GW/Distance ratio: 4261.532
  GW Loss Components:
    Raw GW loss: 163.569839
    Raw distance loss: 0.030630
    Weighted GW: 1.635698
    Weighted distance: 0.612604
    Total loss: 2.248302
    GW/Distance ratio: 5340.150
  GW Loss Components:
    Raw GW loss: 111.026611
    Raw distance loss: 0.022517
    Weighted GW: 1.110266
    Weighted distance: 0.450349
    Total loss: 1.560615
    GW/Distance ratio: 4930.689
  GW Loss Components:
    Raw GW loss: 126.450272
    Raw distance loss: 0.025033
    Weighted GW: 1.264503
    Weighted distance: 0.500661
    Total loss: 1.765164
    GW/Distance ratio: 5051.328
  GW Loss Components:
    Raw GW loss: 194.527939
    Raw distance loss: 0.028464
    Weighted GW: 1.945279
    Weighted distance: 0.569274
    Total loss: 2.514554
    GW/Distance ratio: 6834.240
Batch 450/537: Loss=3.1938 (C:7.9581, R:0.0125, T:1.9468(w:1.000)🚀)
  GW Loss Components:
    Raw GW loss: 103.426086
    Raw distance loss: 0.022098
    Weighted GW: 1.034261
    Weighted distance: 0.441970
    Total loss: 1.476231
    GW/Distance ratio: 4680.230
  GW Loss Components:
    Raw GW loss: 111.044556
    Raw distance loss: 0.025907
    Weighted GW: 1.110445
    Weighted distance: 0.518144
    Total loss: 1.628589
    GW/Distance ratio: 4286.243
  GW Loss Components:
    Raw GW loss: 177.915970
    Raw distance loss: 0.028206
    Weighted GW: 1.779160
    Weighted distance: 0.564130
    Total loss: 2.343289
    GW/Distance ratio: 6307.625
  GW Loss Components:
    Raw GW loss: 129.643387
    Raw distance loss: 0.023629
    Weighted GW: 1.296434
    Weighted distance: 0.472586
    Total loss: 1.769019
    GW/Distance ratio: 5486.553
  GW Loss Components:
    Raw GW loss: 109.014946
    Raw distance loss: 0.027488
    Weighted GW: 1.090149
    Weighted distance: 0.549756
    Total loss: 1.639905
    GW/Distance ratio: 3965.941
  GW Loss Components:
    Raw GW loss: 158.798126
    Raw distance loss: 0.031385
    Weighted GW: 1.587981
    Weighted distance: 0.627694
    Total loss: 2.215675
    GW/Distance ratio: 5059.727
  GW Loss Components:
    Raw GW loss: 98.557068
    Raw distance loss: 0.021078
    Weighted GW: 0.985571
    Weighted distance: 0.421560
    Total loss: 1.407131
    GW/Distance ratio: 4675.824
  GW Loss Components:
    Raw GW loss: 117.228180
    Raw distance loss: 0.027422
    Weighted GW: 1.172282
    Weighted distance: 0.548436
    Total loss: 1.720718
    GW/Distance ratio: 4274.995
  GW Loss Components:
    Raw GW loss: 176.440491
    Raw distance loss: 0.030478
    Weighted GW: 1.764405
    Weighted distance: 0.609561
    Total loss: 2.373966
    GW/Distance ratio: 5789.101
  GW Loss Components:
    Raw GW loss: 102.953758
    Raw distance loss: 0.018155
    Weighted GW: 1.029538
    Weighted distance: 0.363105
    Total loss: 1.392642
    GW/Distance ratio: 5670.744
  GW Loss Components:
    Raw GW loss: 129.358002
    Raw distance loss: 0.021833
    Weighted GW: 1.293580
    Weighted distance: 0.436662
    Total loss: 1.730242
    GW/Distance ratio: 5924.858
  GW Loss Components:
    Raw GW loss: 129.277161
    Raw distance loss: 0.028250
    Weighted GW: 1.292772
    Weighted distance: 0.565005
    Total loss: 1.857777
    GW/Distance ratio: 4576.139
  GW Loss Components:
    Raw GW loss: 121.011658
    Raw distance loss: 0.017749
    Weighted GW: 1.210117
    Weighted distance: 0.354983
    Total loss: 1.565100
    GW/Distance ratio: 6817.872
  GW Loss Components:
    Raw GW loss: 109.327621
    Raw distance loss: 0.022370
    Weighted GW: 1.093276
    Weighted distance: 0.447401
    Total loss: 1.540677
    GW/Distance ratio: 4887.230
  GW Loss Components:
    Raw GW loss: 208.005600
    Raw distance loss: 0.026477
    Weighted GW: 2.080056
    Weighted distance: 0.529535
    Total loss: 2.609591
    GW/Distance ratio: 7856.163
  GW Loss Components:
    Raw GW loss: 100.994766
    Raw distance loss: 0.024901
    Weighted GW: 1.009948
    Weighted distance: 0.498012
    Total loss: 1.507959
    GW/Distance ratio: 4055.917
  GW Loss Components:
    Raw GW loss: 121.058594
    Raw distance loss: 0.028863
    Weighted GW: 1.210586
    Weighted distance: 0.577253
    Total loss: 1.787838
    GW/Distance ratio: 4194.301
  GW Loss Components:
    Raw GW loss: 184.201630
    Raw distance loss: 0.036975
    Weighted GW: 1.842016
    Weighted distance: 0.739509
    Total loss: 2.581525
    GW/Distance ratio: 4981.729
  GW Loss Components:
    Raw GW loss: 99.448730
    Raw distance loss: 0.021787
    Weighted GW: 0.994487
    Weighted distance: 0.435732
    Total loss: 1.430219
    GW/Distance ratio: 4564.670
  GW Loss Components:
    Raw GW loss: 107.774231
    Raw distance loss: 0.027092
    Weighted GW: 1.077742
    Weighted distance: 0.541831
    Total loss: 1.619573
    GW/Distance ratio: 3978.151
  GW Loss Components:
    Raw GW loss: 174.525391
    Raw distance loss: 0.031861
    Weighted GW: 1.745254
    Weighted distance: 0.637224
    Total loss: 2.382478
    GW/Distance ratio: 5477.672
  GW Loss Components:
    Raw GW loss: 121.589439
    Raw distance loss: 0.017742
    Weighted GW: 1.215894
    Weighted distance: 0.354842
    Total loss: 1.570736
    GW/Distance ratio: 6853.155
  GW Loss Components:
    Raw GW loss: 132.490601
    Raw distance loss: 0.021825
    Weighted GW: 1.324906
    Weighted distance: 0.436496
    Total loss: 1.761402
    GW/Distance ratio: 6070.639
  GW Loss Components:
    Raw GW loss: 187.994141
    Raw distance loss: 0.027218
    Weighted GW: 1.879941
    Weighted distance: 0.544359
    Total loss: 2.424300
    GW/Distance ratio: 6906.994
  GW Loss Components:
    Raw GW loss: 106.039429
    Raw distance loss: 0.018445
    Weighted GW: 1.060394
    Weighted distance: 0.368894
    Total loss: 1.429288
    GW/Distance ratio: 5749.045
  GW Loss Components:
    Raw GW loss: 120.342941
    Raw distance loss: 0.022705
    Weighted GW: 1.203429
    Weighted distance: 0.454108
    Total loss: 1.657538
    GW/Distance ratio: 5300.183
  GW Loss Components:
    Raw GW loss: 185.347290
    Raw distance loss: 0.027198
    Weighted GW: 1.853473
    Weighted distance: 0.543952
    Total loss: 2.397425
    GW/Distance ratio: 6814.833
  GW Loss Components:
    Raw GW loss: 104.848175
    Raw distance loss: 0.022976
    Weighted GW: 1.048482
    Weighted distance: 0.459529
    Total loss: 1.508011
    GW/Distance ratio: 4563.283
  GW Loss Components:
    Raw GW loss: 109.385414
    Raw distance loss: 0.027536
    Weighted GW: 1.093854
    Weighted distance: 0.550713
    Total loss: 1.644567
    GW/Distance ratio: 3972.499
  GW Loss Components:
    Raw GW loss: 130.558655
    Raw distance loss: 0.030796
    Weighted GW: 1.305587
    Weighted distance: 0.615914
    Total loss: 1.921500
    GW/Distance ratio: 4239.511
  GW Loss Components:
    Raw GW loss: 111.780075
    Raw distance loss: 0.024007
    Weighted GW: 1.117801
    Weighted distance: 0.480147
    Total loss: 1.597948
    GW/Distance ratio: 4656.072
  GW Loss Components:
    Raw GW loss: 121.507950
    Raw distance loss: 0.029049
    Weighted GW: 1.215079
    Weighted distance: 0.580970
    Total loss: 1.796050
    GW/Distance ratio: 4182.931
  GW Loss Components:
    Raw GW loss: 121.797951
    Raw distance loss: 0.033133
    Weighted GW: 1.217979
    Weighted distance: 0.662657
    Total loss: 1.880636
    GW/Distance ratio: 3676.048
  GW Loss Components:
    Raw GW loss: 113.498627
    Raw distance loss: 0.021874
    Weighted GW: 1.134986
    Weighted distance: 0.437487
    Total loss: 1.572473
    GW/Distance ratio: 5188.660
  GW Loss Components:
    Raw GW loss: 168.519043
    Raw distance loss: 0.025064
    Weighted GW: 1.685190
    Weighted distance: 0.501279
    Total loss: 2.186469
    GW/Distance ratio: 6723.561
  GW Loss Components:
    Raw GW loss: 126.959251
    Raw distance loss: 0.029088
    Weighted GW: 1.269593
    Weighted distance: 0.581767
    Total loss: 1.851360
    GW/Distance ratio: 4364.603
  GW Loss Components:
    Raw GW loss: 96.754814
    Raw distance loss: 0.019079
    Weighted GW: 0.967548
    Weighted distance: 0.381580
    Total loss: 1.349128
    GW/Distance ratio: 5071.274
  GW Loss Components:
    Raw GW loss: 117.913231
    Raw distance loss: 0.022295
    Weighted GW: 1.179132
    Weighted distance: 0.445890
    Total loss: 1.625022
    GW/Distance ratio: 5288.889
  GW Loss Components:
    Raw GW loss: 187.865143
    Raw distance loss: 0.027862
    Weighted GW: 1.878651
    Weighted distance: 0.557250
    Total loss: 2.435901
    GW/Distance ratio: 6742.581
  GW Loss Components:
    Raw GW loss: 94.846893
    Raw distance loss: 0.021429
    Weighted GW: 0.948469
    Weighted distance: 0.428575
    Total loss: 1.377044
    GW/Distance ratio: 4426.147
  GW Loss Components:
    Raw GW loss: 116.771629
    Raw distance loss: 0.025317
    Weighted GW: 1.167716
    Weighted distance: 0.506347
    Total loss: 1.674063
    GW/Distance ratio: 4612.319
  GW Loss Components:
    Raw GW loss: 200.914200
    Raw distance loss: 0.025463
    Weighted GW: 2.009142
    Weighted distance: 0.509250
    Total loss: 2.518392
    GW/Distance ratio: 7890.585
  GW Loss Components:
    Raw GW loss: 106.907928
    Raw distance loss: 0.022301
    Weighted GW: 1.069079
    Weighted distance: 0.446021
    Total loss: 1.515101
    GW/Distance ratio: 4793.845
  GW Loss Components:
    Raw GW loss: 117.035080
    Raw distance loss: 0.026053
    Weighted GW: 1.170351
    Weighted distance: 0.521057
    Total loss: 1.691408
    GW/Distance ratio: 4492.215
  GW Loss Components:
    Raw GW loss: 159.754227
    Raw distance loss: 0.030787
    Weighted GW: 1.597542
    Weighted distance: 0.615746
    Total loss: 2.213288
    GW/Distance ratio: 5188.968
  GW Loss Components:
    Raw GW loss: 108.100197
    Raw distance loss: 0.023920
    Weighted GW: 1.081002
    Weighted distance: 0.478399
    Total loss: 1.559402
    GW/Distance ratio: 4519.242
  GW Loss Components:
    Raw GW loss: 133.497559
    Raw distance loss: 0.027793
    Weighted GW: 1.334976
    Weighted distance: 0.555863
    Total loss: 1.890839
    GW/Distance ratio: 4803.252
  GW Loss Components:
    Raw GW loss: 121.754959
    Raw distance loss: 0.033226
    Weighted GW: 1.217550
    Weighted distance: 0.664516
    Total loss: 1.882066
    GW/Distance ratio: 3664.467
  GW Loss Components:
    Raw GW loss: 112.994171
    Raw distance loss: 0.022320
    Weighted GW: 1.129942
    Weighted distance: 0.446397
    Total loss: 1.576339
    GW/Distance ratio: 5062.497
  GW Loss Components:
    Raw GW loss: 113.444916
    Raw distance loss: 0.026567
    Weighted GW: 1.134449
    Weighted distance: 0.531343
    Total loss: 1.665792
    GW/Distance ratio: 4270.118
  GW Loss Components:
    Raw GW loss: 177.916901
    Raw distance loss: 0.031255
    Weighted GW: 1.779169
    Weighted distance: 0.625108
    Total loss: 2.404277
    GW/Distance ratio: 5692.351
  GW Loss Components:
    Raw GW loss: 100.624741
    Raw distance loss: 0.020540
    Weighted GW: 1.006247
    Weighted distance: 0.410800
    Total loss: 1.417048
    GW/Distance ratio: 4898.961
  GW Loss Components:
    Raw GW loss: 123.399986
    Raw distance loss: 0.020962
    Weighted GW: 1.234000
    Weighted distance: 0.419241
    Total loss: 1.653241
    GW/Distance ratio: 5886.819
  GW Loss Components:
    Raw GW loss: 165.539642
    Raw distance loss: 0.026113
    Weighted GW: 1.655396
    Weighted distance: 0.522252
    Total loss: 2.177648
    GW/Distance ratio: 6339.457
  GW Loss Components:
    Raw GW loss: 121.176064
    Raw distance loss: 0.017309
    Weighted GW: 1.211761
    Weighted distance: 0.346180
    Total loss: 1.557940
    GW/Distance ratio: 7000.758
  GW Loss Components:
    Raw GW loss: 112.938797
    Raw distance loss: 0.022081
    Weighted GW: 1.129388
    Weighted distance: 0.441627
    Total loss: 1.571015
    GW/Distance ratio: 5114.666
  GW Loss Components:
    Raw GW loss: 199.405182
    Raw distance loss: 0.027395
    Weighted GW: 1.994052
    Weighted distance: 0.547908
    Total loss: 2.541960
    GW/Distance ratio: 7278.779
  GW Loss Components:
    Raw GW loss: 102.758514
    Raw distance loss: 0.022200
    Weighted GW: 1.027585
    Weighted distance: 0.443994
    Total loss: 1.471579
    GW/Distance ratio: 4628.828
  GW Loss Components:
    Raw GW loss: 121.428101
    Raw distance loss: 0.024790
    Weighted GW: 1.214281
    Weighted distance: 0.495798
    Total loss: 1.710079
    GW/Distance ratio: 4898.286
  GW Loss Components:
    Raw GW loss: 118.240768
    Raw distance loss: 0.029774
    Weighted GW: 1.182408
    Weighted distance: 0.595486
    Total loss: 1.777893
    GW/Distance ratio: 3971.237
  GW Loss Components:
    Raw GW loss: 109.834190
    Raw distance loss: 0.025441
    Weighted GW: 1.098342
    Weighted distance: 0.508822
    Total loss: 1.607164
    GW/Distance ratio: 4317.195
  GW Loss Components:
    Raw GW loss: 110.846718
    Raw distance loss: 0.028884
    Weighted GW: 1.108467
    Weighted distance: 0.577675
    Total loss: 1.686142
    GW/Distance ratio: 3837.683
  GW Loss Components:
    Raw GW loss: 140.726776
    Raw distance loss: 0.031166
    Weighted GW: 1.407268
    Weighted distance: 0.623310
    Total loss: 2.030578
    GW/Distance ratio: 4515.463
  GW Loss Components:
    Raw GW loss: 103.502731
    Raw distance loss: 0.022630
    Weighted GW: 1.035027
    Weighted distance: 0.452591
    Total loss: 1.487618
    GW/Distance ratio: 4573.783
  GW Loss Components:
    Raw GW loss: 119.468460
    Raw distance loss: 0.027250
    Weighted GW: 1.194685
    Weighted distance: 0.545007
    Total loss: 1.739691
    GW/Distance ratio: 4384.109
  GW Loss Components:
    Raw GW loss: 159.499695
    Raw distance loss: 0.030136
    Weighted GW: 1.594997
    Weighted distance: 0.602728
    Total loss: 2.197725
    GW/Distance ratio: 5292.592
  GW Loss Components:
    Raw GW loss: 135.376358
    Raw distance loss: 0.017552
    Weighted GW: 1.353764
    Weighted distance: 0.351034
    Total loss: 1.704797
    GW/Distance ratio: 7713.005
  GW Loss Components:
    Raw GW loss: 114.275215
    Raw distance loss: 0.021641
    Weighted GW: 1.142752
    Weighted distance: 0.432817
    Total loss: 1.575569
    GW/Distance ratio: 5280.529
  GW Loss Components:
    Raw GW loss: 167.036697
    Raw distance loss: 0.023802
    Weighted GW: 1.670367
    Weighted distance: 0.476038
    Total loss: 2.146405
    GW/Distance ratio: 7017.784
  GW Loss Components:
    Raw GW loss: 102.068054
    Raw distance loss: 0.019452
    Weighted GW: 1.020681
    Weighted distance: 0.389047
    Total loss: 1.409727
    GW/Distance ratio: 5247.085
  GW Loss Components:
    Raw GW loss: 153.742371
    Raw distance loss: 0.021987
    Weighted GW: 1.537424
    Weighted distance: 0.439744
    Total loss: 1.977168
    GW/Distance ratio: 6992.352
  GW Loss Components:
    Raw GW loss: 224.895172
    Raw distance loss: 0.024547
    Weighted GW: 2.248952
    Weighted distance: 0.490940
    Total loss: 2.739892
    GW/Distance ratio: 9161.811
  GW Loss Components:
    Raw GW loss: 105.599167
    Raw distance loss: 0.023221
    Weighted GW: 1.055992
    Weighted distance: 0.464413
    Total loss: 1.520405
    GW/Distance ratio: 4547.639
  GW Loss Components:
    Raw GW loss: 107.379517
    Raw distance loss: 0.029813
    Weighted GW: 1.073795
    Weighted distance: 0.596263
    Total loss: 1.670058
    GW/Distance ratio: 3601.748
  GW Loss Components:
    Raw GW loss: 150.945679
    Raw distance loss: 0.032694
    Weighted GW: 1.509457
    Weighted distance: 0.653889
    Total loss: 2.163346
    GW/Distance ratio: 4616.857
Batch 475/537: Loss=2.9956 (C:7.9541, R:0.0121, T:1.7846(w:1.000)🚀)
  GW Loss Components:
    Raw GW loss: 122.559776
    Raw distance loss: 0.025090
    Weighted GW: 1.225598
    Weighted distance: 0.501810
    Total loss: 1.727407
    GW/Distance ratio: 4884.709
  GW Loss Components:
    Raw GW loss: 143.619995
    Raw distance loss: 0.032108
    Weighted GW: 1.436200
    Weighted distance: 0.642152
    Total loss: 2.078352
    GW/Distance ratio: 4473.084
  GW Loss Components:
    Raw GW loss: 139.266998
    Raw distance loss: 0.033288
    Weighted GW: 1.392670
    Weighted distance: 0.665761
    Total loss: 2.058431
    GW/Distance ratio: 4183.689
  GW Loss Components:
    Raw GW loss: 97.169006
    Raw distance loss: 0.021784
    Weighted GW: 0.971690
    Weighted distance: 0.435674
    Total loss: 1.407364
    GW/Distance ratio: 4460.623
  GW Loss Components:
    Raw GW loss: 124.615982
    Raw distance loss: 0.023565
    Weighted GW: 1.246160
    Weighted distance: 0.471308
    Total loss: 1.717468
    GW/Distance ratio: 5288.087
  GW Loss Components:
    Raw GW loss: 193.796021
    Raw distance loss: 0.026203
    Weighted GW: 1.937960
    Weighted distance: 0.524063
    Total loss: 2.462023
    GW/Distance ratio: 7395.904
  GW Loss Components:
    Raw GW loss: 109.782639
    Raw distance loss: 0.017140
    Weighted GW: 1.097826
    Weighted distance: 0.342807
    Total loss: 1.440634
    GW/Distance ratio: 6404.914
  GW Loss Components:
    Raw GW loss: 166.201950
    Raw distance loss: 0.019710
    Weighted GW: 1.662019
    Weighted distance: 0.394197
    Total loss: 2.056217
    GW/Distance ratio: 8432.419
  GW Loss Components:
    Raw GW loss: 225.580948
    Raw distance loss: 0.025140
    Weighted GW: 2.255810
    Weighted distance: 0.502793
    Total loss: 2.758603
    GW/Distance ratio: 8973.106
  GW Loss Components:
    Raw GW loss: 99.724892
    Raw distance loss: 0.019603
    Weighted GW: 0.997249
    Weighted distance: 0.392064
    Total loss: 1.389313
    GW/Distance ratio: 5087.175
  GW Loss Components:
    Raw GW loss: 116.696175
    Raw distance loss: 0.023758
    Weighted GW: 1.166962
    Weighted distance: 0.475156
    Total loss: 1.642118
    GW/Distance ratio: 4911.903
  GW Loss Components:
    Raw GW loss: 127.585159
    Raw distance loss: 0.030221
    Weighted GW: 1.275852
    Weighted distance: 0.604428
    Total loss: 1.880280
    GW/Distance ratio: 4221.681
  GW Loss Components:
    Raw GW loss: 107.626678
    Raw distance loss: 0.023409
    Weighted GW: 1.076267
    Weighted distance: 0.468171
    Total loss: 1.544438
    GW/Distance ratio: 4597.747
  GW Loss Components:
    Raw GW loss: 116.798584
    Raw distance loss: 0.029232
    Weighted GW: 1.167986
    Weighted distance: 0.584632
    Total loss: 1.752618
    GW/Distance ratio: 3995.626
  GW Loss Components:
    Raw GW loss: 170.516998
    Raw distance loss: 0.038471
    Weighted GW: 1.705170
    Weighted distance: 0.769416
    Total loss: 2.474586
    GW/Distance ratio: 4432.373
  GW Loss Components:
    Raw GW loss: 101.645966
    Raw distance loss: 0.021243
    Weighted GW: 1.016460
    Weighted distance: 0.424867
    Total loss: 1.441327
    GW/Distance ratio: 4784.833
  GW Loss Components:
    Raw GW loss: 106.164902
    Raw distance loss: 0.025867
    Weighted GW: 1.061649
    Weighted distance: 0.517347
    Total loss: 1.578996
    GW/Distance ratio: 4104.205
  GW Loss Components:
    Raw GW loss: 159.535614
    Raw distance loss: 0.031441
    Weighted GW: 1.595356
    Weighted distance: 0.628820
    Total loss: 2.224176
    GW/Distance ratio: 5074.128
  GW Loss Components:
    Raw GW loss: 96.530685
    Raw distance loss: 0.018208
    Weighted GW: 0.965307
    Weighted distance: 0.364160
    Total loss: 1.329467
    GW/Distance ratio: 5301.546
  GW Loss Components:
    Raw GW loss: 135.437775
    Raw distance loss: 0.021764
    Weighted GW: 1.354378
    Weighted distance: 0.435273
    Total loss: 1.789651
    GW/Distance ratio: 6223.118
  GW Loss Components:
    Raw GW loss: 194.875671
    Raw distance loss: 0.023660
    Weighted GW: 1.948757
    Weighted distance: 0.473205
    Total loss: 2.421962
    GW/Distance ratio: 8236.411
  GW Loss Components:
    Raw GW loss: 144.491943
    Raw distance loss: 0.016348
    Weighted GW: 1.444919
    Weighted distance: 0.326955
    Total loss: 1.771875
    GW/Distance ratio: 8838.627
  GW Loss Components:
    Raw GW loss: 133.394608
    Raw distance loss: 0.020141
    Weighted GW: 1.333946
    Weighted distance: 0.402827
    Total loss: 1.736773
    GW/Distance ratio: 6622.916
  GW Loss Components:
    Raw GW loss: 290.318420
    Raw distance loss: 0.022494
    Weighted GW: 2.903184
    Weighted distance: 0.449871
    Total loss: 3.353055
    GW/Distance ratio: 12906.724
  GW Loss Components:
    Raw GW loss: 98.901382
    Raw distance loss: 0.021837
    Weighted GW: 0.989014
    Weighted distance: 0.436742
    Total loss: 1.425756
    GW/Distance ratio: 4529.052
  GW Loss Components:
    Raw GW loss: 117.850479
    Raw distance loss: 0.027134
    Weighted GW: 1.178505
    Weighted distance: 0.542689
    Total loss: 1.721194
    GW/Distance ratio: 4343.203
  GW Loss Components:
    Raw GW loss: 155.426926
    Raw distance loss: 0.029274
    Weighted GW: 1.554269
    Weighted distance: 0.585481
    Total loss: 2.139750
    GW/Distance ratio: 5309.375
  GW Loss Components:
    Raw GW loss: 119.753311
    Raw distance loss: 0.024881
    Weighted GW: 1.197533
    Weighted distance: 0.497620
    Total loss: 1.695153
    GW/Distance ratio: 4813.038
  GW Loss Components:
    Raw GW loss: 111.791656
    Raw distance loss: 0.028515
    Weighted GW: 1.117917
    Weighted distance: 0.570297
    Total loss: 1.688214
    GW/Distance ratio: 3920.469
  GW Loss Components:
    Raw GW loss: 156.817825
    Raw distance loss: 0.029622
    Weighted GW: 1.568178
    Weighted distance: 0.592449
    Total loss: 2.160628
    GW/Distance ratio: 5293.878
  GW Loss Components:
    Raw GW loss: 116.556549
    Raw distance loss: 0.024196
    Weighted GW: 1.165565
    Weighted distance: 0.483912
    Total loss: 1.649478
    GW/Distance ratio: 4817.255
  GW Loss Components:
    Raw GW loss: 110.087555
    Raw distance loss: 0.026098
    Weighted GW: 1.100875
    Weighted distance: 0.521964
    Total loss: 1.622839
    GW/Distance ratio: 4218.206
  GW Loss Components:
    Raw GW loss: 141.945709
    Raw distance loss: 0.032286
    Weighted GW: 1.419457
    Weighted distance: 0.645722
    Total loss: 2.065179
    GW/Distance ratio: 4396.498
  GW Loss Components:
    Raw GW loss: 98.728638
    Raw distance loss: 0.020328
    Weighted GW: 0.987286
    Weighted distance: 0.406553
    Total loss: 1.393840
    GW/Distance ratio: 4856.859
  GW Loss Components:
    Raw GW loss: 106.848640
    Raw distance loss: 0.022373
    Weighted GW: 1.068486
    Weighted distance: 0.447469
    Total loss: 1.515955
    GW/Distance ratio: 4775.692
  GW Loss Components:
    Raw GW loss: 176.698929
    Raw distance loss: 0.030130
    Weighted GW: 1.766989
    Weighted distance: 0.602593
    Total loss: 2.369583
    GW/Distance ratio: 5864.613
  GW Loss Components:
    Raw GW loss: 116.299957
    Raw distance loss: 0.017092
    Weighted GW: 1.163000
    Weighted distance: 0.341845
    Total loss: 1.504845
    GW/Distance ratio: 6804.244
  GW Loss Components:
    Raw GW loss: 138.088135
    Raw distance loss: 0.020510
    Weighted GW: 1.380881
    Weighted distance: 0.410204
    Total loss: 1.791085
    GW/Distance ratio: 6732.658
  GW Loss Components:
    Raw GW loss: 238.271744
    Raw distance loss: 0.023139
    Weighted GW: 2.382717
    Weighted distance: 0.462782
    Total loss: 2.845499
    GW/Distance ratio: 10297.361
  GW Loss Components:
    Raw GW loss: 99.022644
    Raw distance loss: 0.018823
    Weighted GW: 0.990226
    Weighted distance: 0.376454
    Total loss: 1.366680
    GW/Distance ratio: 5260.807
  GW Loss Components:
    Raw GW loss: 141.220276
    Raw distance loss: 0.022662
    Weighted GW: 1.412203
    Weighted distance: 0.453231
    Total loss: 1.865433
    GW/Distance ratio: 6231.716
  GW Loss Components:
    Raw GW loss: 223.096848
    Raw distance loss: 0.025155
    Weighted GW: 2.230968
    Weighted distance: 0.503093
    Total loss: 2.734061
    GW/Distance ratio: 8869.012
  GW Loss Components:
    Raw GW loss: 102.629196
    Raw distance loss: 0.024204
    Weighted GW: 1.026292
    Weighted distance: 0.484086
    Total loss: 1.510378
    GW/Distance ratio: 4240.121
  GW Loss Components:
    Raw GW loss: 114.051338
    Raw distance loss: 0.028185
    Weighted GW: 1.140513
    Weighted distance: 0.563704
    Total loss: 1.704218
    GW/Distance ratio: 4046.494
  GW Loss Components:
    Raw GW loss: 165.870575
    Raw distance loss: 0.033764
    Weighted GW: 1.658706
    Weighted distance: 0.675277
    Total loss: 2.333982
    GW/Distance ratio: 4912.667
  GW Loss Components:
    Raw GW loss: 148.313141
    Raw distance loss: 0.028652
    Weighted GW: 1.483131
    Weighted distance: 0.573034
    Total loss: 2.056165
    GW/Distance ratio: 5176.416
  GW Loss Components:
    Raw GW loss: 170.158478
    Raw distance loss: 0.033090
    Weighted GW: 1.701585
    Weighted distance: 0.661790
    Total loss: 2.363375
    GW/Distance ratio: 5142.365
  GW Loss Components:
    Raw GW loss: 198.037445
    Raw distance loss: 0.038437
    Weighted GW: 1.980374
    Weighted distance: 0.768746
    Total loss: 2.749121
    GW/Distance ratio: 5152.218
  GW Loss Components:
    Raw GW loss: 98.904846
    Raw distance loss: 0.019804
    Weighted GW: 0.989048
    Weighted distance: 0.396074
    Total loss: 1.385122
    GW/Distance ratio: 4994.265
  GW Loss Components:
    Raw GW loss: 121.799255
    Raw distance loss: 0.023940
    Weighted GW: 1.217993
    Weighted distance: 0.478803
    Total loss: 1.696796
    GW/Distance ratio: 5087.649
  GW Loss Components:
    Raw GW loss: 186.062073
    Raw distance loss: 0.028074
    Weighted GW: 1.860621
    Weighted distance: 0.561471
    Total loss: 2.422091
    GW/Distance ratio: 6627.668
  GW Loss Components:
    Raw GW loss: 141.055328
    Raw distance loss: 0.016332
    Weighted GW: 1.410553
    Weighted distance: 0.326638
    Total loss: 1.737191
    GW/Distance ratio: 8636.792
  GW Loss Components:
    Raw GW loss: 131.225006
    Raw distance loss: 0.021374
    Weighted GW: 1.312250
    Weighted distance: 0.427489
    Total loss: 1.739739
    GW/Distance ratio: 6139.339
  GW Loss Components:
    Raw GW loss: 225.491241
    Raw distance loss: 0.023043
    Weighted GW: 2.254912
    Weighted distance: 0.460851
    Total loss: 2.715763
    GW/Distance ratio: 9785.858
  GW Loss Components:
    Raw GW loss: 114.693382
    Raw distance loss: 0.018794
    Weighted GW: 1.146934
    Weighted distance: 0.375888
    Total loss: 1.522822
    GW/Distance ratio: 6102.526
  GW Loss Components:
    Raw GW loss: 216.692810
    Raw distance loss: 0.020731
    Weighted GW: 2.166928
    Weighted distance: 0.414622
    Total loss: 2.581550
    GW/Distance ratio: 10452.548
  GW Loss Components:
    Raw GW loss: 196.539658
    Raw distance loss: 0.024484
    Weighted GW: 1.965397
    Weighted distance: 0.489682
    Total loss: 2.455078
    GW/Distance ratio: 8027.236
  GW Loss Components:
    Raw GW loss: 101.982155
    Raw distance loss: 0.022092
    Weighted GW: 1.019822
    Weighted distance: 0.441845
    Total loss: 1.461666
    GW/Distance ratio: 4616.197
  GW Loss Components:
    Raw GW loss: 111.188080
    Raw distance loss: 0.026828
    Weighted GW: 1.111881
    Weighted distance: 0.536554
    Total loss: 1.648435
    GW/Distance ratio: 4144.522
  GW Loss Components:
    Raw GW loss: 161.536530
    Raw distance loss: 0.029734
    Weighted GW: 1.615365
    Weighted distance: 0.594679
    Total loss: 2.210044
    GW/Distance ratio: 5432.726
  GW Loss Components:
    Raw GW loss: 147.936066
    Raw distance loss: 0.028342
    Weighted GW: 1.479361
    Weighted distance: 0.566847
    Total loss: 2.046208
    GW/Distance ratio: 5219.609
  GW Loss Components:
    Raw GW loss: 151.499588
    Raw distance loss: 0.032488
    Weighted GW: 1.514996
    Weighted distance: 0.649765
    Total loss: 2.164761
    GW/Distance ratio: 4663.208
  GW Loss Components:
    Raw GW loss: 181.688721
    Raw distance loss: 0.034691
    Weighted GW: 1.816887
    Weighted distance: 0.693822
    Total loss: 2.510709
    GW/Distance ratio: 5237.326
  GW Loss Components:
    Raw GW loss: 120.361481
    Raw distance loss: 0.022852
    Weighted GW: 1.203615
    Weighted distance: 0.457043
    Total loss: 1.660658
    GW/Distance ratio: 5266.961
  GW Loss Components:
    Raw GW loss: 102.440567
    Raw distance loss: 0.024917
    Weighted GW: 1.024406
    Weighted distance: 0.498333
    Total loss: 1.522739
    GW/Distance ratio: 4111.325
  GW Loss Components:
    Raw GW loss: 181.185822
    Raw distance loss: 0.030796
    Weighted GW: 1.811858
    Weighted distance: 0.615926
    Total loss: 2.427784
    GW/Distance ratio: 5883.362
  GW Loss Components:
    Raw GW loss: 97.645569
    Raw distance loss: 0.018518
    Weighted GW: 0.976456
    Weighted distance: 0.370369
    Total loss: 1.346825
    GW/Distance ratio: 5272.872
  GW Loss Components:
    Raw GW loss: 199.361389
    Raw distance loss: 0.021014
    Weighted GW: 1.993614
    Weighted distance: 0.420276
    Total loss: 2.413890
    GW/Distance ratio: 9487.159
  GW Loss Components:
    Raw GW loss: 213.470245
    Raw distance loss: 0.024977
    Weighted GW: 2.134702
    Weighted distance: 0.499537
    Total loss: 2.634239
    GW/Distance ratio: 8546.721
  GW Loss Components:
    Raw GW loss: 113.501266
    Raw distance loss: 0.016495
    Weighted GW: 1.135013
    Weighted distance: 0.329901
    Total loss: 1.464914
    GW/Distance ratio: 6880.924
  GW Loss Components:
    Raw GW loss: 254.889496
    Raw distance loss: 0.020443
    Weighted GW: 2.548895
    Weighted distance: 0.408855
    Total loss: 2.957750
    GW/Distance ratio: 12468.438
  GW Loss Components:
    Raw GW loss: 235.613480
    Raw distance loss: 0.022432
    Weighted GW: 2.356135
    Weighted distance: 0.448634
    Total loss: 2.804769
    GW/Distance ratio: 10503.593
  GW Loss Components:
    Raw GW loss: 88.252640
    Raw distance loss: 0.020471
    Weighted GW: 0.882526
    Weighted distance: 0.409417
    Total loss: 1.291943
    GW/Distance ratio: 4311.139
  GW Loss Components:
    Raw GW loss: 117.686066
    Raw distance loss: 0.022413
    Weighted GW: 1.176861
    Weighted distance: 0.448261
    Total loss: 1.625122
    GW/Distance ratio: 5250.778
  GW Loss Components:
    Raw GW loss: 172.757782
    Raw distance loss: 0.027324
    Weighted GW: 1.727578
    Weighted distance: 0.546482
    Total loss: 2.274060
    GW/Distance ratio: 6322.542
Batch 500/537: Loss=2.9145 (C:7.9445, R:0.0118, T:1.7304(w:1.000)🚀)
  GW Loss Components:
    Raw GW loss: 117.258987
    Raw distance loss: 0.027672
    Weighted GW: 1.172590
    Weighted distance: 0.553448
    Total loss: 1.726038
    GW/Distance ratio: 4237.399
  GW Loss Components:
    Raw GW loss: 119.752319
    Raw distance loss: 0.030720
    Weighted GW: 1.197523
    Weighted distance: 0.614392
    Total loss: 1.811915
    GW/Distance ratio: 3898.240
  GW Loss Components:
    Raw GW loss: 202.877350
    Raw distance loss: 0.037590
    Weighted GW: 2.028774
    Weighted distance: 0.751796
    Total loss: 2.780570
    GW/Distance ratio: 5397.134
  GW Loss Components:
    Raw GW loss: 118.941086
    Raw distance loss: 0.026903
    Weighted GW: 1.189411
    Weighted distance: 0.538064
    Total loss: 1.727475
    GW/Distance ratio: 4421.076
  GW Loss Components:
    Raw GW loss: 133.916992
    Raw distance loss: 0.028012
    Weighted GW: 1.339170
    Weighted distance: 0.560235
    Total loss: 1.899405
    GW/Distance ratio: 4780.741
  GW Loss Components:
    Raw GW loss: 182.718262
    Raw distance loss: 0.038369
    Weighted GW: 1.827183
    Weighted distance: 0.767374
    Total loss: 2.594556
    GW/Distance ratio: 4762.171
  GW Loss Components:
    Raw GW loss: 104.490372
    Raw distance loss: 0.021102
    Weighted GW: 1.044904
    Weighted distance: 0.422031
    Total loss: 1.466935
    GW/Distance ratio: 4951.780
  GW Loss Components:
    Raw GW loss: 111.855804
    Raw distance loss: 0.023688
    Weighted GW: 1.118558
    Weighted distance: 0.473760
    Total loss: 1.592318
    GW/Distance ratio: 4722.042
  GW Loss Components:
    Raw GW loss: 172.498108
    Raw distance loss: 0.029273
    Weighted GW: 1.724981
    Weighted distance: 0.585459
    Total loss: 2.310440
    GW/Distance ratio: 5892.744
  GW Loss Components:
    Raw GW loss: 188.726486
    Raw distance loss: 0.016500
    Weighted GW: 1.887265
    Weighted distance: 0.329991
    Total loss: 2.217255
    GW/Distance ratio: 11438.290
  GW Loss Components:
    Raw GW loss: 177.868103
    Raw distance loss: 0.018258
    Weighted GW: 1.778681
    Weighted distance: 0.365162
    Total loss: 2.143843
    GW/Distance ratio: 9741.871
  GW Loss Components:
    Raw GW loss: 203.955994
    Raw distance loss: 0.024746
    Weighted GW: 2.039560
    Weighted distance: 0.494918
    Total loss: 2.534478
    GW/Distance ratio: 8242.012
  GW Loss Components:
    Raw GW loss: 99.744278
    Raw distance loss: 0.020118
    Weighted GW: 0.997443
    Weighted distance: 0.402361
    Total loss: 1.399804
    GW/Distance ratio: 4957.949
  GW Loss Components:
    Raw GW loss: 148.295868
    Raw distance loss: 0.023349
    Weighted GW: 1.482959
    Weighted distance: 0.466987
    Total loss: 1.949945
    GW/Distance ratio: 6351.177
  GW Loss Components:
    Raw GW loss: 170.066528
    Raw distance loss: 0.027425
    Weighted GW: 1.700665
    Weighted distance: 0.548500
    Total loss: 2.249165
    GW/Distance ratio: 6201.149
  GW Loss Components:
    Raw GW loss: 101.050987
    Raw distance loss: 0.023934
    Weighted GW: 1.010510
    Weighted distance: 0.478688
    Total loss: 1.489197
    GW/Distance ratio: 4222.000
  GW Loss Components:
    Raw GW loss: 121.648697
    Raw distance loss: 0.028877
    Weighted GW: 1.216487
    Weighted distance: 0.577548
    Total loss: 1.794035
    GW/Distance ratio: 4212.592
  GW Loss Components:
    Raw GW loss: 187.360199
    Raw distance loss: 0.031320
    Weighted GW: 1.873602
    Weighted distance: 0.626400
    Total loss: 2.500002
    GW/Distance ratio: 5982.120
  GW Loss Components:
    Raw GW loss: 126.310532
    Raw distance loss: 0.024984
    Weighted GW: 1.263105
    Weighted distance: 0.499686
    Total loss: 1.762791
    GW/Distance ratio: 5055.599
  GW Loss Components:
    Raw GW loss: 110.459198
    Raw distance loss: 0.028562
    Weighted GW: 1.104592
    Weighted distance: 0.571233
    Total loss: 1.675825
    GW/Distance ratio: 3867.394
  GW Loss Components:
    Raw GW loss: 200.039429
    Raw distance loss: 0.033449
    Weighted GW: 2.000394
    Weighted distance: 0.668989
    Total loss: 2.669383
    GW/Distance ratio: 5980.349
  GW Loss Components:
    Raw GW loss: 104.513260
    Raw distance loss: 0.024104
    Weighted GW: 1.045133
    Weighted distance: 0.482074
    Total loss: 1.527207
    GW/Distance ratio: 4335.978
  GW Loss Components:
    Raw GW loss: 129.084686
    Raw distance loss: 0.025108
    Weighted GW: 1.290847
    Weighted distance: 0.502155
    Total loss: 1.793002
    GW/Distance ratio: 5141.222
  GW Loss Components:
    Raw GW loss: 157.899536
    Raw distance loss: 0.032577
    Weighted GW: 1.578995
    Weighted distance: 0.651541
    Total loss: 2.230536
    GW/Distance ratio: 4846.954
  GW Loss Components:
    Raw GW loss: 138.615875
    Raw distance loss: 0.016895
    Weighted GW: 1.386159
    Weighted distance: 0.337896
    Total loss: 1.724054
    GW/Distance ratio: 8204.654
  GW Loss Components:
    Raw GW loss: 169.298004
    Raw distance loss: 0.020926
    Weighted GW: 1.692980
    Weighted distance: 0.418513
    Total loss: 2.111493
    GW/Distance ratio: 8090.455
  GW Loss Components:
    Raw GW loss: 234.759155
    Raw distance loss: 0.023821
    Weighted GW: 2.347591
    Weighted distance: 0.476413
    Total loss: 2.824004
    GW/Distance ratio: 9855.278
  GW Loss Components:
    Raw GW loss: 98.378510
    Raw distance loss: 0.019095
    Weighted GW: 0.983785
    Weighted distance: 0.381893
    Total loss: 1.365678
    GW/Distance ratio: 5152.149
  GW Loss Components:
    Raw GW loss: 126.807770
    Raw distance loss: 0.020985
    Weighted GW: 1.268078
    Weighted distance: 0.419706
    Total loss: 1.687784
    GW/Distance ratio: 6042.692
  GW Loss Components:
    Raw GW loss: 148.155426
    Raw distance loss: 0.023341
    Weighted GW: 1.481554
    Weighted distance: 0.466820
    Total loss: 1.948374
    GW/Distance ratio: 6347.434
  GW Loss Components:
    Raw GW loss: 103.124420
    Raw distance loss: 0.019997
    Weighted GW: 1.031244
    Weighted distance: 0.399939
    Total loss: 1.431183
    GW/Distance ratio: 5157.002
  GW Loss Components:
    Raw GW loss: 118.864754
    Raw distance loss: 0.022279
    Weighted GW: 1.188648
    Weighted distance: 0.445583
    Total loss: 1.634231
    GW/Distance ratio: 5335.238
  GW Loss Components:
    Raw GW loss: 177.780426
    Raw distance loss: 0.028621
    Weighted GW: 1.777804
    Weighted distance: 0.572422
    Total loss: 2.350226
    GW/Distance ratio: 6211.519
  GW Loss Components:
    Raw GW loss: 105.145096
    Raw distance loss: 0.022345
    Weighted GW: 1.051451
    Weighted distance: 0.446910
    Total loss: 1.498361
    GW/Distance ratio: 4705.426
  GW Loss Components:
    Raw GW loss: 114.746216
    Raw distance loss: 0.027097
    Weighted GW: 1.147462
    Weighted distance: 0.541937
    Total loss: 1.689399
    GW/Distance ratio: 4234.667
  GW Loss Components:
    Raw GW loss: 145.583755
    Raw distance loss: 0.032502
    Weighted GW: 1.455837
    Weighted distance: 0.650037
    Total loss: 2.105875
    GW/Distance ratio: 4479.242
  GW Loss Components:
    Raw GW loss: 100.033577
    Raw distance loss: 0.020745
    Weighted GW: 1.000336
    Weighted distance: 0.414899
    Total loss: 1.415235
    GW/Distance ratio: 4822.065
  GW Loss Components:
    Raw GW loss: 109.290176
    Raw distance loss: 0.024957
    Weighted GW: 1.092902
    Weighted distance: 0.499150
    Total loss: 1.592051
    GW/Distance ratio: 4379.054
  GW Loss Components:
    Raw GW loss: 177.499725
    Raw distance loss: 0.031008
    Weighted GW: 1.774997
    Weighted distance: 0.620164
    Total loss: 2.395161
    GW/Distance ratio: 5724.282
  GW Loss Components:
    Raw GW loss: 103.223999
    Raw distance loss: 0.021984
    Weighted GW: 1.032240
    Weighted distance: 0.439687
    Total loss: 1.471927
    GW/Distance ratio: 4695.342
  GW Loss Components:
    Raw GW loss: 111.755371
    Raw distance loss: 0.025008
    Weighted GW: 1.117554
    Weighted distance: 0.500154
    Total loss: 1.617708
    GW/Distance ratio: 4468.834
  GW Loss Components:
    Raw GW loss: 182.927460
    Raw distance loss: 0.029457
    Weighted GW: 1.829275
    Weighted distance: 0.589139
    Total loss: 2.418413
    GW/Distance ratio: 6209.996
  GW Loss Components:
    Raw GW loss: 116.604385
    Raw distance loss: 0.018130
    Weighted GW: 1.166044
    Weighted distance: 0.362599
    Total loss: 1.528643
    GW/Distance ratio: 6431.587
  GW Loss Components:
    Raw GW loss: 134.704758
    Raw distance loss: 0.021404
    Weighted GW: 1.347048
    Weighted distance: 0.428079
    Total loss: 1.775126
    GW/Distance ratio: 6293.453
  GW Loss Components:
    Raw GW loss: 181.164673
    Raw distance loss: 0.025231
    Weighted GW: 1.811647
    Weighted distance: 0.504614
    Total loss: 2.316260
    GW/Distance ratio: 7180.331
  GW Loss Components:
    Raw GW loss: 89.724533
    Raw distance loss: 0.018755
    Weighted GW: 0.897245
    Weighted distance: 0.375096
    Total loss: 1.272341
    GW/Distance ratio: 4784.078
  GW Loss Components:
    Raw GW loss: 143.497009
    Raw distance loss: 0.022757
    Weighted GW: 1.434970
    Weighted distance: 0.455134
    Total loss: 1.890104
    GW/Distance ratio: 6305.697
  GW Loss Components:
    Raw GW loss: 173.547745
    Raw distance loss: 0.025464
    Weighted GW: 1.735477
    Weighted distance: 0.509285
    Total loss: 2.244762
    GW/Distance ratio: 6815.351
  GW Loss Components:
    Raw GW loss: 105.460785
    Raw distance loss: 0.020719
    Weighted GW: 1.054608
    Weighted distance: 0.414374
    Total loss: 1.468982
    GW/Distance ratio: 5090.124
  GW Loss Components:
    Raw GW loss: 104.244064
    Raw distance loss: 0.025522
    Weighted GW: 1.042441
    Weighted distance: 0.510439
    Total loss: 1.552879
    GW/Distance ratio: 4084.489
  GW Loss Components:
    Raw GW loss: 162.464188
    Raw distance loss: 0.027386
    Weighted GW: 1.624642
    Weighted distance: 0.547713
    Total loss: 2.172355
    GW/Distance ratio: 5932.456
  GW Loss Components:
    Raw GW loss: 110.660278
    Raw distance loss: 0.022397
    Weighted GW: 1.106603
    Weighted distance: 0.447932
    Total loss: 1.554535
    GW/Distance ratio: 4940.935
  GW Loss Components:
    Raw GW loss: 112.358040
    Raw distance loss: 0.025535
    Weighted GW: 1.123580
    Weighted distance: 0.510692
    Total loss: 1.634273
    GW/Distance ratio: 4400.222
  GW Loss Components:
    Raw GW loss: 170.001770
    Raw distance loss: 0.031131
    Weighted GW: 1.700018
    Weighted distance: 0.622622
    Total loss: 2.322640
    GW/Distance ratio: 5460.829
  GW Loss Components:
    Raw GW loss: 102.016785
    Raw distance loss: 0.023241
    Weighted GW: 1.020168
    Weighted distance: 0.464822
    Total loss: 1.484990
    GW/Distance ratio: 4389.497
  GW Loss Components:
    Raw GW loss: 112.451538
    Raw distance loss: 0.025653
    Weighted GW: 1.124515
    Weighted distance: 0.513055
    Total loss: 1.637571
    GW/Distance ratio: 4383.603
  GW Loss Components:
    Raw GW loss: 193.759369
    Raw distance loss: 0.033301
    Weighted GW: 1.937594
    Weighted distance: 0.666028
    Total loss: 2.603622
    GW/Distance ratio: 5818.353
  GW Loss Components:
    Raw GW loss: 110.463921
    Raw distance loss: 0.019624
    Weighted GW: 1.104639
    Weighted distance: 0.392488
    Total loss: 1.497127
    GW/Distance ratio: 5628.909
  GW Loss Components:
    Raw GW loss: 122.934998
    Raw distance loss: 0.020109
    Weighted GW: 1.229350
    Weighted distance: 0.402185
    Total loss: 1.631535
    GW/Distance ratio: 6113.349
  GW Loss Components:
    Raw GW loss: 179.926682
    Raw distance loss: 0.024433
    Weighted GW: 1.799267
    Weighted distance: 0.488664
    Total loss: 2.287931
    GW/Distance ratio: 7364.022
  GW Loss Components:
    Raw GW loss: 126.847137
    Raw distance loss: 0.016063
    Weighted GW: 1.268471
    Weighted distance: 0.321257
    Total loss: 1.589728
    GW/Distance ratio: 7896.933
  GW Loss Components:
    Raw GW loss: 137.578613
    Raw distance loss: 0.020203
    Weighted GW: 1.375786
    Weighted distance: 0.404063
    Total loss: 1.779849
    GW/Distance ratio: 6809.762
  GW Loss Components:
    Raw GW loss: 207.990326
    Raw distance loss: 0.024448
    Weighted GW: 2.079903
    Weighted distance: 0.488955
    Total loss: 2.568858
    GW/Distance ratio: 8507.539
  GW Loss Components:
    Raw GW loss: 93.533966
    Raw distance loss: 0.018204
    Weighted GW: 0.935340
    Weighted distance: 0.364080
    Total loss: 1.299419
    GW/Distance ratio: 5138.102
  GW Loss Components:
    Raw GW loss: 113.860191
    Raw distance loss: 0.021053
    Weighted GW: 1.138602
    Weighted distance: 0.421066
    Total loss: 1.559668
    GW/Distance ratio: 5408.186
  GW Loss Components:
    Raw GW loss: 191.377991
    Raw distance loss: 0.024578
    Weighted GW: 1.913780
    Weighted distance: 0.491561
    Total loss: 2.405341
    GW/Distance ratio: 7786.540
  GW Loss Components:
    Raw GW loss: 97.721161
    Raw distance loss: 0.020059
    Weighted GW: 0.977212
    Weighted distance: 0.401174
    Total loss: 1.378385
    GW/Distance ratio: 4871.759
  GW Loss Components:
    Raw GW loss: 104.626366
    Raw distance loss: 0.025591
    Weighted GW: 1.046264
    Weighted distance: 0.511811
    Total loss: 1.558075
    GW/Distance ratio: 4088.472
  GW Loss Components:
    Raw GW loss: 180.822479
    Raw distance loss: 0.031536
    Weighted GW: 1.808225
    Weighted distance: 0.630718
    Total loss: 2.438943
    GW/Distance ratio: 5733.857
  GW Loss Components:
    Raw GW loss: 110.404068
    Raw distance loss: 0.023405
    Weighted GW: 1.104041
    Weighted distance: 0.468105
    Total loss: 1.572145
    GW/Distance ratio: 4717.064
  GW Loss Components:
    Raw GW loss: 116.571411
    Raw distance loss: 0.028217
    Weighted GW: 1.165714
    Weighted distance: 0.564334
    Total loss: 1.730048
    GW/Distance ratio: 4131.292
  GW Loss Components:
    Raw GW loss: 160.394958
    Raw distance loss: 0.034242
    Weighted GW: 1.603950
    Weighted distance: 0.684848
    Total loss: 2.288797
    GW/Distance ratio: 4684.103
  GW Loss Components:
    Raw GW loss: 103.487061
    Raw distance loss: 0.020259
    Weighted GW: 1.034871
    Weighted distance: 0.405187
    Total loss: 1.440058
    GW/Distance ratio: 5108.106
  GW Loss Components:
    Raw GW loss: 118.865585
    Raw distance loss: 0.021521
    Weighted GW: 1.188656
    Weighted distance: 0.430410
    Total loss: 1.619066
    GW/Distance ratio: 5523.357
  GW Loss Components:
    Raw GW loss: 207.422501
    Raw distance loss: 0.023353
    Weighted GW: 2.074225
    Weighted distance: 0.467055
    Total loss: 2.541280
    GW/Distance ratio: 8882.145
Batch 525/537: Loss=3.0285 (C:7.9687, R:0.0116, T:1.8668(w:1.000)🚀)
  GW Loss Components:
    Raw GW loss: 89.312935
    Raw distance loss: 0.019047
    Weighted GW: 0.893129
    Weighted distance: 0.380944
    Total loss: 1.274073
    GW/Distance ratio: 4689.029
  GW Loss Components:
    Raw GW loss: 120.173302
    Raw distance loss: 0.021701
    Weighted GW: 1.201733
    Weighted distance: 0.434026
    Total loss: 1.635759
    GW/Distance ratio: 5537.604
  GW Loss Components:
    Raw GW loss: 194.834961
    Raw distance loss: 0.025298
    Weighted GW: 1.948350
    Weighted distance: 0.505952
    Total loss: 2.454301
    GW/Distance ratio: 7701.719
  GW Loss Components:
    Raw GW loss: 100.982559
    Raw distance loss: 0.018627
    Weighted GW: 1.009826
    Weighted distance: 0.372543
    Total loss: 1.382369
    GW/Distance ratio: 5421.249
  GW Loss Components:
    Raw GW loss: 151.497498
    Raw distance loss: 0.022009
    Weighted GW: 1.514975
    Weighted distance: 0.440175
    Total loss: 1.955149
    GW/Distance ratio: 6883.517
  GW Loss Components:
    Raw GW loss: 189.348679
    Raw distance loss: 0.026506
    Weighted GW: 1.893487
    Weighted distance: 0.530114
    Total loss: 2.423600
    GW/Distance ratio: 7143.701
  GW Loss Components:
    Raw GW loss: 107.939285
    Raw distance loss: 0.020443
    Weighted GW: 1.079393
    Weighted distance: 0.408867
    Total loss: 1.488260
    GW/Distance ratio: 5279.913
  GW Loss Components:
    Raw GW loss: 113.557877
    Raw distance loss: 0.026489
    Weighted GW: 1.135579
    Weighted distance: 0.529788
    Total loss: 1.665367
    GW/Distance ratio: 4286.913
  GW Loss Components:
    Raw GW loss: 186.336212
    Raw distance loss: 0.031396
    Weighted GW: 1.863362
    Weighted distance: 0.627915
    Total loss: 2.491277
    GW/Distance ratio: 5935.077
  GW Loss Components:
    Raw GW loss: 116.635231
    Raw distance loss: 0.023342
    Weighted GW: 1.166352
    Weighted distance: 0.466837
    Total loss: 1.633189
    GW/Distance ratio: 4996.828
  GW Loss Components:
    Raw GW loss: 136.977570
    Raw distance loss: 0.027656
    Weighted GW: 1.369776
    Weighted distance: 0.553130
    Total loss: 1.922905
    GW/Distance ratio: 4952.818
  GW Loss Components:
    Raw GW loss: 175.360886
    Raw distance loss: 0.032524
    Weighted GW: 1.753609
    Weighted distance: 0.650478
    Total loss: 2.404087
    GW/Distance ratio: 5391.750
  GW Loss Components:
    Raw GW loss: 103.418015
    Raw distance loss: 0.019720
    Weighted GW: 1.034180
    Weighted distance: 0.394396
    Total loss: 1.428576
    GW/Distance ratio: 5244.376
  GW Loss Components:
    Raw GW loss: 122.347733
    Raw distance loss: 0.025878
    Weighted GW: 1.223477
    Weighted distance: 0.517556
    Total loss: 1.741033
    GW/Distance ratio: 4727.902
  GW Loss Components:
    Raw GW loss: 168.205780
    Raw distance loss: 0.025271
    Weighted GW: 1.682058
    Weighted distance: 0.505422
    Total loss: 2.187479
    GW/Distance ratio: 6656.053
  GW Loss Components:
    Raw GW loss: 106.991806
    Raw distance loss: 0.020415
    Weighted GW: 1.069918
    Weighted distance: 0.408304
    Total loss: 1.478222
    GW/Distance ratio: 5240.791
  GW Loss Components:
    Raw GW loss: 125.281288
    Raw distance loss: 0.020227
    Weighted GW: 1.252813
    Weighted distance: 0.404549
    Total loss: 1.657362
    GW/Distance ratio: 6193.629
  GW Loss Components:
    Raw GW loss: 238.279968
    Raw distance loss: 0.023711
    Weighted GW: 2.382800
    Weighted distance: 0.474227
    Total loss: 2.857027
    GW/Distance ratio: 10049.188
  GW Loss Components:
    Raw GW loss: 99.533401
    Raw distance loss: 0.019323
    Weighted GW: 0.995334
    Weighted distance: 0.386450
    Total loss: 1.381784
    GW/Distance ratio: 5151.160
  GW Loss Components:
    Raw GW loss: 112.804474
    Raw distance loss: 0.024517
    Weighted GW: 1.128045
    Weighted distance: 0.490330
    Total loss: 1.618375
    GW/Distance ratio: 4601.162
  GW Loss Components:
    Raw GW loss: 167.674805
    Raw distance loss: 0.028070
    Weighted GW: 1.676748
    Weighted distance: 0.561392
    Total loss: 2.238140
    GW/Distance ratio: 5973.538
  GW Loss Components:
    Raw GW loss: 104.299858
    Raw distance loss: 0.022528
    Weighted GW: 1.042999
    Weighted distance: 0.450552
    Total loss: 1.493551
    GW/Distance ratio: 4629.867
  GW Loss Components:
    Raw GW loss: 114.971260
    Raw distance loss: 0.024621
    Weighted GW: 1.149713
    Weighted distance: 0.492413
    Total loss: 1.642126
    GW/Distance ratio: 4669.704
  GW Loss Components:
    Raw GW loss: 167.334747
    Raw distance loss: 0.030283
    Weighted GW: 1.673347
    Weighted distance: 0.605653
    Total loss: 2.279001
    GW/Distance ratio: 5525.759
  GW Loss Components:
    Raw GW loss: 103.063095
    Raw distance loss: 0.021147
    Weighted GW: 1.030631
    Weighted distance: 0.422936
    Total loss: 1.453567
    GW/Distance ratio: 4873.699
  GW Loss Components:
    Raw GW loss: 116.381813
    Raw distance loss: 0.025976
    Weighted GW: 1.163818
    Weighted distance: 0.519518
    Total loss: 1.683337
    GW/Distance ratio: 4480.371
  GW Loss Components:
    Raw GW loss: 174.724945
    Raw distance loss: 0.031622
    Weighted GW: 1.747249
    Weighted distance: 0.632437
    Total loss: 2.379686
    GW/Distance ratio: 5525.447
  GW Loss Components:
    Raw GW loss: 100.235222
    Raw distance loss: 0.018770
    Weighted GW: 1.002352
    Weighted distance: 0.375406
    Total loss: 1.377758
    GW/Distance ratio: 5340.098
  GW Loss Components:
    Raw GW loss: 112.915009
    Raw distance loss: 0.022846
    Weighted GW: 1.129150
    Weighted distance: 0.456914
    Total loss: 1.586064
    GW/Distance ratio: 4942.509
  GW Loss Components:
    Raw GW loss: 130.412903
    Raw distance loss: 0.026948
    Weighted GW: 1.304129
    Weighted distance: 0.538969
    Total loss: 1.843098
    GW/Distance ratio: 4839.347
  GW Loss Components:
    Raw GW loss: 108.005142
    Raw distance loss: 0.017869
    Weighted GW: 1.080051
    Weighted distance: 0.357378
    Total loss: 1.437429
    GW/Distance ratio: 6044.311
  GW Loss Components:
    Raw GW loss: 136.975128
    Raw distance loss: 0.018182
    Weighted GW: 1.369751
    Weighted distance: 0.363631
    Total loss: 1.733382
    GW/Distance ratio: 7533.750
  GW Loss Components:
    Raw GW loss: 300.027313
    Raw distance loss: 0.020675
    Weighted GW: 3.000273
    Weighted distance: 0.413494
    Total loss: 3.413767
    GW/Distance ratio: 14511.793
🎉 MILESTONE: First topological learning detected at epoch 1!
   Initial topological loss: 2.9360
📈 New best topological loss: 2.9360

📊 EPOCH 1 TRAINING SUMMARY:
  Total Loss: 5.8183
  Contrastive: 7.9784
  Reconstruction: 0.0288
  Topological: 2.9360 (weight: 1.000)
  Batches with topology: 537/537 (100.0%)
  GW Loss Components:
    Raw GW loss: 960.739258
    Raw distance loss: 0.345246
    Weighted GW: 9.607392
    Weighted distance: 6.904927
    Total loss: 16.512320
    GW/Distance ratio: 2782.764
  GW Loss Components:
    Raw GW loss: 798.179810
    Raw distance loss: 0.419985
    Weighted GW: 7.981798
    Weighted distance: 8.399703
    Total loss: 16.381500
    GW/Distance ratio: 1900.495
  GW Loss Components:
    Raw GW loss: 618.001221
    Raw distance loss: 0.469772
    Weighted GW: 6.180012
    Weighted distance: 9.395447
    Total loss: 15.575459
    GW/Distance ratio: 1315.533
  GW Loss Components:
    Raw GW loss: 918.245056
    Raw distance loss: 0.363548
    Weighted GW: 9.182450
    Weighted distance: 7.270951
    Total loss: 16.453402
    GW/Distance ratio: 2525.791
  GW Loss Components:
    Raw GW loss: 792.237122
    Raw distance loss: 0.411069
    Weighted GW: 7.922371
    Weighted distance: 8.221377
    Total loss: 16.143749
    GW/Distance ratio: 1927.261
  GW Loss Components:
    Raw GW loss: 526.135132
    Raw distance loss: 0.472094
    Weighted GW: 5.261351
    Weighted distance: 9.441889
    Total loss: 14.703239
    GW/Distance ratio: 1114.470
  GW Loss Components:
    Raw GW loss: 941.110962
    Raw distance loss: 0.368462
    Weighted GW: 9.411109
    Weighted distance: 7.369249
    Total loss: 16.780357
    GW/Distance ratio: 2554.157
  GW Loss Components:
    Raw GW loss: 763.872375
    Raw distance loss: 0.406106
    Weighted GW: 7.638723
    Weighted distance: 8.122112
    Total loss: 15.760836
    GW/Distance ratio: 1880.970
  GW Loss Components:
    Raw GW loss: 629.385986
    Raw distance loss: 0.468538
    Weighted GW: 6.293860
    Weighted distance: 9.370764
    Total loss: 15.664623
    GW/Distance ratio: 1343.297
  GW Loss Components:
    Raw GW loss: 955.534302
    Raw distance loss: 0.370467
    Weighted GW: 9.555343
    Weighted distance: 7.409340
    Total loss: 16.964684
    GW/Distance ratio: 2579.270
  GW Loss Components:
    Raw GW loss: 776.186646
    Raw distance loss: 0.422141
    Weighted GW: 7.761866
    Weighted distance: 8.442811
    Total loss: 16.204678
    GW/Distance ratio: 1838.692
  GW Loss Components:
    Raw GW loss: 635.083679
    Raw distance loss: 0.465522
    Weighted GW: 6.350837
    Weighted distance: 9.310440
    Total loss: 15.661277
    GW/Distance ratio: 1364.240
  GW Loss Components:
    Raw GW loss: 976.488586
    Raw distance loss: 0.355267
    Weighted GW: 9.764886
    Weighted distance: 7.105347
    Total loss: 16.870232
    GW/Distance ratio: 2748.602
  GW Loss Components:
    Raw GW loss: 820.320007
    Raw distance loss: 0.416242
    Weighted GW: 8.203200
    Weighted distance: 8.324847
    Total loss: 16.528048
    GW/Distance ratio: 1970.775
  GW Loss Components:
    Raw GW loss: 569.048584
    Raw distance loss: 0.462844
    Weighted GW: 5.690485
    Weighted distance: 9.256886
    Total loss: 14.947372
    GW/Distance ratio: 1229.460
  GW Loss Components:
    Raw GW loss: 937.596436
    Raw distance loss: 0.355273
    Weighted GW: 9.375964
    Weighted distance: 7.105459
    Total loss: 16.481422
    GW/Distance ratio: 2639.088
  GW Loss Components:
    Raw GW loss: 748.402283
    Raw distance loss: 0.412524
    Weighted GW: 7.484023
    Weighted distance: 8.250486
    Total loss: 15.734509
    GW/Distance ratio: 1814.202
  GW Loss Components:
    Raw GW loss: 659.517273
    Raw distance loss: 0.441460
    Weighted GW: 6.595172
    Weighted distance: 8.829200
    Total loss: 15.424372
    GW/Distance ratio: 1493.946
  GW Loss Components:
    Raw GW loss: 967.983032
    Raw distance loss: 0.354999
    Weighted GW: 9.679831
    Weighted distance: 7.099977
    Total loss: 16.779808
    GW/Distance ratio: 2726.721
  GW Loss Components:
    Raw GW loss: 818.443787
    Raw distance loss: 0.421441
    Weighted GW: 8.184438
    Weighted distance: 8.428821
    Total loss: 16.613258
    GW/Distance ratio: 1942.012
  GW Loss Components:
    Raw GW loss: 561.302185
    Raw distance loss: 0.454731
    Weighted GW: 5.613022
    Weighted distance: 9.094621
    Total loss: 14.707643
    GW/Distance ratio: 1234.361
  GW Loss Components:
    Raw GW loss: 945.928955
    Raw distance loss: 0.362267
    Weighted GW: 9.459290
    Weighted distance: 7.245338
    Total loss: 16.704628
    GW/Distance ratio: 2611.138
  GW Loss Components:
    Raw GW loss: 759.645203
    Raw distance loss: 0.423542
    Weighted GW: 7.596452
    Weighted distance: 8.470837
    Total loss: 16.067287
    GW/Distance ratio: 1793.554
  GW Loss Components:
    Raw GW loss: 602.874329
    Raw distance loss: 0.454396
    Weighted GW: 6.028743
    Weighted distance: 9.087913
    Total loss: 15.116655
    GW/Distance ratio: 1326.761
  GW Loss Components:
    Raw GW loss: 968.794861
    Raw distance loss: 0.362498
    Weighted GW: 9.687948
    Weighted distance: 7.249969
    Total loss: 16.937916
    GW/Distance ratio: 2672.549
  GW Loss Components:
    Raw GW loss: 770.588379
    Raw distance loss: 0.413171
    Weighted GW: 7.705884
    Weighted distance: 8.263412
    Total loss: 15.969296
    GW/Distance ratio: 1865.061
  GW Loss Components:
    Raw GW loss: 650.218262
    Raw distance loss: 0.450573
    Weighted GW: 6.502182
    Weighted distance: 9.011468
    Total loss: 15.513651
    GW/Distance ratio: 1443.091

📊 VALIDATION SUMMARY:
  Total Loss: 16.9722
  Contrastive: 8.1603
  Reconstruction: 0.0093
  Topological: 16.0445 (weight: 1.000)
  Batches with topology: 9/9 (100.0%)
✅ New best model saved!

🎯 EPOCH 1/100 COMPLETE (372.9s)
Train Loss: 5.8183 (C:7.9784, R:0.0288, T:2.9360)
Val Loss:   16.9722 (C:8.1603, R:0.0093, T:16.0445)
🚀 Good topological learning progress
⭐ Best model so far!
------------------------------------------------------------

============================================================
EPOCH 2 | Batches: 537 | Topological Weight: 1.0000
🧠 Full topological learning active
============================================================
Batch   0/537: Loss=3.0986 (C:7.9504, R:0.0115, T:1.9532(w:1.000)🚀)
Batch  25/537: Loss=2.9673 (C:7.9645, R:0.0113, T:1.8335(w:1.000)🚀)
Batch  50/537: Loss=2.9516 (C:7.9588, R:0.0111, T:1.8425(w:1.000)🚀)
Batch  75/537: Loss=2.8042 (C:7.9551, R:0.0110, T:1.7083(w:1.000)🚀)
Batch 100/537: Loss=2.5718 (C:7.9560, R:0.0109, T:1.4849(w:1.000)🚀)
Batch 125/537: Loss=2.6193 (C:7.9630, R:0.0107, T:1.5532(w:1.000)🚀)
Batch 150/537: Loss=2.6420 (C:7.9370, R:0.0105, T:1.5940(w:1.000)🚀)
Batch 175/537: Loss=2.6172 (C:7.9440, R:0.0105, T:1.5641(w:1.000)🚀)
Batch 200/537: Loss=2.7868 (C:7.9534, R:0.0104, T:1.7467(w:1.000)🚀)
Batch 225/537: Loss=2.6641 (C:7.9539, R:0.0103, T:1.6330(w:1.000)🚀)
Batch 250/537: Loss=2.5086 (C:7.9572, R:0.0102, T:1.4878(w:1.000)🚀)
Batch 275/537: Loss=2.5540 (C:7.9395, R:0.0101, T:1.5435(w:1.000)🚀)
Batch 300/537: Loss=2.5614 (C:7.9554, R:0.0100, T:1.5579(w:1.000)🚀)
Batch 325/537: Loss=2.6962 (C:7.9512, R:0.0100, T:1.6994(w:1.000)🚀)
Batch 350/537: Loss=2.5198 (C:7.9547, R:0.0099, T:1.5338(w:1.000)🚀)
Batch 375/537: Loss=2.7435 (C:7.9509, R:0.0098, T:1.7634(w:1.000)🚀)
Batch 400/537: Loss=2.5196 (C:7.9615, R:0.0097, T:1.5454(w:1.000)🚀)
Batch 425/537: Loss=2.3952 (C:7.9530, R:0.0098, T:1.4201(w:1.000)🚀)
Batch 450/537: Loss=2.4611 (C:7.9541, R:0.0097, T:1.4913(w:1.000)🚀)
Batch 475/537: Loss=2.3538 (C:7.9547, R:0.0097, T:1.3840(w:1.000)🚀)
Batch 500/537: Loss=2.6691 (C:7.9426, R:0.0097, T:1.7026(w:1.000)🚀)
Batch 525/537: Loss=2.4762 (C:7.9473, R:0.0096, T:1.5210(w:1.000)🚀)
📈 New best topological loss: 1.6722

📊 EPOCH 2 TRAINING SUMMARY:
  Total Loss: 2.6977
  Contrastive: 7.9545
  Reconstruction: 0.0103
  Topological: 1.6722 (weight: 1.000)
  Batches with topology: 537/537 (100.0%)

📊 VALIDATION SUMMARY:
  Total Loss: 16.6893
  Contrastive: 7.9862
  Reconstruction: 0.0088
  Topological: 15.8131 (weight: 1.000)
  Batches with topology: 9/9 (100.0%)
✅ New best model saved!

🎯 EPOCH 2/100 COMPLETE (393.3s)
Train Loss: 2.6977 (C:7.9545, R:0.0103, T:1.6722)
Val Loss:   16.6893 (C:7.9862, R:0.0088, T:15.8131)
🚀 Good topological learning progress
⭐ Best model so far!
------------------------------------------------------------

============================================================
EPOCH 3 | Batches: 537 | Topological Weight: 1.0000
🧠 Full topological learning active
============================================================
Batch   0/537: Loss=2.3903 (C:7.9443, R:0.0095, T:1.4356(w:1.000)🚀)
Batch  25/537: Loss=2.5002 (C:7.9515, R:0.0095, T:1.5536(w:1.000)🚀)
Batch  50/537: Loss=2.5071 (C:7.9653, R:0.0095, T:1.5581(w:1.000)🚀)
Batch  75/537: Loss=2.3362 (C:7.9617, R:0.0094, T:1.3922(w:1.000)🚀)
Batch 100/537: Loss=2.6092 (C:7.9529, R:0.0094, T:1.6709(w:1.000)🚀)
Batch 125/537: Loss=2.7108 (C:7.9539, R:0.0094, T:1.7684(w:1.000)🚀)
Batch 150/537: Loss=2.4593 (C:7.9662, R:0.0094, T:1.5203(w:1.000)🚀)
Batch 175/537: Loss=2.3544 (C:7.9588, R:0.0093, T:1.4214(w:1.000)🚀)
Batch 200/537: Loss=2.3762 (C:7.9566, R:0.0093, T:1.4476(w:1.000)🚀)
Batch 225/537: Loss=2.3540 (C:7.9583, R:0.0093, T:1.4266(w:1.000)🚀)
Batch 250/537: Loss=2.3130 (C:7.9529, R:0.0092, T:1.3893(w:1.000)🚀)
Batch 275/537: Loss=2.5059 (C:7.9557, R:0.0093, T:1.5791(w:1.000)🚀)
Batch 300/537: Loss=2.5209 (C:7.9536, R:0.0093, T:1.5939(w:1.000)🚀)
Batch 325/537: Loss=2.4457 (C:7.9610, R:0.0092, T:1.5257(w:1.000)🚀)
Batch 350/537: Loss=2.3269 (C:7.9626, R:0.0092, T:1.4087(w:1.000)🚀)
Batch 375/537: Loss=2.3299 (C:7.9599, R:0.0092, T:1.4127(w:1.000)🚀)
Batch 400/537: Loss=2.3805 (C:7.9700, R:0.0091, T:1.4663(w:1.000)🚀)
Batch 425/537: Loss=2.3438 (C:7.9668, R:0.0091, T:1.4316(w:1.000)🚀)
Batch 450/537: Loss=2.4036 (C:7.9659, R:0.0091, T:1.4895(w:1.000)🚀)
Batch 475/537: Loss=2.5528 (C:7.9517, R:0.0091, T:1.6433(w:1.000)🚀)
Batch 500/537: Loss=2.3479 (C:7.9601, R:0.0090, T:1.4434(w:1.000)🚀)
Batch 525/537: Loss=2.3719 (C:7.9473, R:0.0091, T:1.4669(w:1.000)🚀)
📈 New best topological loss: 1.5138

📊 EPOCH 3 TRAINING SUMMARY:
  Total Loss: 2.4398
  Contrastive: 7.9586
  Reconstruction: 0.0093
  Topological: 1.5138 (weight: 1.000)
  Batches with topology: 537/537 (100.0%)

📊 VALIDATION SUMMARY:
  Total Loss: 17.0297
  Contrastive: 7.9646
  Reconstruction: 0.0085
  Topological: 16.1758 (weight: 1.000)
  Batches with topology: 9/9 (100.0%)

🎯 EPOCH 3/100 COMPLETE (396.7s)
Train Loss: 2.4398 (C:7.9586, R:0.0093, T:1.5138)
Val Loss:   17.0297 (C:7.9646, R:0.0085, T:16.1758)
🚀 Good topological learning progress
------------------------------------------------------------

============================================================
EPOCH 4 | Batches: 537 | Topological Weight: 1.0000
🧠 Full topological learning active
============================================================
Batch   0/537: Loss=2.3175 (C:7.9634, R:0.0091, T:1.4080(w:1.000)🚀)
Batch  25/537: Loss=2.3628 (C:7.9663, R:0.0091, T:1.4556(w:1.000)🚀)
Batch  50/537: Loss=2.3942 (C:7.9511, R:0.0090, T:1.4920(w:1.000)🚀)
Batch  75/537: Loss=2.4194 (C:7.9641, R:0.0090, T:1.5205(w:1.000)🚀)
Batch 100/537: Loss=2.2557 (C:7.9636, R:0.0090, T:1.3580(w:1.000)🚀)
Batch 125/537: Loss=2.3571 (C:7.9666, R:0.0090, T:1.4564(w:1.000)🚀)
Batch 150/537: Loss=2.3759 (C:7.9647, R:0.0090, T:1.4730(w:1.000)🚀)
Batch 175/537: Loss=2.3222 (C:7.9615, R:0.0089, T:1.4285(w:1.000)🚀)
Batch 200/537: Loss=2.3413 (C:7.9661, R:0.0090, T:1.4459(w:1.000)🚀)
Batch 225/537: Loss=2.4654 (C:7.9588, R:0.0090, T:1.5646(w:1.000)🚀)
Batch 250/537: Loss=2.3516 (C:7.9675, R:0.0090, T:1.4548(w:1.000)🚀)
Batch 275/537: Loss=2.3532 (C:7.9706, R:0.0090, T:1.4564(w:1.000)🚀)
Batch 300/537: Loss=2.2716 (C:7.9546, R:0.0090, T:1.3744(w:1.000)🚀)
Batch 325/537: Loss=2.2730 (C:7.9466, R:0.0089, T:1.3795(w:1.000)🚀)
Batch 350/537: Loss=2.3233 (C:7.9561, R:0.0089, T:1.4355(w:1.000)🚀)
Batch 375/537: Loss=2.2380 (C:7.9657, R:0.0089, T:1.3492(w:1.000)🚀)
Batch 400/537: Loss=2.4235 (C:7.9647, R:0.0088, T:1.5388(w:1.000)🚀)
Batch 425/537: Loss=2.2833 (C:7.9599, R:0.0088, T:1.4015(w:1.000)🚀)
Batch 450/537: Loss=2.2867 (C:7.9522, R:0.0088, T:1.4032(w:1.000)🚀)
Batch 475/537: Loss=2.4777 (C:7.9673, R:0.0089, T:1.5901(w:1.000)🚀)
Batch 500/537: Loss=2.3457 (C:7.9516, R:0.0087, T:1.4751(w:1.000)🚀)
Batch 525/537: Loss=2.2930 (C:7.9607, R:0.0088, T:1.4132(w:1.000)🚀)
📈 New best topological loss: 1.4429

📊 EPOCH 4 TRAINING SUMMARY:
  Total Loss: 2.3353
  Contrastive: 7.9617
  Reconstruction: 0.0089
  Topological: 1.4429 (weight: 1.000)
  Batches with topology: 537/537 (100.0%)

📊 VALIDATION SUMMARY:
  Total Loss: 17.4188
  Contrastive: 7.9397
  Reconstruction: 0.0083
  Topological: 16.5903 (weight: 1.000)
  Batches with topology: 9/9 (100.0%)

🎯 EPOCH 4/100 COMPLETE (397.5s)
Train Loss: 2.3353 (C:7.9617, R:0.0089, T:1.4429)
Val Loss:   17.4188 (C:7.9397, R:0.0083, T:16.5903)
🚀 Good topological learning progress
------------------------------------------------------------

============================================================
EPOCH 5 | Batches: 537 | Topological Weight: 1.0000
🧠 Full topological learning active
============================================================
Batch   0/537: Loss=2.2772 (C:7.9705, R:0.0088, T:1.3957(w:1.000)🚀)
Batch  25/537: Loss=2.4618 (C:7.9755, R:0.0087, T:1.5875(w:1.000)🚀)
Batch  50/537: Loss=2.2278 (C:7.9610, R:0.0087, T:1.3577(w:1.000)🚀)
Batch  75/537: Loss=2.2072 (C:7.9540, R:0.0088, T:1.3297(w:1.000)🚀)
Batch 100/537: Loss=2.2851 (C:7.9602, R:0.0088, T:1.4063(w:1.000)🚀)
Batch 125/537: Loss=2.2404 (C:7.9746, R:0.0088, T:1.3649(w:1.000)🚀)
Batch 150/537: Loss=2.2410 (C:7.9668, R:0.0088, T:1.3656(w:1.000)🚀)
Batch 175/537: Loss=2.2388 (C:7.9679, R:0.0087, T:1.3690(w:1.000)🚀)
Batch 200/537: Loss=2.3152 (C:7.9688, R:0.0087, T:1.4409(w:1.000)🚀)
Batch 225/537: Loss=2.3414 (C:7.9661, R:0.0088, T:1.4656(w:1.000)🚀)
Batch 250/537: Loss=2.2095 (C:7.9678, R:0.0087, T:1.3384(w:1.000)🚀)
Batch 275/537: Loss=2.2230 (C:7.9680, R:0.0087, T:1.3497(w:1.000)🚀)
Batch 300/537: Loss=2.1664 (C:7.9598, R:0.0086, T:1.3032(w:1.000)🚀)
Batch 325/537: Loss=2.3070 (C:7.9641, R:0.0088, T:1.4296(w:1.000)🚀)
Batch 350/537: Loss=2.1973 (C:7.9639, R:0.0087, T:1.3277(w:1.000)🚀)
Batch 375/537: Loss=2.3003 (C:7.9616, R:0.0087, T:1.4292(w:1.000)🚀)
Batch 400/537: Loss=2.4683 (C:7.9643, R:0.0087, T:1.6023(w:1.000)🚀)
Batch 425/537: Loss=2.1921 (C:7.9669, R:0.0087, T:1.3271(w:1.000)🚀)
Batch 450/537: Loss=2.1729 (C:7.9624, R:0.0086, T:1.3083(w:1.000)🚀)
Batch 475/537: Loss=2.2923 (C:7.9603, R:0.0087, T:1.4194(w:1.000)🚀)
Batch 500/537: Loss=2.3737 (C:7.9693, R:0.0087, T:1.5068(w:1.000)🚀)
Batch 525/537: Loss=2.2741 (C:7.9669, R:0.0086, T:1.4104(w:1.000)🚀)
📈 New best topological loss: 1.4143

📊 EPOCH 5 TRAINING SUMMARY:
  Total Loss: 2.2859
  Contrastive: 7.9640
  Reconstruction: 0.0087
  Topological: 1.4143 (weight: 1.000)
  Batches with topology: 537/537 (100.0%)

📊 VALIDATION SUMMARY:
  Total Loss: 18.7950
  Contrastive: 7.9251
  Reconstruction: 0.0082
  Topological: 17.9790 (weight: 1.000)
  Batches with topology: 9/9 (100.0%)

🎯 EPOCH 5/100 COMPLETE (395.5s)
Train Loss: 2.2859 (C:7.9640, R:0.0087, T:1.4143)
Val Loss:   18.7950 (C:7.9251, R:0.0082, T:17.9790)
🚀 Good topological learning progress
------------------------------------------------------------

============================================================
EPOCH 6 | Batches: 537 | Topological Weight: 1.0000
🧠 Full topological learning active
============================================================
Batch   0/537: Loss=2.4892 (C:7.9598, R:0.0087, T:1.6241(w:1.000)🚀)
Batch  25/537: Loss=2.3486 (C:7.9569, R:0.0087, T:1.4816(w:1.000)🚀)
Batch  50/537: Loss=2.3687 (C:7.9624, R:0.0086, T:1.5052(w:1.000)🚀)
Batch  75/537: Loss=2.2710 (C:7.9644, R:0.0086, T:1.4079(w:1.000)🚀)
Batch 100/537: Loss=2.2376 (C:7.9706, R:0.0086, T:1.3745(w:1.000)🚀)
Batch 125/537: Loss=2.2497 (C:7.9605, R:0.0086, T:1.3918(w:1.000)🚀)
Batch 150/537: Loss=2.2422 (C:7.9666, R:0.0086, T:1.3811(w:1.000)🚀)
Batch 175/537: Loss=2.1778 (C:7.9625, R:0.0086, T:1.3195(w:1.000)🚀)
Batch 200/537: Loss=2.2029 (C:7.9580, R:0.0086, T:1.3447(w:1.000)🚀)
Batch 225/537: Loss=2.3028 (C:7.9630, R:0.0086, T:1.4463(w:1.000)🚀)
Batch 250/537: Loss=2.2396 (C:7.9594, R:0.0086, T:1.3828(w:1.000)🚀)
Batch 275/537: Loss=2.3052 (C:7.9576, R:0.0086, T:1.4456(w:1.000)🚀)
Batch 300/537: Loss=2.1065 (C:7.9640, R:0.0085, T:1.2578(w:1.000)🚀)
Batch 325/537: Loss=2.1710 (C:7.9690, R:0.0085, T:1.3199(w:1.000)🚀)
Batch 350/537: Loss=2.2159 (C:7.9618, R:0.0085, T:1.3618(w:1.000)🚀)
Batch 375/537: Loss=2.2559 (C:7.9734, R:0.0085, T:1.4010(w:1.000)🚀)
Batch 400/537: Loss=2.2310 (C:7.9717, R:0.0085, T:1.3811(w:1.000)🚀)
Batch 425/537: Loss=2.1889 (C:7.9720, R:0.0086, T:1.3321(w:1.000)🚀)
Batch 450/537: Loss=2.3228 (C:7.9637, R:0.0085, T:1.4751(w:1.000)🚀)
Batch 475/537: Loss=2.1394 (C:7.9694, R:0.0085, T:1.2878(w:1.000)🚀)
Batch 500/537: Loss=2.2013 (C:7.9734, R:0.0085, T:1.3522(w:1.000)🚀)
Batch 525/537: Loss=2.1111 (C:7.9661, R:0.0085, T:1.2606(w:1.000)🚀)
📈 New best topological loss: 1.3739

📊 EPOCH 6 TRAINING SUMMARY:
  Total Loss: 2.2314
  Contrastive: 7.9649
  Reconstruction: 0.0086
  Topological: 1.3739 (weight: 1.000)
  Batches with topology: 537/537 (100.0%)

📊 VALIDATION SUMMARY:
  Total Loss: 19.7688
  Contrastive: 7.9292
  Reconstruction: 0.0080
  Topological: 18.9714 (weight: 1.000)
  Batches with topology: 9/9 (100.0%)

🎯 EPOCH 6/100 COMPLETE (406.4s)
Train Loss: 2.2314 (C:7.9649, R:0.0086, T:1.3739)
Val Loss:   19.7688 (C:7.9292, R:0.0080, T:18.9714)
🚀 Good topological learning progress
------------------------------------------------------------

============================================================
EPOCH 7 | Batches: 537 | Topological Weight: 1.0000
🧠 Full topological learning active
============================================================
Batch   0/537: Loss=2.2933 (C:7.9753, R:0.0085, T:1.4408(w:1.000)🚀)
Batch  25/537: Loss=2.1495 (C:7.9646, R:0.0085, T:1.3024(w:1.000)🚀)
Batch  50/537: Loss=2.1680 (C:7.9718, R:0.0085, T:1.3185(w:1.000)🚀)
Batch  75/537: Loss=2.3428 (C:7.9681, R:0.0085, T:1.4896(w:1.000)🚀)
Batch 100/537: Loss=2.1365 (C:7.9705, R:0.0085, T:1.2875(w:1.000)🚀)
Batch 125/537: Loss=2.5683 (C:7.9627, R:0.0085, T:1.7160(w:1.000)🚀)
Batch 150/537: Loss=2.3895 (C:7.9487, R:0.0085, T:1.5365(w:1.000)🚀)
Batch 175/537: Loss=2.1336 (C:7.9640, R:0.0085, T:1.2857(w:1.000)🚀)
Batch 200/537: Loss=2.1021 (C:7.9609, R:0.0085, T:1.2489(w:1.000)🚀)
Batch 225/537: Loss=2.2655 (C:7.9616, R:0.0086, T:1.4061(w:1.000)🚀)
Batch 250/537: Loss=2.2004 (C:7.9636, R:0.0085, T:1.3484(w:1.000)🚀)
Batch 275/537: Loss=2.2527 (C:7.9699, R:0.0085, T:1.4075(w:1.000)🚀)
Batch 300/537: Loss=2.2691 (C:7.9650, R:0.0085, T:1.4241(w:1.000)🚀)
Batch 325/537: Loss=2.1769 (C:7.9698, R:0.0085, T:1.3221(w:1.000)🚀)
Batch 350/537: Loss=2.1690 (C:7.9688, R:0.0085, T:1.3220(w:1.000)🚀)
Batch 375/537: Loss=2.1352 (C:7.9731, R:0.0085, T:1.2869(w:1.000)🚀)
Batch 400/537: Loss=2.1271 (C:7.9711, R:0.0084, T:1.2825(w:1.000)🚀)
Batch 425/537: Loss=2.1896 (C:7.9676, R:0.0085, T:1.3409(w:1.000)🚀)
Batch 450/537: Loss=2.3044 (C:7.9713, R:0.0084, T:1.4599(w:1.000)🚀)
Batch 475/537: Loss=2.1857 (C:7.9684, R:0.0084, T:1.3412(w:1.000)🚀)
Batch 500/537: Loss=2.3387 (C:7.9703, R:0.0085, T:1.4863(w:1.000)🚀)
Batch 525/537: Loss=2.2277 (C:7.9666, R:0.0085, T:1.3786(w:1.000)🚀)
📈 New best topological loss: 1.3546

📊 EPOCH 7 TRAINING SUMMARY:
  Total Loss: 2.2027
  Contrastive: 7.9671
  Reconstruction: 0.0085
  Topological: 1.3546 (weight: 1.000)
  Batches with topology: 537/537 (100.0%)

📊 VALIDATION SUMMARY:
  Total Loss: 20.6278
  Contrastive: 7.9205
  Reconstruction: 0.0079
  Topological: 19.8371 (weight: 1.000)
  Batches with topology: 9/9 (100.0%)

🎯 EPOCH 7/100 COMPLETE (410.5s)
Train Loss: 2.2027 (C:7.9671, R:0.0085, T:1.3546)
Val Loss:   20.6278 (C:7.9205, R:0.0079, T:19.8371)
🚀 Good topological learning progress
------------------------------------------------------------

============================================================
EPOCH 8 | Batches: 537 | Topological Weight: 1.0000
🧠 Full topological learning active
============================================================
Batch   0/537: Loss=2.1265 (C:7.9619, R:0.0084, T:1.2830(w:1.000)🚀)
Batch  25/537: Loss=2.1202 (C:7.9628, R:0.0084, T:1.2795(w:1.000)🚀)
Batch  50/537: Loss=2.2044 (C:7.9699, R:0.0084, T:1.3639(w:1.000)🚀)
Batch  75/537: Loss=2.1145 (C:7.9681, R:0.0084, T:1.2784(w:1.000)🚀)
Batch 100/537: Loss=2.1249 (C:7.9634, R:0.0084, T:1.2826(w:1.000)🚀)
Batch 125/537: Loss=2.1428 (C:7.9665, R:0.0084, T:1.2986(w:1.000)🚀)
Batch 150/537: Loss=2.1359 (C:7.9565, R:0.0084, T:1.2971(w:1.000)🚀)
Batch 175/537: Loss=2.3576 (C:7.9645, R:0.0084, T:1.5148(w:1.000)🚀)
Batch 200/537: Loss=2.2208 (C:7.9585, R:0.0084, T:1.3800(w:1.000)🚀)
Batch 225/537: Loss=2.3961 (C:7.9563, R:0.0084, T:1.5587(w:1.000)🚀)
Batch 250/537: Loss=2.5065 (C:7.9727, R:0.0084, T:1.6636(w:1.000)🚀)
Batch 275/537: Loss=2.3742 (C:7.9707, R:0.0084, T:1.5321(w:1.000)🚀)
Batch 300/537: Loss=2.1821 (C:7.9712, R:0.0084, T:1.3408(w:1.000)🚀)
Batch 325/537: Loss=2.1924 (C:7.9702, R:0.0084, T:1.3493(w:1.000)🚀)
Batch 350/537: Loss=2.1975 (C:7.9659, R:0.0084, T:1.3567(w:1.000)🚀)
Batch 375/537: Loss=2.1278 (C:7.9712, R:0.0084, T:1.2912(w:1.000)🚀)
Batch 400/537: Loss=2.1252 (C:7.9696, R:0.0084, T:1.2881(w:1.000)🚀)
Batch 425/537: Loss=2.1321 (C:7.9710, R:0.0084, T:1.2874(w:1.000)🚀)
Batch 450/537: Loss=2.5990 (C:7.9665, R:0.0084, T:1.7576(w:1.000)🚀)
Batch 475/537: Loss=2.1223 (C:7.9659, R:0.0084, T:1.2795(w:1.000)🚀)
Batch 500/537: Loss=2.1224 (C:7.9672, R:0.0084, T:1.2803(w:1.000)🚀)
Batch 525/537: Loss=2.1123 (C:7.9726, R:0.0084, T:1.2763(w:1.000)🚀)

📊 EPOCH 8 TRAINING SUMMARY:
  Total Loss: 2.2004
  Contrastive: 7.9667
  Reconstruction: 0.0084
  Topological: 1.3588 (weight: 1.000)
  Batches with topology: 537/537 (100.0%)

📊 VALIDATION SUMMARY:
  Total Loss: 21.2251
  Contrastive: 7.9261
  Reconstruction: 0.0078
  Topological: 20.4458 (weight: 1.000)
  Batches with topology: 9/9 (100.0%)

🎯 EPOCH 8/100 COMPLETE (396.6s)
Train Loss: 2.2004 (C:7.9667, R:0.0084, T:1.3588)
Val Loss:   21.2251 (C:7.9261, R:0.0078, T:20.4458)
🚀 Good topological learning progress
------------------------------------------------------------

============================================================
EPOCH 9 | Batches: 537 | Topological Weight: 1.0000
🧠 Full topological learning active
============================================================
Batch   0/537: Loss=2.1055 (C:7.9679, R:0.0084, T:1.2684(w:1.000)🚀)
Batch  25/537: Loss=2.1021 (C:7.9717, R:0.0084, T:1.2631(w:1.000)🚀)
Batch  50/537: Loss=2.1256 (C:7.9701, R:0.0084, T:1.2879(w:1.000)🚀)
Batch  75/537: Loss=2.1253 (C:7.9731, R:0.0084, T:1.2849(w:1.000)🚀)
Batch 100/537: Loss=2.4764 (C:7.9686, R:0.0084, T:1.6358(w:1.000)🚀)
Batch 125/537: Loss=2.1735 (C:7.9699, R:0.0084, T:1.3335(w:1.000)🚀)
Batch 150/537: Loss=2.0922 (C:7.9703, R:0.0084, T:1.2552(w:1.000)🚀)
Batch 175/537: Loss=2.1753 (C:7.9685, R:0.0084, T:1.3373(w:1.000)🚀)
Batch 200/537: Loss=2.1065 (C:7.9718, R:0.0084, T:1.2691(w:1.000)🚀)
Batch 225/537: Loss=2.2584 (C:7.9677, R:0.0084, T:1.4190(w:1.000)🚀)
Batch 250/537: Loss=2.0605 (C:7.9609, R:0.0083, T:1.2295(w:1.000)🚀)
Batch 275/537: Loss=2.1614 (C:7.9786, R:0.0084, T:1.3262(w:1.000)🚀)
Batch 300/537: Loss=2.1111 (C:7.9746, R:0.0084, T:1.2756(w:1.000)🚀)
Batch 325/537: Loss=2.0926 (C:7.9743, R:0.0084, T:1.2565(w:1.000)🚀)
Batch 350/537: Loss=2.1002 (C:7.9729, R:0.0083, T:1.2741(w:1.000)🚀)
Batch 375/537: Loss=2.1456 (C:7.9760, R:0.0084, T:1.3036(w:1.000)🚀)
Batch 400/537: Loss=2.1246 (C:7.9676, R:0.0084, T:1.2875(w:1.000)🚀)
Batch 425/537: Loss=2.0730 (C:7.9712, R:0.0084, T:1.2373(w:1.000)🚀)
Batch 450/537: Loss=2.1759 (C:7.9712, R:0.0084, T:1.3374(w:1.000)🚀)
Batch 475/537: Loss=2.1719 (C:7.9685, R:0.0084, T:1.3342(w:1.000)🚀)
Batch 500/537: Loss=2.1421 (C:7.9699, R:0.0083, T:1.3104(w:1.000)🚀)
Batch 525/537: Loss=2.0811 (C:7.9736, R:0.0083, T:1.2508(w:1.000)🚀)
📈 New best topological loss: 1.3185

📊 EPOCH 9 TRAINING SUMMARY:
  Total Loss: 2.1542
  Contrastive: 7.9700
  Reconstruction: 0.0084
  Topological: 1.3185 (weight: 1.000)
  Batches with topology: 537/537 (100.0%)

📊 VALIDATION SUMMARY:
  Total Loss: 21.3513
  Contrastive: 7.9405
  Reconstruction: 0.0078
  Topological: 20.5740 (weight: 1.000)
  Batches with topology: 9/9 (100.0%)

🎯 EPOCH 9/100 COMPLETE (404.6s)
Train Loss: 2.1542 (C:7.9700, R:0.0084, T:1.3185)
Val Loss:   21.3513 (C:7.9405, R:0.0078, T:20.5740)
🚀 Good topological learning progress
------------------------------------------------------------

============================================================
EPOCH 10 | Batches: 537 | Topological Weight: 1.0000
🧠 Full topological learning active
============================================================
Batch   0/537: Loss=2.4772 (C:7.9708, R:0.0084, T:1.6376(w:1.000)🚀)
Batch  25/537: Loss=2.1423 (C:7.9680, R:0.0084, T:1.3026(w:1.000)🚀)
Batch  50/537: Loss=2.0695 (C:7.9735, R:0.0083, T:1.2379(w:1.000)🚀)
Batch  75/537: Loss=2.1015 (C:7.9742, R:0.0084, T:1.2663(w:1.000)🚀)
Batch 100/537: Loss=2.1380 (C:7.9705, R:0.0084, T:1.3012(w:1.000)🚀)
Batch 125/537: Loss=2.0786 (C:7.9727, R:0.0084, T:1.2419(w:1.000)🚀)
Batch 150/537: Loss=2.0767 (C:7.9694, R:0.0083, T:1.2462(w:1.000)🚀)
Batch 175/537: Loss=2.1154 (C:7.9688, R:0.0083, T:1.2900(w:1.000)🚀)
Batch 200/537: Loss=2.2260 (C:7.9632, R:0.0083, T:1.3988(w:1.000)🚀)
Batch 225/537: Loss=2.1208 (C:7.9694, R:0.0082, T:1.2963(w:1.000)🚀)
Batch 250/537: Loss=2.1970 (C:7.9676, R:0.0083, T:1.3659(w:1.000)🚀)
Batch 275/537: Loss=2.1013 (C:7.9709, R:0.0083, T:1.2669(w:1.000)🚀)
Batch 300/537: Loss=2.0841 (C:7.9703, R:0.0083, T:1.2569(w:1.000)🚀)
Batch 325/537: Loss=2.1201 (C:7.9652, R:0.0083, T:1.2906(w:1.000)🚀)
Batch 350/537: Loss=2.0637 (C:7.9680, R:0.0082, T:1.2390(w:1.000)🚀)
Batch 375/537: Loss=2.1012 (C:7.9643, R:0.0083, T:1.2759(w:1.000)🚀)
Batch 400/537: Loss=2.1016 (C:7.9696, R:0.0083, T:1.2739(w:1.000)🚀)
Batch 425/537: Loss=2.1386 (C:7.9684, R:0.0083, T:1.3091(w:1.000)🚀)
Batch 450/537: Loss=2.1003 (C:7.9716, R:0.0083, T:1.2703(w:1.000)🚀)
Batch 475/537: Loss=2.2069 (C:7.9687, R:0.0083, T:1.3781(w:1.000)🚀)
Batch 500/537: Loss=2.1084 (C:7.9734, R:0.0083, T:1.2790(w:1.000)🚀)
Batch 525/537: Loss=2.1594 (C:7.9727, R:0.0083, T:1.3339(w:1.000)🚀)
📈 New best topological loss: 1.3129

📊 EPOCH 10 TRAINING SUMMARY:
  Total Loss: 2.1428
  Contrastive: 7.9701
  Reconstruction: 0.0083
  Topological: 1.3129 (weight: 1.000)
  Batches with topology: 537/537 (100.0%)

📊 VALIDATION SUMMARY:
  Total Loss: 21.0720
  Contrastive: 7.9348
  Reconstruction: 0.0077
  Topological: 20.3039 (weight: 1.000)
  Batches with topology: 9/9 (100.0%)

🎯 EPOCH 10/100 COMPLETE (408.0s)
Train Loss: 2.1428 (C:7.9701, R:0.0083, T:1.3129)
Val Loss:   21.0720 (C:7.9348, R:0.0077, T:20.3039)
🚀 Good topological learning progress
------------------------------------------------------------

============================================================
EPOCH 11 | Batches: 537 | Topological Weight: 1.0000
🧠 Full topological learning active
============================================================
  GW Loss Components:
    Raw GW loss: 90.553253
    Raw distance loss: 0.007733
    Weighted GW: 0.905533
    Weighted distance: 0.154669
    Total loss: 1.060202
    GW/Distance ratio: 11709.264
  GW Loss Components:
    Raw GW loss: 111.109344
    Raw distance loss: 0.008834
    Weighted GW: 1.111093
    Weighted distance: 0.176690
    Total loss: 1.287783
    GW/Distance ratio: 12576.764
  GW Loss Components:
    Raw GW loss: 104.468735
    Raw distance loss: 0.010191
    Weighted GW: 1.044687
    Weighted distance: 0.203821
    Total loss: 1.248509
    GW/Distance ratio: 10251.004
Batch   0/537: Loss=2.0271 (C:7.9685, R:0.0083, T:1.1988(w:1.000)🚀)
  GW Loss Components:
    Raw GW loss: 104.210945
    Raw distance loss: 0.007657
    Weighted GW: 1.042109
    Weighted distance: 0.153134
    Total loss: 1.195243
    GW/Distance ratio: 13610.395
  GW Loss Components:
    Raw GW loss: 113.883148
    Raw distance loss: 0.009046
    Weighted GW: 1.138831
    Weighted distance: 0.180927
    Total loss: 1.319759
    GW/Distance ratio: 12588.805
  GW Loss Components:
    Raw GW loss: 188.696503
    Raw distance loss: 0.010243
    Weighted GW: 1.886965
    Weighted distance: 0.204853
    Total loss: 2.091818
    GW/Distance ratio: 18422.617
  GW Loss Components:
    Raw GW loss: 99.251213
    Raw distance loss: 0.008727
    Weighted GW: 0.992512
    Weighted distance: 0.174533
    Total loss: 1.167045
    GW/Distance ratio: 11373.331
  GW Loss Components:
    Raw GW loss: 107.094269
    Raw distance loss: 0.009508
    Weighted GW: 1.070943
    Weighted distance: 0.190151
    Total loss: 1.261093
    GW/Distance ratio: 11264.125
  GW Loss Components:
    Raw GW loss: 114.962189
    Raw distance loss: 0.011606
    Weighted GW: 1.149622
    Weighted distance: 0.232124
    Total loss: 1.381746
    GW/Distance ratio: 9905.238
  GW Loss Components:
    Raw GW loss: 106.096519
    Raw distance loss: 0.008665
    Weighted GW: 1.060965
    Weighted distance: 0.173303
    Total loss: 1.234268
    GW/Distance ratio: 12244.057
  GW Loss Components:
    Raw GW loss: 115.114067
    Raw distance loss: 0.011230
    Weighted GW: 1.151141
    Weighted distance: 0.224599
    Total loss: 1.375740
    GW/Distance ratio: 10250.602
  GW Loss Components:
    Raw GW loss: 108.834892
    Raw distance loss: 0.012095
    Weighted GW: 1.088349
    Weighted distance: 0.241900
    Total loss: 1.330249
    GW/Distance ratio: 8998.333
  GW Loss Components:
    Raw GW loss: 97.247284
    Raw distance loss: 0.008591
    Weighted GW: 0.972473
    Weighted distance: 0.171826
    Total loss: 1.144299
    GW/Distance ratio: 11319.259
  GW Loss Components:
    Raw GW loss: 98.689850
    Raw distance loss: 0.010105
    Weighted GW: 0.986898
    Weighted distance: 0.202105
    Total loss: 1.189003
    GW/Distance ratio: 9766.185
  GW Loss Components:
    Raw GW loss: 125.946846
    Raw distance loss: 0.011469
    Weighted GW: 1.259468
    Weighted distance: 0.229390
    Total loss: 1.488858
    GW/Distance ratio: 10981.025
  GW Loss Components:
    Raw GW loss: 100.318390
    Raw distance loss: 0.008506
    Weighted GW: 1.003184
    Weighted distance: 0.170121
    Total loss: 1.173305
    GW/Distance ratio: 11793.751
  GW Loss Components:
    Raw GW loss: 99.578468
    Raw distance loss: 0.010514
    Weighted GW: 0.995785
    Weighted distance: 0.210278
    Total loss: 1.206063
    GW/Distance ratio: 9471.106
  GW Loss Components:
    Raw GW loss: 115.405647
    Raw distance loss: 0.011821
    Weighted GW: 1.154056
    Weighted distance: 0.236424
    Total loss: 1.390481
    GW/Distance ratio: 9762.590
  GW Loss Components:
    Raw GW loss: 97.845825
    Raw distance loss: 0.008154
    Weighted GW: 0.978458
    Weighted distance: 0.163088
    Total loss: 1.141547
    GW/Distance ratio: 11999.096
  GW Loss Components:
    Raw GW loss: 97.026039
    Raw distance loss: 0.010137
    Weighted GW: 0.970260
    Weighted distance: 0.202739
    Total loss: 1.172999
    GW/Distance ratio: 9571.513
  GW Loss Components:
    Raw GW loss: 104.714584
    Raw distance loss: 0.011230
    Weighted GW: 1.047146
    Weighted distance: 0.224591
    Total loss: 1.271737
    GW/Distance ratio: 9324.921
  GW Loss Components:
    Raw GW loss: 91.244858
    Raw distance loss: 0.008240
    Weighted GW: 0.912449
    Weighted distance: 0.164807
    Total loss: 1.077255
    GW/Distance ratio: 11072.945
  GW Loss Components:
    Raw GW loss: 98.553047
    Raw distance loss: 0.009961
    Weighted GW: 0.985530
    Weighted distance: 0.199221
    Total loss: 1.184752
    GW/Distance ratio: 9893.825
  GW Loss Components:
    Raw GW loss: 114.495140
    Raw distance loss: 0.011944
    Weighted GW: 1.144951
    Weighted distance: 0.238885
    Total loss: 1.383836
    GW/Distance ratio: 9585.808
  GW Loss Components:
    Raw GW loss: 98.875854
    Raw distance loss: 0.008242
    Weighted GW: 0.988759
    Weighted distance: 0.164845
    Total loss: 1.153604
    GW/Distance ratio: 11996.172
  GW Loss Components:
    Raw GW loss: 98.363197
    Raw distance loss: 0.009075
    Weighted GW: 0.983632
    Weighted distance: 0.181491
    Total loss: 1.165123
    GW/Distance ratio: 10839.442
  GW Loss Components:
    Raw GW loss: 123.447708
    Raw distance loss: 0.011196
    Weighted GW: 1.234477
    Weighted distance: 0.223912
    Total loss: 1.458389
    GW/Distance ratio: 11026.451
  GW Loss Components:
    Raw GW loss: 99.603142
    Raw distance loss: 0.007980
    Weighted GW: 0.996031
    Weighted distance: 0.159593
    Total loss: 1.155624
    GW/Distance ratio: 12482.146
  GW Loss Components:
    Raw GW loss: 95.701859
    Raw distance loss: 0.009473
    Weighted GW: 0.957019
    Weighted distance: 0.189467
    Total loss: 1.146485
    GW/Distance ratio: 10102.226
  GW Loss Components:
    Raw GW loss: 114.356720
    Raw distance loss: 0.011223
    Weighted GW: 1.143567
    Weighted distance: 0.224462
    Total loss: 1.368030
    GW/Distance ratio: 10189.380
  GW Loss Components:
    Raw GW loss: 95.431366
    Raw distance loss: 0.008201
    Weighted GW: 0.954314
    Weighted distance: 0.164021
    Total loss: 1.118335
    GW/Distance ratio: 11636.455
  GW Loss Components:
    Raw GW loss: 105.162460
    Raw distance loss: 0.010173
    Weighted GW: 1.051625
    Weighted distance: 0.203458
    Total loss: 1.255082
    GW/Distance ratio: 10337.518
  GW Loss Components:
    Raw GW loss: 110.066055
    Raw distance loss: 0.013070
    Weighted GW: 1.100661
    Weighted distance: 0.261408
    Total loss: 1.362068
    GW/Distance ratio: 8421.023
  GW Loss Components:
    Raw GW loss: 103.654877
    Raw distance loss: 0.009016
    Weighted GW: 1.036549
    Weighted distance: 0.180316
    Total loss: 1.216865
    GW/Distance ratio: 11496.986
  GW Loss Components:
    Raw GW loss: 102.773026
    Raw distance loss: 0.010134
    Weighted GW: 1.027730
    Weighted distance: 0.202678
    Total loss: 1.230408
    GW/Distance ratio: 10141.510
  GW Loss Components:
    Raw GW loss: 109.830170
    Raw distance loss: 0.011665
    Weighted GW: 1.098302
    Weighted distance: 0.233304
    Total loss: 1.331605
    GW/Distance ratio: 9415.208
  GW Loss Components:
    Raw GW loss: 95.839951
    Raw distance loss: 0.008424
    Weighted GW: 0.958399
    Weighted distance: 0.168484
    Total loss: 1.126884
    GW/Distance ratio: 11376.718
  GW Loss Components:
    Raw GW loss: 106.807373
    Raw distance loss: 0.009602
    Weighted GW: 1.068074
    Weighted distance: 0.192034
    Total loss: 1.260108
    GW/Distance ratio: 11123.803
  GW Loss Components:
    Raw GW loss: 136.833252
    Raw distance loss: 0.010927
    Weighted GW: 1.368333
    Weighted distance: 0.218538
    Total loss: 1.586871
    GW/Distance ratio: 12522.566
  GW Loss Components:
    Raw GW loss: 104.856644
    Raw distance loss: 0.009090
    Weighted GW: 1.048566
    Weighted distance: 0.181807
    Total loss: 1.230374
    GW/Distance ratio: 11534.898
  GW Loss Components:
    Raw GW loss: 103.813751
    Raw distance loss: 0.010127
    Weighted GW: 1.038137
    Weighted distance: 0.202530
    Total loss: 1.240668
    GW/Distance ratio: 10251.661
  GW Loss Components:
    Raw GW loss: 103.762604
    Raw distance loss: 0.011981
    Weighted GW: 1.037626
    Weighted distance: 0.239619
    Total loss: 1.277245
    GW/Distance ratio: 8660.615
