{
  "epoch": [
    1,
    2,
    3,
    4,
    5,
    6
  ],
  "train_loss": [
    1.9342378508889253,
    1.347318540294299,
    1.2560376827943258,
    1.2130088353290238,
    1.1752582464360215,
    1.099064928193332
  ],
  "train_contrastive_loss": [
    1.9342378508889253,
    1.347318540294299,
    1.2560376827943258,
    1.2130088353290238,
    1.1752582464360215,
    1.099064928193332
  ],
  "train_reconstruction_loss": [
    0.010777806521530368,
    0.01051577072056423,
    0.010513230875564576,
    0.010513077679071125,
    0.010513072209068516,
    0.010513211649043045
  ],
  "val_loss": [
    1.890252908070882,
    1.316599382294549,
    1.238349027103848,
    1.2125890254974365,
    1.1692353354560003,
    1.1073039637671576
  ],
  "val_contrastive_loss": [
    1.890252908070882,
    1.316599382294549,
    1.238349027103848,
    1.2125890254974365,
    1.1692353354560003,
    1.1073039637671576
  ],
  "val_reconstruction_loss": [
    0.010450629310475456,
    0.010440741665661335,
    0.010440641910665564,
    0.010438084084954526,
    0.010442084736294217,
    0.010441932102872266
  ],
  "learning_rate": [
    0.0001,
    0.0001,
    0.0001,
    0.0001,
    0.0001,
    0.0001
  ],
  "train_separation_ratio": [
    1.6116399060596118,
    2.2026337656107815,
    2.4521840810775757,
    2.5898503173481333,
    2.7775611118836836,
    2.8170128735628994
  ],
  "val_separation_ratio": [
    2.1331390274895563,
    2.4347338411543102,
    2.5752693282233343,
    2.6920014222462973,
    2.7591284116109214,
    2.7968015670776367
  ]
}