{
  "epoch": [
    1,
    2
  ],
  "train_loss": [
    1.9342378508889253,
    1.347318540294299
  ],
  "train_contrastive_loss": [
    1.9342378508889253,
    1.347318540294299
  ],
  "train_reconstruction_loss": [
    0.010777806521530368,
    0.01051577072056423
  ],
  "val_loss": [
    1.890252908070882,
    1.316599382294549
  ],
  "val_contrastive_loss": [
    1.890252908070882,
    1.316599382294549
  ],
  "val_reconstruction_loss": [
    0.010450629310475456,
    0.010440741665661335
  ],
  "learning_rate": [
    0.0001,
    0.0001
  ],
  "train_separation_ratio": [
    1.6116399060596118,
    2.2026337656107815
  ],
  "val_separation_ratio": [
    2.1331390274895563,
    2.4347338411543102
  ]
}