{
  "epoch": [
    1
  ],
  "train_loss": [
    1.9342378508889253
  ],
  "train_contrastive_loss": [
    1.9342378508889253
  ],
  "train_reconstruction_loss": [
    0.010777806521530368
  ],
  "val_loss": [
    1.890252908070882
  ],
  "val_contrastive_loss": [
    1.890252908070882
  ],
  "val_reconstruction_loss": [
    0.010450629310475456
  ],
  "learning_rate": [
    0.0001
  ],
  "train_separation_ratio": [
    1.6116399060596118
  ],
  "val_separation_ratio": [
    2.1331390274895563
  ]
}