{
  "epoch": [
    1,
    2,
    3,
    4,
    5,
    6,
    7,
    8,
    9,
    10,
    11,
    12,
    13,
    14,
    15,
    16,
    17,
    18,
    19,
    20,
    21,
    22,
    23,
    24,
    25,
    26,
    27,
    28,
    29,
    30,
    31,
    32,
    33,
    34,
    35,
    36,
    37,
    38,
    39,
    40,
    41,
    42,
    43,
    44,
    45,
    46,
    47,
    48,
    49,
    50,
    51,
    52,
    53,
    54,
    55,
    56,
    57,
    58,
    59,
    60,
    61,
    62,
    63,
    64,
    65
  ],
  "train_loss": [
    1.9342378508889253,
    1.347318540294299,
    1.2560376827943258,
    1.2130088353290238,
    1.1752582464360215,
    1.099064928193332,
    1.0876435976010683,
    1.0663647003457977,
    1.0281730845875803,
    1.0146123298497618,
    1.0038604579824308,
    0.9501656852176957,
    0.9349441468382681,
    0.9422841132020151,
    0.9114496197336435,
    0.8796549186360236,
    0.8696865393906776,
    0.8491011457292283,
    0.8264457584537386,
    0.8256658896165631,
    0.8034456381140697,
    0.7970895348758449,
    0.7833064897766326,
    0.7888653237282452,
    0.7592338250336035,
    0.7578023581087479,
    0.7364273897096432,
    0.7407633687752807,
    0.7312736652194899,
    0.7233090889076503,
    0.7138718179040336,
    0.6981909790074581,
    0.7125963314507483,
    0.6743048640380802,
    0.6768149824559799,
    0.6859026303726423,
    0.6767206971205812,
    0.6377680722339637,
    0.660478430642318,
    0.6358984486794782,
    0.6251334078485073,
    0.6380296012098785,
    0.6198063256354306,
    0.6376910712465894,
    0.6233554580136162,
    0.6308182582286928,
    0.6092494809427741,
    0.602523930134942,
    0.5989677137946727,
    0.5893066774089465,
    0.5917896241005128,
    0.5853849588381733,
    0.5785111065683418,
    0.575162282758141,
    0.5857753925705311,
    0.5710333887647207,
    0.5806203445686753,
    0.5592942721794881,
    0.5680482449700268,
    0.5630898345782104,
    0.5458292038192074,
    0.5468042270875287,
    0.5527911760620565,
    0.5372703649256261,
    0.5278057941622353
  ],
  "train_contrastive_loss": [
    1.9342378508889253,
    1.347318540294299,
    1.2560376827943258,
    1.2130088353290238,
    1.1752582464360215,
    1.099064928193332,
    1.0876435976010683,
    1.0663647003457977,
    1.0281730845875803,
    1.0146123298497618,
    1.0038604579824308,
    0.9501656852176957,
    0.9349441468382681,
    0.9422841132020151,
    0.9114496197336435,
    0.8796549186360236,
    0.8696865393906776,
    0.8491011457292283,
    0.8264457584537386,
    0.8256658896165631,
    0.8034456381140697,
    0.7970895348758449,
    0.7833064897766326,
    0.7888653237282452,
    0.7592338250336035,
    0.7578023581087479,
    0.7364273897096432,
    0.7407633687752807,
    0.7312736652194899,
    0.7233090889076503,
    0.7138718179040336,
    0.6981909790074581,
    0.7125963314507483,
    0.6743048640380802,
    0.6768149824559799,
    0.6859026303726423,
    0.6767206971205812,
    0.6377680722339637,
    0.660478430642318,
    0.6358984486794782,
    0.6251334078485073,
    0.6380296012098785,
    0.6198063256354306,
    0.6376910712465894,
    0.6233554580136162,
    0.6308182582286928,
    0.6092494809427741,
    0.602523930134942,
    0.5989677137946727,
    0.5893066774089465,
    0.5917896241005128,
    0.5853849588381733,
    0.5785111065683418,
    0.575162282758141,
    0.5857753925705311,
    0.5710333887647207,
    0.5806203445686753,
    0.5592942721794881,
    0.5680482449700268,
    0.5630898345782104,
    0.5458292038192074,
    0.5468042270875287,
    0.5527911760620565,
    0.5372703649256261,
    0.5278057941622353
  ],
  "train_reconstruction_loss": [
    0.010777806521530368,
    0.01051577072056423,
    0.010513230875564576,
    0.010513077679071125,
    0.010513072209068516,
    0.010513211649043045,
    0.010513134113403672,
    0.010513130153982,
    0.010513327389719655,
    0.0105131233190802,
    0.010513104992663728,
    0.010513093605207443,
    0.010513138454372767,
    0.01051310563956004,
    0.010513145016988452,
    0.010513204534917903,
    0.010513175620560429,
    0.010513106726970197,
    0.010513134704802179,
    0.010513100469592453,
    0.01051308532215974,
    0.01051313554940943,
    0.010513169880006012,
    0.010513088440442773,
    0.010513145762740234,
    0.010513143336445482,
    0.010513161730499907,
    0.010513197467619036,
    0.010513179765552893,
    0.010513100910106295,
    0.010513226836364806,
    0.010513262939422601,
    0.010513098154293314,
    0.010513143579248388,
    0.01051310779703729,
    0.010513218681655783,
    0.010513178126633278,
    0.010513184859210996,
    0.010513067963486278,
    0.01051314482621474,
    0.01051315201491506,
    0.010513130173059371,
    0.0105131260263326,
    0.010513085176477996,
    0.010513156596952754,
    0.010513123627786752,
    0.010513144508836655,
    0.01051309489900007,
    0.010513088698854438,
    0.010513119342315464,
    0.010513075969044945,
    0.010513058312070769,
    0.010513177488408498,
    0.0105131444672133,
    0.010513132238618378,
    0.010513158688526357,
    0.010513189508886644,
    0.010513188733651651,
    0.010513116491115627,
    0.010513115762706908,
    0.010513037014787313,
    0.010513145766208846,
    0.0105130744827443,
    0.01051303654479026,
    0.010513158959078167
  ],
  "val_loss": [
    1.890252908070882,
    1.316599382294549,
    1.238349027103848,
    1.2125890254974365,
    1.1692353354560003,
    1.1073039637671576,
    1.0996598535113864,
    1.0695000224643283,
    1.0537396007113986,
    1.042674634191725,
    1.026892516348097,
    0.9858898520469666,
    0.9726627402835422,
    0.9869071841239929,
    0.950861824883355,
    0.9208928412861295,
    0.9252762132220798,
    0.9049024979273478,
    0.8907855020629035,
    0.8885142803192139,
    0.864321317937639,
    0.862549881140391,
    0.8583976295259264,
    0.8636234601338705,
    0.8365100357267592,
    0.8545606599913703,
    0.8244982957839966,
    0.8140661319096884,
    0.8307519488864474,
    0.8189366790983412,
    0.8005287316110399,
    0.8020370933744643,
    0.8031490511364408,
    0.788448346985711,
    0.784096274111006,
    0.8013600375917223,
    0.8037516077359518,
    0.7484017610549927,
    0.7835915684700012,
    0.7564068569077386,
    0.7471642096837362,
    0.7600551976097955,
    0.738981200589074,
    0.7668997711605496,
    0.7656184037526449,
    0.7698059744305081,
    0.7425933811399672,
    0.7424599528312683,
    0.7386210030979581,
    0.7254025340080261,
    0.7358702951007419,
    0.741228871875339,
    0.7267136971155802,
    0.7308525443077087,
    0.7384630176756117,
    0.7268400192260742,
    0.7323206928041246,
    0.7242294881078932,
    0.7218688991334703,
    0.7216073075930277,
    0.7105089028676351,
    0.7134945789972941,
    0.712999251153734,
    0.6990828514099121,
    0.6961970461739434
  ],