{
  "epoch": [
    1,
    2,
    3,
    4,
    5,
    6,
    7,
    8,
    9,
    10,
    11,
    12,
    13,
    14,
    15
  ],
  "train_loss": [
    1.9342378508889253,
    1.347318540294299,
    1.2560376827943258,
    1.2130088353290238,
    1.1752582464360215,
    1.099064928193332,
    1.0876435976010683,
    1.0663647003457977,
    1.0281730845875803,
    1.0146123298497618,
    1.0038604579824308,
    0.9501656852176957,
    0.9349441468382681,
    0.9422841132020151,
    0.9114496197336435
  ],
  "train_contrastive_loss": [
    1.9342378508889253,
    1.347318540294299,
    1.2560376827943258,
    1.2130088353290238,
    1.1752582464360215,
    1.099064928193332,
    1.0876435976010683,
    1.0663647003457977,
    1.0281730845875803,
    1.0146123298497618,
    1.0038604579824308,
    0.9501656852176957,
    0.9349441468382681,
    0.9422841132020151,
    0.9114496197336435
  ],
  "train_reconstruction_loss": [
    0.010777806521530368,
    0.01051577072056423,
    0.010513230875564576,
    0.010513077679071125,
    0.010513072209068516,
    0.010513211649043045,
    0.010513134113403672,
    0.010513130153982,
    0.010513327389719655,
    0.0105131233190802,
    0.010513104992663728,
    0.010513093605207443,
    0.010513138454372767,
    0.01051310563956004,
    0.010513145016988452
  ],
  "val_loss": [
    1.890252908070882,
    1.316599382294549,
    1.238349027103848,
    1.2125890254974365,
    1.1692353354560003,
    1.1073039637671576,
    1.0996598535113864,
    1.0695000224643283,
    1.0537396007113986,
    1.042674634191725,
    1.026892516348097,
    0.9858898520469666,
    0.9726627402835422,
    0.9869071841239929,
    0.950861824883355
  ],
  "val_contrastive_loss": [
    1.890252908070882,
    1.316599382294549,
    1.238349027103848,
    1.2125890254974365,
    1.1692353354560003,
    1.1073039637671576,
    1.0996598535113864,
    1.0695000224643283,
    1.0537396007113986,
    1.042674634191725,
    1.026892516348097,
    0.9858898520469666,
    0.9726627402835422,
    0.9869071841239929,
    0.950861824883355
  ],
  "val_reconstruction_loss": [
    0.010450629310475456,
    0.010440741665661335,
    0.010440641910665564,
    0.010438084084954526,
    0.010442084736294217,
    0.010441932102872266,
    0.010441156518128183,
    0.010442054313090112,
    0.010438670611215962,
    0.010440872568223212,
    0.01044178536782662,
    0.010440063352386156,
    0.010436438644925753,
    0.010443853524823984,
    0.01044210543235143
  ],
  "learning_rate": [
    0.0001,
    0.0001,
    0.0001,
    0.0001,
    0.0001,
    0.0001,
    0.0001,
    0.0001,
    0.0001,
    0.0001,
    0.0001,
    0.0001,
    0.0001,
    0.0001,
    0.0001
  ],
  "train_separation_ratio": [
    1.6116399060596118,
    2.2026337656107815,
    2.4521840810775757,
    2.5898503173481333,
    2.7775611118836836,
    2.8170128735628994,
    2.985626318237998,
    2.996299050071023,
    3.1670346476814966,
    3.174314336343245,
    3.161635160446167,
    3.2567317052321,
    3.3562277121977373,
    3.4186054901643232,
    3.4252548001029273
  ],
  "val_separation_ratio": [
    2.1331390274895563,
    2.4347338411543102,
    2.5752693282233343,
    2.6920014222462973,
    2.7591284116109214,
    2.7968015670776367,
    2.861182345284356,
    2.9108894136216907,
    2.917786200841268,
    2.942744917339749,
    3.001940064960056,
    2.9983275731404624,
    3.0004979504479303,
    2.997150076760186,
    3.053633345497979
  ]
}