{
  "epoch": [
    1,
    2,
    3,
    4,
    5,
    6,
    7,
    8,
    9,
    10,
    11,
    12,
    13,
    14,
    15,
    16,
    17,
    18,
    19,
    20,
    21,
    22,
    23,
    24,
    25,
    26,
    27,
    28,
    29,
    30,
    31,
    32,
    33,
    34,
    35,
    36,
    37,
    38
  ],
  "train_loss": [
    1.9342378508889253,
    1.347318540294299,
    1.2560376827943258,
    1.2130088353290238,
    1.1752582464360215,
    1.099064928193332,
    1.0876435976010683,
    1.0663647003457977,
    1.0281730845875803,
    1.0146123298497618,
    1.0038604579824308,
    0.9501656852176957,
    0.9349441468382681,
    0.9422841132020151,
    0.9114496197336435,
    0.8796549186360236,
    0.8696865393906776,
    0.8491011457292283,
    0.8264457584537386,
    0.8256658896165631,
    0.8034456381140697,
    0.7970895348758449,
    0.7833064897766326,
    0.7888653237282452,
    0.7592338250336035,
    0.7578023581087479,
    0.7364273897096432,
    0.7407633687752807,
    0.7312736652194899,
    0.7233090889076503,
    0.7138718179040336,
    0.6981909790074581,
    0.7125963314507483,
    0.6743048640380802,
    0.6768149824559799,
    0.6859026303726423,
    0.6767206971205812,
    0.6377680722339637
  ],
  "train_contrastive_loss": [
    1.9342378508889253,
    1.347318540294299,
    1.2560376827943258,
    1.2130088353290238,
    1.1752582464360215,
    1.099064928193332,
    1.0876435976010683,
    1.0663647003457977,
    1.0281730845875803,
    1.0146123298497618,
    1.0038604579824308,
    0.9501656852176957,
    0.9349441468382681,
    0.9422841132020151,
    0.9114496197336435,
    0.8796549186360236,
    0.8696865393906776,
    0.8491011457292283,
    0.8264457584537386,
    0.8256658896165631,
    0.8034456381140697,
    0.7970895348758449,
    0.7833064897766326,
    0.7888653237282452,
    0.7592338250336035,
    0.7578023581087479,
    0.7364273897096432,
    0.7407633687752807,
    0.7312736652194899,
    0.7233090889076503,
    0.7138718179040336,
    0.6981909790074581,
    0.7125963314507483,
    0.6743048640380802,
    0.6768149824559799,
    0.6859026303726423,
    0.6767206971205812,
    0.6377680722339637
  ],
  "train_reconstruction_loss": [
    0.010777806521530368,
    0.01051577072056423,
    0.010513230875564576,
    0.010513077679071125,
    0.010513072209068516,
    0.010513211649043045,
    0.010513134113403672,
    0.010513130153982,
    0.010513327389719655,
    0.0105131233190802,
    0.010513104992663728,
    0.010513093605207443,
    0.010513138454372767,
    0.01051310563956004,
    0.010513145016988452,
    0.010513204534917903,
    0.010513175620560429,
    0.010513106726970197,
    0.010513134704802179,
    0.010513100469592453,
    0.01051308532215974,
    0.01051313554940943,
    0.010513169880006012,
    0.010513088440442773,
    0.010513145762740234,
    0.010513143336445482,
    0.010513161730499907,
    0.010513197467619036,
    0.010513179765552893,
    0.010513100910106295,
    0.010513226836364806,
    0.010513262939422601,
    0.010513098154293314,
    0.010513143579248388,
    0.01051310779703729,
    0.010513218681655783,
    0.010513178126633278,
    0.010513184859210996
  ],
  "val_loss": [
    1.890252908070882,
    1.316599382294549,
    1.238349027103848,
    1.2125890254974365,
    1.1692353354560003,
    1.1073039637671576,
    1.0996598535113864,
    1.0695000224643283,
    1.0537396007113986,
    1.042674634191725,
    1.026892516348097,
    0.9858898520469666,
    0.9726627402835422,
    0.9869071841239929,
    0.950861824883355,
    0.9208928412861295,
    0.9252762132220798,
    0.9049024979273478,
    0.8907855020629035,
    0.8885142803192139,
    0.864321317937639,
    0.862549881140391,
    0.8583976295259264,
    0.8636234601338705,
    0.8365100357267592,
    0.8545606599913703,
    0.8244982957839966,
    0.8140661319096884,
    0.8307519488864474,
    0.8189366790983412,
    0.8005287316110399,
    0.8020370933744643,
    0.8031490511364408,
    0.788448346985711,
    0.784096274111006,
    0.8013600375917223,
    0.8037516077359518,
    0.7484017610549927
  ],
  "val_contrastive_loss": [
    1.890252908070882,
    1.316599382294549,
    1.238349027103848,
    1.2125890254974365,
    1.1692353354560003,
    1.1073039637671576,
    1.0996598535113864,
    1.0695000224643283,
    1.0537396007113986,
    1.042674634191725,
    1.026892516348097,
    0.9858898520469666,
    0.9726627402835422,
    0.9869071841239929,
    0.950861824883355,
    0.9208928412861295,
    0.9252762132220798,
    0.9049024979273478,
    0.8907855020629035,
    0.8885142803192139,
    0.864321317937639,
    0.862549881140391,
    0.8583976295259264,
    0.8636234601338705,
    0.8365100357267592,
    0.8545606599913703,
    0.8244982957839966,
    0.8140661319096884,
    0.8307519488864474,
    0.8189366790983412,
    0.8005287316110399,
    0.8020370933744643,
    0.8031490511364408,
    0.788448346985711,
    0.784096274111006,
    0.8013600375917223,
    0.8037516077359518,
    0.7484017610549927
  ],
  "val_reconstruction_loss": [
    0.010450629310475456,
    0.010440741665661335,
    0.010440641910665564,
    0.010438084084954526,
    0.010442084736294217,
    0.010441932102872266,
    0.010441156518128183,
    0.010442054313090112,
    0.010438670611215962,
    0.010440872568223212,
    0.01044178536782662,
    0.010440063352386156,
    0.010436438644925753,
    0.010443853524823984,
    0.01044210543235143,
    0.01044187881052494,
    0.01044336561527517,
    0.010442638355824683,
    0.010438968530959554,
    0.010440956180294355,
    0.010442028029097451,
    0.01044216151866648,
    0.010442986153066158,
    0.010440205741259787,
    0.01044446136802435,
    0.010439236648380756,
    0.010436038590139814,
    0.010445065899855561,
    0.010442886294590102,
    0.010441882432334952,
    0.010442283211482896,
    0.01044122295247184,
    0.010440761326915689,
    0.010441027167770598,
    0.010441712207264371,
    0.010442788816160627,
    0.010437716729938984,
    0.010441751012371646
  ],
  "learning_rate": [
    0.0001,
    0.0001,
    0.0001,
    0.0001,
    0.0001,
    0.0001,
    0.0001,
    0.0001,
    0.0001,
    0.0001,
    0.0001,
    0.0001,
    0.0001,
    0.0001,
    0.0001,
    0.0001,
    0.0001,
    0.0001,
    0.0001,
    0.0001,
    0.0001,
    0.0001,
    0.0001,
    0.0001,
    0.0001,
    0.0001,
    0.0001,
    0.0001,
    0.0001,
    0.0001,
    0.0001,
    0.0001,
    0.0001,
    0.0001,
    0.0001,
    0.0001,
    0.0001,
    0.0001
  ],
  "train_separation_ratio": [
    1.6116399060596118,
    2.2026337656107815,
    2.4521840810775757,
    2.5898503173481333,
    2.7775611118836836,
    2.8170128735628994,
    2.985626318237998,
    2.996299050071023,
    3.1670346476814966,
    3.174314336343245,
    3.161635160446167,
    3.2567317052321,
    3.3562277121977373,
    3.4186054901643232,
    3.4252548001029273,
    3.549649238586426,
    3.581943999637257,
    3.6327628764239224,
    3.663640249859203,
    3.7249262874776665,
    3.714384902607311,
    3.822599909522317,
    3.81570827960968,
    3.8912629430944268,
    3.873940045183355,
    4.008956269784407,
    4.030784444375471,
    4.06062265959653,
    4.065469264984131,
    4.16102899204601,
    4.0911386446519336,
    4.254914056171071,
    4.275571302934126,
    4.268059210343794,
    4.385354497215965,
    4.35107042572715,
    4.302640058777549,
    4.434285944158381
  ],